Zaman (sn),CH1 (V),CH2 (V),CH3 (V),Label
1.4911,2.2637,2.4780,1.6303,1
1.4911,2.2669,2.5538,1.6262,1
1.4911,2.2766,2.5634,1.6270,1
1.4911,2.2701,2.6029,1.6270,1
1.4911,2.2693,2.6215,1.6311,1
1.4911,2.2588,2.6110,1.6343,1
1.4911,2.2548,2.5457,1.6319,1
1.4911,2.2774,2.4063,1.6278,1
1.4911,2.2749,2.2749,1.6262,1
1.4911,2.2725,2.1992,1.6303,1
1.4911,2.2782,2.1259,1.6327,1
1.4911,2.2741,2.0993,1.6359,1
1.4911,2.2701,2.1460,1.6286,1
1.4911,2.2782,2.1936,1.6319,1
1.4911,2.2693,2.3370,1.6335,1
1.4911,2.2556,2.3733,1.6327,1
1.4911,2.2419,2.3829,1.6303,1
1.4911,2.2403,2.3668,1.6295,1
1.4911,2.2371,2.3765,1.6295,1
1.4911,2.2306,2.3346,1.6238,1
1.4911,2.2290,2.3185,1.6254,1
1.4911,2.2298,2.2959,1.6182,1
1.4911,2.2322,2.2089,1.6190,1
1.4911,2.2355,2.0501,1.6166,1
1.4911,2.2484,1.8027,1.6117,1
1.4911,2.2540,1.7028,1.6158,1
1.4911,2.2580,1.6504,1.6174,1
1.4911,2.2669,1.7092,1.6166,1
1.4911,2.2709,1.7914,1.5626,1
1.4911,2.2677,1.9325,1.5666,1
1.4911,2.2347,2.0614,1.5698,1
1.4911,2.2330,2.1839,1.5569,1
1.4911,2.2484,2.3152,1.5722,1
1.4911,2.2435,2.4772,1.5690,1
1.4911,2.2363,2.6400,1.5738,1
1.4911,2.2371,2.7222,1.5795,1
1.4911,2.2403,2.7528,1.5835,1
1.4911,2.2250,2.6948,1.5618,1
1.4911,2.2048,2.5215,1.6327,1
1.4911,2.1887,2.2911,1.6238,1
1.4911,2.1976,1.9913,1.6214,1
1.4911,2.1702,1.7068,1.6407,1
1.4911,2.1323,1.5174,1.6254,1
1.4911,2.1516,1.4215,1.6254,1
1.4911,2.2201,1.3845,1.6182,1
1.4911,2.2895,1.4642,1.6077,1
1.4911,2.2991,1.5344,1.6029,1
1.4911,2.2975,1.5593,1.6206,1
1.4911,2.2951,1.6738,1.6012,1
1.4911,2.2967,1.8382,1.6029,1
1.4911,2.3080,2.0678,1.5972,1
1.4911,2.3346,2.2669,1.6029,1
1.4911,2.3636,2.3757,1.6012,1
1.4911,2.3370,2.4063,1.5996,1
1.4911,2.2645,2.3072,1.6004,1
1.4921,2.1911,2.1001,1.6077,1
1.4921,2.1750,1.9494,1.6077,1
1.4921,2.1823,1.8905,1.6093,1
1.4921,2.2048,1.8454,1.6101,1
1.4921,2.2363,1.8615,1.6158,1
1.4921,2.2588,1.9115,1.6206,1
1.4921,2.2677,1.9590,1.6158,1
1.4921,2.2629,2.0324,1.6222,1
1.4921,2.2677,2.0952,1.6278,1
1.4921,2.2685,2.1847,1.6295,1
1.4921,2.2709,2.3217,1.6182,1
1.4921,2.2790,2.4087,1.6230,1
1.4921,2.2895,2.4377,1.6278,1
1.4921,2.2862,2.4144,1.6367,1
1.4921,2.2749,2.2991,1.6399,1
1.4921,2.2701,2.1653,1.6432,1
1.4921,2.2717,2.0743,1.6440,1
1.4921,2.2790,2.0235,1.6399,1
1.4921,2.2846,2.0259,1.6448,1
1.4921,2.2919,2.0775,1.6464,1
1.4921,2.3032,2.0912,1.6585,1
1.4921,2.2991,2.1363,1.6504,1
1.4921,2.2983,2.2048,1.6496,1
1.4921,2.3015,2.2556,1.6440,1
1.4921,2.2983,2.3257,1.6383,1
1.4921,2.2886,2.3515,1.6327,1
1.4921,2.2749,2.3660,1.6303,1
1.4921,2.2749,2.3652,1.6238,1
1.4921,2.2822,2.3716,1.6166,1
1.4921,2.2846,2.3805,1.6206,1
1.4921,2.2798,2.4071,1.6230,1
1.4921,2.2822,2.4063,1.6286,1
1.4921,2.2741,2.4103,1.6222,1
1.4921,2.2645,2.4716,1.6198,1
1.4921,2.2629,2.4297,1.6222,1
1.4921,2.2701,2.4498,1.6278,1
1.4921,2.2749,2.4796,1.6270,1
1.4921,2.2629,2.4829,1.6311,1
1.4921,2.2588,2.4659,1.6311,1
1.4921,2.2540,2.4442,1.6278,1
1.5356,2.2556,2.4031,1.6262,1
1.5356,2.2564,2.3765,1.6278,1
1.5356,2.2701,2.3459,1.6319,1
1.5356,2.2782,2.2766,1.6311,1
1.5356,2.2838,2.3080,1.6230,1
1.5356,2.2782,2.3056,1.6198,1
1.5356,2.2878,2.2371,1.6786,1
1.5356,2.2854,2.1388,1.7141,1
1.5356,2.2693,2.0614,1.6996,1
1.5356,2.2596,2.0098,1.6971,1
1.5356,2.2596,2.0066,1.6891,1
1.5356,2.2669,2.0308,1.6875,1
1.5356,2.2637,2.0590,1.6810,1
1.5356,2.2604,2.0509,1.6802,1
1.5356,2.2621,2.0799,1.6883,1
1.5356,2.2766,2.1291,1.6875,1
1.5356,2.2653,2.1895,1.6278,1
1.5356,2.2725,2.2854,1.6270,1
1.5356,2.2790,2.3644,1.6415,1
1.5356,2.2878,2.4393,1.6440,1
1.5356,2.2927,2.4530,1.6536,1
1.5356,2.2822,2.3990,1.6496,1
1.5356,2.2749,2.2201,1.6552,1
1.5356,2.2733,2.0558,1.6625,1
1.5356,2.2621,1.8978,1.6665,1
1.5356,2.2492,1.7874,1.6762,1
1.5356,2.2459,1.7350,1.6705,1
1.5356,2.2427,1.7407,1.6423,1
1.5356,2.2459,1.7769,1.6440,1
1.5356,2.2459,1.7947,1.6488,1
1.5356,2.2411,1.8237,1.6504,1
1.5356,2.2435,1.8656,1.6552,1
1.5356,2.2475,2.0034,1.6552,1
1.5356,2.2500,2.1452,1.6560,1
1.5356,2.2556,2.2492,1.6552,1
1.5356,2.2556,2.2846,1.6448,1
1.5356,2.2596,2.2983,1.6432,1
1.5356,2.2661,2.2484,1.6391,1
1.5356,2.2669,2.1468,1.6383,1
1.5356,2.2653,2.0719,1.6536,1
1.5356,2.2612,2.0412,1.6432,1
1.5356,2.2645,2.0525,1.6375,1
1.5356,2.2588,2.0646,1.6335,1
1.5356,2.2516,2.0920,1.6270,1
1.5356,2.2532,2.1516,1.6262,1
1.5356,2.2492,2.2226,1.6278,1
1.5356,2.2451,2.2629,1.6311,1
1.5356,2.2443,2.2733,1.6270,1
1.5356,2.2395,2.2733,1.6230,1
1.5356,2.2419,2.2322,1.6053,1
1.5356,2.2451,2.1291,1.6077,1
1.5356,2.2427,2.0606,1.6085,1
1.5356,2.2443,2.0396,1.6101,1
1.5356,2.2500,2.0058,1.6117,1
1.5356,2.2508,1.9300,1.6101,1
1.5356,2.2564,1.9083,1.6085,1
1.5356,2.2637,1.9252,1.6077,1
1.5356,2.2612,1.9647,1.6166,1
1.5356,2.2653,2.0018,1.6246,1
1.5356,2.2669,2.0598,1.6222,1
1.5356,2.2629,2.1291,1.6303,1
1.5356,2.2596,2.1404,1.6303,1
1.5356,2.2580,2.1186,1.6343,1
1.5356,2.2564,2.1259,1.6399,1
1.5356,2.2572,2.1516,1.6432,1
1.5356,2.2596,2.1057,1.6423,1
1.5356,2.2580,1.9913,1.6399,1
1.5356,2.2588,1.8075,1.6335,1
1.5356,2.2548,1.6432,1.6319,1
1.5356,2.2524,1.4941,1.6351,1
1.5356,2.2580,1.4248,1.6351,1
1.5356,2.2572,1.4973,1.6351,1
1.5356,2.2532,1.6996,1.6278,1
1.5356,2.2484,1.9389,1.6278,1
1.5356,2.2508,2.1283,1.6319,1
1.5356,2.2467,2.2911,1.6311,1
1.5356,2.2427,2.4821,1.6327,1
1.5356,2.2451,2.7480,1.6415,1
1.5356,2.2459,2.9341,1.6407,1
1.5356,2.2419,3.0333,1.6367,1
1.5356,2.2363,3.0212,1.6295,1
1.5356,2.2355,2.8826,1.6295,1
1.5356,2.2459,2.6319,1.6351,1
1.5356,2.2459,2.3660,1.6303,1
1.5356,2.2403,2.1637,1.6230,1
1.5356,2.2387,2.0147,1.6238,1
1.5356,2.2403,1.9083,1.6230,1
1.5356,2.2274,1.7689,1.6174,1
1.5846,2.2129,1.6802,1.6182,1
1.5846,2.2048,1.6641,1.6133,1
1.5846,2.2056,1.7245,1.6182,1
1.5846,2.2153,1.8358,1.6149,1
1.5846,2.2201,1.9727,1.6149,1
1.5846,2.2226,2.0920,1.6149,1
1.5846,2.2193,2.1339,1.6174,1
1.5846,2.2089,2.1339,1.6158,1
1.5846,2.2073,2.1573,1.6174,1
1.5846,2.2161,2.2338,1.6230,1
1.5846,2.2363,2.3442,1.6198,1
1.5846,2.2451,2.4482,1.6238,1
1.5846,2.2548,2.4966,1.6190,1
1.5846,2.2395,2.4732,1.6238,1
1.5846,2.2234,2.4136,1.6262,1
1.5846,2.2290,2.3410,1.6286,1
1.5846,2.2403,2.3338,1.6278,1
1.5846,2.2580,2.3459,1.6286,1
1.5846,2.2903,2.3104,1.6262,1
1.5846,2.2661,2.2653,1.6238,1
1.5846,2.2484,2.2516,1.6222,1
1.5846,2.2500,2.2459,1.6222,1
1.5846,2.2338,2.2427,1.6278,1
1.5846,2.2355,2.2242,1.6230,1
1.5846,2.2290,2.2153,1.6230,1
1.5846,2.2234,2.2081,1.6238,1
1.5846,2.2105,2.1549,1.6222,1
1.5846,2.2105,2.1057,1.6190,1
1.5846,2.1790,2.0767,1.6198,1
1.5846,2.1944,2.0533,1.6238,1
1.5846,2.2081,2.0147,1.6278,1
1.5846,2.2121,1.9719,1.6262,1
1.5846,2.2234,1.9744,1.6198,1
1.5846,2.2306,2.0251,1.6214,1
1.5846,2.2419,2.0856,1.6198,1
1.5846,2.2435,2.1686,1.6182,1
1.5846,2.2500,2.3023,1.6182,1
1.5846,2.2395,2.4273,1.6238,1
1.5846,2.2330,2.5095,1.6278,1
1.5846,2.2387,2.5288,1.6286,1
1.5846,2.2443,2.4982,1.6327,1
1.5846,2.2959,2.4514,1.6335,1
1.5846,2.2878,2.4039,1.6359,1
1.5846,2.2838,2.3378,1.6359,1
1.5846,2.2749,2.2564,1.6351,1
1.5846,2.2669,2.1484,1.6383,1
1.5846,2.2556,2.0453,1.6367,1
1.5846,2.2516,1.9599,1.6319,1
1.5846,2.2403,1.9204,1.6278,1
1.5846,2.2073,1.9381,1.6270,1
1.5846,2.2048,1.9760,1.6222,1
1.5846,2.1444,2.0042,1.6206,1
1.5846,2.1476,2.0082,1.6109,1
1.5846,2.1516,2.0130,1.6101,1
1.5846,2.1613,1.9566,1.6133,1
1.5846,2.1734,1.8470,1.6069,1
1.5846,2.1879,1.7576,1.6101,1
1.5846,2.1992,1.6842,1.6117,1
1.5846,2.2193,1.6697,1.6190,1
1.5846,2.2484,1.7012,1.6166,1
1.5846,2.2459,1.7753,1.6198,1
1.5846,2.2524,1.8140,1.6198,1
1.5846,2.2459,1.8994,1.6254,1
1.5846,2.2403,2.0219,1.6238,1
1.5846,2.2371,2.2113,1.6214,1
1.5846,2.2250,2.4200,1.6238,1
1.5846,2.2210,2.5586,1.6222,1
1.5846,2.2218,2.6247,1.6206,1
1.5846,2.2218,2.5828,1.6101,1
1.5846,2.2169,2.4845,1.6133,1
1.5846,2.2016,2.3015,1.6101,1
1.5846,2.1871,2.1589,1.6117,1
1.5846,2.1758,2.0179,1.6125,1
1.5846,2.1823,1.8640,1.6190,1
1.5846,2.1992,1.7310,1.6222,1
1.5846,2.2137,1.6544,1.6246,1
1.5846,2.2137,1.6190,1.6278,1
1.5846,2.2048,1.6359,1.6246,1
1.5846,2.1936,1.7100,1.6278,1
1.5846,2.2000,1.7947,1.6222,1
1.5846,2.2056,1.9099,1.6198,1
1.5846,2.2121,2.0477,1.6206,1
1.5846,2.2210,2.1468,1.6222,1
1.5846,2.2113,2.2258,1.6214,1
1.5846,2.1944,2.2685,1.6270,1
1.5846,2.1831,2.3023,1.6222,1
1.5846,2.1790,2.3442,1.6182,1
1.5846,2.1807,2.3853,1.6117,1
1.5846,2.1782,2.4200,1.6125,1
1.5846,2.1718,2.4474,1.6141,1
1.5846,2.1807,2.4933,1.6174,1
1.5846,2.1936,2.5159,1.6174,1
1.5846,2.2032,2.4877,1.6182,1
1.5846,2.2032,2.4925,1.6214,1
1.5846,2.2016,2.5143,1.6125,1
1.5846,2.1984,2.4933,1.6109,1
1.5846,2.1968,2.4466,1.6141,1
1.5846,2.2000,2.3789,1.6262,1
1.5846,2.2089,2.3080,1.6327,1
1.6321,2.2024,2.2435,1.6335,1
1.6321,2.1895,2.2113,1.6311,1
1.6321,2.1831,2.1573,1.6286,1
1.6321,2.1766,2.1122,1.6303,1
1.6321,2.1911,2.0300,1.6303,1
1.6321,2.1952,1.9582,1.6278,1
1.6321,2.1952,1.8752,1.6262,1
1.6321,2.1927,1.8035,1.6238,1
1.6321,2.1871,1.7922,1.6206,1
1.6321,2.1863,1.8277,1.6190,1
1.6321,2.1936,1.9002,1.6166,1
1.6321,2.2040,1.9542,1.6303,1
1.6321,2.2040,2.0807,1.6351,1
1.6321,2.2032,2.2580,1.6327,1
1.6321,2.1927,2.4087,1.6278,1
1.6321,2.1936,2.4885,1.6278,1
1.6321,2.1968,2.5626,1.6295,1
1.6321,2.1976,2.6231,1.6319,1
1.6321,2.2032,2.6231,1.6399,1
1.6321,2.2081,2.5191,1.6375,1
1.6321,2.2169,2.3716,1.6407,1
1.6321,2.2137,2.2306,1.6262,1
1.6321,2.2105,2.0856,1.6222,1
1.6321,2.2040,1.9623,1.6222,1
1.6321,2.1960,1.8559,1.6278,1
1.6321,2.1895,1.8156,1.6359,1
1.6321,2.1911,1.7995,1.6391,1
1.6321,2.2000,1.8084,1.6423,1
1.6321,2.1919,1.8559,1.6407,1
1.6321,2.1863,1.9639,1.6359,1
1.6321,2.1823,2.0759,1.6375,1
1.6321,2.1782,2.1549,1.6423,1
1.6321,2.2008,2.2073,1.6423,1
1.6321,2.2073,2.2242,1.6432,1
1.6321,2.2145,2.2572,1.6383,1
1.6321,2.2097,2.2886,1.6295,1
1.6321,2.2524,2.3281,1.6311,1
1.6321,2.2379,2.3491,1.6278,1
1.6321,2.2427,2.3241,1.6327,1
1.6321,2.2484,2.2492,1.6254,1
1.6321,2.2556,2.1831,1.6295,1
1.6321,2.2580,2.1500,1.6270,1
1.6321,2.2306,2.1379,1.6295,1
1.6321,2.2234,2.1444,1.6335,1
1.6321,2.2153,2.1516,1.6415,1
1.6321,2.2201,2.1251,1.6423,1
1.6321,2.1750,2.0936,1.6391,1
1.6321,2.1799,2.0815,1.6432,1
1.6321,2.1710,2.0856,1.6407,1
1.6321,2.1557,2.1541,1.6512,1
1.6321,2.1388,2.2427,1.6383,1
1.6321,2.1259,2.2967,1.6383,1
1.6321,2.1299,2.2508,1.6399,1
1.6321,2.1533,2.1589,1.6448,1
1.6321,2.1750,2.0284,1.6391,1
1.6321,2.1742,1.8954,1.6375,1
1.6321,2.1662,1.7850,1.6351,1
1.6321,2.1573,1.7052,1.6351,1
1.6321,2.1533,1.6633,1.6359,1
1.6321,2.1525,1.6327,1.6335,1
1.6321,2.1516,1.6375,1.6351,1
1.6321,2.1581,1.7052,1.6319,1
1.6321,2.1444,1.8398,1.6311,1
1.6321,2.1210,1.9848,1.6270,1
1.6321,2.1178,2.1331,1.6262,1
1.6321,2.1234,2.2806,1.6286,1
1.6321,2.1267,2.3982,1.6262,1
1.6321,2.1379,2.4353,1.6246,1
1.6321,2.1549,2.4232,1.6254,1
1.6321,2.1670,2.3862,1.6254,1
1.6321,2.1734,2.3072,1.6270,1
1.6321,2.1734,2.1887,1.6295,1
1.6321,2.1718,2.0823,1.6319,1
1.6321,2.1678,1.9695,1.6246,1
1.6321,2.1492,1.9067,1.6286,1
1.6321,2.1412,1.8527,1.6286,1
1.6321,2.1476,1.8293,1.6303,1
1.6321,2.1404,1.8760,1.6270,1
1.6321,2.1291,1.9558,1.6327,1
1.6321,2.1194,2.0372,1.6286,1
1.6321,2.1178,2.0848,1.6327,1
1.6321,2.1194,2.1259,1.6327,1
1.6321,2.1339,2.1581,1.6359,1
1.6321,2.1476,2.2226,1.6383,1
1.6321,2.1533,2.2556,1.6343,1
1.6321,2.1557,2.2967,1.6359,1
1.6321,2.1484,2.3120,1.6407,1
1.6321,2.1565,2.2870,1.6383,1
1.6321,2.1573,2.2282,1.6295,1
1.6321,2.1597,2.1702,1.6327,1
1.6321,2.1573,2.1291,1.6278,1
1.6321,2.1613,2.1105,1.6270,1
1.6321,2.1686,2.1001,1.6254,1
1.6321,2.1742,2.0920,1.6262,1
1.6321,2.1758,2.1009,1.6303,1
1.6797,2.1831,2.1154,1.6746,1
1.6797,2.1847,2.1412,1.6705,1
1.6797,2.1670,2.1734,1.6730,1
1.6797,2.1629,2.2056,1.6697,1
1.6797,2.1678,2.2347,1.6665,1
1.6797,2.1774,2.2693,1.6681,1
1.6797,2.1790,2.2886,1.6681,1
1.6797,2.1742,2.2814,1.6665,1
1.6797,2.1718,2.2548,1.6649,1
1.6797,2.1678,2.2322,1.6577,1
1.6797,2.1597,2.1903,1.6109,1
1.6797,2.1581,2.1734,1.6190,1
1.6797,2.1742,2.1766,1.6278,1
1.6797,2.1766,2.2016,1.6343,1
1.6797,2.1726,2.1863,1.6432,1
1.6797,2.1653,2.1460,1.6560,1
1.6797,2.1662,2.1307,1.6617,1
1.6797,2.1653,2.1363,1.6649,1
1.6797,2.1573,2.1412,1.6681,1
1.6797,2.1637,2.1371,1.6697,1
1.6797,2.1565,2.1702,1.6705,1
1.6797,2.1533,2.1766,1.6730,1
1.6797,2.1549,2.1557,1.6689,1
1.6797,2.1621,2.1307,1.6665,1
1.6797,2.1597,2.1508,1.6657,1
1.6797,2.1565,2.1855,1.6568,1
1.6797,2.1516,2.1960,1.6633,1
1.6797,2.1428,2.2145,1.6649,1
1.6797,2.1420,2.2403,1.6593,1
1.6797,2.1331,2.2725,1.6609,1
1.6797,2.1452,2.2741,1.6657,1
1.6797,2.1468,2.2524,1.6617,1
1.6797,2.1500,2.2282,1.6601,1
1.6797,2.1476,2.1903,1.6528,1
1.6797,2.1549,2.1541,1.6415,1
1.6797,2.1589,2.1275,1.6440,1
1.6797,2.1516,2.1122,1.6327,1
1.6797,2.1597,2.0936,1.6270,1
1.6797,2.1637,2.0735,1.6319,1
1.6797,2.1629,2.0598,1.6311,1
1.6797,2.1557,2.0606,1.6286,1
1.6797,2.1621,2.0767,1.6278,1
1.6797,2.1637,2.0968,1.6286,1
1.6797,2.1573,2.1331,1.6327,1
1.6797,2.1460,2.1605,1.6343,1
1.6797,2.1396,2.1815,1.5763,1
1.6797,2.1581,2.1919,1.6133,1
1.6797,2.1557,2.1847,1.6174,1
1.6797,2.1533,2.1927,1.6158,1
1.6797,2.1557,2.1895,1.5464,1
1.6797,2.1549,2.1847,1.5529,1
1.6797,2.1468,2.1823,1.5610,1
1.6797,2.1363,2.1815,1.5634,1
1.6797,2.1379,2.1484,1.5682,1
1.6797,2.1428,2.0960,1.5755,1
1.6797,2.1460,2.0275,1.6303,1
1.6797,2.1339,1.9623,1.5964,1
1.6797,2.1299,1.8922,1.5956,1
1.6797,2.1251,1.8583,1.5932,1
1.6797,2.1226,1.8656,1.6577,1
1.6797,2.1234,1.9018,1.6448,1
1.6797,2.1299,1.9397,1.6270,1
1.6797,2.1331,1.9607,1.6198,1
1.6797,2.1234,2.0114,1.6093,1
1.6797,2.1186,2.0823,1.6004,1
1.6797,2.1186,2.1452,1.5988,1
1.6797,2.1202,2.1968,1.5964,1
1.6797,2.1226,2.2500,1.5932,1
1.6797,2.1242,2.2685,1.5948,1
1.6797,2.1291,2.2290,1.5972,1
1.6797,2.1194,2.1621,1.6029,1
1.6797,2.1097,2.1202,1.6077,1
1.6797,2.1065,2.1001,1.6069,1
1.6797,2.1170,2.0727,1.6093,1
1.6797,2.1170,2.0727,1.6125,1
1.6797,2.1194,2.0751,1.6158,1
1.6797,2.1097,2.0977,1.6125,1
1.6797,2.0977,2.1162,1.6125,1
1.6797,2.0912,2.1516,1.6117,1
1.6797,2.0815,2.2153,1.6158,1
1.6797,2.0944,2.3209,1.6214,1
1.6797,2.1049,2.3596,1.6254,1
1.6797,2.1097,2.3217,1.6262,1
1.6797,2.1105,2.3015,1.6359,1
1.6797,2.1162,2.2798,1.6383,1
1.6797,2.1122,2.2677,1.6383,1
1.6797,2.1202,2.2274,1.6448,1
1.6797,2.1291,2.1662,1.6464,1
1.6797,2.1412,2.0944,1.6472,1
1.6797,2.1452,2.0034,1.6488,1
1.6797,2.1347,1.9188,1.6472,1
1.6797,2.1194,1.8962,1.6464,1
1.6797,2.1130,1.9703,1.6488,1
1.6797,2.1081,2.0372,1.6448,1
1.6797,2.0920,2.0711,1.6528,1
1.7276,2.0815,2.1081,1.6552,1
1.7276,2.0743,2.1589,1.6544,1
1.7276,2.0751,2.2419,1.6488,1
1.7276,2.0638,2.3144,1.6472,1
1.7276,2.0598,2.3845,1.6472,1
1.7276,2.0574,2.3990,1.6520,1
1.7276,2.0630,2.3934,1.6456,1
1.7276,2.0670,2.3402,1.6432,1
1.7276,2.0743,2.2749,1.6399,1
1.7276,2.0944,2.2218,1.6327,1
1.7276,2.1089,2.1710,1.6311,1
1.7276,2.1146,2.1404,1.6246,1
1.7276,2.1114,2.0993,1.6286,1
1.7276,2.1146,2.0751,1.6246,1
1.7276,2.1138,2.0501,1.6238,1
1.7276,2.1291,2.0203,1.6158,1
1.7276,2.1307,1.9985,1.6222,1
1.7276,2.1226,1.9985,1.6206,1
1.7276,2.1178,2.0001,1.6174,1
1.7276,2.1259,1.9889,1.6190,1
1.7276,2.1210,1.9953,1.6174,1
1.7276,2.1242,2.0026,1.6254,1
1.7276,2.1202,2.0356,1.6278,1
1.7276,2.1194,2.0292,1.6351,1
1.7276,2.1251,2.0356,1.6367,1
1.7276,2.1154,2.0743,1.6375,1
1.7276,2.1065,2.1170,1.6359,1
1.7276,2.1001,2.1710,1.6415,1
1.7276,2.0920,2.2347,1.6464,1
1.7276,2.0807,2.2919,1.6480,1
1.7276,2.0960,2.3185,1.6472,1
1.7276,2.1146,2.3007,1.6399,1
1.7276,2.1396,2.2484,1.6375,1
1.7276,2.1444,2.2048,1.6415,1
1.7276,2.1355,2.1670,1.6367,1
1.7276,2.1355,2.1130,1.6359,1
1.7276,2.1388,2.0735,1.6351,1
1.7276,2.1500,2.0412,1.6375,1
1.7276,2.1516,2.0106,1.6415,1
1.7276,2.1339,1.9695,1.6415,1
1.7276,2.1178,1.9292,1.6399,1
1.7276,2.0678,1.9131,1.6399,1
1.7276,2.0485,1.9244,1.6448,1
1.7276,2.0493,1.9308,1.6367,1
1.7276,2.0630,1.9179,1.6407,1
1.7276,2.0759,1.9163,1.6375,1
1.7276,2.0832,1.9163,1.6351,1
1.7276,2.0856,1.9244,1.6295,1
1.7276,2.0888,1.9123,1.6319,1
1.7276,2.1001,1.9437,1.6319,1
1.7276,2.1025,2.0316,1.6343,1
1.7276,2.1307,2.1259,1.6367,1
1.7276,2.1234,2.2097,1.6335,1
1.7276,2.1114,2.2749,1.6343,1
1.7276,2.1057,2.3177,1.6303,1
1.7276,2.0944,2.3354,1.6359,1
1.7276,2.0856,2.3249,1.6375,1
1.7276,2.0751,2.2741,1.6367,1
1.7276,2.0775,2.2524,1.6311,1
1.7276,2.0823,2.2210,1.6278,1
1.7276,2.0783,2.1379,1.6206,1
1.7276,2.0767,2.0469,1.6206,1
1.7276,2.0823,1.9566,1.6262,1
1.7276,2.0791,1.9018,1.6238,1
1.7276,2.0686,1.8817,1.6246,1
1.7276,2.0670,1.8760,1.6214,1
1.7276,2.0686,1.8849,1.6262,1
1.7276,2.0590,1.9107,1.6327,1
1.7276,2.0469,1.9413,1.6351,1
1.7276,2.0429,1.9623,1.6343,1
1.7276,2.0388,2.0066,1.6391,1
1.7276,2.0485,2.0541,1.6415,1
1.7276,2.0404,2.1122,1.6383,1
1.7276,2.0477,2.1726,1.6415,1
1.7276,2.0574,2.2274,1.6375,1
1.7276,2.0936,2.2661,1.6375,1
1.7276,2.1081,2.2919,1.6351,1
1.7276,2.1154,2.2983,1.6359,1
1.7276,2.1218,2.2903,1.6327,1
1.7276,2.1138,2.2999,1.6359,1
1.7276,2.1081,2.3056,1.6367,1
1.7276,2.1057,2.3080,1.6335,1
1.7276,2.1122,2.3177,1.6351,1
1.7276,2.1130,2.3297,1.6303,1
1.7276,2.1130,2.3394,1.6311,1
1.7276,2.0711,2.3418,1.6367,1
1.7276,2.0412,2.3330,1.6399,1
1.7276,2.0356,2.3233,1.6311,1
1.7276,2.0453,2.2983,1.6335,1
1.7276,2.0606,2.2621,1.6311,1
1.7276,2.0727,2.2008,1.6319,1
1.7276,2.0695,2.1420,1.6367,1
1.7276,2.0461,2.0775,1.6367,1
1.7276,2.0574,2.0058,1.6415,1
1.7276,2.0574,1.9220,1.6448,1
1.7276,2.0646,1.8422,1.6375,1
1.7644,2.0823,1.7689,1.6343,1
1.7644,2.0985,1.6931,1.6375,1
1.7644,2.0985,1.6488,1.6375,1
1.7644,2.0856,1.6359,1.6311,1
1.7644,2.0815,1.6730,1.6343,1
1.7644,2.0775,1.7431,1.6327,1
1.7644,2.0985,1.8253,1.6295,1
1.7644,2.0815,1.9051,1.6295,1
1.7644,2.0775,2.0082,1.6327,1
1.7644,2.0703,2.1146,1.6407,1
1.7644,2.0735,2.2056,1.6415,1
1.7644,2.0678,2.2935,1.6440,1
1.7644,2.0598,2.3531,1.6407,1
1.7644,2.0574,2.3620,1.6456,1
1.7644,2.0461,2.3338,1.6415,1
1.7644,2.0477,2.2774,1.6415,1
1.7644,2.0429,2.1936,1.6391,1
1.7644,2.0501,2.1162,1.6351,1
1.7644,2.0461,2.0340,1.6311,1
1.7644,2.0525,1.9687,1.6303,1
1.7644,2.0485,1.9244,1.6286,1
1.7644,2.0493,1.9099,1.6262,1
1.7644,2.0517,1.9034,1.6238,1
1.7644,2.0582,1.9059,1.6278,1
1.7644,2.0646,1.9131,1.6343,1
1.7644,2.0703,1.9147,1.6319,1
1.7644,2.0727,1.9188,1.6359,1
1.7644,2.0662,1.9260,1.6303,1
1.7644,2.0711,1.9268,1.6335,1
1.7644,2.0646,1.9663,1.6335,1
1.7644,2.0614,2.0163,1.6367,1
1.7644,2.0711,2.0727,1.6367,1
1.7644,2.0703,2.1259,1.6383,1
1.7644,2.0695,2.1678,1.6407,1
1.7644,2.0759,2.2032,1.6230,1
1.7644,2.0695,2.2298,1.6246,1
1.7644,2.0711,2.1960,1.6238,1
1.7644,2.0662,2.2218,1.6367,1
1.7644,2.0686,2.2637,1.6407,1
1.7644,2.0735,2.2532,1.6367,1
1.7644,2.0461,2.2306,1.6254,1
1.7644,2.0388,2.2000,1.6295,1
1.7644,2.0404,2.1645,1.6367,1
1.7644,2.0364,2.1428,1.6383,1
1.7644,2.0380,2.1194,1.6512,1
1.7644,2.0412,2.1130,1.6560,1
1.7644,2.0437,2.1742,1.6560,1
1.7644,2.0493,2.1653,1.6480,1
1.7644,2.0566,2.1412,1.6423,1
1.7644,2.0541,2.1371,1.6423,1
1.7644,2.0823,2.1428,1.6512,1
1.7644,2.0767,2.1460,1.6432,1
1.7644,2.0686,2.1468,1.6375,1
1.7644,2.0686,2.1468,1.6303,1
1.7644,2.0630,2.1420,1.6303,1
1.7644,2.0541,2.1138,1.6254,1
1.7644,2.0477,2.0783,1.6206,1
1.7644,2.0453,2.0525,1.6286,1
1.7644,2.0364,2.0300,1.6262,1
1.7644,2.0316,1.9993,1.6190,1
1.7644,2.0259,1.9308,1.6166,1
1.7644,2.0251,1.8632,1.6230,1
1.7644,2.0259,1.8067,1.6295,1
1.7644,2.0235,1.7713,1.6303,1
1.7644,2.0251,1.7753,1.6141,1
1.7644,2.0300,1.8204,1.6182,1
1.7644,2.0348,1.8785,1.6238,1
1.7644,2.0308,1.9316,1.6214,1
1.7644,2.0259,1.9582,1.6182,1
1.7644,2.0195,1.9252,1.6214,1
1.7644,2.0187,1.8817,1.6262,1
1.7644,2.0179,1.8599,1.6214,1
1.7644,2.0187,1.8640,1.6198,1
1.7644,2.0259,1.8962,1.6206,1
1.7644,2.0195,1.9276,1.6335,1
1.7644,2.0235,1.9502,1.6303,1
1.7644,2.0267,1.9615,1.6246,1
1.7644,2.0324,1.9631,1.6214,1
1.7644,2.0340,1.9816,1.6238,1
1.7644,2.0421,2.0421,1.6246,1
1.8236,2.0453,2.1307,1.6190,1
1.8236,2.0477,2.1911,1.6222,1
1.8236,2.0533,2.2226,1.6149,1
1.8236,2.0493,2.2073,1.6133,1
1.8236,2.0541,2.1686,1.6085,1
1.8236,2.0372,2.1146,1.6045,1
1.8236,2.0203,2.0622,1.6085,1
1.8236,2.0074,2.0211,1.6101,1
1.8236,2.0106,1.9897,1.6141,1
1.8236,2.0138,1.9736,1.6190,1
1.8236,2.0122,1.9744,1.6182,1
1.8236,2.0130,1.9776,1.6214,1
1.8236,2.0114,1.9864,1.6270,1
1.8236,2.0082,1.9832,1.6262,1
1.8236,2.0042,1.9848,1.5851,1
1.8236,2.0098,1.9945,1.5916,1
1.8236,2.0171,2.0195,1.5988,1
1.8236,2.0292,2.0421,1.6012,1
1.8236,2.0243,2.0719,1.5988,1
1.8236,2.0259,2.1033,1.6004,1
1.8236,2.0203,2.1420,1.6045,1
1.8236,2.0203,2.1831,1.6037,1
1.8236,2.0195,2.2129,1.6021,1
1.8236,2.0179,2.2427,1.6021,1
1.8236,2.0195,2.2661,1.6472,1
1.8236,2.0275,2.2838,1.6464,1
1.8236,2.0348,2.2959,1.6399,1
1.8236,2.0404,2.3056,1.6367,1
1.8236,2.0380,2.2991,1.6327,1
1.8236,2.0267,2.2822,1.6335,1
1.8236,2.0340,2.2709,1.6335,1
1.8236,2.0332,2.2621,1.6303,1
1.8236,2.0251,2.2459,1.6303,1
1.8236,2.0292,2.2234,1.6278,1
1.8236,2.0316,2.1992,1.6270,1
1.8236,2.0284,2.1645,1.6262,1
1.8236,2.0259,2.1331,1.6214,1
1.8236,2.0171,2.1122,1.6230,1
1.8236,2.0163,2.1025,1.6230,1
1.8236,2.0106,2.1089,1.6069,1
1.8236,2.0001,2.1057,1.6109,1
1.8236,1.9993,2.0920,1.6166,1
1.8236,2.0082,2.0799,1.6158,1
1.8236,2.0179,2.0840,1.6158,1
1.8236,2.0219,2.0791,1.6206,1
1.8236,2.0219,2.0767,1.6238,1
1.8236,2.0211,2.0783,1.6311,1
1.8236,2.0195,2.0848,1.6303,1
1.8236,2.0235,2.0759,1.6286,1
1.8236,2.0372,2.0541,1.6448,1
1.8236,2.0469,2.0453,1.6343,1
1.8236,2.0485,2.0364,1.6319,1
1.8236,2.0453,2.0356,1.6311,1
1.8236,2.0388,2.0396,1.6367,1
1.8236,2.0348,2.0678,1.6407,1
1.8236,2.0324,2.0574,1.6391,1
1.8236,2.0364,2.0437,1.6383,1
1.8236,2.0388,2.0235,1.6367,1
1.8236,2.0380,2.0292,1.6391,1
1.8236,2.0372,2.0493,1.6407,1
1.8236,2.0412,2.0558,1.6456,1
1.8236,2.0412,2.0670,1.6440,1
1.8236,2.0348,2.0775,1.6464,1
1.8236,2.0259,2.0703,1.6472,1
1.8236,2.0275,2.0549,1.6423,1
1.8236,2.0364,2.0823,1.6407,1
1.8236,2.0412,2.0872,1.6343,1
1.8236,2.0461,2.0864,1.6367,1
1.8236,2.0469,2.0751,1.6270,1
1.8236,2.0541,2.0493,1.5827,1
1.8236,2.0461,2.0219,1.5867,1
1.8236,2.0421,2.0010,1.5900,1
1.8236,2.0558,1.9800,1.5972,1
1.8236,2.0670,1.9703,1.6037,1
1.8236,2.0646,1.9550,1.6085,1
1.8236,2.0614,1.9413,1.6077,1
1.8236,2.0558,1.9308,1.6117,1
1.8236,2.0509,1.8825,1.6133,1
1.8236,2.0525,1.8390,1.6262,1
1.8236,2.0525,1.8293,1.6705,1
1.8236,2.0582,1.8285,1.6657,1
1.8236,2.0638,1.8430,1.6601,1
1.8236,2.0574,1.8793,1.6593,1
1.8236,2.0461,1.9091,1.6480,1
1.8236,2.0453,1.9018,1.6432,1
1.8236,2.0461,1.9034,1.6375,1
1.8236,2.0421,1.9236,1.6375,1
1.8236,2.0421,1.9808,1.6351,1
1.8236,2.0445,2.0324,1.6343,1
1.8236,2.0388,2.0654,1.6343,1
1.8236,2.0340,2.0743,1.6311,1
1.8236,2.0275,2.0686,1.6303,1
1.8236,2.0316,2.0469,1.6254,1
1.8236,2.0388,2.0372,1.6343,1
1.8236,2.0388,2.0517,1.6343,1
1.8236,2.0324,2.0493,1.6359,1
1.8236,2.0404,2.0340,1.6335,1
1.8236,2.0388,2.0251,1.6327,1
1.8236,2.0300,2.0010,1.6343,1
1.8236,2.0292,1.9744,1.6399,1
1.8236,2.0380,1.9623,1.6456,1
1.8236,2.0404,1.9494,1.6480,1
1.8236,2.0308,1.9405,1.6295,1
1.8236,2.0324,1.9284,1.6311,1
1.8236,2.0275,1.9300,1.6311,1
1.8236,2.0267,1.9236,1.6343,1
1.8236,2.0163,1.9196,1.6383,1
1.8236,2.0171,1.9204,1.6472,1
1.8236,2.0147,1.9470,1.6448,1
1.8236,2.0098,1.9752,1.6319,1
1.8236,2.0034,2.0010,1.6303,1
1.8236,2.0114,2.0195,1.6335,1
1.8711,2.0098,2.0348,1.6528,1
1.8711,2.0042,2.0574,1.6496,1
1.8711,2.0026,2.0840,1.6512,1
1.8711,2.0018,2.1122,1.6488,1
1.8711,1.9969,2.1379,1.6544,1
1.8711,1.9961,2.1476,1.6504,1
1.8711,2.0010,2.1484,1.6512,1
1.8711,2.0034,2.1355,1.6520,1
1.8711,1.9977,2.1194,1.6464,1
1.8711,1.9848,2.1170,1.6432,1
1.8711,1.9897,2.1105,1.6423,1
1.8711,1.9953,2.1001,1.6391,1
1.8711,1.9945,2.0815,1.6319,1
1.8711,1.9921,2.0606,1.6335,1
1.8711,1.9945,2.0469,1.6311,1
1.8711,1.9953,2.0372,1.6319,1
1.8711,1.9969,2.0275,1.6303,1
1.8711,1.9929,2.0300,1.6278,1
1.8711,2.0010,2.0372,1.6295,1
1.8711,2.0018,2.0412,1.6319,1
1.8711,1.9953,2.0356,1.6327,1
1.8711,1.9840,2.0332,1.6303,1
1.8711,1.9873,2.0179,1.6319,1
1.8711,1.9494,2.0348,1.6359,1
1.8711,1.9558,2.0372,1.6375,1
1.8711,1.9582,2.0364,1.6432,1
1.8711,1.9566,2.0404,1.6440,1
1.8711,1.9566,2.0421,1.6504,1
1.8711,1.9413,2.0437,1.6552,1
1.8711,1.9413,2.0421,1.6536,1
1.8711,1.9486,2.0485,1.6528,1
1.8711,1.9542,2.0509,1.6560,1
1.8711,1.9558,2.0566,1.6601,1
1.8711,1.9921,2.0429,1.6577,1
1.8711,1.9881,2.0421,1.6520,1
1.8711,1.9768,2.0388,1.6504,1
1.8711,1.9671,2.0501,1.6480,1
1.8711,1.9663,2.0517,1.6528,1
1.8711,1.9784,2.0509,1.6488,1
1.8711,1.9760,2.0509,1.6472,1
1.8711,1.9655,2.0388,1.6504,1
1.8711,1.9615,2.0284,1.6472,1
1.8711,1.9558,2.0275,1.6423,1
1.8711,1.9502,2.0267,1.6423,1
1.8711,1.9494,2.0235,1.6504,1
1.8711,1.9550,2.0388,1.6496,1
1.8711,1.9558,2.0284,1.6472,1
1.8711,1.8930,2.0203,1.6407,1
1.8711,1.8922,2.0098,1.6432,1
1.8711,1.8986,1.9937,1.6504,1
1.8711,1.9067,1.9977,1.6456,1
1.8711,1.9059,1.9961,1.6504,1
1.8711,1.9131,1.9969,1.6528,1
1.8711,1.9171,1.9905,1.6536,1
1.8711,1.9139,1.9929,1.6536,1
1.8711,1.9034,1.9840,1.6440,1
1.8711,1.9042,1.9848,1.6488,1
1.8711,1.9679,1.9856,1.6552,1
1.8711,1.9623,1.9873,1.6601,1
1.8711,1.9478,2.0074,1.6585,1
1.8711,1.9445,2.0130,1.6544,1
1.8711,1.9365,2.0138,1.6544,1
1.8711,1.9268,2.0066,1.6585,1
1.8711,1.9244,2.0098,1.6577,1
1.8711,1.9212,2.0050,1.6544,1
1.8711,1.9212,2.0066,1.6568,1
1.8711,1.9139,2.0147,1.6568,1
1.8711,1.9155,2.0219,1.6528,1
1.8711,1.9204,2.0163,1.6520,1
1.8711,1.9139,2.0058,1.6520,1
1.8711,1.9067,1.9977,1.6568,1
1.8711,1.9026,2.0034,1.6544,1
1.8711,1.8962,2.0090,1.6512,1
1.8711,1.8905,2.0130,1.6552,1
1.8711,1.8809,2.0243,1.6536,1
1.8711,1.8777,2.0163,1.6577,1
1.8711,1.8768,2.0034,1.6552,1
1.8711,1.8623,1.9977,1.6593,1
1.8711,1.8519,2.0026,1.6552,1
1.8711,1.8583,1.9993,1.6544,1
1.8711,1.8591,2.0042,1.6504,1
1.8711,1.8607,2.0122,1.6456,1
1.8711,1.8591,2.0219,1.6488,1
1.8711,1.8559,2.0300,1.6504,1
1.8711,1.8615,2.0356,1.6488,1
1.8711,1.8607,2.0590,1.6448,1
1.8711,1.8591,2.0719,1.6448,1
1.8711,1.8559,2.0791,1.6448,1
1.8711,1.8495,2.0727,1.6448,1
1.8711,1.8414,2.0791,1.6407,1
1.8711,1.8309,2.0896,1.6440,1
1.8711,1.8277,2.0751,1.6488,1
1.8711,1.8204,2.0662,1.6440,1
1.8711,1.8188,2.0461,1.6383,1
1.8711,1.8124,1.9945,1.6391,1
1.9186,1.8084,1.9453,1.6456,1
1.9186,1.8019,1.9091,1.6456,1
1.9186,1.7922,1.8962,1.6480,1
1.9186,1.7906,1.9179,1.6480,1
1.9186,1.7874,1.9486,1.6480,1
1.9186,1.7834,1.9752,1.6472,1
1.9186,1.7818,2.0187,1.6440,1
1.9186,1.7785,2.0396,1.6440,1
1.9186,1.7689,2.0421,1.6432,1
1.9186,1.7463,2.0437,1.6407,1
1.9186,1.7431,2.0356,1.6367,1
1.9186,1.7439,2.0404,1.6399,1
1.9186,1.7463,2.0187,1.6383,1
1.9186,1.7399,1.9921,1.6383,1
1.9186,1.7366,1.9599,1.6391,1
1.9186,1.7350,1.9316,1.6383,1
1.9186,1.7141,1.8897,1.6383,1
1.9186,1.7020,1.8696,1.6480,1
1.9186,1.7028,1.8785,1.6464,1
1.9186,1.7173,1.9308,1.6448,1
1.9186,1.7133,1.9800,1.6432,1
1.9186,1.7020,2.0034,1.6383,1
1.9186,1.6939,2.0388,1.6415,1
1.9186,1.6826,2.0558,1.6399,1
1.9186,1.6673,2.0469,1.6367,1
1.9186,1.6504,2.0219,1.6383,1
1.9186,1.6593,1.9921,1.6448,1
1.9186,1.6552,1.9550,1.6375,1
1.9186,1.6464,1.9316,1.6399,1
1.9186,1.6335,1.9091,1.6383,1
1.9186,1.6270,1.8930,1.6456,1
1.9186,1.6246,1.8897,1.6496,1
1.9186,1.6190,1.8744,1.6440,1
1.9186,1.6311,1.8656,1.6472,1
1.9186,1.6343,1.8567,1.6488,1
1.9186,1.6448,1.8503,1.6488,1
1.9186,1.6367,1.8535,1.6440,1
1.9186,1.6440,1.8720,1.6488,1
1.9186,1.6367,1.8914,1.6456,1
1.9186,1.6327,1.9083,1.6423,1
1.9186,1.6230,1.9300,1.6367,1
1.9186,1.6254,1.9341,1.6383,1
1.9186,1.6303,1.9445,1.6399,1
1.9186,1.6246,1.9687,1.6343,1
1.9186,1.6214,2.0026,1.6286,1
1.9186,1.6117,2.0284,1.6286,1
1.9186,1.6085,2.0622,1.6319,1
1.9186,1.6085,2.0775,1.6238,1
1.9186,1.6190,2.0662,1.6254,1
1.9186,1.6286,2.0453,1.6303,1
1.9186,1.6351,2.0187,1.6311,1
1.9186,1.6335,2.0090,1.6383,1
1.9186,1.6383,1.9985,1.6319,1
1.9186,1.6399,1.9727,1.6335,1
1.9186,1.6496,1.9405,1.6383,1
1.9186,1.6625,1.9325,1.6351,1
1.9186,1.6705,1.9244,1.6415,1
1.9186,1.6754,1.9083,1.6448,1
1.9186,1.6762,1.8986,1.6432,1
1.9186,1.6778,1.9010,1.6496,1
1.9186,1.6867,1.9083,1.6536,1
1.9186,1.6907,1.9147,1.6423,1
1.9186,1.6947,1.9204,1.6448,1
1.9186,1.7068,1.9268,1.6440,1
1.9186,1.7125,1.9542,1.6456,1
1.9186,1.7173,1.9736,1.6504,1
1.9186,1.7270,1.9824,1.6391,1
1.9186,1.7358,2.0122,1.6375,1
1.9186,1.7495,2.0412,1.6319,1
1.9186,1.7673,2.0598,1.6343,1
1.9186,1.7689,2.0695,1.6125,1
1.9186,1.7753,2.0759,1.6174,1
1.9186,1.7777,2.0751,1.6133,1
1.9186,1.7737,2.0703,1.6158,1
1.9186,1.7745,2.0477,1.6238,1
1.9186,1.7713,2.0356,1.6246,1
1.9186,1.7761,2.0243,1.6230,1
1.9186,1.7761,2.0026,1.6262,1
1.9186,1.7681,1.9945,1.6327,1
1.9186,1.7568,1.9832,1.6270,1
1.9186,1.7624,1.9881,1.6440,1
1.9186,1.7640,1.9840,1.6383,1
1.9186,1.6826,1.9800,1.6423,1
1.9186,1.6907,1.9768,1.6423,1
1.9186,1.6971,1.9816,1.6375,1
1.9186,1.7141,1.9776,1.6399,1
1.9186,1.7133,1.9832,1.6415,1
1.9186,1.7149,2.0010,1.6383,1
1.9186,1.7173,2.0138,1.6351,1
1.9186,1.7205,2.0090,1.6359,1
1.9186,1.7116,1.9913,1.6343,1
1.9186,1.7133,1.9881,1.6311,1
1.9186,1.7858,1.9824,1.6303,1
1.9186,1.7737,1.9832,1.5811,1
1.9186,1.7592,1.9848,1.5867,1
1.9502,1.7439,1.9937,1.5867,1
1.9502,1.7318,1.9953,1.5867,1
1.9502,1.7181,1.9913,1.5948,1
1.9502,1.7100,1.9848,1.6069,1
1.9502,1.7004,1.9905,1.6053,1
1.9502,1.6899,1.9985,1.6077,1
1.9502,1.6842,1.9929,1.6109,1
1.9502,1.6931,2.0034,1.6101,1
1.9502,1.6867,2.0082,1.6617,1
1.9502,1.6883,2.0058,1.6560,1
1.9502,1.6802,1.9913,1.6472,1
1.9502,1.6818,1.9856,1.6488,1
1.9502,1.6810,1.9848,1.6423,1
1.9502,1.6762,1.9856,1.6295,1
1.9502,1.6794,1.9800,1.6303,1
1.9502,1.6883,1.9808,1.6262,1
1.9502,1.6810,1.9768,1.6238,1
1.9502,1.6722,1.9752,1.6238,1
1.9502,1.6730,1.9776,1.6238,1
1.9502,1.6705,1.9848,1.6214,1
1.9502,1.6512,1.9961,1.6190,1
1.9502,1.6512,2.0001,1.6182,1
1.9502,1.6609,1.9905,1.6182,1
1.9502,1.6697,1.9824,1.6222,1
1.9502,1.6665,1.9840,1.6222,1
1.9502,1.6601,1.9824,1.6246,1
1.9502,1.6689,1.9905,1.6230,1
1.9502,1.6714,1.9905,1.6303,1
1.9502,1.6746,1.9929,1.6270,1
1.9502,1.6762,1.9945,1.6270,1
1.9502,1.7004,1.9760,1.6303,1
1.9502,1.7028,1.9792,1.6359,1
1.9502,1.6988,1.9921,1.6351,1
1.9502,1.6947,2.0001,1.6335,1
1.9502,1.6939,2.0058,1.6319,1
1.9502,1.6996,1.9977,1.6335,1
1.9502,1.6891,1.9905,1.6319,1
1.9502,1.6851,1.9856,1.6286,1
1.9502,1.6915,1.9776,1.6278,1
1.9502,1.6907,1.9711,1.6254,1
1.9502,1.6899,1.9913,1.6246,1
1.9502,1.6851,1.9937,1.6214,1
1.9502,1.6826,2.0001,1.6278,1
1.9502,1.6794,1.9985,1.6278,1
1.9502,1.6770,1.9985,1.6238,1
1.9502,1.6762,2.0050,1.6214,1
1.9502,1.6794,2.0114,1.6230,1
1.9502,1.6834,2.0203,1.6230,1
1.9502,1.6754,2.0372,1.6206,1
1.9502,1.6778,2.0388,1.6174,1
1.9502,1.6778,2.0219,1.6158,1
1.9502,1.6794,2.0066,1.6174,1
1.9502,1.6810,2.0308,1.6101,1
1.9502,1.6907,2.0267,1.6109,1
1.9502,1.7036,2.0195,1.6190,1
1.9502,1.7044,2.0211,1.6214,1
1.9502,1.7076,2.0163,1.6286,1
1.9502,1.7141,2.0171,1.6303,1
1.9502,1.7133,2.0147,1.6311,1
1.9502,1.7084,2.0203,1.6375,1
1.9502,1.7084,2.0324,1.6399,1
1.9502,1.7084,2.0388,1.6440,1
1.9502,1.7092,2.0018,1.6383,1
1.9502,1.7044,1.9985,1.6343,1
1.9502,1.6955,2.0010,1.6278,1
1.9502,1.6988,1.9985,1.6230,1
1.9502,1.6955,2.0138,1.6238,1
1.9502,1.6842,2.0147,1.6214,1
1.9502,1.6891,2.0074,1.6705,1
1.9976,1.6875,2.0074,1.6633,1
1.9976,1.6891,2.0034,1.6601,1
1.9976,1.6826,2.0066,1.6496,1
1.9976,1.6794,2.0058,1.6512,1
1.9976,1.6762,2.0203,1.6544,1
1.9976,1.6714,2.0292,1.6577,1
1.9976,1.6609,2.0332,1.6593,1
1.9976,1.6673,2.0243,1.6609,1
1.9976,1.6689,2.0130,1.6617,1
1.9976,1.6577,2.0090,1.6085,1
1.9976,1.6617,2.0050,1.6093,1
1.9976,1.6480,2.0026,1.6149,1
1.9976,1.6488,2.0018,1.6254,1
1.9976,1.6528,2.0001,1.6343,1
1.9976,1.6464,1.9945,1.6351,1
1.9976,1.6423,1.9961,1.6391,1
1.9976,1.6407,1.9985,1.6480,1
1.9976,1.6254,1.9961,1.6432,1
1.9976,1.6174,1.9977,1.6407,1
1.9976,1.6109,1.9961,1.6472,1
1.9976,1.6037,1.9945,1.6560,1
1.9976,1.6021,1.9864,1.6585,1
1.9976,1.5940,1.9808,1.6504,1
1.9976,1.5771,1.9816,1.6480,1
1.9976,1.5658,1.9840,1.6472,1
1.9976,1.5610,1.9808,1.6423,1
1.9976,1.5610,1.9776,1.6359,1
1.9976,1.5529,1.9808,1.6391,1
1.9976,1.5424,1.9824,1.6383,1
1.9976,1.5352,1.9856,1.6319,1
3.8168,1.6488,1.6464,1.6375,2
3.8168,1.6432,1.6407,1.6286,2
3.8168,1.6415,1.6415,1.6270,2
3.8168,1.6407,1.6448,1.6270,2
3.8168,1.6367,1.6399,1.6254,2
3.8168,1.6335,1.6319,1.6262,2
3.8168,1.6335,1.6295,1.6351,2
3.8168,1.6335,1.6367,1.6472,2
3.8168,1.6303,1.6359,1.6560,2
3.8168,1.6303,1.6359,1.6609,2
3.8168,1.6303,1.6407,1.6641,2
3.8168,1.6415,1.6472,1.6714,2
3.8168,1.6423,1.6520,1.6004,2
3.8168,1.6367,1.6480,1.6061,2
3.8168,1.6391,1.6448,1.6077,2
3.8168,1.6407,1.6496,1.6029,2
3.8168,1.6415,1.6552,1.5827,2
3.8168,1.6343,1.6480,1.5642,2
3.8168,1.6359,1.6415,1.5529,2
3.8168,1.6359,1.6407,1.5537,2
3.8168,1.6295,1.6351,1.5658,2
3.8168,1.6190,1.6351,1.5682,2
3.8168,1.6190,1.6319,1.6520,2
3.8168,1.6262,1.6238,1.6673,2
3.8168,1.6278,1.6319,1.6802,2
3.8168,1.6327,1.6327,1.6963,2
3.8168,1.6327,1.6375,1.7431,2
3.8168,1.6383,1.6343,1.7810,2
3.8168,1.6407,1.6367,1.7922,2
3.8168,1.6399,1.6383,1.7914,2
3.8168,1.6440,1.6448,1.7874,2
3.8168,1.6472,1.6448,1.7793,2
3.8168,1.6407,1.6423,1.7576,2
3.8168,1.6319,1.6488,1.7374,2
3.8168,1.6303,1.6488,1.7253,2
3.8168,1.6254,1.6560,1.7173,2
3.8168,1.6262,1.6488,1.6923,2
3.8168,1.6278,1.6472,1.6875,2
3.8168,1.6262,1.6512,1.7221,2
3.8168,1.6262,1.6560,1.7544,2
3.8168,1.6311,1.6528,1.7906,2
3.8168,1.6327,1.6480,1.8245,2
3.8168,1.6399,1.6456,1.8519,2
3.8168,1.6456,1.6448,1.8728,2
3.8168,1.6432,1.6480,1.8849,2
3.8168,1.6440,1.6432,1.8986,2
3.8168,1.6472,1.6375,1.8986,2
3.8168,1.6472,1.6383,1.8760,2
3.8168,1.6415,1.6391,1.8382,2
3.8168,1.6375,1.6375,1.8108,2
3.8168,1.6351,1.6391,1.7818,2
3.8168,1.6343,1.6423,1.7987,2
3.8168,1.6351,1.6407,1.7648,2
3.8168,1.6327,1.6399,1.7382,2
3.8168,1.6391,1.6351,1.7165,2
3.8168,1.6399,1.6343,1.6818,2
3.8168,1.6367,1.6399,1.6423,2
3.8168,1.6351,1.6480,1.6045,2
3.8168,1.6423,1.6496,1.5682,2
3.8168,1.6415,1.6472,1.5271,2
3.8168,1.6415,1.6399,1.4820,2
3.8168,1.6407,1.6270,1.4417,2
3.8168,1.6399,1.6343,1.4328,2
3.8168,1.6432,1.6407,1.4006,2
3.8168,1.6399,1.6311,1.3788,2
3.8168,1.6335,1.6303,1.3643,2
3.8168,1.6262,1.6319,1.3627,2
3.8168,1.6262,1.6270,1.3724,2
3.8168,1.6198,1.6327,1.3764,2
3.8168,1.6254,1.6319,1.3829,2
3.8168,1.6254,1.6286,1.3998,2
3.8168,1.6262,1.6415,1.3684,2
3.8168,1.6262,1.6383,1.3619,2
3.8168,1.6303,1.6335,1.3635,2
3.8168,1.6303,1.6456,1.3353,2
3.8168,1.6286,1.6415,1.3152,2
3.8168,1.6311,1.6407,1.3079,2
3.8168,1.6311,1.6456,1.2982,2
3.8168,1.6343,1.6303,1.2829,2
3.8168,1.6391,1.6286,1.2652,2
3.8168,1.6383,1.6359,1.2426,2
3.8168,1.6295,1.6367,1.2241,2
3.8168,1.6246,1.6375,1.2144,2
3.8168,1.6174,1.6367,1.2080,2
3.8168,1.6125,1.6327,1.2354,2
3.8168,1.6182,1.6359,1.2579,2
3.8168,1.6246,1.6407,1.2620,2
3.8168,1.6286,1.6375,1.2789,2
3.8168,1.6278,1.6399,1.3095,2
3.8168,1.6238,1.6407,1.3329,2
3.8168,1.6246,1.6432,1.3490,2
3.8168,1.6286,1.6456,1.3635,2
3.8168,1.6335,1.6375,1.3772,2
3.8168,1.6367,1.6407,1.3837,2
3.8168,1.6407,1.6448,1.3869,2
3.8168,1.6327,1.6440,1.3732,2
3.8639,1.6246,1.6391,1.3845,2
3.8639,1.6230,1.6375,1.3837,2
3.8639,1.6206,1.6512,1.3772,2
3.8639,1.6149,1.6512,1.3740,2
3.8639,1.6012,1.6536,1.3941,2
3.8639,1.6077,1.6504,1.4103,2
3.8639,1.6093,1.6601,1.4038,2
3.8639,1.6117,1.6528,1.4175,2
3.8639,1.6133,1.6544,1.4320,2
3.8639,1.6214,1.6552,1.4594,2
3.8639,1.6270,1.6512,1.4602,2
3.8639,1.6206,1.6480,1.4497,2
3.8639,1.6230,1.6319,1.4368,2
3.8639,1.6230,1.6351,1.4167,2
3.8639,1.6367,1.6303,1.3804,2
3.8639,1.6335,1.6206,1.3450,2
3.8639,1.6278,1.6166,1.3353,2
3.8639,1.6214,1.6278,1.3039,2
3.8639,1.6166,1.6311,1.2676,2
3.8639,1.6117,1.6270,1.2289,2
3.8639,1.6149,1.6246,1.2007,2
3.8639,1.6166,1.6295,1.1870,2
3.8639,1.6158,1.6359,1.1766,2
3.8639,1.6198,1.6351,1.1911,2
3.8639,1.6190,1.6351,1.2152,2
3.8639,1.6214,1.6440,1.2563,2
3.8639,1.6246,1.6432,1.2966,2
3.8639,1.6295,1.6319,1.3482,2
3.8639,1.6335,1.6278,1.3958,2
3.8639,1.6327,1.6190,1.4497,2
3.8639,1.6278,1.6246,1.4981,2
3.8639,1.6270,1.6327,1.5303,2
3.8639,1.6278,1.6335,1.5674,2
3.8639,1.6278,1.6295,1.5892,2
3.8639,1.6295,1.6254,1.6061,2
3.8639,1.6278,1.6158,1.6117,2
3.8639,1.6254,1.6198,1.6270,2
3.8639,1.6246,1.6278,1.6238,2
3.8639,1.6254,1.6238,1.6222,2
3.8639,1.6335,1.6311,1.6085,2
3.8639,1.6359,1.6286,1.6053,2
3.8639,1.6343,1.6198,1.6077,2
3.8639,1.6367,1.6198,1.6045,2
3.8639,1.6399,1.6230,1.6093,2
3.8639,1.6335,1.6254,1.6246,2
3.8639,1.6343,1.6367,1.6319,2
3.8639,1.6343,1.6335,1.6327,2
3.8639,1.6375,1.6262,1.5376,2
3.8639,1.6327,1.6230,1.5771,2
3.8639,1.6270,1.6319,1.6190,2
3.8639,1.6295,1.6399,1.6673,2
3.8639,1.6367,1.6367,1.7318,2
3.8639,1.6359,1.6351,1.7963,2
3.8639,1.6327,1.6286,1.8486,2
3.8639,1.6383,1.6230,1.8946,2
3.8639,1.6391,1.6254,1.9308,2
3.8639,1.6448,1.6270,1.9566,2
3.8639,1.6391,1.6246,2.0783,2
3.8639,1.6448,1.6327,2.0622,2
3.8639,1.6415,1.6327,2.0404,2
3.8639,1.6375,1.6286,2.0010,2
3.8639,1.6311,1.6327,1.9502,2
3.8639,1.6270,1.6319,1.8865,2
3.8639,1.6238,1.6383,1.8382,2
3.8639,1.6254,1.6488,1.7834,2
3.8639,1.6182,1.6472,1.7350,2
3.8639,1.6190,1.6423,1.7052,2
3.8639,1.6198,1.6464,1.6826,2
3.8639,1.6133,1.6456,1.6633,2
3.8639,1.6166,1.6440,1.6456,2
3.8639,1.6190,1.6391,1.6407,2
3.8639,1.6262,1.6415,1.6327,2
3.8639,1.6351,1.6407,1.6335,2
3.8639,1.6407,1.6415,1.6182,2
3.8639,1.6391,1.6303,1.6053,2
3.8639,1.6432,1.6286,1.6012,2
3.8639,1.6359,1.6327,1.5674,2
3.8639,1.6335,1.6383,1.5545,2
3.8639,1.6375,1.6375,1.5231,2
3.8639,1.6407,1.6351,1.5070,2
3.8639,1.6440,1.6351,1.4667,2
3.8639,1.6327,1.6351,1.4264,2
3.8639,1.6254,1.6432,1.3941,2
3.8639,1.6238,1.6407,1.3716,2
3.8639,1.6214,1.6649,1.3450,2
3.8639,1.6230,1.6593,1.3289,2
3.8639,1.6278,1.6512,1.3248,2
3.8639,1.6319,1.6520,1.3015,2
3.8639,1.6351,1.6512,1.2982,2
3.8639,1.6319,1.6512,1.2926,2
3.8639,1.6278,1.6536,1.3023,2
3.8639,1.6351,1.6375,1.3160,2
3.8639,1.6303,1.6351,1.3136,2
3.8639,1.6270,1.6367,1.3007,2
3.8639,1.6206,1.6174,1.2942,2
3.8639,1.6166,1.6238,1.2749,2
3.8639,1.6190,1.6343,1.2555,2
3.8639,1.6158,1.6319,1.2386,2
3.8639,1.6101,1.6311,1.2185,2
3.8639,1.6158,1.6295,1.1927,2
3.8639,1.6182,1.6311,1.1677,2
3.8639,1.6166,1.6488,1.1411,2
3.8639,1.6238,1.6440,1.1250,2
3.8639,1.6327,1.6359,1.1129,2
3.8639,1.6415,1.6383,1.0750,2
3.8639,1.6496,1.6415,1.0670,2
3.8639,1.6504,1.6415,1.0686,2
3.8639,1.6552,1.6351,1.0702,2
3.8639,1.6512,1.6625,1.0710,2
3.8639,1.6432,1.6617,1.0750,2
3.8639,1.6391,1.6585,1.0839,2
3.8639,1.6319,1.6536,1.0903,2
3.8639,1.6230,1.6544,1.1113,2
3.8639,1.6117,1.6480,1.1266,2
3.8639,1.6069,1.6504,1.1717,2
3.8639,1.6004,1.6488,1.1903,2
3.8639,1.6029,1.6391,1.2015,2
3.8639,1.6045,1.6359,1.2201,2
3.8639,1.6133,1.6125,1.2523,2
3.8639,1.6174,1.6109,1.2902,2
3.8639,1.6182,1.6166,1.3289,2
3.8639,1.6270,1.6190,1.3651,2
3.8639,1.6254,1.6206,1.3780,2
3.8639,1.6327,1.6359,1.3941,2
3.8639,1.6311,1.6407,1.3990,2
3.8639,1.6311,1.6343,1.4030,2
3.8639,1.6214,1.6407,1.4312,2
3.8639,1.6101,1.6488,1.4514,2
3.8639,1.6053,1.6423,1.4602,2
3.8639,1.6053,1.6464,1.4763,2
3.8639,1.6037,1.6432,1.4868,2
3.8639,1.6012,1.6415,1.5005,2
3.8639,1.6125,1.6407,1.5126,2
3.8639,1.6133,1.6375,1.5400,2
3.8639,1.6174,1.6343,1.5650,2
3.8639,1.6214,1.6319,1.5851,2
3.8639,1.6254,1.6295,1.5956,2
3.8639,1.6286,1.6278,1.6101,2
3.8639,1.6295,1.6407,1.6351,2
3.8639,1.6238,1.6391,1.6367,2
3.8639,1.6198,1.6351,1.6577,2
3.8639,1.6198,1.6303,1.6859,2
3.8639,1.6125,1.6303,1.7189,2
3.8639,1.6085,1.6367,1.7350,2
3.8639,1.6093,1.6222,1.7552,2
3.8639,1.6053,1.6222,1.7930,2
3.8639,1.6077,1.6278,1.8092,2
3.8639,1.6166,1.6327,1.8132,2
3.8639,1.6214,1.6254,1.8148,2
3.8639,1.6295,1.6254,1.8221,2
3.8639,1.6375,1.6295,1.8035,2
3.8639,1.6343,1.6319,1.7858,2
3.8639,1.6351,1.6327,1.7624,2
3.8639,1.6383,1.6254,1.7519,2
3.8639,1.6359,1.6335,1.7358,2
3.8639,1.6375,1.6335,1.7044,2
3.8639,1.6343,1.6327,1.6939,2
3.8639,1.6327,1.6351,1.7133,2
3.8639,1.6327,1.6319,1.7092,2
3.8639,1.6311,1.6295,1.7125,2
3.8639,1.6319,1.6286,1.7221,2
3.8639,1.6375,1.6375,1.7133,2
3.8639,1.6407,1.6391,1.7149,2
3.8639,1.6464,1.6399,1.7197,2
3.8639,1.6496,1.6359,1.7237,2
3.8639,1.6568,1.6456,1.7286,2
3.8639,1.6617,1.6456,1.7068,2
3.8639,1.6609,1.6375,1.6609,2
3.8639,1.6560,1.6327,1.6367,2
3.8639,1.6488,1.6319,1.5956,2
3.8639,1.6407,1.6335,1.5577,2
3.8639,1.6359,1.6319,1.5336,2
3.8639,1.6335,1.6246,1.4957,2
3.8639,1.6254,1.6149,1.4562,2
3.8639,1.6222,1.6230,1.4465,2
3.8639,1.6206,1.6254,1.4312,2
3.8639,1.6158,1.6190,1.4312,2
3.8639,1.6198,1.6214,1.4191,2
3.8639,1.6230,1.6238,1.4070,2
3.8639,1.6327,1.6311,1.3958,2
3.8639,1.6423,1.6335,1.3780,2
3.8639,1.6448,1.6327,1.3434,2
3.8639,1.6464,1.6359,1.3087,2
3.8639,1.6504,1.6440,1.2676,2
3.8639,1.6480,1.6456,1.2136,2
3.8639,1.6391,1.6391,1.1572,2
3.8639,1.6399,1.6391,1.1000,2
3.8639,1.6311,1.6319,1.0597,2
3.8639,1.6230,1.6343,1.0170,2
3.8639,1.6158,1.6319,0.9968,2
3.8639,1.6149,1.6311,0.9662,2
3.8639,1.6198,1.6158,0.9670,2
3.8639,1.6133,1.6158,1.0089,2
3.8639,1.6133,1.6174,1.0275,2
3.8639,1.6166,1.6133,1.0234,2
3.8639,1.6246,1.6133,1.0468,2
3.8639,1.6222,1.6182,1.0557,2
3.8639,1.6262,1.6198,1.0549,2
3.8639,1.6286,1.6286,1.0500,2
3.8639,1.6270,1.6230,1.0363,2
3.8639,1.6190,1.6262,1.0420,2
3.8639,1.6133,1.6327,1.0339,2
3.8639,1.6133,1.6351,0.9944,2
3.8639,1.6085,1.6375,0.9896,2
3.8639,1.6053,1.6391,0.9960,2
3.8639,1.5972,1.6367,0.9904,2
3.8639,1.5972,1.6295,0.9944,2
3.8639,1.6004,1.6343,1.0089,2
3.8639,1.6004,1.6311,1.0283,2
3.8639,1.6061,1.6278,1.0452,2
3.8639,1.6141,1.5859,1.0629,2
3.8639,1.6214,1.5940,1.0919,2
3.8639,1.6319,1.6045,1.1234,2
3.8639,1.6383,1.5988,1.1540,2
3.8639,1.6407,1.5972,1.2789,2
3.8639,1.6472,1.6045,1.3240,2
3.8639,1.6423,1.6069,1.3732,2
3.8639,1.6319,1.6077,1.4546,2
3.8639,1.6319,1.6012,1.5489,2
3.8639,1.6303,1.6045,1.6520,2
3.8639,1.6214,1.6391,1.7527,2
3.8639,1.6206,1.6399,1.8414,2
3.8639,1.6174,1.6254,1.9260,2
3.8639,1.6174,1.6254,1.9945,2
3.8639,1.6206,1.6262,1.9429,2
3.9109,1.6166,1.6101,1.9494,2
3.9109,1.6246,1.6149,1.9582,2
3.9109,1.6327,1.6093,1.9373,2
3.9109,1.6303,1.6012,1.8970,2
3.9109,1.6311,1.6053,1.8559,2
3.9109,1.6311,1.6125,1.7963,2
3.9109,1.6222,1.6109,1.7447,2
3.9109,1.6166,1.6149,1.6939,2
3.9109,1.6101,1.6101,1.6593,2
3.9109,1.6053,1.6045,1.6593,2
3.9109,1.6061,1.6246,1.6802,2
3.9109,1.6021,1.6262,1.7157,2
3.9109,1.5996,1.6230,1.7479,2
3.9109,1.6012,1.6278,1.7963,2
3.9109,1.5988,1.6286,1.8293,2
3.9109,1.6045,1.6254,1.8640,2
3.9109,1.6125,1.6149,1.8825,2
3.9109,1.6133,1.6166,1.8946,2
3.9109,1.6158,1.6182,1.8648,2
3.9109,1.6141,1.6238,1.8084,2
3.9109,1.6158,1.6158,1.7237,2
3.9109,1.6198,1.6133,1.6254,2
3.9109,1.6141,1.6206,1.5166,2
3.9109,1.6149,1.6278,1.3974,2
3.9109,1.6149,1.6319,1.2999,2
3.9109,1.6109,1.6286,1.1975,2
3.9109,1.6061,1.6303,1.1048,2
3.9109,1.6029,1.6262,1.0194,2
3.9109,1.6061,1.6343,0.9662,2
3.9109,1.6101,1.6375,0.9558,2
3.9109,1.6182,1.6375,0.9638,2
3.9109,1.6166,1.6407,0.9695,2
3.9109,1.6238,1.6383,0.9848,2
3.9109,1.6270,1.6448,0.9977,2
3.9109,1.6278,1.6286,0.9848,2
3.9109,1.6303,1.6303,0.9952,2
3.9109,1.6303,1.6327,0.9960,2
3.9109,1.6311,1.6351,0.9840,2
3.9109,1.6254,1.6335,0.9598,2
3.9109,1.6149,1.6311,0.9703,2
3.9109,1.6053,1.6343,0.8993,2
3.9109,1.6069,1.6198,0.8316,2
3.9109,1.6037,1.6262,0.7865,2
3.9109,1.6021,1.6254,0.7430,2
3.9109,1.6077,1.6311,0.7285,2
3.9109,1.6141,1.6295,0.7317,2
3.9109,1.6206,1.6319,0.7527,2
3.9109,1.6222,1.6383,0.8010,2
3.9109,1.6286,1.6319,0.8937,2
3.9109,1.6383,1.6254,0.9284,2
3.9109,1.6423,1.6222,1.0420,2
3.9109,1.6391,1.6367,1.1395,2
3.9109,1.6375,1.6351,1.2136,2
3.9109,1.6359,1.6246,1.2990,2
3.9109,1.6319,1.6246,1.3466,2
3.9109,1.6230,1.6190,1.3740,2
3.9109,1.6158,1.6262,1.4054,2
3.9109,1.6174,1.6230,1.4304,2
3.9109,1.6133,1.6295,1.4078,2
3.9109,1.6149,1.6222,1.4006,2
3.9109,1.6174,1.6254,1.4030,2
3.9109,1.6230,1.6262,1.4199,2
3.9109,1.6286,1.6270,1.4449,2
3.9109,1.6351,1.6246,1.4562,2
3.9109,1.6375,1.6295,1.4876,2
3.9109,1.6423,1.6303,1.5279,2
3.9109,1.6383,1.6262,1.5634,2
3.9109,1.6367,1.6230,1.5730,2
3.9109,1.6327,1.6230,1.6133,2
3.9109,1.6278,1.6367,1.6375,2
3.9109,1.6230,1.6399,1.6512,2
3.9109,1.6166,1.6367,1.6633,2
3.9109,1.6109,1.6327,1.6697,2
3.9109,1.6037,1.6367,1.6689,2
3.9109,1.5996,1.6367,1.6722,2
3.9109,1.5980,1.6415,1.6625,2
3.9109,1.6085,1.6407,1.6383,2
3.9109,1.6174,1.6383,1.6448,2
3.9109,1.6303,1.6319,1.6399,2
3.9109,1.6359,1.6190,1.6399,2
3.9109,1.6343,1.6149,1.6552,2
3.9109,1.6391,1.6141,1.6802,2
3.9109,1.6375,1.6125,1.7084,2
3.9109,1.6464,1.6117,1.7374,2
3.9109,1.6480,1.6149,1.7648,2
3.9109,1.6512,1.6190,1.7729,2
3.9109,1.6423,1.6214,1.7737,2
3.9109,1.6375,1.6190,1.7681,2
3.9109,1.6254,1.6262,1.7600,2
3.9109,1.6254,1.6423,1.7253,2
3.9109,1.6254,1.6512,1.6818,2
3.9109,1.6254,1.6512,1.6311,2
3.9109,1.6319,1.6472,1.5835,2
3.9109,1.6254,1.6504,1.5489,2
3.9109,1.6278,1.6423,1.5078,2
3.9109,1.6311,1.6327,1.4788,2
3.9109,1.6399,1.6278,1.4642,2
3.9109,1.6432,1.6319,1.4659,2
3.9109,1.6456,1.6351,1.4481,2
3.9109,1.6456,1.6335,1.4651,2
3.9109,1.6520,1.6230,1.4828,2
3.9109,1.6520,1.6190,1.4957,2
3.9109,1.6520,1.6270,1.5005,2
3.9109,1.6544,1.6295,1.5062,2
3.9109,1.6480,1.6335,1.5199,2
3.9109,1.6472,1.6383,1.5376,2
3.9109,1.6472,1.6359,1.5642,2
3.9109,1.6496,1.6335,1.5755,2
3.9109,1.6585,1.6335,1.6101,2
3.9109,1.6617,1.6327,1.6222,2
3.9109,1.6593,1.6319,1.6222,2
3.9109,1.6593,1.6335,1.6230,2
3.9109,1.6625,1.6359,1.6206,2
3.9109,1.6577,1.6351,1.6262,2
3.9109,1.6657,1.6375,1.6158,2
3.9109,1.6560,1.6391,1.6182,2
3.9109,1.6536,1.6432,1.6166,2
3.9109,1.6520,1.6496,1.6141,2
3.9109,1.6488,1.6399,1.6174,2
3.9109,1.6448,1.6351,1.6391,2
3.9109,1.6520,1.6335,1.6818,2
3.9109,1.6528,1.6399,1.7326,2
3.9109,1.6504,1.6367,1.7906,2
3.9109,1.6585,1.6319,1.8349,2
3.9109,1.6609,1.6190,1.8881,2
3.9109,1.6689,1.6206,1.9244,2
3.9109,1.6649,1.6238,1.9429,2
3.9109,1.6649,1.6230,1.8825,2
3.9109,1.6560,1.6278,1.9026,2
3.9109,1.6528,1.6270,1.9155,2
3.9109,1.6488,1.6327,1.9389,2
3.9109,1.6512,1.6278,1.9437,2
3.9109,1.6504,1.6295,1.9518,2
3.9109,1.6488,1.6303,1.9631,2
3.9109,1.6456,1.6383,2.0082,2
3.9109,1.6464,1.6432,2.0203,2
3.9109,1.6512,1.6351,2.0372,2
3.9109,1.6488,1.6278,2.1331,2
3.9109,1.6601,1.6190,2.1363,2
3.9109,1.6689,1.6270,2.1436,2
3.9109,1.6722,1.6238,2.1251,2
3.9109,1.6633,1.6246,2.1105,2
3.9109,1.6625,1.6198,2.1033,2
3.9109,1.6609,1.6133,2.0872,2
3.9109,1.6593,1.6214,2.0138,2
3.9109,1.6560,1.6182,2.0155,2
3.9109,1.6593,1.6319,2.0211,2
3.9109,1.6617,1.6214,2.0364,2
3.9109,1.6609,1.6327,2.0574,2
3.9109,1.6585,1.6359,2.0638,2
3.9109,1.6528,1.6238,2.0872,2
3.9109,1.6609,1.6182,2.1234,2
3.9109,1.6673,1.6262,2.1242,2
3.9109,1.6681,1.6359,2.0936,2
3.9109,1.6657,1.6319,2.0920,2
3.9109,1.6657,1.6311,2.0582,2
3.9109,1.6681,1.6093,2.0453,2
3.9109,1.6705,1.6125,2.0582,2
3.9109,1.6633,1.6077,2.0614,2
3.9109,1.6649,1.6045,2.0130,2
3.9109,1.6625,1.6198,1.9099,2
3.9109,1.6585,1.6367,1.7890,2
3.9109,1.6536,1.6295,1.7012,2
3.9109,1.6504,1.6295,1.6472,2
3.9109,1.6560,1.6278,1.5626,2
3.9109,1.6512,1.6198,1.4385,2
3.9109,1.6472,1.6303,1.2813,2
3.9109,1.6407,1.6367,1.0855,2
3.9109,1.6399,1.6399,0.9372,2
3.9109,1.6335,1.6335,0.8840,2
3.9109,1.6311,1.6262,0.9026,2
3.9109,1.6359,1.6149,0.9751,2
3.9109,1.6343,1.6174,1.0734,2
3.9109,1.6375,1.6166,1.1854,2
3.9109,1.6319,1.6133,1.2878,2
3.9109,1.6327,1.6077,1.4014,2
3.9109,1.6295,1.6101,1.5134,2
3.9109,1.5626,1.6077,1.6246,2
3.9109,1.5714,1.6085,1.6842,2
3.9109,1.5763,1.6174,1.6971,2
3.9109,1.5875,1.6254,1.6520,2
3.9109,1.5884,1.6238,1.5642,2
3.9109,1.5924,1.6198,1.4288,2
3.9583,1.6021,1.6206,1.2974,2
3.9583,1.6045,1.6182,1.1959,2
3.9583,1.6021,1.6278,1.1459,2
3.9583,1.6029,1.6286,1.1185,2
3.9583,1.6673,1.6286,1.0976,2
3.9583,1.6496,1.6278,1.0758,2
3.9583,1.6407,1.6278,1.0670,2
3.9583,1.6246,1.6254,1.0831,2
3.9583,1.6174,1.6125,1.0952,2
3.9583,1.6069,1.6133,1.1548,2
3.9583,1.5884,1.6085,1.2168,2
3.9583,1.5843,1.6166,1.2878,2
3.9583,1.5924,1.6141,1.3232,2
3.9583,1.5892,1.6101,1.3410,2
3.9583,1.5859,1.6158,1.4070,2
3.9583,1.6021,1.6158,1.4900,2
3.9583,1.6029,1.6141,1.5908,2
3.9583,1.6085,1.6093,1.7004,2
3.9583,1.6093,1.6278,1.7971,2
3.9583,1.5142,1.6246,1.8656,2
3.9583,1.5319,1.6246,1.9163,2
3.9583,1.5408,1.6133,1.9453,2
3.9583,1.5432,1.6158,1.9663,2
3.9583,1.5473,1.6222,1.9687,2
3.9583,1.5626,1.6230,1.8696,2
3.9583,1.5537,1.6238,1.7487,2
3.9583,1.5610,1.6198,1.5932,2
3.9583,1.5634,1.6166,1.4683,2
3.9583,1.5755,1.6101,1.3893,2
3.9583,1.6730,1.6053,1.2902,2
3.9583,1.6593,1.6109,1.2193,2
3.9583,1.6480,1.6214,1.1911,2
3.9583,1.6399,1.6254,1.3208,2
3.9583,1.6343,1.6319,1.3385,2
3.9583,1.6311,1.6278,1.4014,2
3.9583,1.6262,1.6262,1.4594,2
3.9583,1.6182,1.6254,1.5199,2
3.9583,1.6053,1.6262,1.5311,2
3.9583,1.5803,1.5650,1.5207,2
3.9583,1.5771,1.5706,1.5150,2
3.9583,1.5738,1.5755,1.4836,2
3.9583,1.5722,1.5787,1.4240,2
3.9583,1.5706,1.5835,1.2201,2
3.9583,1.5706,1.5859,1.1677,2
3.9583,1.5577,1.5980,1.1298,2
3.9583,1.5569,1.6053,1.1185,2
3.9583,1.5569,1.6004,1.1306,2
3.9583,1.5658,1.6021,1.1798,2
3.9583,1.5835,1.6681,1.2072,2
3.9583,1.5980,1.6754,1.2281,2
3.9583,1.6174,1.6697,1.2217,2
3.9583,1.6617,1.6730,1.1774,2
3.9583,1.7044,1.6705,1.1508,2
3.9583,1.7495,1.6560,1.1282,2
3.9583,1.8116,1.6512,1.0936,2
3.9583,1.8865,1.6399,1.0541,2
3.9583,1.9711,1.6464,1.0194,2
3.9583,2.0598,1.6504,0.9630,2
3.9583,2.1460,1.6512,0.9219,2
3.9583,2.2387,1.6560,0.8881,2
3.9583,2.3394,1.6609,0.8711,2
3.9583,2.4087,1.6641,0.9042,2
3.9583,2.4829,1.6601,0.9340,2
3.9583,2.5530,1.6722,0.9493,2
3.9583,2.5683,1.6802,0.9372,2
3.9583,2.5683,1.7012,0.8969,2
3.9583,2.5578,1.7068,0.8566,2
3.9583,2.5497,1.7149,0.8462,2
3.9583,2.5514,1.7270,0.8397,2
3.9583,2.5409,1.7334,0.8349,2
3.9583,2.5497,1.7568,0.8389,2
3.9583,2.5860,1.7664,0.8768,2
3.9583,2.6360,1.7858,0.9106,2
3.9583,2.7021,1.8003,0.9267,2
3.9583,2.8189,1.8100,0.9727,2
3.9583,2.9358,1.8188,1.0396,2
3.9583,3.0445,1.8358,1.1274,2
3.9583,3.1316,1.8607,1.1870,2
3.9583,3.1912,1.8857,1.2322,2
3.9583,3.2428,1.9139,1.2531,2
3.9583,3.2541,1.9188,1.2507,2
3.9583,3.2404,1.9349,1.2112,2
3.9583,3.2178,1.9582,1.2023,2
3.9583,3.1719,1.9727,1.2015,2
3.9583,3.1211,2.0010,1.1806,2
3.9583,3.0840,2.0267,1.1693,2
3.9583,3.0486,2.0549,1.1330,2
3.9583,3.0325,2.0767,1.1121,2
3.9583,3.0268,2.0872,1.1371,2
3.9583,3.0381,2.1017,1.1911,2
3.9583,3.0558,2.1194,1.2370,2
3.9583,3.0768,2.1315,1.2434,2
3.9583,3.0881,2.1412,1.2152,2
3.9583,3.0736,2.1573,1.2007,2
3.9583,3.0840,2.1613,1.2394,2
4.0058,3.0752,2.1597,1.2733,2
4.0058,3.0655,2.1686,1.2684,2
4.0058,3.0550,2.1702,1.2563,2
4.0058,3.0284,2.1823,1.1854,2
4.0058,2.9849,2.1839,1.1524,2
4.0058,2.9366,2.1831,1.1782,2
4.0058,2.8850,2.1895,1.2579,2
4.0058,2.8342,2.1911,1.3224,2
4.0058,2.8068,2.1919,1.3514,2
4.0058,2.7440,2.1919,1.3345,2
4.0058,2.6827,2.2081,1.3047,2
4.0058,2.6456,2.2089,1.3095,2
4.0058,2.5941,2.2113,1.3273,2
4.0058,2.5634,2.2073,1.3837,2
4.0058,2.5473,2.1944,1.4143,2
4.0058,2.5377,2.1944,1.4022,2
4.0058,2.5256,2.1911,1.3772,2
4.0058,2.5119,2.1911,1.3756,2
4.0058,2.5143,2.1871,1.3909,2
4.0058,2.5272,2.1799,1.4086,2
4.0058,2.5336,2.1702,1.4272,2
4.0058,2.5240,2.1549,1.4280,2
4.0058,2.5296,2.1388,1.4078,2
4.0058,2.5328,2.1251,1.3547,2
4.0058,2.5215,2.1234,1.3047,2
4.0058,2.5095,2.1114,1.2942,2
4.0058,2.5038,2.0920,1.2588,2
4.0058,2.5030,2.0791,1.2096,2
4.0058,2.4917,2.0622,1.1484,2
4.0058,2.4748,2.0598,1.0855,2
4.0058,2.5207,2.0404,1.0178,2
4.0058,2.5159,2.0308,0.9662,2
4.0058,2.4941,2.0195,0.9396,2
4.0058,2.4740,1.9993,0.9388,2
4.0058,2.4643,1.9824,0.9445,2
4.0058,2.4522,1.9727,0.9477,2
4.0058,2.4345,1.9727,0.9566,2
4.0058,2.4144,1.9639,0.9598,2
4.0058,2.3982,1.9663,0.9791,2
4.0058,2.3845,1.9566,0.9960,2
4.0058,2.3225,1.9534,1.0355,2
4.0058,2.3056,1.9518,1.0807,2
4.0058,2.2975,1.9462,1.1266,2
4.0058,2.2862,1.9510,1.1806,2
4.0058,2.2749,1.9566,1.2096,2
4.0058,2.2637,1.9663,1.2040,2
4.0058,2.2596,1.9647,1.2144,2
4.0058,2.2637,1.9607,1.2233,2
4.0058,2.2645,1.9679,1.2297,2
4.0058,2.2629,1.9655,1.2410,2
4.0058,2.2548,1.9703,1.2120,2
4.0058,2.2459,1.9655,1.1379,2
4.0058,2.2306,1.9703,1.0549,2
4.0058,2.2161,1.9736,0.9678,2
4.0058,2.2016,1.9663,0.9147,2
4.0058,2.1968,1.9647,0.8977,2
4.0058,2.1774,1.9711,0.8647,2
4.0058,2.1541,1.9800,0.8421,2
4.0058,2.1323,1.9703,0.8276,2
4.0058,2.1065,1.9687,0.8357,2
4.0058,2.0864,1.9639,0.8832,2
4.0058,2.0767,1.9808,0.9380,2
4.0058,2.0719,1.9760,0.9856,2
4.0058,2.0686,1.9719,1.0339,2
4.0058,2.0590,1.9784,1.0629,2
4.0058,2.0437,1.9768,1.1048,2
4.0058,2.0429,1.9703,1.1282,2
4.0058,2.0388,1.9639,1.1621,2
4.0058,2.0316,1.9558,1.1846,2
4.0058,2.0275,1.9526,1.1798,2
4.0058,2.0267,1.9486,1.1274,2
4.0058,2.0219,1.9349,0.9364,2
4.0058,2.0187,1.9389,0.9316,2
4.0058,2.0090,1.9429,0.9372,2
4.0058,2.0042,1.9470,0.9187,2
4.0058,2.0066,1.9437,0.8574,2
4.0058,2.0026,1.9429,0.8381,2
4.0058,1.9969,1.9381,0.8051,2
4.0058,1.9985,1.9437,0.7640,2
4.0058,1.9961,1.9405,0.7293,2
4.0058,1.9905,1.9333,0.7156,2
4.0058,1.9840,1.9252,0.8679,2
4.0058,1.9816,1.9204,0.8453,2
4.0058,1.9800,1.9188,0.8163,2
4.0058,1.9816,1.9099,0.7946,2
4.0058,1.9752,1.9099,0.7656,2
4.0058,1.9711,1.9067,0.7551,2
4.0058,1.9647,1.8978,0.7728,2
4.0058,1.9478,1.8897,0.8059,2
4.0058,1.9365,1.8833,0.8405,2
4.0058,1.9252,1.8905,0.9034,2
4.0058,1.9123,1.8889,0.9638,2
4.0058,1.8978,1.8922,1.0041,2
4.0058,1.8736,1.8833,1.0178,2
4.0058,1.8664,1.8817,1.0251,2
4.0528,1.8575,1.8704,1.0210,2
4.0528,1.8559,1.8599,0.9823,2
4.0528,1.8615,1.8648,0.9219,2
4.0528,1.8720,1.8648,0.8856,2
4.0528,1.8817,1.8736,0.8800,2
4.0528,1.8857,1.8664,0.9034,2
4.0528,1.8897,1.8591,0.9332,2
4.0528,1.8922,1.8543,0.9469,2
4.0528,1.9067,1.8519,0.9558,2
4.0528,1.9107,1.8535,0.9880,2
4.0528,1.9075,1.8551,1.0565,2
4.0528,1.8970,1.8615,1.1169,2
4.0528,1.8817,1.8527,1.1387,2
4.0528,1.8632,1.8406,1.1242,2
4.0528,1.8567,1.8325,1.1008,2
4.0528,1.8527,1.8374,1.0492,2
4.0528,1.8486,1.8495,0.9952,2
4.0528,1.8486,1.8414,0.9711,2
4.0528,1.8519,1.8382,0.9622,2
4.0528,1.8486,1.8309,0.9525,2
4.0528,1.8527,1.8204,0.9284,2
4.0528,1.8632,1.8108,0.9026,2
4.0528,1.8704,1.8140,0.9098,2
4.0528,1.8777,1.8229,0.9558,2
4.0528,1.8744,1.8285,1.0001,2
4.0528,1.8817,1.8237,1.0508,2
4.0528,1.8881,1.8180,1.0919,2
4.0528,1.8938,1.8156,1.1040,2
4.0528,1.8986,1.8188,1.1113,2
4.0528,1.9042,1.8124,1.1064,2
4.0528,1.9147,1.8140,1.0976,2
4.0528,1.9171,1.8124,1.1097,2
4.0528,1.9244,1.8035,1.1282,2
4.0528,1.9381,1.7963,1.1492,2
4.0528,1.9494,1.7842,1.1290,2
4.0528,1.9558,1.7874,1.0597,2
4.0528,1.9655,1.7834,0.9840,2
4.0528,1.9752,1.7858,0.9727,2
4.0528,1.9977,1.7826,0.9823,2
4.0528,2.0001,1.7810,0.9872,2
4.0528,2.0026,1.7777,1.0234,2
4.0528,2.0147,1.7793,1.0605,2
4.0528,2.0259,1.7834,1.0968,2
4.0528,2.0324,1.7874,1.0960,2
4.0528,2.0437,1.7947,1.0541,2
4.0528,2.0533,1.7818,1.0057,2
4.0528,2.0711,1.7745,1.0162,2
4.0528,2.0775,1.7689,1.0670,2
4.0528,2.0751,1.7503,1.1169,2
4.0528,2.0936,1.7471,1.1508,2
4.0528,2.1154,1.7511,1.1097,2
4.0528,2.1307,1.7519,1.0460,2
4.0528,2.1122,1.7519,0.9703,2
4.0528,2.1396,1.7455,0.9243,2
4.0528,2.1637,1.7399,0.9372,2
4.0528,2.1903,1.7390,0.9936,2
4.0528,2.2073,1.7407,1.0323,2
4.0528,2.2355,1.7342,0.9888,2
4.0528,2.2621,1.7415,0.9364,2
4.0528,2.2822,1.7390,0.9106,2
4.0528,2.3032,1.7253,0.9251,2
4.0528,2.3354,1.7253,0.9421,2
4.0528,2.3974,1.7245,0.9566,2
4.0528,2.4208,1.7278,0.9638,2
4.0528,2.4498,1.7262,0.9880,2
4.0528,2.4804,1.7253,1.0017,2
4.0528,2.5062,1.7116,0.9582,2
4.0528,2.5360,1.7068,0.8905,2
4.0528,2.5683,1.7149,0.8083,2
4.0528,2.6062,1.7157,0.7712,2
4.0528,2.6392,1.7221,0.7664,2
4.0528,2.6593,1.7205,0.6987,2
4.0528,2.6924,1.7100,0.5971,2
4.0528,2.7375,1.7060,0.5738,2
4.0528,2.7577,1.6947,0.6141,2
4.0528,2.7738,1.6899,0.7011,2
4.0528,2.7988,1.6996,0.8026,2
4.0528,2.8213,1.7036,0.9187,2
4.0528,2.8471,1.6947,1.0267,2
4.0528,2.8721,1.6955,1.0363,2
4.0528,2.9019,1.6955,0.9993,2
4.0528,2.9285,1.6875,1.0097,2
4.0528,2.9591,1.6891,1.0089,2
4.0528,2.9648,1.6842,0.9074,2
4.0528,2.9954,1.6899,0.7583,2
4.0528,3.0252,1.6842,0.5278,2
4.0528,3.0550,1.6746,0.4295,2
4.0528,3.0792,1.6697,0.3562,2
4.0528,3.1042,1.6673,0.3393,2
4.0528,3.1203,1.6625,0.4166,2
4.0528,3.1284,1.6609,0.5415,2
4.0528,3.1404,1.6577,0.6681,2
4.0528,3.1453,1.6593,0.8179,2
4.0528,3.1606,1.6496,0.9872,2
4.1003,3.1646,1.6440,1.2056,2
4.1003,3.1670,1.6343,1.3732,2
4.1003,3.1727,1.6303,1.3909,2
4.1003,3.1711,1.6262,1.3974,2
4.1003,3.1598,1.6198,1.3127,2
4.1003,3.1549,1.6158,1.1653,2
4.1003,3.1549,1.6117,1.0154,2
4.1003,3.1477,1.6061,0.8462,2
4.1003,3.1380,1.5980,0.7084,2
4.1003,3.1275,1.5964,0.6004,2
4.1003,3.1267,1.5924,0.4980,2
4.1003,3.1203,1.6012,0.5133,2
4.1003,3.1195,1.5996,0.5810,2
4.1003,3.1163,1.5956,0.5939,2
4.1003,3.1171,1.6085,0.6415,2
4.1003,3.1227,1.6061,0.7229,2
4.1003,3.1235,1.6077,0.8026,2
4.1003,3.1292,1.6061,0.9525,2
4.1003,3.1332,1.6085,1.0911,2
4.1003,3.1356,1.6085,1.1556,2
4.1003,3.1300,1.6069,1.1548,2
4.1003,3.1316,1.5996,1.1000,2
4.1003,3.1187,1.6021,1.0629,2
4.1003,3.1114,1.6061,1.0589,2
4.1003,3.1074,1.5964,1.0637,2
4.1003,3.0929,1.6004,1.0291,2
4.1003,3.0776,1.5908,0.9606,2
4.1003,3.0663,1.5787,0.8744,2
4.1003,3.0486,1.5738,0.7930,2
4.1003,3.0373,1.5738,0.7180,2
4.1003,3.0325,1.5795,0.5947,2
4.1003,3.0300,1.5851,0.4964,2
4.1003,3.0341,1.5924,0.4078,2
4.1003,3.0429,1.5972,0.3570,2
4.1003,3.0437,1.6037,0.3425,2
4.1003,3.0486,1.6021,0.4029,2
4.1003,3.0526,1.6029,0.4843,2
4.1003,3.0518,1.6174,0.5560,2
4.1003,3.0558,1.6206,0.6318,2
4.1003,3.0558,1.6246,0.7551,2
4.1003,3.0357,1.6303,0.8615,2
4.1003,3.0091,1.6270,0.9388,2
4.1003,2.9744,1.6270,0.9558,2
4.1003,2.9341,1.6246,0.9469,2
4.1003,2.8938,1.6190,0.9058,2
4.1003,2.8608,1.6158,0.8155,2
4.1003,2.8245,1.6109,0.7398,2
4.1003,2.7907,1.6117,0.6044,2
4.1003,2.7560,1.6053,0.5085,2
4.1003,2.7149,1.6029,0.4078,2
4.1003,2.6827,1.6004,0.3973,2
4.1003,2.6505,1.6109,0.4215,2
4.1003,2.6158,1.6109,0.4747,2
4.1003,2.5715,1.6061,0.6479,2
4.1003,2.5264,1.6021,0.7003,2
4.1003,2.4732,1.5892,0.7785,2
4.1003,2.4184,1.5980,0.8679,2
4.1003,2.3523,1.5940,0.9928,2
4.1003,2.3080,1.6012,1.0694,2
4.1003,2.2322,1.6037,1.1475,2
4.1003,2.1557,1.6021,1.1766,2
4.1003,2.0767,1.5908,1.2040,2
4.1003,2.0018,1.5803,1.1975,2
4.1003,1.9389,1.5795,1.0613,2
4.1003,1.8817,1.5755,1.0170,2
4.1003,1.8229,1.5843,0.8768,2
4.1003,1.7568,1.5787,0.6826,2
4.1003,1.6915,1.5763,0.5432,2
4.1003,1.5916,1.5738,0.4271,2
4.1003,1.5384,1.5690,0.1620,2
4.1003,1.4836,1.5706,0.0943,2
4.1003,1.4304,1.5690,0.0669,2
4.1003,1.3837,1.5658,0.1322,2
4.1003,1.3264,1.5618,0.2385,2
4.1003,1.2733,1.5577,0.3715,2
4.1003,1.2217,1.5585,0.5488,2
4.1003,1.1774,1.5569,0.7438,2
4.1003,1.1258,1.5618,0.8429,2
4.1003,1.0887,1.5561,0.8929,2
4.1003,1.0388,1.5626,1.0581,2
4.1003,0.9960,1.5537,1.0782,2
4.1003,0.9501,1.5408,1.1516,2
4.1003,0.8993,1.5408,1.1064,2
4.1003,0.8631,1.5384,0.9308,2
4.1003,0.8228,1.5400,0.6963,2
4.1003,0.7809,1.5336,0.5673,2
4.1003,0.7454,1.5360,0.4336,2
4.1003,0.7285,1.5336,0.3876,2
4.1003,0.7140,1.5271,0.3884,2
4.1003,0.6947,1.5223,0.4553,2
4.1003,0.6745,1.5239,0.4755,2
4.1003,0.6753,1.5360,0.3900,2
4.1003,0.6721,1.5287,0.3401,2
4.1003,0.6761,1.5287,0.3642,2
4.1003,0.6753,1.5279,0.4368,2
4.1484,0.6705,1.5215,0.4392,2
4.1484,0.6664,1.5215,0.4392,2
4.1484,0.6584,1.5223,0.4037,2
4.1484,0.6447,1.5247,0.3546,2
4.1484,0.6519,1.5142,0.2684,2
4.1484,0.6576,1.5086,0.2305,2
4.1484,0.6519,1.4965,0.2248,2
4.1484,0.6576,1.4908,0.2321,2
4.1484,0.6560,1.4916,0.3151,2
4.1484,0.6544,1.4916,0.3457,2
4.1484,0.6656,1.4957,0.3336,2
4.1484,0.6793,1.4860,0.3296,2
4.1484,0.6979,1.4763,0.3240,2
4.1484,0.7229,1.4707,0.3417,2
4.1484,0.7349,1.4642,0.3578,2
4.1484,0.7559,1.4610,0.3578,2
4.1484,0.7752,1.4578,0.3360,2
4.1484,0.7930,1.4667,0.2982,2
4.1484,0.8107,1.4618,0.2192,2
4.1484,0.8421,1.4562,0.2547,2
4.1484,0.8679,1.4586,0.3691,2
4.1484,0.8993,1.4505,0.5085,2
4.1484,0.9259,1.4457,0.6036,2
4.1484,0.9598,1.4417,0.6560,2
4.1484,0.9993,1.4441,0.6673,2
4.1484,1.0291,1.4344,0.6423,2
4.1484,1.0605,1.4288,0.6600,2
4.1484,1.0944,1.4215,0.6995,2
4.1484,1.1266,1.4207,0.6930,2
4.1484,1.1500,1.4240,0.6294,2
4.1484,1.1806,1.4183,0.4996,2
4.1484,1.2056,1.4103,0.3368,2
4.1484,1.2281,1.4086,0.2482,2
4.1484,1.2523,1.4095,0.2168,2
4.1484,1.2692,1.4006,0.2393,2
4.1484,1.2894,1.4006,0.2772,2
4.1484,1.3136,1.4030,0.3078,2
4.1484,1.3281,1.3893,0.3304,2
4.1484,1.3410,1.3885,0.3683,2
4.1484,1.3579,1.3853,0.4158,2
4.1484,1.3684,1.3756,0.5029,2
4.1484,1.3829,1.3812,0.6060,2
4.1484,1.4022,1.3732,0.7148,2
4.1484,1.4127,1.3700,0.7897,2
4.1484,1.4223,1.3700,0.8244,2
4.1484,1.4425,1.3700,0.8365,2
4.1484,1.4578,1.3675,0.8155,2
4.1484,1.4796,1.3732,0.7712,2
4.1484,1.4981,1.3667,0.7728,2
4.1484,1.5481,1.3555,0.7640,2
4.1484,1.5585,1.3587,0.6810,2
4.1484,1.5569,1.3547,0.5407,2
4.1484,1.5537,1.3538,0.3916,2
4.1484,1.5537,1.3434,0.2619,2
4.1484,1.5569,1.3345,0.2256,2
4.1484,1.5505,1.3369,0.2619,2
4.1484,1.5448,1.3353,0.2547,2
4.1484,1.5311,1.3377,0.2216,2
4.1484,1.5287,1.3321,0.1596,2
4.1484,1.4836,1.3361,0.2643,2
4.1484,1.4788,1.3297,0.5319,2
4.1484,1.4779,1.3160,0.8389,2
4.1484,1.4812,1.3160,1.0815,2
4.1484,1.4796,1.3192,1.2612,2
4.1484,1.4659,1.3273,1.2934,2
4.1484,1.4546,1.3216,1.2394,2
4.1484,1.4409,1.3127,1.2781,2
4.1484,1.4352,1.3031,1.4030,2
4.1484,1.4143,1.3039,1.5255,2
4.1484,1.4062,1.2878,1.4175,2
4.1484,1.3933,1.2829,1.0879,2
4.1484,1.3796,1.2950,0.6737,2
4.1484,1.3587,1.2902,0.3401,2
4.1484,1.3385,1.2805,0.1120,2
4.1484,1.3305,1.2757,0.0000,2
4.1484,1.3192,1.2725,0.0000,2
4.1484,1.3127,1.2749,0.0000,2
4.1484,1.3047,1.2765,0.0000,2
4.1484,1.3055,1.2692,0.0000,2
4.1484,1.2950,1.2700,0.0000,2
4.1484,1.2910,1.2588,0.0000,2
4.1484,1.2934,1.2491,0.0000,2
4.1484,1.3007,1.2459,0.1604,2
4.1484,1.3063,1.2523,0.2909,2
4.1484,1.3071,1.2451,0.4215,2
4.1484,1.3136,1.2451,0.5327,2
4.1484,1.3192,1.2394,0.6616,2
4.1484,1.3200,1.2273,0.6801,2
4.1484,1.3136,1.2241,0.6487,2
4.1484,1.3160,1.2193,0.6318,2
4.1484,1.3152,1.2233,0.6600,2
4.1484,1.3095,1.2177,0.6463,2
4.1484,1.3063,1.2160,0.5722,2
4.1484,1.3007,1.2120,0.4714,2
4.1484,1.3007,1.2104,0.3336,2
4.1484,1.2958,1.2015,0.1515,2
4.1958,1.2902,1.1967,0.0363,2
4.1958,1.2894,1.2023,0.0145,2
4.1958,1.2902,1.1983,0.0000,2
4.1958,1.2894,1.1959,0.0000,2
4.1958,1.2918,1.1919,0.0000,2
4.1958,1.3007,1.1886,0.0000,2
4.1958,1.3023,1.1919,0.0000,2
4.1958,1.3063,1.1870,0.0000,2
4.1958,1.3047,1.1878,0.0000,2
4.1958,1.2426,1.1862,0.0000,2
4.1958,1.2483,1.1886,0.0000,2
4.1958,1.2442,1.1806,0.0000,2
4.1958,1.2515,1.1709,0.0314,2
4.1958,1.2555,1.1749,0.0822,2
4.1958,1.2539,1.1766,0.1523,2
4.1958,1.2475,1.1846,0.2031,2
4.1958,1.2459,1.1782,0.2490,2
4.1958,1.2475,1.1725,0.3240,2
4.1958,1.2459,1.1693,0.3981,2
4.1958,1.3103,1.1645,0.4360,2
4.1958,1.3071,1.1604,0.4545,2
4.1958,1.3119,1.1612,0.5246,2
4.1958,1.3055,1.1701,0.4900,2
4.1958,1.2958,1.1661,0.4529,2
4.1958,1.2926,1.1693,0.4142,2
4.1958,1.2982,1.1677,0.3844,2
4.1958,1.2563,1.1693,0.4545,2
4.1958,1.2491,1.1677,0.5705,2
4.1958,1.2515,1.1612,0.7124,2
4.1958,1.2555,1.1621,0.8421,2
4.1958,1.2483,1.1621,0.9574,2
4.1958,1.2426,1.1596,0.9211,2
4.1958,1.2442,1.1588,0.9106,2
4.1958,1.2467,1.1596,0.9066,2
4.1958,1.2451,1.1604,0.8848,2
4.1958,1.2346,1.1596,0.8695,2
4.1958,1.2725,1.1612,0.7841,2
4.1958,1.2725,1.1629,0.6399,2
4.1958,1.2668,1.1596,0.4650,2
4.1958,1.2571,1.1580,0.3151,2
4.1958,1.2644,1.1556,0.1789,2
4.1958,1.2571,1.1564,0.0741,2
4.1958,1.2507,1.1564,0.0000,2
4.1958,1.2547,1.1564,0.0000,2
4.1958,1.2434,1.1500,0.0000,2
4.1958,1.2491,1.1347,0.1088,2
4.1958,1.2410,1.1250,0.2208,2
4.1958,1.2426,1.1274,0.3264,2
4.1958,1.2467,1.1298,0.4319,2
4.1958,1.2394,1.1314,0.5407,2
4.1958,1.2314,1.1371,0.6632,2
4.1958,1.2330,1.1427,0.8292,2
4.1958,1.2273,1.1355,1.0516,2
4.1958,1.2112,1.1363,1.2193,2
4.1958,1.2120,1.1330,1.2185,2
4.1958,1.1999,1.1411,1.0468,2
4.1958,1.1919,1.1411,0.8582,2
4.1958,1.1814,1.1355,0.6527,2
4.1958,1.1564,1.1363,0.4513,2
4.1958,1.1532,1.1242,0.2442,2
4.1958,1.1427,1.1177,0.0532,2
4.1958,1.1314,1.1121,0.0000,2
4.1958,1.1218,1.1145,0.0000,2
4.1958,1.1169,1.1097,0.0000,2
4.1958,1.1274,1.1089,0.0000,2
4.1958,1.1129,1.1081,0.0000,2
4.1958,1.1105,1.0984,0.0000,2
4.1958,1.1064,1.0936,0.0000,2
4.1958,1.1177,1.0927,0.0000,2
4.1958,1.1089,1.1008,0.0000,2
4.1958,1.1073,1.1056,0.0000,2
4.1958,1.1048,1.1081,0.0000,2
4.1958,1.1048,1.1097,0.0000,2
4.1958,1.1048,1.1000,0.1056,2
4.1958,1.0871,1.0992,0.2361,2
4.1958,1.0871,1.0984,0.3626,2
4.1958,1.0863,1.1105,0.4295,2
4.1958,1.0799,1.1185,0.4481,2
4.1958,1.0726,1.1113,0.4231,2
4.1958,1.0758,1.1161,0.3820,2
4.1958,1.0702,1.1081,0.3256,2
4.1958,1.0694,1.1032,0.2611,2
4.1958,1.0686,1.1016,0.1314,2
4.1958,1.0686,1.1153,0.0000,2
4.1958,1.0718,1.1185,0.0000,2
4.1958,1.0782,1.1258,0.0000,2
4.1958,1.0855,1.1250,0.0000,2
4.1958,1.1048,1.1242,0.0000,2
4.1958,1.1097,1.1435,0.0000,2
4.1958,1.1137,1.1427,0.0000,2
4.1958,1.1274,1.1540,0.0000,2
4.1958,1.1395,1.1604,0.0000,2
4.1958,1.1484,1.1596,0.0000,2
4.1958,1.1580,1.1564,0.0000,2
4.1958,1.1766,1.1588,0.0000,2
4.2354,1.1903,1.1621,0.1185,2
4.2354,1.2023,1.1653,0.2393,2
4.2354,1.1991,1.1790,0.4199,2
4.2354,1.2120,1.1749,0.6390,2
4.2354,1.2257,1.1717,0.8623,2
4.2354,1.2346,1.1733,1.0073,2
4.2354,1.2442,1.1693,1.0138,2
4.2354,1.2579,1.1717,0.8848,2
4.2354,1.2733,1.1838,0.8034,2
4.2354,1.2757,1.1935,0.7954,2
4.2354,1.2878,1.1991,0.8179,2
4.2354,1.2982,1.2072,0.7720,2
4.2354,1.3200,1.2096,0.5544,2
4.2354,1.3337,1.2201,0.2313,2
4.2354,1.3458,1.2297,0.0000,2
4.2354,1.3643,1.2289,0.0000,2
4.2354,1.3716,1.2410,0.0000,2
4.2354,1.3853,1.2467,0.0000,2
4.2354,1.3933,1.2418,0.0000,2
4.2354,1.4135,1.2402,0.0000,2
4.2354,1.4280,1.2467,0.0000,2
4.2354,1.4385,1.2515,0.0000,2
4.2354,1.4473,1.2571,0.0000,2
4.2354,1.4562,1.2539,0.0000,2
4.2354,1.4691,1.2563,0.1660,2
4.2354,1.4804,1.2507,0.2893,2
4.2354,1.4989,1.2491,0.3473,2
4.2354,1.5150,1.2539,0.4045,2
4.2354,1.5327,1.2644,0.4771,2
4.2354,1.5432,1.2708,0.5440,2
4.2354,1.5553,1.2781,0.5311,2
4.2354,1.5650,1.2757,0.5262,2
4.2354,1.5553,1.2596,0.4851,2
4.2354,1.5747,1.2628,0.4134,2
4.2354,1.5948,1.2652,0.2595,2
4.2354,1.6133,1.2773,0.0621,2
4.2354,1.6311,1.2805,0.0000,2
4.2354,1.6351,1.2845,0.0000,2
4.2367,1.6480,1.2870,0.0000,2
4.2367,1.6609,1.2862,0.0000,2
4.2367,1.6705,1.2805,0.0000,2
4.2367,1.6842,1.2837,0.0000,2
4.2367,1.7382,1.2942,0.0000,2
4.2367,1.7463,1.2934,0.0000,2
4.2367,1.7503,1.2958,0.0000,2
4.2367,1.7560,1.3031,0.0000,2
4.2367,1.7624,1.3079,0.0000,2
4.2367,1.7777,1.3127,0.0000,2
4.2367,1.7874,1.3144,0.0000,2
4.2367,1.7963,1.3208,0.0000,2
4.2367,1.8092,1.3232,0.0000,2
4.2367,1.8204,1.3240,0.0000,2
4.2367,1.8116,1.3248,0.0000,2
4.2367,1.8140,1.3232,0.0000,2
4.2367,1.8269,1.3264,0.1926,2
4.2367,1.8398,1.3232,0.3916,2
4.2367,1.8486,1.3353,0.5472,2
4.2367,1.8607,1.3369,0.6519,2
4.2367,1.9099,1.3345,0.7212,2
4.2367,1.9099,1.3273,0.7615,2
4.2367,1.9075,1.3248,0.7632,2
4.2367,1.9067,1.3273,0.6801,2
4.2367,1.9107,1.3321,0.4980,2
4.2367,1.9228,1.3474,0.1733,2
4.2367,1.9228,1.3514,0.0000,2
4.2367,1.9179,1.3547,0.0000,2
4.2367,1.9228,1.3498,0.0000,2
4.2367,1.9236,1.3538,0.0000,2
4.2367,1.8833,1.3611,0.0000,2
4.2367,1.8970,1.3659,0.0000,2
4.2367,1.9139,1.3563,0.0000,2
4.2367,1.9357,1.3651,0.0000,2
4.2367,1.9429,1.3627,0.0000,2
4.2367,1.9470,1.3595,0.0000,2
4.2367,1.9566,1.3611,0.0741,2
4.2367,1.9671,1.3700,0.2949,2
4.2367,1.9655,1.3740,0.4747,2
4.2367,1.9695,1.3732,0.6052,2
4.2367,1.9768,1.3700,0.6818,2
4.2367,1.9768,1.3643,0.7188,2
4.2853,1.9736,1.3764,0.6624,2
4.2853,1.9623,1.3700,0.5375,2
4.2853,1.9679,1.3845,0.3651,2
4.2853,1.9736,1.3869,0.2031,2
4.2853,1.9800,1.3933,0.0862,2
4.2853,1.9929,1.3893,0.0000,2
4.2853,2.0114,1.3869,0.0000,2
4.2853,2.0267,1.3869,0.0000,2
4.2853,2.0348,1.3877,0.0000,2
4.2853,2.0437,1.3998,0.0000,2
4.2853,2.0469,1.4038,0.0000,2
4.2853,2.0590,1.4095,0.0000,2
4.2853,2.0678,1.4135,0.0000,2
4.2853,2.0743,1.4119,0.0000,2
4.2853,2.0807,1.4095,0.0000,2
4.2853,2.0791,1.4086,0.0000,2
4.2853,2.0807,1.4119,0.0000,2
4.2853,2.0856,1.4159,0.0000,2
4.2853,2.0864,1.4248,0.0000,2
4.2853,2.0928,1.4232,0.0000,2
4.2853,2.1114,1.4240,0.0000,2
4.2853,2.1251,1.4272,0.0000,2
4.2853,2.1307,1.4288,0.0000,2
4.2853,2.1549,1.4336,0.0048,2
4.2853,2.1549,1.4328,0.2522,2
4.2853,2.1726,1.4368,0.5069,2
4.2853,2.1839,1.4280,0.6995,2
4.2853,2.1871,1.4248,0.8413,2
4.2853,2.2064,1.4256,0.8985,2
4.2853,2.2201,1.4288,0.8550,2
4.2853,2.2298,1.4344,0.7486,2
4.2853,2.2443,1.4320,0.5601,2
4.2853,2.2524,1.4240,0.3578,2
4.2853,2.2459,1.4256,0.1394,2
4.2853,2.2999,1.4199,0.0000,2
4.2853,2.2943,1.4207,0.0000,2
4.2853,2.2830,1.4344,0.0000,2
4.2853,2.2806,1.4457,0.0000,2
4.2853,2.2758,1.4497,0.0000,2
4.2853,2.2741,1.4570,0.0000,2
4.2853,2.2709,1.4602,0.0000,2
4.2853,2.2532,1.4562,0.0000,2
4.2853,2.2475,1.4586,0.0000,2
4.2853,2.2451,1.4522,0.0000,2
4.2853,2.2089,1.4602,0.0000,2
4.2853,2.2113,1.4578,0.0685,2
4.2853,2.2201,1.4554,0.1209,2
4.2853,2.2330,1.4538,0.1144,2
4.2853,2.2355,1.4497,0.1185,2
4.2853,2.2395,1.4473,0.1515,2
4.2853,2.2355,1.4457,0.1789,2
4.2853,2.2371,1.4514,0.2039,2
4.2853,2.2395,1.4497,0.2192,2
4.2853,2.2379,1.4530,0.1773,2
4.2853,2.2258,1.4538,0.0959,2
4.2853,2.2250,1.4562,0.0000,2
4.2853,2.2258,1.4634,0.0000,2
4.2853,2.2137,1.4667,0.0000,2
4.2853,2.2064,1.4739,0.0000,2
4.2853,2.1952,1.4683,0.0000,2
4.2853,2.1944,1.4683,0.0000,2
4.2853,2.1895,1.4683,0.0000,2
4.2853,2.1782,1.4683,0.0000,2
4.2853,2.1718,1.4747,0.0000,2
4.2853,2.1686,1.4779,0.0000,2
4.2853,2.1613,1.4812,0.0000,2
4.2853,2.1500,1.4852,0.0000,2
4.2853,2.1460,1.4755,0.0000,2
4.2853,2.1436,1.4771,0.0000,2
4.2853,2.1404,1.4796,0.3497,2
4.2853,2.1267,1.4820,0.7511,2
4.2853,2.1283,1.4836,1.0670,2
4.2853,2.0525,1.4965,1.2660,2
4.2853,2.0566,1.4949,1.3684,2
4.2853,2.0606,1.4965,1.4433,2
4.2853,2.0654,1.4989,1.4191,2
4.2853,2.0703,1.4941,1.1774,2
4.2853,2.0719,1.4973,0.8002,2
4.2853,2.0711,1.4900,0.4005,2
4.2853,2.0727,1.4892,0.0000,2
4.2853,2.0856,1.4933,0.0000,2
4.2853,2.0823,1.4892,0.0000,2
4.2853,2.1573,1.4763,0.0000,2
4.2853,2.1476,1.4844,0.0000,2
4.2853,2.1379,1.4788,0.0000,2
4.2853,2.1275,1.4804,0.0000,2
4.2853,2.1186,1.4788,0.0000,2
4.2853,2.1105,1.4812,0.0000,2
4.2853,2.0944,1.4788,0.0000,2
4.2853,2.0791,1.4812,0.0000,2
4.2853,2.0582,1.4755,0.1507,2
4.2853,2.0525,1.4860,0.2329,2
4.2853,2.0396,1.4965,0.3070,2
4.2853,2.0227,1.4876,0.4053,2
4.2853,2.0098,1.4941,0.4344,2
4.2853,2.0058,1.4836,0.3522,2
4.2853,1.9985,1.4836,0.2506,2
4.2853,1.9945,1.4771,0.0000,2
4.2853,1.9945,1.4820,0.0000,2
4.3328,1.9945,1.4812,0.0000,2
4.3328,1.9937,1.4836,0.0000,2
4.3328,1.9840,1.4812,0.0000,2
4.3328,1.9864,1.4779,0.0000,2
4.3328,1.9937,1.4828,0.0000,2
4.3328,1.9937,1.4723,0.0000,2
4.3328,1.9840,1.4828,0.0000,2
4.3328,1.9800,1.4804,0.0000,2
4.3328,1.9744,1.4868,0.0000,2
4.3328,1.9679,1.4900,0.0000,2
4.3328,1.9558,1.4868,0.0000,2
4.3328,1.9494,1.4860,0.0000,2
4.3328,1.9453,1.4836,0.0000,2
4.3328,1.9308,1.4868,0.0000,2
4.3328,1.9188,1.4836,0.0000,2
4.3328,1.9099,1.4908,0.0000,2
4.3328,1.9059,1.4868,0.0000,2
4.3328,1.8897,1.4925,0.0000,2
4.3328,1.8728,1.4997,0.0000,2
4.3328,1.8648,1.5029,0.0000,2
4.3328,1.8583,1.5126,0.0000,2
4.3328,1.8486,1.5166,0.0000,2
4.3328,1.8333,1.5158,0.0000,2
4.3328,1.8261,1.5062,0.0000,2
4.3328,1.8196,1.5021,0.0000,2
4.3328,1.8067,1.5094,0.0000,2
4.3328,1.8027,1.5134,0.0000,2
4.3328,1.7995,1.5142,0.0000,2
4.3328,1.7963,1.5126,0.0000,2
4.3328,1.7906,1.5110,0.0000,2
4.3328,1.7810,1.5086,0.0000,2
4.3328,1.7777,1.5029,0.0000,2
4.3328,1.7785,1.5053,0.0000,2
4.3328,1.7721,1.5094,0.0000,2
4.3328,1.7664,1.5199,0.0000,2
4.3328,1.7721,1.5166,0.0000,2
4.3328,1.7624,1.5150,0.0000,2
4.3328,1.7584,1.5166,0.0403,2
4.3328,1.7584,1.5174,0.1451,2
4.3328,1.7584,1.5239,0.1733,2
4.3328,1.7608,1.5247,0.1579,2
4.3328,1.7552,1.5303,0.1700,2
4.3328,1.7495,1.5287,0.1451,2
4.3328,1.7544,1.5295,0.1136,2
4.3328,1.7471,1.5287,0.0508,2
4.3328,1.7374,1.5311,0.0000,2
4.3328,1.7390,1.5376,0.0000,2
4.3328,1.7382,1.5400,0.0000,2
4.3328,1.7237,1.5400,0.0000,2
4.3328,1.7181,1.5319,0.0000,2
4.3328,1.7189,1.5223,0.0000,2
4.3328,1.7181,1.5231,0.0000,2
4.3328,1.7189,1.5239,0.1297,2
4.3328,1.6996,1.5287,0.2506,2
4.3328,1.7004,1.5311,0.3457,2
4.3328,1.7044,1.5352,0.4215,2
4.3328,1.7004,1.5327,0.4440,2
4.3328,1.6996,1.5223,0.4078,2
4.3328,1.7068,1.5223,0.2692,2
4.3328,1.7020,1.5199,0.0475,2
4.3328,1.6947,1.5311,0.0000,2
4.3328,1.6931,1.5279,0.0000,2
4.3328,1.6851,1.5360,0.0000,2
4.3328,1.7100,1.5376,0.0000,2
4.3328,1.7068,1.5376,0.0000,2
4.3328,1.6963,1.5295,0.0000,2
4.3328,1.6907,1.5287,0.0000,2
4.3328,1.6923,1.5352,0.0000,2
4.3328,1.6867,1.5319,0.0000,2
4.3328,1.6867,1.5336,0.0000,2
4.3328,1.6931,1.5327,0.0000,2
4.3328,1.6947,1.5336,0.0000,2
4.3328,1.6923,1.5319,0.0000,2
4.3328,1.6746,1.5327,0.0000,2
4.3328,1.6754,1.5319,0.0000,2
4.3328,1.6834,1.5327,0.0000,2
4.3328,1.6786,1.5263,0.0000,2
4.3328,1.6754,1.5223,0.0000,2
4.3328,1.6826,1.5182,0.0000,2
4.3328,1.6875,1.5190,0.0000,2
4.3328,1.6851,1.5215,0.0000,2
4.3328,1.6786,1.5231,0.0000,2
4.3328,1.6867,1.5255,0.0000,2
4.3328,1.6915,1.5190,0.0000,2
4.3328,1.6963,1.5158,0.0000,2
4.3328,1.6883,1.5126,0.0000,2
4.3328,1.6931,1.5150,0.0000,2
4.3328,1.6891,1.5134,0.0000,2
4.3328,1.6826,1.5182,0.0000,2
4.3328,1.6818,1.5239,0.0000,2
4.3328,1.6826,1.5247,0.0000,2
4.3328,1.6826,1.5287,0.0000,2
4.3328,1.6778,1.5182,0.0000,2
4.3328,1.6794,1.5166,0.0000,2
4.3328,1.6754,1.5142,0.0000,2
4.3803,1.6770,1.5174,0.0000,2
4.3803,1.6778,1.5182,0.0000,2
4.3803,1.6786,1.5182,0.0000,2
4.3803,1.6826,1.5231,0.0000,2
4.3803,1.6794,1.5199,0.0000,2
4.3803,1.6802,1.5166,0.0000,2
4.3803,1.6883,1.5126,0.0000,2
4.3803,1.6971,1.5134,0.0000,2
4.3803,1.6947,1.5110,0.0000,2
4.3803,1.6979,1.5062,0.0000,2
4.3803,1.7028,1.5078,0.0000,2
4.3803,1.6988,1.5094,0.0000,2
4.3803,1.6947,1.5142,0.0000,2
4.3803,1.6891,1.5150,0.0000,2
4.3803,1.6939,1.5158,0.0000,2
4.3803,1.6923,1.5094,0.0000,2
4.3803,1.6842,1.5045,0.0000,2
4.3803,1.6722,1.5134,0.0000,2
4.3803,1.6681,1.5174,0.0000,2
4.3803,1.6705,1.5215,0.0000,2
4.3803,1.6657,1.5231,0.0000,2
4.3803,1.6697,1.5142,0.0000,2
4.3803,1.6738,1.5182,0.0548,2
4.3803,1.6810,1.5029,0.0798,2
4.3803,1.6794,1.4892,0.0766,2
4.3803,1.6802,1.4876,0.0604,2
4.3803,1.6867,1.4884,0.0266,2
4.3803,1.6875,1.4715,0.0000,2
4.3803,1.6883,1.4675,0.0000,2
4.3803,1.6762,1.4642,0.0000,2
4.3803,1.6746,1.4514,0.0000,2
4.3803,1.6641,1.4570,0.0000,2
4.3803,1.6617,1.4409,0.0000,2
4.3803,1.6528,1.4465,0.0000,2
4.3803,1.6504,1.4457,0.0000,2
4.3803,1.6448,1.4368,0.0000,2
4.3803,1.6391,1.4215,0.0000,2
4.3803,1.6415,1.4312,0.0000,2
4.3803,1.6440,1.4272,0.0000,2
4.3803,1.6496,1.4248,0.0000,2
4.3803,1.6456,1.4320,0.0000,2
4.3803,1.6512,1.4288,0.0000,2
4.3803,1.6520,1.4248,0.0000,2
4.3803,1.6544,1.4183,0.0000,2
4.3803,1.6480,1.4207,0.0000,2
4.3803,1.6472,1.4240,0.0000,2
4.3803,1.6472,1.4272,0.0000,2
4.3803,1.6456,1.4232,0.0000,2
4.3803,1.6399,1.4248,0.1604,2
4.3803,1.6399,1.4191,0.2941,2
4.3803,1.6448,1.4062,0.3788,2
4.3803,1.6448,1.3982,0.3739,2
4.3803,1.6440,1.3990,0.2514,2
4.3803,1.6440,1.3958,0.0677,2
4.3803,1.6504,1.3982,0.0000,2
4.3803,1.6488,1.4006,0.0000,2
4.3803,1.6504,1.4062,0.0000,2
4.3803,1.6536,1.4070,0.0000,2
4.3803,1.6577,1.4038,0.0000,2
4.3803,1.6601,1.4119,0.0000,2
4.3803,1.6568,1.4191,0.0000,2
4.3803,1.6625,1.4183,0.0000,2
4.3803,1.6601,1.4223,0.0000,2
4.3803,1.6625,1.4223,0.0000,2
4.3803,1.6625,1.4215,0.0000,2
4.3803,1.6705,1.4232,0.0000,2
4.3803,1.6657,1.4312,0.0000,2
4.3803,1.6625,1.4336,0.0000,2
4.3803,1.6609,1.4409,0.0000,2
4.3803,1.6601,1.4328,0.0000,2
4.3803,1.6625,1.4248,0.0234,2
4.3803,1.6609,1.4296,0.1289,2
4.3803,1.6625,1.4368,0.2200,2
4.3803,1.6673,1.4473,0.3119,2
4.3803,1.6617,1.4538,0.3651,2
4.3803,1.6601,1.4610,0.3296,2
4.3803,1.6681,1.4578,0.2909,2
4.3803,1.6705,1.4618,0.2651,2
4.3803,1.6714,1.4634,0.1757,2
4.3803,1.6689,1.4691,0.0250,2
4.3803,1.6818,1.4804,0.0000,2
4.3803,1.6786,1.4828,0.0000,2
4.3803,1.6778,1.4836,0.0000,2
4.3803,1.6714,1.4868,0.0000,2
4.3803,1.6738,1.4860,0.0000,2
4.3803,1.6665,1.4836,0.0000,2
4.3803,1.6601,1.4836,0.0000,2
4.3803,1.6536,1.4836,0.0000,2
4.3803,1.6536,1.4820,0.0000,2
4.3803,1.6544,1.4828,0.0000,2
4.3803,1.6440,1.4852,0.0000,2
4.3803,1.6464,1.4941,0.0000,2
4.3803,1.6480,1.4949,0.0000,2
4.3803,1.6399,1.4957,0.0000,2
4.3803,1.6343,1.4965,0.0596,2
4.4283,1.6383,1.4981,0.1982,2
4.4283,1.6367,1.4916,0.2974,2
4.4283,1.6383,1.4908,0.3820,2
4.4283,1.6359,1.4933,0.3981,2
4.4283,1.6319,1.5005,0.3135,2
4.4283,1.6367,1.4997,0.2039,2
4.4283,1.6327,1.5045,0.0749,2
4.4283,1.6286,1.5110,0.0000,2
4.4283,1.6270,1.5118,0.0000,2
4.4283,1.6278,1.5118,0.0000,2
4.4283,1.6246,1.5126,0.0000,2
4.4283,1.6230,1.5239,0.0000,2
4.4283,1.6214,1.5239,0.0000,2
4.4283,1.6214,1.5174,0.0000,2
4.4283,1.6214,1.5199,0.0000,2
4.4283,1.6085,1.5344,0.0000,2
4.4283,1.6069,1.5336,0.0000,2
4.4283,1.6117,1.5279,0.0000,2
4.4283,1.6295,1.5336,0.0000,2
4.4283,1.6286,1.5319,0.0000,2
4.4283,1.6311,1.5327,0.0000,2
4.4283,1.6270,1.5295,0.0000,2
4.4283,1.6278,1.5287,0.0000,2
4.4283,1.6222,1.5408,0.0000,2
4.4283,1.6141,1.5400,0.0000,2
4.4283,1.6141,1.5344,0.0000,2
4.4283,1.6109,1.5344,0.0000,2
4.4283,1.6198,1.5344,0.0000,2
4.4283,1.6117,1.5279,0.0000,2
4.4283,1.6149,1.5279,0.0000,2
4.4283,1.6045,1.5311,0.0000,2
4.4283,1.5988,1.5311,0.0000,2
4.4283,1.5964,1.5392,0.0000,2
4.4283,1.5964,1.5400,0.0000,2
4.4283,1.6037,1.5481,0.0000,2
4.4283,1.6045,1.5489,0.0000,2
4.4283,1.6061,1.5456,0.0000,2
4.4283,1.5900,1.5489,0.0000,2
4.4283,1.5892,1.5481,0.0000,2
4.4283,1.5867,1.5545,0.0000,2
4.4283,1.5948,1.5577,0.0000,2
4.4283,1.5980,1.5642,0.0000,2
4.4283,1.5948,1.5674,0.0000,2
4.4283,1.5964,1.5601,0.0000,2
4.4283,1.5980,1.5601,0.0000,2
4.4283,1.5940,1.5626,0.0000,2
4.4283,1.5948,1.5650,0.0000,2
4.4283,1.5892,1.5610,0.0000,2
4.4283,1.5819,1.5610,0.0000,2
4.4283,1.5755,1.5658,0.0000,2
4.4283,1.5747,1.5626,0.0000,2
4.4283,1.5779,1.5666,0.0000,2
4.4283,1.5795,1.5618,0.0000,2
4.4283,1.5795,1.5747,0.0000,2
4.4283,1.5787,1.5666,0.0000,2
4.4283,1.5859,1.5537,0.0000,2
4.4283,1.5827,1.5585,0.0000,2
4.4283,1.5747,1.5674,0.0000,2
4.4283,1.5706,1.5747,0.0000,2
4.4283,1.5755,1.5884,0.0000,2
4.4283,1.5738,1.5916,0.0000,2
4.4283,1.5738,1.5884,0.0000,2
4.4283,1.5787,1.5908,0.0000,2
4.4283,1.5755,1.5859,0.0000,2
4.4283,1.5690,1.5875,0.0000,2
4.4283,1.5674,1.5932,0.0000,2
4.4283,1.5674,1.5924,0.0000,2
4.4283,1.5835,1.5908,0.0000,2
4.4283,1.5827,1.5908,0.0000,2
4.4283,1.5851,1.5634,0.0000,2
4.4283,1.5859,1.5690,0.0000,2
4.4283,1.5851,1.5682,0.0000,2
4.4283,1.5730,1.5666,0.0000,2
4.4283,1.5747,1.5674,0.0000,2
4.4283,1.5795,1.5698,0.0000,2
4.4283,1.5738,1.5706,0.0000,2
4.4283,1.5698,1.5658,0.0000,2
4.4283,1.5666,1.5674,0.0000,2
4.4283,1.5755,1.5698,0.0000,2
4.4283,1.5714,1.5843,0.0000,2
4.4283,1.5730,1.5859,0.0000,2
4.4283,1.5763,1.5787,0.0000,2
4.4283,1.5867,1.5795,0.0000,2
4.4283,1.5859,1.5714,0.0000,2
4.4283,1.5859,1.5690,0.0000,2
4.4283,1.5940,1.5771,0.0000,2
4.4283,1.5988,1.5875,0.0000,2
4.4283,1.5964,1.5900,0.0000,2
4.4283,1.5900,1.5924,0.0000,2
4.4283,1.5916,1.5924,0.0000,2
4.4283,1.5900,1.5779,0.0000,2
4.4283,1.5884,1.5875,0.0000,2
4.4283,1.5811,1.5900,0.0000,2
4.4283,1.5819,1.5988,0.0000,2
4.4283,1.5819,1.5948,0.0000,2
4.4283,1.5811,1.5875,0.0000,2
4.4758,1.5819,1.5875,0.0000,2
4.4758,1.5843,1.5811,0.0000,2
4.4758,1.5827,1.5811,0.0000,2
4.4758,1.5851,1.5755,0.0000,2
4.4758,1.5835,1.5851,0.0000,2
4.4758,1.5763,1.5851,0.0000,2
4.4758,1.5835,1.5875,0.0000,2
4.4758,1.5771,1.5916,0.0000,2
4.4758,1.5795,1.5972,0.0000,2
4.4758,1.5698,1.6061,0.0000,2
4.4758,1.5690,1.6093,0.0000,2
4.4758,1.5698,1.6230,0.0000,2
4.4758,1.5698,1.6238,0.0000,2
4.4758,1.5642,1.6383,0.0000,2
4.4758,1.5634,1.6464,0.0000,2
4.4758,1.5674,1.6286,0.0000,2
4.4758,1.5593,1.6303,0.0000,2
4.4758,1.5618,1.6367,0.0000,2
4.4758,1.5577,1.6512,0.0000,2
4.4758,1.5593,1.6657,0.0000,2
4.4758,1.5553,1.6681,0.0000,2
4.4758,1.5513,1.6601,0.0000,2
4.4758,1.5529,1.6560,0.0000,2
4.4758,1.5561,1.6464,0.0000,2
4.4758,1.5529,1.6472,0.0000,2
4.4758,1.5448,1.6746,0.0000,2
4.4758,1.5481,1.6786,0.0000,2
4.4758,1.5464,1.6689,0.0000,2
4.4758,1.5432,1.6730,0.0000,2
4.4758,1.5400,1.6641,0.0000,2
4.4758,1.5448,1.6665,0.0000,2
4.4758,1.5440,1.6770,0.0000,2
4.4758,1.5392,1.6891,0.0000,2
4.4758,1.5416,1.6915,0.0000,2
4.4758,1.5440,1.6859,0.0000,2
4.4758,1.5448,1.6907,0.0000,2
4.4758,1.5424,1.6907,0.0000,2
4.4758,1.5392,1.7084,0.0000,2
4.4758,1.5585,1.7068,0.0000,2
4.4758,1.5585,1.7092,0.0000,2
4.4758,1.5505,1.7092,0.0000,2
4.4758,1.5481,1.6971,0.0000,2
4.4758,1.5481,1.6955,0.0000,2
4.4758,1.5408,1.6979,0.0000,2
4.4758,1.5432,1.6996,0.0000,2
4.4758,1.5577,1.6963,0.0000,2
4.4758,1.5642,1.7044,0.0000,2
4.4758,1.5682,1.7060,0.0000,2
4.4758,1.5521,1.6939,0.0000,2
4.4758,1.5529,1.6875,0.0000,2
4.4758,1.5513,1.6915,0.0000,2
4.4758,1.5545,1.7020,0.0000,2
4.4758,1.6158,1.7028,0.0000,2
4.4758,1.6109,1.7100,0.0000,2
4.4758,1.6021,1.7229,0.0000,2
4.4758,1.5827,1.7237,0.0000,2
4.4758,1.5771,1.7205,0.0000,2
4.4758,1.5747,1.6770,0.0000,2
4.4758,1.5666,1.6988,0.0000,2
4.4758,1.5674,1.7084,0.0000,2
4.4758,1.5795,1.7084,0.0000,2
4.4758,1.5819,1.6996,0.0000,2
4.4758,1.5279,1.6931,0.0000,2
4.4758,1.5440,1.6915,0.0000,2
4.4758,1.5440,1.6891,0.0000,2
4.4758,1.5448,1.6996,0.0000,2
4.4758,1.5497,1.6996,0.0000,2
4.4758,1.5473,1.7390,0.0000,2
4.4758,1.5980,1.7229,0.0000,2
4.4758,1.5972,1.7028,0.0000,2
4.4758,1.5892,1.6988,0.0000,2
4.4758,1.5859,1.7108,0.0000,2
4.4758,1.5779,1.7213,0.0000,2
4.4758,1.5682,1.7262,0.0000,2
4.4758,1.5795,1.7197,0.0000,2
4.4758,1.5851,1.6641,0.0000,2
4.4758,1.5811,1.6633,0.0000,2
4.4758,1.5585,1.6657,0.0000,2
4.4758,1.5199,1.6730,0.0000,2
4.4758,1.5182,1.6939,0.0000,2
4.4758,1.5190,1.7012,0.0000,2
4.4758,1.5182,1.6971,0.0000,2
4.4758,1.5295,1.7004,0.0000,2
4.4758,1.5247,1.6988,0.0000,2
4.4758,1.4804,1.7076,0.0000,2
4.4758,1.4836,1.7584,0.0000,2
4.4758,1.4868,1.7568,0.0000,2
4.4758,1.5215,1.7519,0.0000,2
4.4758,1.5134,1.7471,0.0000,2
4.4758,1.5223,1.7479,0.0000,2
4.4758,1.5239,1.7399,0.0000,2
4.4758,1.5263,1.7463,0.0000,2
4.4758,1.5199,1.7487,0.0000,2
4.4758,1.5271,1.7519,0.0000,2
4.4758,1.5642,1.7455,0.0000,2
4.5233,1.5577,1.7310,0.0000,2
4.5233,1.5529,1.7318,0.0000,2
4.5233,1.5497,1.7302,0.0000,2
4.5233,1.5513,1.7350,0.0000,2
4.5233,1.5448,1.7334,0.0000,2
4.5233,1.5738,1.7439,0.0000,2
4.5233,1.5666,1.7479,0.0000,2
4.5233,1.5561,1.7415,0.0000,2
4.5233,1.5464,1.7382,0.0000,2
4.5233,1.5473,1.7407,0.0000,2
4.5233,1.5513,1.7785,0.0000,2
4.5233,1.5513,1.7850,0.0000,2
4.5233,1.5432,1.7963,0.0000,2
4.5233,1.5416,1.8035,0.0000,2
4.5233,1.5400,1.8148,0.0000,2
4.5233,1.5102,1.8188,0.0000,2
4.5233,1.5174,1.8180,0.0000,2
4.5233,1.5319,1.8269,0.0000,2
4.5233,1.5424,1.8293,0.0000,2
4.5233,1.5464,1.8366,0.0000,2
4.5233,1.5521,1.8204,0.0000,2
4.5233,1.5585,1.8156,0.0000,2
4.5233,1.5682,1.8156,0.0000,2
4.5233,1.5795,1.8196,0.0000,2
4.5233,1.5843,1.8204,0.0000,2
4.5233,1.5908,1.8245,0.0000,2
4.5233,1.5956,1.8253,0.0000,2
4.5233,1.5875,1.8261,0.0000,2
4.5233,1.5843,1.8253,0.0000,2
4.5233,1.5811,1.8277,0.0000,2
4.5233,1.5722,1.8245,0.0000,2
4.5233,1.5706,1.8285,0.0000,2
4.5233,1.5610,1.8245,0.0000,2
4.5233,1.5537,1.8212,0.0000,2
4.5233,1.5521,1.8132,0.0000,2
4.5233,1.5440,1.7930,0.0000,2
4.5233,1.5360,1.7898,0.0000,2
4.5233,1.5424,1.7858,0.0000,2
4.5233,1.5489,1.7890,0.0000,2
4.5233,1.5489,1.7850,0.0000,2
4.5233,1.5521,1.7866,0.0000,2
4.5233,1.5505,1.7963,0.0000,2
4.5233,1.5521,1.8035,0.0000,2
4.5233,1.5473,1.8100,0.0000,2
4.5233,1.5481,1.8132,0.0000,2
4.5233,1.5513,1.8277,0.0000,2
4.5233,1.5521,1.8309,0.0000,2
4.5233,1.5432,1.8317,0.0000,2
4.5233,1.5376,1.8301,0.0000,2
4.5233,1.5376,1.8317,0.0000,2
4.5233,1.5368,1.8422,0.0596,2
4.5233,1.5400,1.8382,0.2111,2
4.5233,1.5400,1.8285,0.3481,2
4.5233,1.5497,1.8229,0.4255,2
4.5233,1.5473,1.8148,0.3651,2
4.5233,1.5432,1.8108,0.2418,2
4.5233,1.5440,1.8059,0.0854,2
4.5233,1.5537,1.8035,0.0000,2
4.5233,1.5569,1.8059,0.0000,2
4.5233,1.5561,1.8108,0.0000,2
4.5233,1.5601,1.8035,0.0000,2
4.5233,1.5577,1.7971,0.0000,2
4.5233,1.5593,1.8003,0.0000,2
4.5233,1.5545,1.7955,0.0000,2
4.5233,1.5569,1.8075,0.0000,2
4.5233,1.5610,1.8100,0.0000,2
4.5233,1.5650,1.8172,0.0000,2
4.5233,1.5593,1.8212,0.0000,2
4.5233,1.5529,1.8237,0.0000,2
4.5233,1.5529,1.8196,0.0000,2
4.5233,1.5392,1.8164,0.0000,2
4.5233,1.5416,1.8212,0.0000,2
4.5233,1.5432,1.8164,0.0000,2
4.5233,1.5505,1.8237,0.0000,2
4.5233,1.5513,1.8164,0.0000,2
4.5233,1.5497,1.8188,0.0000,2
4.5233,1.5553,1.8212,0.0000,2
4.5233,1.5593,1.8196,0.0000,2
4.5233,1.5650,1.8245,0.0000,2
4.5233,1.5666,1.8221,0.0000,2
4.5233,1.5827,1.7858,0.0000,2
4.5233,1.5835,1.7866,0.0000,2
4.5233,1.5803,1.7858,0.0000,2
4.5233,1.5747,1.7898,0.0000,2
4.5233,1.5908,1.7987,0.0000,2
4.5233,1.5892,1.8019,0.0000,2
4.5233,1.5787,1.8035,0.0000,2
4.5233,1.5738,1.8084,0.0000,2
4.5233,1.5755,1.8043,0.0000,2
4.5233,1.5714,1.7971,0.0500,2
4.5233,1.5682,1.8317,0.2571,2
4.5233,1.5714,1.8261,0.4158,2
4.5233,1.5779,1.8309,0.4473,2
4.5233,1.5787,1.8269,0.3618,2
4.5233,1.5642,1.8237,0.2087,2
4.5713,1.5690,1.8196,0.0000,2
4.5713,1.5730,1.8092,0.0000,2
4.5713,1.5730,1.8059,0.0000,2
4.5713,1.5714,1.7987,0.0000,2
4.5713,1.5738,1.8051,0.0000,2
4.5713,1.5577,1.8051,0.0000,2
4.5713,1.5545,1.8043,0.0000,2
4.5713,1.5545,1.8003,0.0000,2
4.5713,1.5593,1.7898,0.0000,2
4.5713,1.5618,1.7866,0.0000,2
4.5713,1.5577,1.7858,0.0000,2
4.5713,1.5650,1.7842,0.0000,2
4.5713,1.5698,1.7793,0.0000,2
4.5713,1.5771,1.7810,0.0000,2
4.5713,1.5779,1.7769,0.0000,2
4.5713,1.5964,1.7487,0.0000,2
4.5713,1.5908,1.7536,0.0000,2
4.5713,1.5892,1.7608,0.0000,2
4.5713,1.5811,1.7721,0.0000,2
4.5713,1.5706,1.7761,0.0000,2
4.5713,1.5698,1.7713,0.0000,2
4.5713,1.5618,1.7689,0.0000,2
4.5713,1.5561,1.7608,0.0000,2
4.5713,1.5456,1.7616,0.0000,2
4.5713,1.5489,1.7608,0.0000,2
4.5713,1.5424,1.7858,0.0532,2
4.5713,1.5464,1.7874,0.1725,2
4.5713,1.5400,1.7810,0.1910,2
4.5713,1.5416,1.7697,0.1015,2
4.5713,1.5432,1.7600,0.0064,2
4.5713,1.5561,1.7536,0.0000,2
4.5713,1.5553,1.7503,0.0000,2
4.5713,1.5553,1.7552,0.0000,2
4.5713,1.5610,1.7479,0.0000,2
4.5713,1.5521,1.7479,0.0000,2
4.5713,1.5577,1.7495,0.0000,2
4.5713,1.5601,1.7407,0.0000,2
4.5713,1.5618,1.7399,0.0000,2
4.5713,1.5601,1.7358,0.0000,2
4.5713,1.5634,1.7310,0.0000,2
4.5713,1.5722,1.7294,0.0000,2
4.5713,1.5714,1.7221,0.0000,2
4.5713,1.5698,1.7205,0.0000,2
4.5713,1.5658,1.7165,0.0000,2
4.5713,1.5714,1.7221,0.0000,2
4.5713,1.5674,1.7221,0.0532,2
4.5713,1.5626,1.7221,0.0000,2
4.5713,1.5634,1.7181,0.0000,2
4.5713,1.5650,1.7149,0.0000,2
4.5713,1.5618,1.7157,0.0000,2
4.5713,1.5376,1.7213,0.0000,2
4.5713,1.5424,1.7350,0.0000,2
4.5713,1.5448,1.7423,0.0000,2
4.5713,1.5448,1.7503,0.0000,2
4.5713,1.5408,1.7544,0.0000,2
4.5713,1.5456,1.7447,0.0000,2
4.5713,1.5432,1.7431,0.0000,2
4.5713,1.5456,1.7447,0.0000,2
4.5713,1.5489,1.7487,0.0000,2
4.5713,1.5585,1.7423,0.0000,2
4.5713,1.5674,1.7407,0.0000,2
4.5713,1.5585,1.7423,0.0000,2
4.5713,1.5577,1.7350,0.0000,2
4.5713,1.5626,1.7366,0.0000,2
4.5713,1.5642,1.7310,0.0000,2
4.5713,1.5618,1.7334,0.0000,2
4.5713,1.5698,1.7382,0.0000,2
4.5713,1.5714,1.7294,0.0000,2
4.5713,1.5698,1.7286,0.0000,2
4.5713,1.5561,1.7318,0.0000,2
4.5713,1.5513,1.7463,0.0000,2
4.5713,1.5601,1.7447,0.0000,2
4.5713,1.5610,1.7463,0.0000,2
4.5713,1.5569,1.7390,0.0000,2
4.5713,1.5569,1.7350,0.0000,2
4.5713,1.5585,1.7326,0.0000,2
4.5713,1.5537,1.7133,0.0000,2
4.5713,1.5513,1.7181,0.0000,2
4.5713,1.5537,1.7189,0.0000,2
4.5713,1.5626,1.7262,0.0000,2
4.5713,1.5690,1.7149,0.0000,2
4.5713,1.5690,1.7125,0.0000,2
4.5713,1.5738,1.7084,0.0000,2
4.5713,1.5738,1.7028,0.0000,2
4.5713,1.5747,1.7020,0.0000,2
4.5713,1.5674,1.6955,0.0000,2
4.5713,1.5738,1.7044,0.0000,2
4.5713,1.5730,1.7060,0.0000,2
4.5713,1.5706,1.7028,0.0000,2
4.5713,1.5787,1.6996,0.0000,2
4.5713,1.5763,1.6923,0.0000,2
4.5713,1.5747,1.6810,0.0169,2
4.5713,1.5618,1.6770,0.0693,2
4.5713,1.5642,1.6705,0.1241,2
4.5713,1.5738,1.6633,0.1676,2
4.5713,1.5827,1.6705,0.1410,2
4.6188,1.5771,1.6681,0.0661,2
4.6188,1.5819,1.6762,0.0000,2
4.6188,1.5835,1.6794,0.0000,2
4.6188,1.5755,1.6689,0.0000,2
4.6188,1.5706,1.6633,0.0000,2
4.6188,1.5730,1.6593,0.0000,2
4.6188,1.5875,1.6480,0.0000,2
4.6188,1.5900,1.6496,0.0000,2
4.6188,1.5803,1.6303,0.0000,2
4.6188,1.5755,1.6278,0.0000,2
4.6188,1.5771,1.6270,0.0000,2
4.6188,1.5505,1.6206,0.0000,2
4.6188,1.5497,1.6117,0.0000,2
4.6188,1.5513,1.6246,0.0000,2
4.6188,1.5545,1.6214,0.0000,2
4.6188,1.5489,1.6174,0.0000,2
4.6188,1.5416,1.6238,0.0000,2
4.6188,1.5424,1.6286,0.0000,2
4.6188,1.5424,1.6464,0.0000,2
4.6188,1.5400,1.6399,0.0000,2
4.6188,1.5336,1.6343,0.0000,2
4.6188,1.5537,1.6295,0.0000,2
4.6188,1.5456,1.6246,0.0338,2
4.6188,1.5384,1.6101,0.0242,2
4.6188,1.5360,1.6085,0.0000,2
4.6188,1.5352,1.6037,0.0000,2
4.6188,1.5336,1.6093,0.0000,2
4.6188,1.5239,1.5972,0.0000,2
4.6188,1.5247,1.5980,0.0000,2
4.6188,1.5247,1.6069,0.0000,2
4.6188,1.5311,1.6158,0.0000,2
4.6188,1.5255,1.6053,0.0000,2
4.6188,1.5295,1.6045,0.0000,2
4.6188,1.5255,1.6061,0.0000,2
4.6188,1.5207,1.6085,0.0000,2
4.6188,1.5110,1.6141,0.0000,2
4.6188,1.5045,1.6085,0.0000,2
4.6188,1.5053,1.6246,0.0000,2
4.6188,1.5070,1.6238,0.0000,2
4.6188,1.5021,1.6327,0.0000,2
4.6188,1.4989,1.6230,0.0000,2
4.6188,1.4586,1.6246,0.0000,2
4.6188,1.4594,1.6254,0.0000,2
4.6188,1.4642,1.6246,0.0000,2
4.6188,1.4707,1.6238,0.0113,2
4.6188,1.4836,1.6149,0.0097,2
4.6188,1.4828,1.6214,0.0000,2
4.6188,1.4771,1.6174,0.0000,2
4.6188,1.4731,1.6174,0.0000,2
4.6188,1.4739,1.6061,0.0000,2
4.6188,1.4667,1.6117,0.0000,2
4.6188,1.5110,1.6174,0.0000,2
4.6188,1.5118,1.6141,0.0000,2
4.6188,1.5078,1.6085,0.0000,2
4.6188,1.4997,1.6045,0.0000,2
4.6188,1.4916,1.6174,0.0000,2
4.6188,1.4981,1.6198,0.0000,2
4.6188,1.4973,1.6222,0.0000,2
4.6188,1.4925,1.6254,0.0000,2
4.6188,1.4900,1.6117,0.0000,2
4.6188,1.4973,1.6012,0.0000,2
4.6188,1.4916,1.6061,0.0000,2
4.6188,1.4828,1.6093,0.0000,2
4.6188,1.4820,1.6069,0.0000,2
4.6188,1.4868,1.6109,0.0000,2
4.6188,1.4868,1.6069,0.0000,2
4.6188,1.4836,1.6053,0.0000,2
4.6188,1.4925,1.5940,0.0000,2
4.6188,1.4747,1.5851,0.0000,2
4.6188,1.4779,1.5932,0.0000,2
4.6188,1.4779,1.6004,0.0000,2
4.6188,1.4916,1.5932,0.0000,2
4.6188,1.5005,1.5980,0.0000,2
4.6188,1.5045,1.6093,0.0000,2
4.6188,1.5029,1.6101,0.0000,2
4.6188,1.5094,1.6166,0.0000,2
4.6188,1.5142,1.6125,0.0000,2
4.6188,1.5150,1.6230,0.0000,2
4.6188,1.5376,1.6206,0.1692,2
4.6188,1.5424,1.6222,0.3401,2
4.6188,1.5440,1.6230,0.3981,2
4.6188,1.5368,1.6182,0.3755,2
4.6188,1.5360,1.6166,0.3111,2
4.6188,1.5384,1.6158,0.2369,2
4.6188,1.5456,1.6286,0.0645,2
4.6188,1.5440,1.6262,0.0000,2
4.6188,1.5440,1.6222,0.0000,2
4.6188,1.5448,1.6222,0.0000,2
4.6188,1.5464,1.6190,0.0000,2
4.6188,1.5408,1.6182,0.0000,2
4.6188,1.5392,1.6133,0.0000,2
4.6188,1.5408,1.6238,0.0000,2
4.6188,1.5400,1.6230,0.0000,2
4.6188,1.5408,1.6158,0.0000,2
4.6188,1.5360,1.5980,0.0000,2
4.6663,1.5440,1.5916,0.0000,2
4.6663,1.5448,1.5940,0.0000,2
4.6663,1.5392,1.5892,0.0000,2
4.6663,1.5521,1.6004,0.0000,2
4.6663,1.5553,1.6085,0.0000,2
4.6663,1.5577,1.6206,0.0000,2
4.6663,1.5577,1.6206,0.0000,2
4.6663,1.5601,1.6182,0.0000,2
4.6663,1.5650,1.6295,0.0000,2
4.6663,1.5658,1.6303,0.0000,2
4.6663,1.5577,1.6327,0.0000,2
4.6663,1.5561,1.6246,0.0000,2
4.6663,1.5618,1.6190,0.0000,2
4.6663,1.5521,1.6158,0.0000,2
4.6663,1.5489,1.6149,0.0000,2
4.6663,1.5569,1.6101,0.0000,2
4.6663,1.5585,1.6262,0.0000,2
4.6663,1.5593,1.6270,0.0000,2
4.6663,1.5553,1.6214,0.0000,2
4.6663,1.5577,1.6222,0.0000,2
4.6663,1.5610,1.6238,0.0000,2
4.6663,1.5585,1.6311,0.0000,2
4.6663,1.5577,1.6359,0.0000,2
4.6663,1.5618,1.6689,0.0000,2
4.6663,1.5682,1.6689,0.0000,2
4.6663,1.5626,1.6770,0.0000,2
4.6663,1.5569,1.6488,0.0000,2
4.6663,1.5577,1.6488,0.0000,2
4.6663,1.5569,1.6544,0.0000,2
4.6663,1.5537,1.6536,0.0000,2
4.6663,1.5481,1.6568,0.0000,2
4.6663,1.5545,1.6601,0.0000,2
4.6663,1.5537,1.6609,0.0000,2
4.6663,1.5464,1.6286,0.0000,2
4.6663,1.5416,1.6311,0.0000,2
4.6663,1.5424,1.6262,0.0000,2
4.6663,1.5408,1.6399,0.0234,2
4.6663,1.5336,1.6423,0.0395,2
4.6663,1.5319,1.6415,0.0419,2
4.6663,1.5327,1.6432,0.0258,2
4.6663,1.5360,1.6351,0.0145,2
4.6663,1.5360,1.6359,0.0097,2
4.6663,1.5327,1.6399,0.0000,2
4.6663,1.5368,1.6432,0.0000,2
4.6663,1.5392,1.6448,0.0000,2
4.6663,1.5376,1.6383,0.0000,2
4.6663,1.5416,1.6319,0.0000,2
4.6663,1.5473,1.6520,0.0000,2
4.6663,1.5456,1.6544,0.0000,2
4.6663,1.5529,1.6585,0.0000,2
4.6663,1.5521,1.6714,0.0000,2
4.6663,1.5505,1.6778,0.0000,2
4.6663,1.5553,1.6762,0.0000,2
4.6663,1.5561,1.6746,0.0000,2
4.6663,1.5537,1.6560,0.0000,2
4.6663,1.5529,1.6633,0.0000,2
4.6663,1.5513,1.6649,0.0000,2
4.6663,1.5440,1.6496,0.0000,2
4.6663,1.5505,1.6399,0.0000,2
4.6663,1.5247,1.6359,0.0000,2
4.6663,1.5094,1.6367,0.0000,2
4.6663,1.5029,1.6222,0.0000,2
4.6663,1.5029,1.6246,0.0000,2
4.6663,1.5013,1.6214,0.0000,2
4.6663,1.4989,1.6270,0.0000,2
4.6663,1.5021,1.6222,0.0000,2
4.6663,1.5053,1.6101,0.0000,2
4.6663,1.5118,1.6085,0.0000,2
4.6663,1.5005,1.6141,0.0000,2
4.6663,1.5207,1.6270,0.0000,2
4.6663,1.5392,1.6311,0.0000,2
4.6663,1.5440,1.6472,0.0000,2
4.6663,1.5408,1.6440,0.0000,2
4.6663,1.5400,1.6480,0.0000,2
4.6663,1.5432,1.6609,0.0000,2
4.6663,1.5408,1.6601,0.0000,2
4.6663,1.5400,1.6746,0.0000,2
4.6663,1.5352,1.6705,0.0000,2
4.6663,1.5432,1.6754,0.0000,2
4.6663,1.5400,1.6714,0.0000,2
4.6663,1.5327,1.6601,0.0000,2
4.6663,1.5327,1.6544,0.0000,2
4.6663,1.5327,1.6464,0.0000,2
4.6663,1.5344,1.6391,0.0000,2
4.6663,1.5263,1.6343,0.0000,2
4.6663,1.5239,1.6375,0.0000,2
4.6663,1.5231,1.6391,0.0000,2
4.6663,1.5279,1.6399,0.0000,2
4.6663,1.5287,1.6383,0.0000,2
4.6663,1.5311,1.6407,0.0000,2
4.6663,1.5360,1.6464,0.0000,2
4.6663,1.5392,1.6456,0.0000,2
4.6663,1.5440,1.6577,0.0000,2
4.6663,1.5432,1.6601,0.0000,2
4.6663,1.5521,1.6464,0.0000,2
4.7139,1.5505,1.6464,0.0524,3
4.7139,1.5473,1.6504,0.0717,3
4.7139,1.5416,1.6633,0.0943,3
4.7139,1.5432,1.6641,0.1168,3
4.7139,1.5473,1.6625,0.1225,3
4.7139,1.5513,1.6633,0.0282,3
4.7139,1.5545,1.6568,0.0000,3
4.7139,1.5577,1.6464,0.0000,3
4.7139,1.5932,1.6480,0.0000,3
4.7139,1.5940,1.6641,0.0000,3
4.7139,1.6037,1.6746,0.0000,3
4.7139,1.6085,1.6730,0.0000,3
4.7139,1.6149,1.6689,0.0000,3
4.7139,1.6149,1.6665,0.0000,3
4.7139,1.6117,1.6673,0.0000,3
4.7139,1.6133,1.6601,0.0000,3
4.7139,1.6158,1.6689,0.0000,3
4.7139,1.6166,1.6730,0.0000,3
4.7139,1.5867,1.6730,0.0000,3
4.7139,1.5892,1.6730,0.0000,3
4.7139,1.5916,1.6617,0.0000,3
4.7139,1.6021,1.6641,0.0000,3
4.7139,1.6101,1.6560,0.0000,3
4.7139,1.6158,1.6593,0.0000,3
4.7139,1.6214,1.6609,0.0000,3
4.7139,1.6359,1.6577,0.0000,3
4.7139,1.6383,1.6577,0.0000,3
4.7139,1.6383,1.6722,0.0000,3
4.7139,1.6383,1.6810,0.0000,3
4.7139,1.6415,1.6786,0.0000,3
4.7139,1.6359,1.6859,0.0000,3
4.7139,1.6343,1.6834,0.0000,3
4.7139,1.6423,1.6802,0.0000,3
4.7139,1.6464,1.6730,0.0000,3
4.7139,1.6456,1.6609,0.0000,3
4.7139,1.6399,1.6689,0.0000,3
4.7139,1.6415,1.6689,0.0000,3
4.7139,1.6230,1.6641,0.0000,3
4.7139,1.6295,1.6730,0.0000,3
4.7139,1.6311,1.6625,0.0000,3
4.7139,1.6423,1.6601,0.0008,3
4.7139,1.6440,1.6504,0.0387,3
4.7139,1.6359,1.6633,0.0830,3
4.7139,1.6343,1.6673,0.1152,3
4.7139,1.6464,1.6770,0.1168,3
4.7139,1.6319,1.6762,0.0935,3
4.7139,1.6319,1.6689,0.0782,3
4.7139,1.6480,1.6609,0.0878,3
4.7139,1.6456,1.6504,0.0822,3
4.7139,1.6464,1.6528,0.0347,3
4.7139,1.6407,1.6504,0.0000,3
4.7139,1.6399,1.6568,0.0000,3
4.7139,1.6456,1.6464,0.0000,3
4.7139,1.6464,1.6423,0.0000,3
4.7139,1.6319,1.6448,0.0000,3
4.7139,1.6335,1.6472,0.0000,3
4.7139,1.6278,1.6488,0.0000,3
4.7139,1.6278,1.6536,0.0000,3
4.7150,1.6230,1.6512,0.0000,3
4.7150,1.6230,1.6536,0.0000,3
4.7150,1.6214,1.6472,0.0000,3
4.7150,1.6190,1.6423,0.0000,3
4.7150,1.6109,1.6391,0.0000,3
4.7150,1.6077,1.6383,0.0000,3
4.7150,1.6109,1.6319,0.0000,3
4.7150,1.6182,1.6367,0.0000,3
4.7150,1.6214,1.6722,0.0725,3
4.7150,1.6190,1.6609,0.1451,3
4.7150,1.6158,1.6633,0.1225,3
4.7150,1.6101,1.6593,0.0999,3
4.7150,1.6069,1.6568,0.0959,3
4.7150,1.6021,1.6536,0.0806,3
4.7150,1.6037,1.6496,0.0637,3
4.7150,1.6053,1.6560,0.0749,3
4.7150,1.6004,1.6601,0.1233,3
4.7150,1.5980,1.6528,0.1829,3
4.7150,1.5948,1.6158,0.1910,3
4.7150,1.5980,1.6206,0.1942,3
4.7150,1.5988,1.6222,0.2482,3
4.7150,1.5988,1.6166,0.2571,3
4.7150,1.6045,1.6230,0.1926,3
4.7150,1.6109,1.6206,0.1160,3
4.7150,1.6109,1.6278,0.0242,3
4.7150,1.6093,1.6238,0.0000,3
4.7150,1.6109,1.6319,0.0000,3
4.7150,1.6069,1.6351,0.0000,3
4.7150,1.6053,1.6327,0.0000,3
4.7150,1.6061,1.6343,0.0000,3
4.7150,1.6053,1.6214,0.0000,3
4.7150,1.6045,1.6214,0.0000,3
4.7150,1.5964,1.6198,0.0000,3
4.7150,1.5908,1.6270,0.0000,3
4.7150,1.5884,1.6335,0.0000,3
4.7150,1.5827,1.6407,0.0000,3
4.7150,1.5795,1.6295,0.0000,3
4.7522,1.5827,1.6270,0.0000,3
4.7522,1.5835,1.6262,0.1096,3
4.7522,1.5867,1.6206,0.1886,3
4.7522,1.5908,1.6246,0.2273,3
4.7522,1.5916,1.6278,0.2345,3
4.7522,1.5972,1.6238,0.2055,3
4.7522,1.5996,1.6222,0.1797,3
4.7522,1.5948,1.6254,0.1684,3
4.7522,1.5996,1.6222,0.1378,3
4.7522,1.5980,1.6182,0.0741,3
4.7522,1.5972,1.6222,0.0572,3
4.7522,1.5964,1.6222,0.0258,3
4.7522,1.5908,1.6206,0.0000,3
4.7522,1.5859,1.6222,0.0000,3
4.7522,1.5859,1.6286,0.0000,3
4.7522,1.5835,1.6351,0.0000,3
4.7522,1.5795,1.6375,0.0000,3
4.7522,1.5867,1.6246,0.0000,3
4.7522,1.5867,1.6238,0.0000,3
4.7522,1.5884,1.6230,0.0000,3
4.7522,1.5892,1.6182,0.0000,3
4.7522,1.5980,1.6133,0.0000,3
4.7522,1.6021,1.6190,0.0000,3
4.7522,1.6021,1.6190,0.0000,3
4.7522,1.6069,1.6222,0.0000,3
4.7522,1.6045,1.6295,0.0000,3
4.7522,1.6133,1.6254,0.0000,3
4.7522,1.5481,1.6238,0.0000,3
4.7522,1.5561,1.6158,0.0137,3
4.7522,1.5642,1.6206,0.0774,3
4.7522,1.5682,1.6222,0.1555,3
4.7522,1.5642,1.6311,0.2418,3
4.7522,1.5650,1.6375,0.3352,3
4.7522,1.5666,1.6391,0.3981,3
4.7522,1.5650,1.6399,0.4392,3
4.7522,1.5722,1.6343,0.4029,3
4.7522,1.5658,1.6448,0.2901,3
4.7522,1.6278,1.6536,0.1588,3
4.7522,1.6190,1.6512,0.0000,3
4.7522,1.6174,1.6432,0.0000,3
4.7522,1.6133,1.6375,0.0000,3
4.7522,1.6125,1.6359,0.0000,3
4.7522,1.6093,1.6311,0.0000,3
4.7522,1.6101,1.6319,0.0000,3
4.7522,1.6045,1.6303,0.0000,3
4.7522,1.5996,1.6391,0.0000,3
4.7522,1.6012,1.6343,0.0000,3
4.7522,1.6029,1.6262,0.0000,3
4.7522,1.6045,1.6303,0.0870,3
4.7522,1.6021,1.6335,0.1152,3
4.7522,1.6021,1.6464,0.1773,3
4.7522,1.6029,1.6359,0.1862,3
4.7522,1.6037,1.6464,0.2015,3
4.7522,1.6061,1.6520,0.2152,3
4.7522,1.6077,1.6432,0.1636,3
4.7522,1.6093,1.6327,0.0637,3
4.7522,1.6101,1.6351,0.0000,3
4.7522,1.6125,1.6367,0.0000,3
4.7522,1.6125,1.6359,0.0089,3
4.7522,1.6174,1.6359,0.0854,3
4.7522,1.6238,1.6295,0.1144,3
4.7522,1.6206,1.6367,0.1168,3
4.7522,1.6198,1.6367,0.0798,3
4.7522,1.6230,1.6311,0.0105,3
4.7522,1.6270,1.6432,0.0000,3
4.7522,1.6270,1.6504,0.0000,3
4.7522,1.6295,1.6375,0.0000,3
4.7522,1.6303,1.6391,0.0000,3
4.7522,1.6254,1.6359,0.0000,3
4.7522,1.6198,1.6464,0.0000,3
4.7522,1.6174,1.6520,0.0000,3
4.7522,1.6214,1.6617,0.0000,3
4.7522,1.6254,1.6544,0.0000,3
4.7522,1.6214,1.6472,0.0000,3
4.7522,1.6222,1.6383,0.0000,3
4.7522,1.6238,1.6262,0.0000,3
4.7522,1.6254,1.6311,0.0024,3
4.8008,1.6182,1.6423,0.1177,3
4.8008,1.6230,1.6456,0.1749,3
4.8008,1.6278,1.6448,0.1668,3
4.8008,1.6206,1.6383,0.1370,3
4.8008,1.6206,1.6448,0.0903,3
4.8008,1.5795,1.6399,0.0355,3
4.8008,1.5900,1.6512,0.0008,3
4.8008,1.5875,1.6504,0.0024,3
4.8008,1.5827,1.6617,0.0000,3
4.8008,1.5771,1.6601,0.0000,3
4.8008,1.5843,1.6391,0.0000,3
4.8008,1.5819,1.6415,0.0000,3
4.8008,1.5787,1.6335,0.0000,3
4.8008,1.5875,1.6407,0.0000,3
4.8008,1.5835,1.6391,0.0000,3
4.8008,1.6198,1.6448,0.0000,3
4.8008,1.6101,1.6375,0.0000,3
4.8008,1.6133,1.6319,0.0000,3
4.8008,1.6158,1.6278,0.0000,3
4.8008,1.6101,1.6311,0.0000,3
4.8008,1.6061,1.6472,0.0000,3
4.8008,1.6029,1.6560,0.0153,3
4.8008,1.5996,1.6657,0.0411,3
4.8008,1.5988,1.6593,0.0854,3
4.8008,1.6012,1.5706,0.1080,3
4.8008,1.6037,1.5714,0.1378,3
4.8008,1.5988,1.5755,0.1193,3
4.8008,1.5964,1.5851,0.0951,3
4.8008,1.5948,1.5892,0.0677,3
4.8008,1.6029,1.6085,0.0000,3
4.8008,1.6021,1.6149,0.0000,3
4.8008,1.6045,1.6109,0.0000,3
4.8008,1.6085,1.6117,0.0000,3
4.8008,1.6270,1.6101,0.0000,3
4.8008,1.6246,1.6891,0.0000,3
4.8008,1.6230,1.6794,0.0000,3
4.8008,1.6335,1.6697,0.0000,3
4.8008,1.6335,1.6585,0.0000,3
4.8008,1.6303,1.6456,0.0000,3
4.8008,1.6262,1.6246,0.0000,3
4.8008,1.6585,1.6206,0.0000,3
4.8008,1.6585,1.6198,0.0000,3
4.8008,1.6536,1.6158,0.0000,3
4.8008,1.6327,1.6085,0.0000,3
4.8008,1.6343,1.6037,0.0000,3
4.8008,1.6351,1.6037,0.0000,3
4.8008,1.6319,1.6101,0.0564,3
4.8008,1.6319,1.6536,0.1870,3
4.8008,1.6423,1.6633,0.2651,3
4.8008,1.6504,1.6609,0.2756,3
4.8008,1.6214,1.6544,0.2974,3
4.8008,1.6270,1.6544,0.3248,3
4.8008,1.6335,1.6552,0.3199,3
4.8008,1.6327,1.6617,0.2740,3
4.8008,1.6359,1.6633,0.2127,3
4.8008,1.6295,1.6609,0.0951,3
4.8008,1.6319,1.6714,0.0000,3
4.8008,1.6367,1.6295,0.0000,3
4.8008,1.6311,1.6375,0.0000,3
4.8008,1.6367,1.6423,0.0000,3
4.8008,1.6391,1.6407,0.0000,3
4.8008,1.6383,1.6367,0.0000,3
4.8008,1.6359,1.6415,0.0000,3
4.8008,1.6407,1.6448,0.0000,3
4.8008,1.6335,1.6440,0.0000,3
4.8008,1.6295,1.6536,0.0000,3
4.8008,1.6230,1.6472,0.0000,3
4.8008,1.6222,1.6633,0.0548,3
4.8008,1.6206,1.6649,0.1160,3
4.8008,1.6077,1.6746,0.1442,3
4.8008,1.6077,1.6778,0.1700,3
4.8008,1.6061,1.6705,0.1596,3
4.8008,1.6029,1.6609,0.1475,3
4.8008,1.5924,1.6585,0.1410,3
4.8008,1.5948,1.6528,0.1362,3
4.8008,1.6085,1.6496,0.1402,3
4.8008,1.6085,1.6448,0.1257,3
4.8008,1.6029,1.6464,0.1080,3
4.8008,1.6077,1.6295,0.0717,3
4.8008,1.6133,1.6149,0.0210,3
4.8008,1.6125,1.6117,0.0000,3
4.8008,1.6101,1.6238,0.0000,3
4.8008,1.6117,1.6295,0.0000,3
4.8008,1.6190,1.6311,0.0290,3
4.8008,1.6206,1.6456,0.0629,3
4.8008,1.6512,1.6544,0.0556,3
4.8008,1.6528,1.6520,0.0064,3
4.8008,1.6544,1.6512,0.0000,3
4.8008,1.6496,1.6585,0.0000,3
4.8008,1.6432,1.6641,0.0000,3
4.8008,1.6504,1.6560,0.0000,3
4.8008,1.6512,1.6504,0.0000,3
4.8008,1.6520,1.6375,0.0000,3
4.8008,1.6504,1.6464,0.0000,3
4.8008,1.6552,1.6488,0.0000,3
4.8008,1.6286,1.6464,0.0000,3
4.8008,1.6286,1.6528,0.0000,3
4.8483,1.6351,1.6399,0.0629,3
4.8483,1.6440,1.6351,0.0621,3
4.8483,1.6512,1.6319,0.0347,3
4.8483,1.6536,1.6383,0.0218,3
4.8483,1.6593,1.6480,0.0467,3
4.8483,1.6681,1.6681,0.1322,3
4.8483,1.6730,1.6722,0.1604,3
4.8483,1.6681,1.6697,0.1265,3
4.8483,1.6681,1.6649,0.0999,3
4.8483,1.6754,1.6568,0.1032,3
4.8483,1.6746,1.6593,0.1338,3
4.8483,1.6714,1.6617,0.1773,3
4.8483,1.6891,1.6625,0.2321,3
4.8483,1.6802,1.6657,0.2506,3
4.8483,1.6786,1.6609,0.2095,3
4.8483,1.6714,1.6568,0.1015,3
4.8483,1.6705,1.6512,0.0443,3
4.8483,1.6834,1.6504,0.0218,3
4.8483,1.6851,1.6480,0.0000,3
4.8483,1.6778,1.6577,0.0000,3
4.8483,1.6818,1.6568,0.0000,3
4.8483,1.6738,1.6649,0.0000,3
4.8483,1.6504,1.6714,0.0169,3
4.8483,1.6504,1.6649,0.0725,3
4.8483,1.6496,1.6665,0.0895,3
4.8483,1.6496,1.6585,0.0854,3
4.8483,1.6480,1.6641,0.0516,3
4.8483,1.6391,1.6536,0.0089,3
4.8483,1.6335,1.6504,0.0000,3
4.8483,1.6303,1.6504,0.0000,3
4.8483,1.6085,1.6472,0.0000,3
4.8483,1.6174,1.6464,0.0000,3
4.8483,1.6214,1.6448,0.0000,3
4.8483,1.6190,1.6520,0.0000,3
4.8483,1.6174,1.6528,0.0000,3
4.8483,1.6141,1.6504,0.0000,3
4.8483,1.6182,1.6359,0.0000,3
4.8483,1.6141,1.6456,0.0000,3
4.8483,1.6101,1.6488,0.0000,3
4.8483,1.6117,1.6480,0.0000,3
4.8483,1.6319,1.6464,0.0443,3
4.8483,1.6230,1.6423,0.0911,3
4.8483,1.6166,1.6391,0.0645,3
4.8483,1.6190,1.6407,0.0330,3
4.8483,1.6166,1.6351,0.0137,3
4.8483,1.6174,1.6423,0.0435,3
4.8483,1.6069,1.6464,0.0741,3
4.8483,1.6101,1.6472,0.0903,3
4.8483,1.6109,1.6456,0.0895,3
4.8483,1.6190,1.6383,0.0637,3
4.8483,1.6166,1.6488,0.0314,3
4.8483,1.6190,1.6480,0.0000,3
4.8483,1.6166,1.6552,0.0000,3
4.8483,1.6117,1.6488,0.0000,3
4.8483,1.6085,1.6568,0.0000,3
4.8483,1.6085,1.6504,0.0000,3
4.8483,1.6093,1.6432,0.0000,3
4.8483,1.6053,1.6359,0.0000,3
4.8483,1.6069,1.6327,0.0000,3
4.8483,1.6021,1.6415,0.0459,3
4.8483,1.6045,1.6415,0.1160,3
4.8483,1.6012,1.6407,0.1829,3
4.8483,1.6037,1.6270,0.2426,3
4.8483,1.6053,1.6230,0.2732,3
4.8483,1.6021,1.6109,0.2732,3
4.8483,1.6053,1.6238,0.2538,3
4.8483,1.6101,1.6351,0.2136,3
4.8483,1.6101,1.6432,0.1539,3
4.8483,1.6085,1.6496,0.0927,3
4.8483,1.6037,1.6536,0.0572,3
4.8483,1.5940,1.6448,0.0347,3
4.8483,1.5964,1.6504,0.0266,3
4.8483,1.5980,1.6528,0.0145,3
4.8483,1.5980,1.6673,0.0193,3
4.8483,1.6045,1.6705,0.0629,3
4.8483,1.6021,1.6544,0.1297,3
4.8483,1.5996,1.6544,0.2079,3
4.8483,1.6375,1.6383,0.2804,3
4.8483,1.6383,1.6464,0.3505,3
4.8483,1.6375,1.6407,0.3989,3
4.8483,1.6343,1.6488,0.3989,3
4.8483,1.6303,1.6440,0.3965,3
4.8483,1.6327,1.6432,0.3989,3
4.8483,1.6327,1.6319,0.4062,3
4.8483,1.6262,1.6262,0.4037,3
4.8483,1.6222,1.6335,0.3739,3
4.8483,1.6303,1.6319,0.3433,3
4.8483,1.5884,1.6488,0.2966,3
4.8483,1.5843,1.6552,0.1491,3
4.8483,1.5859,1.6512,0.0000,3
4.8483,1.5916,1.6423,0.0000,3
4.8483,1.5924,1.6399,0.0000,3
4.8483,1.5940,1.6464,0.0000,3
4.8483,1.5948,1.6496,0.0000,3
4.8483,1.6012,1.6657,0.0000,3
4.8958,1.6061,1.6673,0.0000,3
4.8958,1.6004,1.6697,0.0000,3
4.8958,1.6077,1.6705,0.0000,3
4.8958,1.6158,1.6633,0.0564,3
4.8958,1.6174,1.6705,0.2103,3
4.8958,1.6230,1.6778,0.3973,3
4.8958,1.6254,1.6826,0.5552,3
4.8958,1.6149,1.6859,0.6423,3
4.8958,1.6166,1.6754,0.6511,3
4.8958,1.6190,1.6714,0.6302,3
4.8958,1.6174,1.6649,0.5536,3
4.8958,1.6174,1.6778,0.4158,3
4.8958,1.6149,1.6705,0.2442,3
4.8958,1.6206,1.6689,0.1233,3
4.8958,1.6262,1.6633,0.0121,3
4.8958,1.6270,1.6649,0.0000,3
4.8958,1.6286,1.6601,0.0000,3
4.8958,1.6423,1.6544,0.0000,3
4.8958,1.6432,1.6681,0.0000,3
4.8958,1.6391,1.6689,0.0000,3
4.8958,1.6399,1.6794,0.0000,3
4.8958,1.6440,1.6673,0.0000,3
4.8958,1.6496,1.6641,0.0435,3
4.8958,1.6472,1.6714,0.1596,3
4.8958,1.6456,1.6673,0.2442,3
4.8958,1.6423,1.6705,0.2966,3
4.8958,1.6472,1.6730,0.3651,3
4.8958,1.6440,1.7181,0.4223,3
4.8958,1.6423,1.7157,0.4642,3
4.8958,1.6440,1.7116,0.4601,3
4.8958,1.6440,1.7125,0.4190,3
4.8958,1.6423,1.7576,0.3812,3
4.8958,1.6351,1.7624,0.3183,3
4.8958,1.6319,1.7503,0.2522,3
4.8958,1.6238,1.7527,0.1700,3
4.8958,1.6230,1.7471,0.0975,3
4.8958,1.6182,1.7415,0.0411,3
4.8958,1.6166,1.7012,0.0032,3
4.8958,1.6158,1.7092,0.0000,3
4.8958,1.6262,1.7149,0.0330,3
4.8958,1.6262,1.7165,0.0774,3
4.8958,1.6262,1.6730,0.1152,3
4.8958,1.6262,1.6730,0.1491,3
4.8958,1.6230,1.6810,0.1700,3
4.8958,1.6286,1.6714,0.1716,3
4.8958,1.6286,1.6681,0.1588,3
4.8958,1.6270,1.6883,0.1217,3
4.8958,1.6238,1.6963,0.0588,3
4.8958,1.6295,1.7004,0.0000,3
4.8958,1.6182,1.6947,0.0000,3
4.8958,1.6133,1.6859,0.0000,3
4.8958,1.6077,1.6883,0.0000,3
4.8958,1.6077,1.6923,0.0000,3
4.8958,1.5988,1.6971,0.0435,3
4.8958,1.5884,1.7133,0.1209,3
4.8958,1.5843,1.7165,0.1878,3
4.8958,1.5771,1.7133,0.2490,3
4.8958,1.5714,1.7092,0.3320,3
4.8958,1.5545,1.7092,0.3763,3
4.8958,1.5481,1.7116,0.4005,3
4.8958,1.5481,1.7165,0.3505,3
4.8958,1.5529,1.7052,0.2901,3
4.8958,1.5481,1.6931,0.2458,3
4.8958,1.5481,1.6810,0.2007,3
4.8958,1.5416,1.6794,0.1547,3
4.8958,1.5408,1.6810,0.1225,3
4.8958,1.5489,1.6738,0.0580,3
4.8958,1.5537,1.6786,0.0000,3
4.8958,1.5521,1.6746,0.0000,3
4.8958,1.5424,1.6714,0.0000,3
4.8958,1.5400,1.6673,0.0000,3
4.8958,1.5231,1.6730,0.0000,3
4.8958,1.5215,1.6842,0.0000,3
4.8958,1.5158,1.6842,0.0000,3
4.8958,1.5215,1.6826,0.0298,3
4.8958,1.5199,1.6891,0.0838,3
4.8958,1.5062,1.6899,0.1612,3
4.8958,1.4965,1.6883,0.2498,3
4.8958,1.4916,1.6810,0.3368,3
4.8958,1.4973,1.6891,0.4029,3
4.8958,1.4916,1.6915,0.4666,3
4.8958,1.4941,1.6931,0.5222,3
4.8958,1.4892,1.6899,0.5697,3
4.8958,1.4884,1.7108,0.5705,3
4.8958,1.4828,1.7133,0.5738,3
4.8958,1.4771,1.7173,0.5673,3
4.8958,1.4771,1.7213,0.5230,3
4.8958,1.4699,1.7189,0.4553,3
4.8958,1.4763,1.7270,0.3707,3
4.8958,1.4731,1.7213,0.3167,3
4.8958,1.4699,1.7133,0.2692,3
4.8958,1.4667,1.7157,0.2103,3
4.8958,1.4610,1.7221,0.1305,3
4.8958,1.4610,1.7125,0.0443,3
4.8958,1.4610,1.7181,0.0000,3
4.9433,1.4602,1.7084,0.0000,3
4.9433,1.4570,1.7068,0.0000,3
4.9433,1.4618,1.7020,0.0500,3
4.9433,1.4659,1.6907,0.1700,3
4.9433,1.4618,1.6883,0.2845,3
4.9433,1.4594,1.7044,0.4062,3
4.9433,1.4578,1.7028,0.5141,3
4.9433,1.4675,1.6979,0.5399,3
4.9433,1.4675,1.6996,0.5512,3
4.9433,1.4634,1.6979,0.5286,3
4.9433,1.4691,1.6996,0.4642,3
4.9433,1.4763,1.6979,0.3642,3
4.9433,1.4788,1.7052,0.2514,3
4.9433,1.4779,1.7036,0.1112,3
4.9433,1.4836,1.7012,0.0000,3
4.9433,1.4933,1.6947,0.0000,3
4.9433,1.5013,1.6996,0.0000,3
4.9433,1.4981,1.7036,0.0000,3
4.9433,1.5078,1.6996,0.0000,3
4.9433,1.5134,1.6988,0.0000,3
4.9433,1.5150,1.6955,0.0427,3
4.9433,1.5150,1.6883,0.1056,3
4.9433,1.5199,1.6770,0.1475,3
4.9433,1.5255,1.6834,0.1821,3
4.9433,1.5319,1.6988,0.2007,3
4.9433,1.5336,1.7012,0.2087,3
4.9433,1.5432,1.6931,0.2361,3
4.9433,1.5513,1.6923,0.2466,3
4.9433,1.5577,1.6883,0.2200,3
4.9433,1.5626,1.6842,0.1741,3
4.9433,1.5650,1.6770,0.1370,3
4.9433,1.5787,1.6778,0.1249,3
4.9433,1.5811,1.6826,0.1725,3
4.9433,1.5819,1.6818,0.2176,3
4.9433,1.5787,1.6794,0.2474,3
4.9433,1.5779,1.6689,0.2482,3
4.9433,1.5747,1.6754,0.2418,3
4.9433,1.5795,1.6657,0.2240,3
4.9433,1.5658,1.6697,0.2273,3
4.9433,1.5722,1.6705,0.2651,3
4.9433,1.5835,1.6810,0.3256,3
4.9433,1.5835,1.6883,0.3755,3
4.9433,1.5892,1.6931,0.3925,3
4.9433,1.5964,1.6971,0.3949,3
4.9433,1.6085,1.6939,0.3908,3
4.9433,1.6182,1.6762,0.3723,3
4.9433,1.6246,1.6770,0.3425,3
4.9433,1.6270,1.6891,0.3070,3
4.9433,1.6399,1.6859,0.2571,3
4.9433,1.6423,1.6746,0.2345,3
4.9433,1.6343,1.6746,0.2119,3
4.9433,1.6295,1.6770,0.1515,3
4.9433,1.6335,1.6794,0.1064,3
4.9433,1.6311,1.6826,0.0991,3
4.9433,1.6295,1.6851,0.1579,3
4.9433,1.6262,1.7068,0.2426,3
4.9433,1.6270,1.6939,0.3086,3
4.9433,1.6278,1.6794,0.3441,3
4.9433,1.6303,1.6826,0.3586,3
4.9433,1.6391,1.6971,0.3586,3
4.9433,1.6504,1.6996,0.3522,3
4.9433,1.6568,1.6883,0.3965,3
4.9433,1.6560,1.6826,0.4029,3
4.9433,1.6633,1.6794,0.3667,3
4.9433,1.6714,1.6802,0.3135,3
4.9433,1.6786,1.6851,0.2821,3
4.9433,1.6826,1.6988,0.2796,3
4.9433,1.6899,1.7020,0.2885,3
4.9433,1.6971,1.6996,0.3280,3
4.9433,1.6939,1.6979,0.3586,3
4.9433,1.6915,1.6971,0.3731,3
4.9433,1.7004,1.7108,0.3779,3
4.9433,1.7068,1.7165,0.2603,3
4.9433,1.7108,1.7173,0.2796,3
4.9433,1.7084,1.6939,0.2450,3
4.9433,1.7116,1.6842,0.1870,3
4.9433,1.7141,1.6851,0.1628,3
4.9433,1.7149,1.6875,0.1579,3
4.9433,1.7157,1.6891,0.1692,3
4.9433,1.7237,1.6979,0.1628,3
4.9433,1.7334,1.7052,0.1394,3
4.9433,1.7366,1.7020,0.1096,3
4.9433,1.7366,1.6963,0.2321,3
4.9433,1.7487,1.6939,0.2264,3
4.9433,1.7592,1.7133,0.2393,3
4.9433,1.7616,1.7245,0.2530,3
4.9433,1.7664,1.7221,0.1958,3
4.9433,1.7697,1.7229,0.1064,3
4.9433,1.7681,1.7278,0.0169,3
4.9433,1.7697,1.7165,0.0210,3
4.9433,1.7689,1.7116,0.0975,3
4.9433,1.7721,1.7068,0.1910,3
4.9433,1.7769,1.7076,0.2329,3
4.9433,1.7713,1.7044,0.2361,3
4.9433,1.7705,1.7028,0.2530,3
4.9908,1.7656,1.6988,0.2305,3
4.9908,1.7689,1.7084,0.2547,3
4.9908,1.7656,1.7157,0.3070,3
4.9908,1.7705,1.7165,0.3191,3
4.9908,1.7713,1.7189,0.2869,3
4.9908,1.7060,1.7149,0.2337,3
4.9908,1.7415,1.7141,0.1499,3
4.9908,1.7479,1.7084,0.0588,3
4.9908,1.7511,1.6996,0.0000,3
4.9908,1.7552,1.7004,0.0000,3
4.9908,1.7592,1.7044,0.0000,3
4.9908,1.7544,1.7020,0.0000,3
4.9908,1.7560,1.7020,0.0000,3
4.9908,1.7568,1.6947,0.0089,3
4.9908,1.7503,1.6988,0.0846,3
4.9908,1.8148,1.6867,0.1177,3
4.9908,1.7673,1.6867,0.1386,3
4.9908,1.7576,1.6899,0.1958,3
4.9908,1.7479,1.7004,0.2627,3
4.9908,1.7382,1.6867,0.2909,3
4.9908,1.7342,1.6915,0.3199,3
4.9908,1.7326,1.6963,0.3352,3
4.9908,1.7286,1.6899,0.3135,3
4.9908,1.7286,1.6963,0.2837,3
4.9908,1.7221,1.6875,0.2377,3
4.9908,1.7133,1.7012,0.1878,3
4.9908,1.7084,1.6971,0.1749,3
4.9908,1.7076,1.6891,0.1652,3
4.9908,1.6472,1.6875,0.1942,3
4.9908,1.6456,1.6939,0.2176,3
4.9908,1.6488,1.6883,0.2547,3
4.9908,1.6440,1.6802,0.3207,3
4.9908,1.6423,1.6851,0.3723,3
4.9908,1.6359,1.6762,0.4134,3
4.9908,1.6359,1.6375,0.3965,3
4.9908,1.6367,1.6311,0.4094,3
4.9908,1.6375,1.6383,0.4239,3
4.9908,1.6262,1.6520,0.4392,3
4.9908,1.6697,1.6585,0.4303,3
4.9908,1.6536,1.6649,0.4593,3
4.9908,1.6295,1.6617,0.4795,3
4.9908,1.6133,1.6560,0.4585,3
4.9908,1.6004,1.6480,0.4464,3
4.9908,1.5875,1.6415,0.4207,3
4.9908,1.5690,1.6802,0.4585,3
4.9908,1.5577,1.6818,0.4722,3
4.9908,1.5448,1.6802,0.4593,3
4.9908,1.5344,1.6738,0.4255,3
4.9908,1.5279,1.6617,0.3691,3
4.9908,1.5271,1.6617,0.2611,3
4.9908,1.5319,1.6601,0.1426,3
4.9908,1.5360,1.6633,0.0741,3
4.9908,1.5327,1.6625,0.0347,3
4.9908,1.5263,1.6722,0.0073,3
4.9908,1.5303,1.6762,0.0000,3
4.9908,1.5279,1.6762,0.0113,3
4.9908,1.5199,1.6770,0.0508,3
4.9908,1.5231,1.6778,0.1112,3
4.9908,1.5311,1.6851,0.2160,3
4.9908,1.5239,1.6738,0.3465,3
4.9908,1.5215,1.6738,0.4456,3
4.9908,1.5190,1.6657,0.4956,3
4.9908,1.5215,1.6601,0.5222,3
4.9908,1.5223,1.6601,0.5335,3
4.9908,1.5231,1.6577,0.5391,3
4.9908,1.5207,1.6601,0.5262,3
4.9908,1.5295,1.6585,0.5125,3
4.9908,1.5303,1.6641,0.5021,3
4.9908,1.5255,1.6673,0.4456,3
4.9908,1.5360,1.6689,0.3707,3
4.9908,1.5392,1.6697,0.3022,3
4.9908,1.5456,1.6770,0.2426,3
4.9908,1.5464,1.6859,0.1668,3
4.9908,1.5601,1.6875,0.1080,3
4.9908,1.5585,1.6939,0.0790,3
4.9908,1.5642,1.6988,0.0959,3
4.9908,1.5714,1.6915,0.1459,3
4.9908,1.5706,1.6883,0.1894,3
4.9908,1.5755,1.6770,0.2385,3
4.9908,1.5771,1.6834,0.2788,3
4.9908,1.5811,1.6746,0.3038,3
4.9908,1.5819,1.6681,0.3207,3
4.9908,1.5843,1.6681,0.3699,3
4.9908,1.5811,1.6673,0.4094,3
4.9908,1.5884,1.6673,0.4142,3
4.9908,1.5948,1.6665,0.3925,3
4.9908,1.5996,1.6754,0.3731,3
4.9908,1.5980,1.6714,0.3876,3
4.9908,1.6021,1.6689,0.4045,3
4.9908,1.6069,1.6681,0.4601,3
4.9908,1.6069,1.6665,0.5053,3
4.9908,1.6101,1.6778,0.5383,3
4.9908,1.6182,1.6810,0.5174,3
4.9908,1.6198,1.6875,0.4867,3
4.9908,1.6190,1.6794,0.5012,3
5.0383,1.6166,1.6746,0.5029,3
5.0383,1.6174,1.6714,0.4642,3
5.0383,1.6246,1.6633,0.3651,3
5.0383,1.6303,1.6722,0.2579,3
5.0383,1.6303,1.6754,0.1708,3
5.0383,1.6367,1.6971,0.1588,3
5.0383,1.6367,1.6923,0.1837,3
5.0383,1.6335,1.6851,0.2393,3
5.0383,1.6383,1.6649,0.2845,3
5.0383,1.6504,1.6657,0.3062,3
5.0383,1.6552,1.6665,0.3320,3
5.0383,1.6577,1.6657,0.3562,3
5.0383,1.6681,1.6714,0.4053,3
5.0383,1.6722,1.6730,0.4916,3
5.0383,1.6762,1.6641,0.5359,3
5.0383,1.6794,1.6593,0.5174,3
5.0383,1.6875,1.6601,0.4908,3
5.0383,1.6971,1.6665,0.4682,3
5.0383,1.7036,1.6818,0.4634,3
5.0383,1.6988,1.6826,0.4376,3
5.0383,1.7060,1.6842,0.3892,3
5.0383,1.7141,1.6762,0.3610,3
5.0383,1.7125,1.6826,0.3401,3
5.0383,1.7084,1.6770,0.3022,3
5.0383,1.7125,1.6826,0.2675,3
5.0383,1.7221,1.6818,0.2530,3
5.0383,1.7286,1.6867,0.2401,3
5.0383,1.7318,1.6810,0.2490,3
5.0383,1.7374,1.6673,0.2410,3
5.0383,1.7519,1.6665,0.2305,3
5.0383,1.7544,1.6327,0.2240,3
5.0383,1.7536,1.6367,0.2474,3
5.0383,1.7584,1.6399,0.2812,3
5.0383,1.7777,1.6520,0.3119,3
5.0383,1.7842,1.6585,0.3594,3
5.0383,1.7842,1.6577,0.4037,3
5.0383,1.7866,1.5916,0.4344,3
5.0383,1.7882,1.6004,0.4440,3
5.0383,1.7890,1.5884,0.4690,3
5.0383,1.7882,1.5867,0.5029,3
5.0383,1.7850,1.6238,0.5295,3
5.0383,1.7922,1.6262,0.4972,3
5.0383,1.7979,1.6182,0.4618,3
5.0383,1.7914,1.6190,0.4424,3
5.0383,1.7922,1.6133,0.4207,3
5.0383,1.7858,1.6093,0.3965,3
5.0383,1.7834,1.6673,0.3812,3
5.0383,1.7769,1.6568,0.3562,3
5.0383,1.7785,1.6705,0.3248,3
5.0383,1.7729,1.6609,0.2877,3
5.0383,1.7689,1.6520,0.2643,3
5.0383,1.7608,1.6423,0.2788,3
5.0383,1.7560,1.6464,0.2958,3
5.0383,1.7471,1.6375,0.2845,3
5.0383,1.7431,1.6375,0.2168,3
5.0383,1.7511,1.6270,0.1813,3
5.0383,1.7511,1.6254,0.1910,3
5.0383,1.7495,1.6190,0.2240,3
5.0383,1.7439,1.6198,0.2732,3
5.0383,1.7399,1.6230,0.3062,3
5.0383,1.7455,1.6246,0.3127,3
5.0383,1.7342,1.6359,0.3070,3
5.0383,1.7310,1.6335,0.2877,3
5.0383,1.7326,1.6246,0.2780,3
5.0383,1.7439,1.6335,0.3086,3
5.0383,1.7350,1.6399,0.3554,3
5.0383,1.7262,1.6351,0.3691,3
5.0383,1.7318,1.5618,0.3747,3
5.0383,1.7350,1.5674,0.3981,3
5.0383,1.7310,1.5851,0.4223,3
5.0383,1.7229,1.5900,0.4384,3
5.0383,1.7278,1.6029,0.4400,3
5.0383,1.7205,1.6109,0.4618,3
5.0383,1.7173,1.6198,0.4908,3
5.0383,1.7020,1.6085,0.5359,3
5.0383,1.6996,1.6061,0.5343,3
5.0383,1.7044,1.6141,0.5254,3
5.0383,1.6988,1.6875,0.5045,3
5.0383,1.6931,1.6923,0.4464,3
5.0383,1.6979,1.6875,0.4174,3
5.0383,1.7004,1.6810,0.4360,3
5.0383,1.6963,1.6577,0.4763,3
5.0383,1.7060,1.6423,0.5053,3
5.0383,1.7076,1.6415,0.5198,3
5.0383,1.7149,1.6303,0.5125,3
5.0383,1.7141,1.6262,0.5182,3
5.0383,1.7076,1.6222,0.5109,3
5.0383,1.7068,1.6286,0.4956,3
5.0383,1.7060,1.6262,0.4835,3
5.0383,1.6996,1.6262,0.4448,3
5.0383,1.7012,1.6206,0.3900,3
5.0383,1.7044,1.6230,0.3417,3
5.0383,1.7012,1.6214,0.3111,3
5.0383,1.7012,1.6206,0.3175,3
5.0383,1.6923,1.6270,0.3401,3
5.0858,1.6955,1.6343,0.3675,3
5.0858,1.6979,1.6319,0.3989,3
5.0858,1.6907,1.6351,0.4360,3
5.0858,1.6915,1.6415,0.4690,3
5.0858,1.6939,1.6407,0.5093,3
5.0858,1.6939,1.6504,0.5367,3
5.0858,1.6931,1.6568,0.5456,3
5.0858,1.6915,1.6601,0.5311,3
5.0858,1.6883,1.6528,0.5085,3
5.0858,1.6802,1.6625,0.4980,3
5.0858,1.6722,1.6617,0.4747,3
5.0858,1.6786,1.6722,0.4497,3
5.0858,1.6834,1.6786,0.4319,3
5.0858,1.6786,1.6778,0.4368,3
5.0858,1.6730,1.6754,0.4513,3
5.0858,1.6697,1.6617,0.4875,3
5.0858,1.6673,1.6722,0.5311,3
5.0858,1.6697,1.6778,0.5705,3
5.0858,1.6705,1.6891,0.5891,3
5.0858,1.6722,1.6802,0.5697,3
5.0858,1.6714,1.6891,0.5343,3
5.0858,1.6649,1.6923,0.4884,3
5.0858,1.6609,1.6834,0.4416,3
5.0858,1.6633,1.6705,0.3876,3
5.0858,1.6383,1.6633,0.3272,3
5.0858,1.6391,1.6762,0.2305,3
5.0858,1.6407,1.6617,0.1426,3
5.0858,1.6415,1.6585,0.1072,3
5.0858,1.6415,1.6577,0.1160,3
5.0858,1.6423,1.6665,0.1523,3
5.0858,1.6456,1.6657,0.2063,3
5.0858,1.6464,1.6585,0.2619,3
5.0858,1.6440,1.6633,0.3344,3
5.0858,1.6472,1.6689,0.4182,3
5.0858,1.6714,1.6689,0.4747,3
5.0858,1.7012,1.6625,0.5383,3
5.0858,1.6963,1.6601,0.5714,3
5.0858,1.6818,1.6705,0.5601,3
5.0858,1.6746,1.6714,0.5496,3
5.0858,1.6705,1.6689,0.5552,3
5.0858,1.6617,1.6593,0.5593,3
5.0858,1.6568,1.6528,0.5601,3
5.0858,1.6552,1.6512,0.5166,3
5.0858,1.6456,1.6472,0.4626,3
5.0858,1.6544,1.6536,0.4158,3
5.0858,1.6149,1.6520,0.3860,3
5.0858,1.6158,1.6617,0.3949,3
5.0858,1.6254,1.6560,0.4344,3
5.0858,1.5763,1.6496,0.4779,3
5.0858,1.5843,1.6448,0.4996,3
5.0858,1.5972,1.6432,0.4827,3
5.0858,1.6004,1.6520,0.4481,3
5.0858,1.6053,1.6359,0.4303,3
5.0858,1.6077,1.6432,0.4134,3
5.0858,1.6029,1.6440,0.4327,3
5.0858,1.6117,1.6440,0.4400,3
5.0858,1.6053,1.6472,0.4086,3
5.0858,1.6004,1.6472,0.3199,3
5.0858,1.6504,1.6552,0.2780,3
5.0858,1.6448,1.6625,0.2958,3
5.0858,1.6327,1.6738,0.3401,3
5.0858,1.6286,1.6738,0.3868,3
5.0858,1.6270,1.6705,0.4271,3
5.0858,1.6222,1.6673,0.4747,3
5.0858,1.6174,1.6649,0.5166,3
5.0858,1.6109,1.6722,0.5794,3
5.0858,1.6174,1.6609,0.6407,3
5.0858,1.6125,1.6601,0.7084,3
5.0858,1.6101,1.6496,0.6850,3
5.0858,1.6045,1.6383,0.5971,3
5.0858,1.6029,1.6278,0.5101,3
5.0858,1.5988,1.6262,0.4610,3
5.0858,1.5916,1.6423,0.4593,3
5.0858,1.5859,1.6472,0.4642,3
5.0858,1.5819,1.6448,0.4819,3
5.0858,1.5795,1.6448,0.4787,3
5.0858,1.5747,1.6456,0.4747,3
5.0858,1.5779,1.6480,0.4730,3
5.0858,1.5795,1.6560,0.4747,3
5.0858,1.5827,1.6673,0.4859,3
5.0858,1.5851,1.6730,0.5238,3
5.0858,1.5867,1.6657,0.5367,3
5.0858,1.5875,1.6617,0.5117,3
5.0858,1.5924,1.6536,0.4569,3
5.0858,1.5964,1.6625,0.3965,3
5.0858,1.5988,1.6649,0.3828,3
5.0858,1.6004,1.6738,0.3997,3
5.0858,1.5980,1.6714,0.4134,3
5.0858,1.6037,1.6689,0.4327,3
5.0858,1.5964,1.6601,0.4368,3
5.0858,1.5964,1.6520,0.4182,3
5.0858,1.5948,1.6601,0.4118,3
5.0858,1.5956,1.6593,0.4352,3
5.0858,1.5964,1.6649,0.4851,3
5.0858,1.5884,1.6609,0.5222,3
5.1333,1.5859,1.6472,0.5270,3
5.1333,1.5787,1.6327,0.5222,3
5.1333,1.5819,1.6238,0.5432,3
5.1333,1.5763,1.6214,0.5770,3
5.1333,1.5811,1.6311,0.6141,3
5.1333,1.5835,1.6327,0.6310,3
5.1333,1.5851,1.6367,0.6278,3
5.1333,1.5827,1.6367,0.5923,3
5.1333,1.5835,1.6375,0.5480,3
5.1333,1.5803,1.6295,0.4827,3
5.1333,1.5787,1.6399,0.4037,3
5.1333,1.5827,1.6512,0.3538,3
5.1333,1.5803,1.6609,0.3183,3
5.1333,1.5803,1.6560,0.2740,3
5.1333,1.5787,1.6464,0.2450,3
5.1333,1.5706,1.6520,0.2466,3
5.1333,1.5698,1.6496,0.2724,3
5.1333,1.5714,1.6568,0.3223,3
5.1333,1.5674,1.6552,0.3739,3
5.1333,1.5682,1.6593,0.4344,3
5.1333,1.5682,1.6528,0.5061,3
5.1333,1.5730,1.6423,0.5536,3
5.1333,1.5722,1.6472,0.5971,3
5.1333,1.5698,1.6617,0.6382,3
5.1333,1.5561,1.6665,0.6544,3
5.1333,1.5577,1.6641,0.6656,3
5.1333,1.5577,1.6625,0.6624,3
5.1333,1.5577,1.6585,0.6447,3
5.1333,1.5642,1.6464,0.6310,3
5.1333,1.5730,1.6423,0.6294,3
5.1333,1.5730,1.6512,0.6205,3
5.1333,1.5690,1.6601,0.6004,3
5.1333,1.5682,1.6552,0.5480,3
5.1333,1.5601,1.6496,0.4851,3
5.1333,1.5674,1.6593,0.4416,3
5.1333,1.5674,1.6609,0.4215,3
5.1333,1.6311,1.6552,0.4279,3
5.1333,1.6689,1.6577,0.4464,3
5.1333,1.6512,1.6665,0.4392,3
5.1333,1.6343,1.6633,0.4464,3
5.1333,1.6246,1.6528,0.4553,3
5.1333,1.6141,1.6544,0.4658,3
5.1333,1.6069,1.6528,0.4916,3
5.1333,1.6117,1.6560,0.5311,3
5.1333,1.6133,1.6432,0.5593,3
5.1333,1.6673,1.6448,0.5810,3
5.1333,1.5940,1.6448,0.5859,3
5.1333,1.5521,1.6375,0.5810,3
5.1333,1.5610,1.6327,0.5939,3
5.1333,1.5722,1.6319,0.5794,3
5.1333,1.5787,1.6448,0.5601,3
5.1333,1.5859,1.6456,0.5577,3
5.1333,1.5924,1.6488,0.5560,3
5.1333,1.5996,1.6448,0.5528,3
5.1333,1.6085,1.6375,0.5552,3
5.1333,1.5610,1.6278,0.5399,3
5.1333,1.5634,1.6286,0.5101,3
5.1333,1.5706,1.6343,0.5061,3
5.1333,1.5795,1.6415,0.4940,3
5.1333,1.5819,1.6544,0.4924,3
5.1333,1.5795,1.6488,0.4924,3
5.1333,1.5875,1.6448,0.4892,3
5.1333,1.5932,1.6423,0.5012,3
5.1333,1.5908,1.6391,0.5174,3
5.1333,1.5843,1.6432,0.5432,3
5.1333,1.5803,1.6423,0.5722,3
5.1333,1.5924,1.6367,0.6116,3
5.1333,1.5916,1.6303,0.6092,3
5.1333,1.5867,1.6222,0.5899,3
5.1333,1.5795,1.6214,0.5705,3
5.1333,1.5835,1.6230,0.5738,3
5.1333,1.5738,1.6286,0.5754,3
5.1333,1.5658,1.6230,0.5738,3
5.1333,1.5634,1.6246,0.5738,3
5.1333,1.5682,1.6270,0.5577,3
5.1333,1.5658,1.6222,0.5303,3
5.1333,1.5585,1.6327,0.5061,3
5.1333,1.5489,1.6407,0.4980,3
5.1333,1.5473,1.6528,0.5214,3
5.1333,1.5497,1.6536,0.5536,3
5.1333,1.5497,1.6552,0.5657,3
5.1333,1.5481,1.6552,0.5512,3
5.1333,1.5593,1.6528,0.5399,3
5.1333,1.5610,1.6617,0.5238,3
5.1333,1.5569,1.6568,0.5004,3
5.1333,1.5561,1.6697,0.4843,3
5.1333,1.5553,1.6705,0.4916,3
5.1333,1.5553,1.6778,0.5109,3
5.1333,1.5569,1.6730,0.5375,3
5.1333,1.5642,1.6633,0.5480,3
5.1333,1.5650,1.6552,0.5585,3
5.1333,1.5674,1.6456,0.5697,3
5.1333,1.5601,1.6552,0.5528,3
5.1333,1.5601,1.6432,0.5383,3
5.1333,1.5497,1.6585,0.5512,3
5.1808,1.5529,1.6528,0.5891,3
5.1808,1.5481,1.6544,0.6141,3
5.1808,1.5585,1.6520,0.6116,3
5.1808,1.5593,1.6464,0.5883,3
5.1808,1.5553,1.6641,0.5746,3
5.1808,1.5569,1.6649,0.5697,3
5.1808,1.5513,1.6625,0.5714,3
5.1808,1.5537,1.6617,0.5730,3
5.1808,1.5529,1.6593,0.5746,3
5.1808,1.5601,1.6585,0.5641,3
5.1808,1.5569,1.6649,0.5367,3
5.1808,1.5545,1.6681,0.5061,3
5.1808,1.5464,1.6633,0.4980,3
5.1808,1.5432,1.6746,0.4972,3
5.1808,1.5392,1.6552,0.4932,3
5.1808,1.5360,1.6520,0.4892,3
5.1808,1.5440,1.6585,0.4964,3
5.1808,1.5408,1.6649,0.5278,3
5.1808,1.5384,1.6746,0.5480,3
5.1808,1.5384,1.6770,0.5730,3
5.1808,1.5352,1.6834,0.6004,3
5.1808,1.5424,1.6738,0.6205,3
5.1808,1.5424,1.6730,0.6286,3
5.1808,1.5384,1.6665,0.6270,3
5.1808,1.5376,1.6746,0.6334,3
5.1808,1.5352,1.6770,0.6439,3
5.1808,1.5303,1.6730,0.6455,3
5.1808,1.5279,1.6625,0.6374,3
5.1808,1.5223,1.6625,0.6358,3
5.1808,1.5215,1.6593,0.6318,3
5.1808,1.5271,1.6464,0.6253,3
5.1808,1.5239,1.6746,0.6181,3
5.1808,1.5239,1.6770,0.6108,3
5.1808,1.5295,1.6697,0.6108,3
5.1808,1.5311,1.6681,0.6141,3
5.1808,1.5336,1.6593,0.6092,3
5.1808,1.5368,1.6665,0.6165,3
5.1808,1.5432,1.6770,0.6262,3
5.1808,1.5489,1.6770,0.6326,3
5.1808,1.5497,1.6705,0.6455,3
5.1808,1.5456,1.6762,0.6399,3
5.1808,1.5529,1.6407,0.6342,3
5.1808,1.5497,1.6343,0.6358,3
5.1808,1.5464,1.6327,0.6350,3
5.1808,1.5473,1.6335,0.6294,3
5.1808,1.5448,1.6536,0.6318,3
5.1808,1.5448,1.6585,0.6310,3
5.1808,1.5416,1.6488,0.6415,3
5.1808,1.5489,1.6407,0.6439,3
5.1808,1.5505,1.6552,0.6358,3
5.1808,1.5513,1.6464,0.6334,3
5.1808,1.5440,1.6560,0.6253,3
5.1808,1.5432,1.6625,0.6229,3
5.1808,1.5456,1.6657,0.6221,3
5.1808,1.5448,1.6673,0.6278,3
5.1808,1.5448,1.6544,0.6141,3
5.1808,1.5577,1.6456,0.6012,3
5.1808,1.5593,1.6359,0.5657,3
5.1808,1.5489,1.6415,0.5351,3
5.1808,1.5456,1.6246,0.5166,3
5.1808,1.5456,1.6270,0.4972,3
5.1808,1.5473,1.6262,0.5069,3
5.1808,1.5521,1.6174,0.4795,3
5.1808,1.5489,1.6335,0.4634,3
5.1808,1.5424,1.6311,0.4601,3
5.1808,1.5473,1.6440,0.5069,3
5.1808,1.5336,1.6649,0.5560,3
5.1808,1.5303,1.6689,0.6068,3
5.1808,1.5352,1.6585,0.6431,3
5.1808,1.5424,1.6528,0.6721,3
5.1808,1.5416,1.6593,0.7051,3
5.1808,1.5368,1.6617,0.7148,3
5.1808,1.5408,1.6681,0.7503,3
5.1808,1.5408,1.6585,0.7785,3
5.1808,1.5448,1.6577,0.7632,3
5.1808,1.5368,1.6472,0.6987,3
5.1808,1.5400,1.6214,0.6294,3
5.1808,1.5384,1.6319,0.5842,3
5.1808,1.5368,1.6456,0.5617,3
5.1808,1.5295,1.6673,0.5351,3
5.1808,1.5319,1.6673,0.5109,3
5.1808,1.5319,1.6649,0.5012,3
5.1808,1.5255,1.6657,0.4908,3
5.1808,1.5239,1.6617,0.4738,3
5.1808,1.5279,1.6593,0.4843,3
5.1808,1.5319,1.6609,0.5093,3
5.1808,1.5271,1.6375,0.5238,3
5.1808,1.5271,1.6311,0.5423,3
5.1808,1.5263,1.6327,0.5665,3
5.1808,1.5279,1.6335,0.6012,3
5.1808,1.5207,1.6311,0.6374,3
5.1808,1.5263,1.6286,0.6818,3
5.1808,1.5311,1.6214,0.7293,3
5.1808,1.5327,1.6286,0.7640,3
5.1808,1.5279,1.6286,0.7720,3
5.2283,1.5279,1.6286,0.7712,3
5.2283,1.5287,1.6544,0.7865,3
5.2283,1.5263,1.6560,0.7744,3
5.2283,1.5271,1.6585,0.7382,3
5.2283,1.5263,1.6488,0.7075,3
5.2283,1.5327,1.6504,0.6616,3
5.2283,1.5311,1.6472,0.6060,3
5.2283,1.5303,1.6440,0.5649,3
5.2283,1.5255,1.6319,0.5133,3
5.2283,1.5287,1.6246,0.5222,3
5.2283,1.5360,1.6335,0.5464,3
5.2283,1.5295,1.6311,0.5593,3
5.2283,1.5311,1.6351,0.5915,3
5.2283,1.5118,1.6278,0.6366,3
5.2283,1.5150,1.6174,0.6527,3
5.2283,1.5166,1.6117,0.6842,3
5.2283,1.5190,1.6109,0.6866,3
5.2283,1.5158,1.6133,0.6882,3
5.2283,1.5529,1.6158,0.7075,3
5.2283,1.5569,1.6278,0.6914,3
5.2283,1.5610,1.6190,0.6697,3
5.2283,1.5650,1.6214,0.6576,3
5.2283,1.5618,1.6158,0.6527,3
5.2283,1.5803,1.6166,0.6495,3
5.2283,1.5787,1.6214,0.6568,3
5.2283,1.5690,1.6214,0.6616,3
5.2283,1.5650,1.6198,0.6922,3
5.2283,1.5690,1.6214,0.7027,3
5.2283,1.5384,1.6270,0.7035,3
5.2283,1.5311,1.6278,0.6818,3
5.2283,1.5199,1.6367,0.6487,3
5.2283,1.5271,1.6415,0.6044,3
5.2283,1.5360,1.6456,0.5689,3
5.2283,1.5352,1.6407,0.5496,3
5.2283,1.5360,1.6399,0.5464,3
5.2283,1.5529,1.6383,0.5311,3
5.2283,1.5545,1.6488,0.5117,3
5.2283,1.5561,1.6448,0.5093,3
5.2283,1.5513,1.6423,0.5319,3
5.2283,1.5682,1.6440,0.5641,3
5.2283,1.5730,1.6359,0.6092,3
5.2283,1.5690,1.6351,0.6608,3
5.2283,1.5642,1.6278,0.6713,3
5.2283,1.5722,1.6270,0.6608,3
5.2283,1.5666,1.6206,0.6544,3
5.2283,1.5626,1.6295,0.6568,3
5.2283,1.5569,1.6319,0.6745,3
5.2283,1.5618,1.6448,0.6753,3
5.2283,1.5674,1.6536,0.6552,3
5.2283,1.5666,1.6423,0.6463,3
5.2283,1.5610,1.6399,0.6310,3
5.2283,1.5666,1.6327,0.6189,3
5.2283,1.5577,1.6399,0.6157,3
5.2283,1.5521,1.6415,0.6237,3
5.2283,1.5473,1.6536,0.6181,3
5.2283,1.5489,1.6552,0.6278,3
5.2283,1.5569,1.6528,0.6149,3
5.2283,1.5585,1.6488,0.6084,3
5.2283,1.5569,1.6448,0.6157,3
5.2283,1.5505,1.6504,0.6278,3
5.2283,1.5553,1.6472,0.6519,3
5.2283,1.5481,1.6472,0.6737,3
5.2283,1.5642,1.6528,0.6882,3
5.2283,1.5706,1.6520,0.6882,3
5.2283,1.5803,1.6577,0.6777,3
5.2283,1.5730,1.5859,0.6689,3
5.2283,1.5730,1.5932,0.6689,3
5.2283,1.5698,1.5900,0.6689,3
5.2283,1.5730,1.5859,0.6769,3
5.2283,1.5698,1.5875,0.6810,3
5.2283,1.5650,1.5932,0.6938,3
5.2283,1.5682,1.6012,0.7035,3
5.2283,1.5650,1.5940,0.7084,3
5.2283,1.5642,1.6093,0.7261,3
5.2283,1.5650,1.6053,0.7519,3
5.2283,1.5722,1.6754,0.7688,3
5.2283,1.5706,1.6617,0.7696,3
5.2283,1.5666,1.6512,0.7768,3
5.2283,1.5666,1.6488,0.7841,3
5.2283,1.5650,1.6480,0.7841,3
5.2283,1.5658,1.6544,0.7462,3
5.2283,1.5642,1.6577,0.7067,3
5.2283,1.5642,1.6552,0.6922,3
5.2283,1.5601,1.6415,0.6898,3
5.2283,1.5610,1.6295,0.6971,3
5.2283,1.5577,1.6262,0.6995,3
5.2283,1.5618,1.6278,0.7156,3
5.2283,1.5626,1.6375,0.7180,3
5.2283,1.5642,1.6367,0.7188,3
5.2283,1.5634,1.6270,0.7180,3
5.2283,1.5690,1.6246,0.7349,3
5.2283,1.5682,1.6206,0.7623,3
5.2283,1.5698,1.6278,0.7849,3
5.2283,1.5658,1.6327,0.7954,3
5.2283,1.5706,1.6440,0.7881,3
5.2639,1.5674,1.6415,0.7744,3
5.2639,1.5666,1.6391,0.7688,3
5.2639,1.5714,1.6432,0.7648,3
5.2639,1.5682,1.6407,0.7495,3
5.2639,1.5722,1.6488,0.7406,3
5.2639,1.5666,1.6536,0.7325,3
5.2639,1.5698,1.6633,0.7172,3
5.2639,1.5658,1.6560,0.6995,3
5.2639,1.5690,1.6528,0.6826,3
5.2639,1.5666,1.6544,0.6640,3
5.2639,1.5738,1.6512,0.6527,3
5.2639,1.5642,1.6544,0.6044,3
5.2639,1.5634,1.6568,0.6092,3
5.2639,1.5658,1.6722,0.6503,3
5.2639,1.5626,1.6778,0.6705,3
5.2639,1.5634,1.6673,0.6858,3
5.2639,1.5593,1.6577,0.7019,3
5.2639,1.5642,1.6536,0.7253,3
5.2639,1.5658,1.6512,0.7341,3
5.2639,1.5618,1.6456,0.7478,3
5.2639,1.5223,1.6560,0.7599,3
5.2639,1.5319,1.6552,0.7889,3
5.2639,1.5336,1.6480,0.7777,3
5.2639,1.5327,1.6464,0.7398,3
5.2639,1.5303,1.6407,0.7204,3
5.2639,1.5352,1.6488,0.7027,3
5.2639,1.5400,1.6512,0.6979,3
5.2639,1.5376,1.6560,0.6818,3
5.2639,1.5400,1.6496,0.6793,3
5.2639,1.5456,1.6456,0.6947,3
5.2639,1.5843,1.6440,0.7019,3
5.2639,1.5787,1.6488,0.7317,3
5.2639,1.5714,1.6577,0.7390,3
5.2639,1.5674,1.6996,0.7511,3
5.2639,1.5682,1.6963,0.7495,3
5.2639,1.5650,1.6883,0.7486,3
5.2639,1.5585,1.6730,0.7390,3
5.2639,1.5569,1.6665,0.7317,3
5.2639,1.5593,1.6665,0.7221,3
5.2639,1.5497,1.6681,0.7124,3
5.2639,1.5440,1.6633,0.7180,3
5.2639,1.5392,1.6633,0.7043,3
5.2639,1.5408,1.6625,0.7059,3
5.2639,1.5456,1.6133,0.7043,3
5.2639,1.5473,1.6141,0.7092,3
5.2639,1.5473,1.6278,0.7212,3
5.2639,1.5384,1.6399,0.7341,3
5.2639,1.5400,1.6512,0.7511,3
5.2639,1.5352,1.6665,0.7551,3
5.2639,1.5440,1.6705,0.7527,3
5.2639,1.5545,1.6786,0.7543,3
5.2639,1.5634,1.6810,0.7527,3
5.2639,1.5634,1.6794,0.7648,3
5.2639,1.5593,1.6697,0.7704,3
5.2639,1.5610,1.6714,0.7688,3
5.2639,1.5618,1.6593,0.7656,3
5.2639,1.5747,1.6673,0.7680,3
5.2639,1.5811,1.6601,0.7632,3
5.2639,1.5819,1.6641,0.7688,3
5.2639,1.5779,1.6697,0.7752,3
5.2639,1.5706,1.6738,0.7664,3
5.2639,1.5698,1.6730,0.7664,3
5.2639,1.5706,1.6673,0.7543,3
5.2639,1.5738,1.6730,0.7535,3
5.2639,1.5755,1.6601,0.7640,3
5.2639,1.5771,1.6601,0.7720,3
5.2639,1.5747,1.6577,0.7809,3
5.2639,1.5690,1.6649,0.7736,3
5.2639,1.5827,1.6617,0.7736,3
5.2639,1.5843,1.6577,0.7656,3
5.2639,1.5811,1.6520,0.7736,3
5.3238,1.5811,1.6415,0.7873,3
5.3238,1.5811,1.6448,0.7881,3
5.3238,1.5771,1.6528,0.7793,3
5.3238,1.5738,1.6593,0.7672,3
5.3238,1.5747,1.6625,0.7583,3
5.3238,1.5779,1.6625,0.7454,3
5.3238,1.5795,1.6641,0.7495,3
5.3238,1.5650,1.6593,0.7511,3
5.3238,1.5626,1.6568,0.7567,3
5.3238,1.5658,1.6568,0.7567,3
5.3238,1.5658,1.6641,0.8518,3
5.3238,1.5650,1.6568,0.8599,3
5.3238,1.5610,1.6520,0.8647,3
5.3238,1.5642,1.6625,0.8687,3
5.3238,1.5642,1.6665,0.8727,3
5.3238,1.5642,1.6689,0.8687,3
5.3238,1.5626,1.6665,0.8703,3
5.3238,1.5706,1.6697,0.8631,3
5.3238,1.5730,1.6730,0.8639,3
5.3238,1.5714,1.6633,0.8695,3
5.3238,1.5706,1.6609,0.7962,3
5.3238,1.5698,1.6625,0.8099,3
5.3238,1.5722,1.6697,0.8220,3
5.3238,1.5642,1.6697,0.8333,3
5.3238,1.5674,1.6697,0.8566,3
5.3238,1.5650,1.6738,0.8816,3
5.3238,1.5666,1.6705,0.8816,3
5.3238,1.5577,1.6609,0.8816,3
5.3238,1.5585,1.6593,0.8510,3
5.3238,1.5593,1.6705,0.7986,3
5.3238,1.5593,1.6689,0.7430,3
5.3238,1.5585,1.6754,0.7043,3
5.3238,1.5585,1.6730,0.6753,3
5.3238,1.5642,1.6665,0.6511,3
5.3238,1.5577,1.6673,0.6382,3
5.3238,1.5561,1.6472,0.6310,3
5.3238,1.5561,1.6528,0.6640,3
5.3238,1.5569,1.6577,0.6987,3
5.3238,1.5585,1.6585,0.7519,3
5.3238,1.5577,1.6504,0.8123,3
5.3238,1.5601,1.6440,0.8518,3
5.3238,1.5682,1.6488,0.8752,3
5.3238,1.5698,1.6528,0.8945,3
5.3238,1.5738,1.6601,0.9042,3
5.3238,1.5763,1.6488,0.8881,3
5.3238,1.5714,1.6681,0.8727,3
5.3238,1.5626,1.6577,0.8429,3
5.3238,1.5610,1.6472,0.8107,3
5.3238,1.5610,1.6472,0.7817,3
5.3238,1.5610,1.6488,0.7591,3
5.3238,1.5593,1.6657,0.7462,3
5.3238,1.5481,1.6657,0.7446,3
5.3238,1.5537,1.6649,0.7333,3
5.3238,1.5473,1.6649,0.7253,3
5.3238,1.5448,1.6633,0.7180,3
5.3238,1.5513,1.6577,0.7108,3
5.3238,1.5529,1.6496,0.7092,3
5.3238,1.5569,1.6625,0.7221,3
5.3238,1.5553,1.6633,0.7317,3
5.3238,1.5610,1.6689,0.7438,3
5.3238,1.5618,1.6689,0.7446,3
5.3238,1.5674,1.6560,0.7446,3
5.3238,1.5634,1.6512,0.7623,3
5.3238,1.5682,1.6448,0.7905,3
5.3238,1.5666,1.6472,0.8228,3
5.3238,1.5682,1.6440,0.8599,3
5.3238,1.5690,1.6609,0.8808,3
5.3238,1.5650,1.6585,0.8824,3
5.3238,1.5593,1.6633,0.8840,3
5.3238,1.5489,1.6641,0.8929,3
5.3238,1.5448,1.6625,0.9074,3
5.3238,1.5440,1.6722,0.9155,3
5.3238,1.5456,1.6714,0.9163,3
5.3238,1.5400,1.6714,0.9026,3
5.3238,1.5416,1.6681,0.8905,3
5.3238,1.5392,1.6585,0.8566,3
5.3238,1.5489,1.6577,0.8300,3
5.3238,1.5456,1.6585,0.8284,3
5.3238,1.5497,1.6577,0.8316,3
5.3238,1.5537,1.6585,0.8349,3
5.3238,1.5561,1.6480,0.8365,3
5.3238,1.5497,1.6464,0.8341,3
5.3238,1.5513,1.6415,0.8341,3
5.3238,1.5473,1.6415,0.8421,3
5.3238,1.5424,1.6488,0.8357,3
5.3238,1.5432,1.6552,0.8462,3
5.3238,1.5319,1.6601,0.8510,3
5.3238,1.5368,1.6593,0.8429,3
5.3238,1.5376,1.6593,0.8413,3
5.3238,1.5408,1.6512,0.8276,3
5.3238,1.5416,1.6568,0.8075,3
5.3238,1.5416,1.6560,0.8051,3
5.3238,1.5360,1.6544,0.8091,3
5.3238,1.5448,1.6609,0.8075,3
5.3238,1.5513,1.6617,0.8123,3
5.3238,1.5473,1.6641,0.8196,3
5.3238,1.5481,1.6528,0.8228,3
5.3238,1.5497,1.6577,0.8276,3
5.3238,1.5569,1.6552,0.8292,3
5.3238,1.5497,1.6657,0.8292,3
5.3238,1.5174,1.6649,0.8357,3
5.3238,1.4755,1.6560,0.8308,3
5.3238,1.4925,1.6625,0.8357,3
5.3238,1.4957,1.6496,0.8260,3
5.3238,1.5013,1.6528,0.8220,3
5.3238,1.5070,1.6585,0.8123,3
5.3238,1.4788,1.6649,0.8486,3
5.3238,1.4916,1.6593,0.8542,3
5.3238,1.4820,1.6488,0.8478,3
5.3238,1.4933,1.6359,0.8558,3
5.3238,1.5279,1.6319,0.8590,3
5.3238,1.5738,1.6423,0.8800,3
5.3238,1.5553,1.6407,0.8792,3
5.3238,1.5505,1.6544,0.8856,3
5.3238,1.5416,1.6544,0.8937,3
5.3238,1.5408,1.6560,0.8873,3
5.3238,1.5666,1.6617,0.8526,3
5.3238,1.5537,1.6488,0.8373,3
5.3238,1.5481,1.6577,0.8260,3
5.3238,1.5327,1.6657,0.8179,3
5.3713,1.5231,1.6649,0.8220,3
5.3713,1.5231,1.6641,0.8131,3
5.3713,1.5279,1.6617,0.8139,3
5.3713,1.5199,1.6641,0.8228,3
5.3713,1.5199,1.6609,0.8316,3
5.3713,1.5166,1.6593,0.8582,3
5.3713,1.5601,1.6464,0.8864,3
5.3713,1.5537,1.6577,0.9050,3
5.3713,1.5601,1.6593,0.9195,3
5.3713,1.5682,1.6448,0.9155,3
5.3713,1.5738,1.7133,0.8985,3
5.3713,1.5730,1.7036,0.8776,3
5.3713,1.5755,1.7100,0.8607,3
5.3713,1.5851,1.6996,0.8405,3
5.3713,1.5892,1.6899,0.8123,3
5.3713,1.5924,1.6915,0.7986,3
5.3713,1.5601,1.6947,0.7688,3
5.3713,1.5618,1.6883,0.7632,3
5.3713,1.5626,1.6851,0.7559,3
5.3713,1.5618,1.7004,0.7583,3
5.3713,1.5682,1.6375,0.7688,3
5.3713,1.5771,1.6488,0.7825,3
5.3713,1.5827,1.6585,0.7905,3
5.3713,1.5827,1.6577,0.8018,3
5.3713,1.5875,1.6633,0.7865,3
5.3713,1.5900,1.6585,0.7946,3
5.3713,1.5811,1.6673,0.8018,3
5.3713,1.5884,1.6730,0.8002,3
5.3713,1.5271,1.6746,0.8131,3
5.3713,1.5360,1.6810,0.8276,3
5.3713,1.5376,1.6875,0.8389,3
5.3713,1.5376,1.6923,0.8437,3
5.3713,1.5368,1.6842,0.8462,3
5.3713,1.5424,1.6867,0.8453,3
5.3713,1.5384,1.6810,0.8800,3
5.3713,1.5384,1.6786,0.8768,3
5.3713,1.5489,1.6738,0.8921,3
5.3713,1.5456,1.6641,0.8969,3
5.3713,1.6077,1.6649,0.8929,3
5.3713,1.6029,1.6601,0.8881,3
5.3713,1.5988,1.6593,0.8913,3
5.3713,1.5900,1.6520,0.9018,3
5.3713,1.5843,1.6456,0.9026,3
5.3713,1.5730,1.6520,0.9090,3
5.3713,1.5666,1.6560,0.9114,3
5.3713,1.5585,1.6601,0.9001,3
5.3713,1.5489,1.6577,0.8744,3
5.3713,1.5473,1.6697,0.8558,3
5.3713,1.5497,1.6689,0.8429,3
5.3713,1.5456,1.6657,0.8413,3
5.3713,1.5400,1.6585,0.8357,3
5.3713,1.5456,1.6496,0.8091,3
5.3713,1.5456,1.6520,0.8042,3
5.3713,1.5448,1.6480,0.8018,3
5.3713,1.5497,1.6593,0.8051,3
5.3713,1.5553,1.6520,0.8204,3
5.3713,1.5690,1.6512,0.8316,3
5.3713,1.5722,1.6512,0.8542,3
5.3713,1.5755,1.6399,0.8824,3
5.3713,1.5706,1.6423,0.9042,3
5.3713,1.5771,1.6432,0.9243,3
5.3713,1.5779,1.6528,0.9541,3
5.3713,1.5819,1.6480,0.9703,3
5.3713,1.5916,1.6456,0.9856,3
5.3713,1.5932,1.6335,0.9936,3
5.3713,1.5956,1.6383,0.9904,3
5.3713,1.5892,1.6440,0.9864,3
5.3713,1.5964,1.6391,0.9719,3
5.3713,1.5948,1.6577,0.9316,3
5.3713,1.6045,1.6568,0.8856,3
5.3713,1.5964,1.6480,0.8502,3
5.3713,1.5964,1.6448,0.8260,3
5.3713,1.5859,1.6464,0.7905,3
5.3713,1.5851,1.6536,0.7785,3
5.3713,1.5859,1.6681,0.7632,3
5.3713,1.5875,1.6722,0.7632,3
5.3713,1.5747,1.6689,0.7849,3
5.3713,1.5690,1.6665,0.8042,3
5.3713,1.5674,1.6568,0.8558,3
5.3713,1.5674,1.6536,0.8792,3
5.3713,1.5722,1.6552,0.8744,3
5.3713,1.5698,1.6496,0.8824,3
5.3713,1.5787,1.6552,0.9098,3
5.3713,1.5529,1.6544,0.9155,3
5.3713,1.5513,1.6496,0.9251,3
5.3713,1.5473,1.6480,0.9122,3
5.3713,1.5618,1.6407,0.8840,3
5.3713,1.5642,1.6407,0.8792,3
5.3713,1.5626,1.6335,0.8599,3
5.3713,1.5610,1.6351,0.8647,3
5.3713,1.5714,1.6367,0.8792,3
5.3713,1.5690,1.6391,0.8921,3
5.3713,1.5618,1.6407,0.8526,3
5.3713,1.5843,1.6399,0.8566,3
5.3713,1.5851,1.6423,0.8590,3
5.4188,1.5835,1.6423,0.8736,3
5.4188,1.5787,1.6512,0.8921,3
5.4188,1.5714,1.6577,0.8848,3
5.4188,1.5690,1.6577,0.8808,3
5.4188,1.5674,1.6641,0.8848,3
5.4188,1.5585,1.6577,0.8977,3
5.4188,1.5537,1.6641,0.8881,3
5.4188,1.5593,1.6649,0.9300,3
5.4188,1.5601,1.6601,0.9106,3
5.4188,1.5642,1.6593,0.8985,3
5.4188,1.5674,1.6681,0.8945,3
5.4188,1.5747,1.6657,0.8969,3
5.4188,1.5803,1.6601,0.9026,3
5.4188,1.5827,1.6633,0.8945,3
5.4188,1.5795,1.6512,0.8856,3
5.4188,1.5803,1.6568,0.8816,3
5.4188,1.5916,1.6601,0.8873,3
5.4188,1.5900,1.6472,0.8848,3
5.4188,1.5916,1.6520,0.8945,3
5.4188,1.5924,1.6415,0.9034,3
5.4188,1.5851,1.6383,0.9130,3
5.4188,1.5803,1.6399,0.9130,3
5.4188,1.5851,1.6399,0.9138,3
5.4188,1.5835,1.6407,0.9179,3
5.4188,1.5892,1.6391,0.9195,3
5.4188,1.5892,1.6480,0.9275,3
5.4188,1.5835,1.6456,0.9251,3
5.4188,1.5908,1.6577,0.9388,3
5.4188,1.5892,1.6577,0.9348,3
5.4188,1.5851,1.6577,0.9292,3
5.4188,1.5908,1.6528,0.9292,3
5.4188,1.5900,1.6399,0.9171,3
5.4188,1.5843,1.6407,0.9074,3
5.4188,1.5859,1.6472,0.9122,3
5.4188,1.5851,1.6585,0.9300,3
5.4188,1.5867,1.6512,0.9477,3
5.4188,1.5892,1.6520,0.9670,3
5.4188,1.5827,1.6496,0.9751,3
5.4188,1.5892,1.6415,1.0009,3
5.4188,1.5875,1.6399,1.0299,3
5.4188,1.5892,1.6407,1.0428,3
5.4188,1.5884,1.6512,1.0678,3
5.4188,1.5988,1.6577,1.0831,3
5.4188,1.5980,1.6552,1.0839,3
5.4188,1.5988,1.6520,1.0662,3
5.4188,1.5964,1.6552,1.0210,3
5.4188,1.5972,1.6456,0.9783,3
5.4188,1.6012,1.6375,0.9380,3
5.4188,1.5892,1.6367,0.9082,3
5.4188,1.5916,1.6432,0.8736,3
5.4188,1.5916,1.6351,0.8542,3
5.4188,1.5908,1.6375,0.8607,3
5.4188,1.5755,1.6375,0.8550,3
5.4188,1.5779,1.6383,0.8486,3
5.4188,1.5843,1.6383,0.8542,3
5.4188,1.5827,1.6367,0.8784,3
5.4188,1.5851,1.6375,0.9074,3
5.4188,1.5803,1.6407,0.9187,3
5.4188,1.5521,1.6423,0.9348,3
5.4188,1.5521,1.6351,0.9477,3
5.4188,1.5561,1.6464,0.9630,3
5.4188,1.5642,1.6496,0.9517,3
5.4188,1.5747,1.6496,0.9469,3
5.4188,1.5755,1.6488,0.9453,3
5.4188,1.5690,1.6399,0.9437,3
5.4188,1.5755,1.6440,0.9300,3
5.4188,1.5771,1.6423,0.9211,3
5.4188,1.5763,1.6472,0.9267,3
5.4188,1.6021,1.6480,0.9147,3
5.4188,1.6029,1.6496,0.9098,3
5.4188,1.6004,1.6456,0.8977,3
5.4188,1.5932,1.6351,0.8736,3
5.4188,1.5714,1.6343,0.8671,3
5.4188,1.5698,1.6303,0.8566,3
5.4188,1.5730,1.6303,0.8550,3
5.4188,1.5714,1.6254,0.8615,3
5.4188,1.5714,1.6335,0.8623,3
5.4188,1.5763,1.6286,0.8607,3
5.4188,1.5827,1.6133,0.8687,3
5.4188,1.5787,1.6198,0.8703,3
5.4188,1.5795,1.6206,0.8671,3
5.4188,1.5771,1.6295,0.8808,3
5.4188,1.5884,1.6246,0.8945,3
5.4188,1.5811,1.6206,0.9018,3
5.4188,1.5795,1.6295,0.9090,3
5.4188,1.5811,1.6254,0.9203,3
5.4188,1.5771,1.6206,0.9251,3
5.4188,1.5682,1.6262,0.9348,3
5.4188,1.5738,1.6520,0.9396,3
5.4188,1.5843,1.6504,0.9445,3
5.4188,1.5859,1.6448,0.9404,3
5.4188,1.5835,1.6415,0.9437,3
5.4188,1.5948,1.6303,0.9421,3
5.4188,1.5996,1.6335,0.9549,3
5.4188,1.5908,1.6254,0.9558,3
5.4663,1.5827,1.6343,0.9525,3
5.4663,1.5859,1.6383,0.9558,3
5.4663,1.5924,1.6343,0.9517,3
5.4663,1.5892,1.6270,0.9517,3
5.4663,1.5795,1.6206,0.9485,3
5.4663,1.5763,1.6222,0.9590,3
5.4663,1.5779,1.6166,0.9590,3
5.4663,1.5706,1.6295,0.9614,3
5.4663,1.5730,1.6303,0.9646,3
5.4663,1.5827,1.6343,0.9662,3
5.4663,1.5851,1.6343,0.9686,3
5.4663,1.5779,1.6303,0.9614,3
5.4663,1.5787,1.6359,0.9703,3
5.4663,1.5795,1.6311,0.9767,3
5.4663,1.5795,1.6319,0.9823,3
5.4663,1.5755,1.6270,0.9872,3
5.4663,1.5787,1.6246,0.9896,3
5.4663,1.5811,1.6246,0.9904,3
5.4663,1.5771,1.6230,0.9896,3
5.4663,1.5771,1.6286,0.9840,3
5.4663,1.5771,1.6319,0.9783,3
5.4663,1.5795,1.6399,0.9799,3
5.4663,1.5763,1.6311,0.9799,3
5.4663,1.5747,1.6351,0.9743,3
5.4663,1.5779,1.6335,0.9646,3
5.4663,1.5827,1.6286,0.9598,3
5.4663,1.5835,1.6270,0.9566,3
5.4663,1.5835,1.6319,0.9630,3
5.4663,1.5827,1.6432,0.9654,3
5.4663,1.5779,1.6488,0.9686,3
5.4663,1.5730,1.6359,0.9880,3
5.4663,1.5601,1.6327,0.9985,3
5.4663,1.5593,1.6286,1.0073,3
5.4663,1.5618,1.6230,1.0033,3
5.4663,1.5561,1.6246,1.0130,3
5.4663,1.5569,1.6327,1.0138,3
5.4663,1.5577,1.6391,1.0146,3
5.4663,1.5601,1.6327,1.0065,3
5.4663,1.5601,1.6311,1.0001,3
5.4663,1.5618,1.6182,1.0001,3
5.4663,1.5706,1.6270,0.9904,3
5.4663,1.5859,1.6230,0.9799,3
5.4663,1.5900,1.6286,0.9727,3
5.4663,1.5884,1.6295,0.9783,3
5.4663,1.5867,1.6270,0.9767,3
5.4663,1.5835,1.6931,0.9783,3
5.4663,1.5738,1.6867,0.9864,3
5.4663,1.5730,1.6915,0.9904,3
5.4663,1.5771,1.6899,0.9985,3
5.4663,1.5779,1.6931,1.0001,3
5.4663,1.5199,1.6810,1.0065,3
5.4663,1.5247,1.6705,1.0186,3
5.4663,1.5400,1.6697,1.0202,3
5.4663,1.5432,1.6697,1.0186,3
5.4663,1.5448,1.6826,1.0081,3
5.4663,1.5448,1.6174,1.0146,3
5.4663,1.5553,1.6351,1.0073,3
5.4663,1.5537,1.6367,1.0073,3
5.4663,1.5521,1.6270,1.0146,3
5.4663,1.5513,1.6311,1.0194,3
5.4663,1.6053,1.6375,1.0122,3
5.4663,1.6053,1.6552,1.0146,3
5.4663,1.5851,1.6609,1.0114,3
5.4663,1.5827,1.6673,1.0130,3
5.4663,1.5859,1.6665,1.0283,3
5.4663,1.5755,1.6762,1.0202,3
5.4663,1.5674,1.6714,1.0186,3
5.4663,1.5666,1.6625,1.0202,3
5.4663,1.5658,1.6697,1.0138,3
5.4663,1.5642,1.6617,1.0081,3
5.4663,1.5642,1.6625,0.9960,3
5.4663,1.5577,1.6520,0.9960,3
5.4663,1.5610,1.6440,0.9090,3
5.4663,1.5529,1.6391,0.9179,3
5.4663,1.5521,1.6319,0.9195,3
5.4663,1.5561,1.6286,0.9316,3
5.4663,1.5585,1.6286,0.9388,3
5.4663,1.5618,1.6351,0.9372,3
5.4663,1.5601,1.6278,0.9412,3
5.4663,1.5650,1.6278,0.9477,3
5.4663,1.5626,1.6270,0.9711,3
5.4663,1.5642,1.6311,0.9630,3
5.4663,1.5674,1.6367,1.0476,3
5.4663,1.5843,1.6456,1.0339,3
5.4663,1.5803,1.6552,1.0267,3
5.4663,1.5867,1.6568,1.0089,3
5.4663,1.5924,1.6432,1.0017,3
5.4663,1.5916,1.6423,0.9912,3
5.4663,1.5964,1.6407,0.9751,3
5.4663,1.5924,1.6399,0.9751,3
5.4663,1.5940,1.6383,0.9678,3
5.4663,1.5940,1.6375,0.9743,3
5.4663,1.5851,1.6351,0.9719,3
5.4663,1.5690,1.6198,0.9735,3
5.4663,1.5706,1.6190,0.9783,3
5.5138,1.5674,1.6158,1.0009,3
5.5138,1.5996,1.6222,1.0162,3
5.5138,1.5964,1.6238,1.0331,3
5.5138,1.5916,1.6278,1.0589,3
5.5138,1.5892,1.6303,1.0589,3
5.5138,1.5867,1.6343,1.0581,3
5.5138,1.5811,1.6415,1.0460,3
5.5138,1.5875,1.6536,1.0573,3
5.5138,1.5940,1.6665,1.0541,3
5.5138,1.5908,1.6657,1.0565,3
5.5138,1.5900,1.6552,1.0404,3
5.5138,1.5561,1.6536,1.0162,3
5.5138,1.5618,1.6536,1.0009,3
5.5138,1.5618,1.6520,0.9896,3
5.5138,1.5674,1.6496,0.9920,3
5.5138,1.5771,1.6544,0.9985,3
5.5138,1.5835,1.6585,1.0210,3
5.5138,1.5843,1.6480,1.0283,3
5.5138,1.5900,1.6391,1.0476,3
5.5138,1.5948,1.6375,1.0516,3
5.5138,1.5932,1.6415,1.0629,3
5.5138,1.5892,1.6383,1.0839,3
5.5138,1.5875,1.6423,1.0976,3
5.5138,1.5932,1.6415,1.0960,3
5.5138,1.5932,1.6448,1.0936,3
5.5138,1.5819,1.6472,1.0903,3
5.5138,1.5827,1.6359,1.0774,3
5.5138,1.5779,1.6415,1.0662,3
5.5138,1.5771,1.6407,1.0581,3
5.5138,1.5706,1.6432,1.0533,3
5.5138,1.5763,1.6472,1.0484,3
5.5138,1.5730,1.6464,1.0484,3
5.5138,1.5666,1.6359,1.0468,3
5.5138,1.5658,1.6440,1.0476,3
5.5138,1.5642,1.6560,1.0444,3
5.5138,1.5658,1.6504,1.0388,3
5.5138,1.5593,1.6536,1.0412,3
5.5138,1.5642,1.6528,1.0444,3
5.5138,1.5618,1.6423,1.0412,3
5.5138,1.5618,1.6335,1.0404,3
5.5138,1.5569,1.6270,1.0388,3
5.5138,1.5593,1.6383,1.0299,3
5.5138,1.5650,1.6391,1.0323,3
5.5138,1.5601,1.6335,1.0363,3
5.5138,1.5610,1.6335,1.0355,3
5.5138,1.5610,1.6230,1.0371,3
5.5138,1.5666,1.6166,1.0404,3
5.5138,1.5610,1.6190,1.0460,3
5.5138,1.5601,1.6303,1.0492,3
5.5138,1.5658,1.6375,1.0492,3
5.5138,1.5722,1.6464,1.0492,3
5.5138,1.5755,1.6464,1.0589,3
5.5138,1.5747,1.6472,1.0597,3
5.5138,1.5763,1.6464,1.0549,3
5.5138,1.5698,1.6383,1.0589,3
5.5138,1.5666,1.6520,1.0605,3
5.5138,1.5650,1.6520,1.0629,3
5.5138,1.5722,1.6351,1.0533,3
5.5138,1.5714,1.6351,1.0565,3
5.5138,1.5738,1.6278,1.0645,3
5.5138,1.5779,1.6166,1.0645,3
5.5138,1.5771,1.6109,1.0710,3
5.5138,1.5714,1.6278,1.0686,3
5.5138,1.5674,1.6262,1.0734,3
5.5138,1.5690,1.6158,1.0742,3
5.5138,1.5827,1.6109,1.0799,3
5.5138,1.5771,1.6101,1.0782,3
5.5138,1.5690,1.6222,1.0823,3
5.5138,1.5722,1.6222,1.0847,3
5.5138,1.5706,1.6375,1.0799,3
5.5138,1.5618,1.6496,1.0855,3
5.5138,1.5682,1.6456,1.0799,3
5.5138,1.5771,1.6286,1.0799,3
5.5138,1.5787,1.6278,1.0774,3
5.5138,1.5787,1.6319,1.0750,3
5.5138,1.5730,1.6295,1.0581,3
5.5138,1.5827,1.6303,1.0637,3
5.5138,1.5900,1.6295,1.0549,3
5.5138,1.5819,1.6359,1.0533,3
5.5138,1.5803,1.6319,1.0525,3
5.5138,1.5867,1.6286,1.0500,3
5.5138,1.5819,1.6311,1.0331,3
5.5138,1.5940,1.6270,1.0251,3
5.5138,1.5908,1.6359,1.0226,3
5.5138,1.5916,1.6335,1.0218,3
5.5138,1.5859,1.6319,1.0404,3
5.5138,1.5779,1.6343,1.0388,3
5.5138,1.5747,1.6432,1.0412,3
5.5138,1.5819,1.6448,1.0339,3
5.5138,1.5819,1.6335,1.0355,3
5.5138,1.5787,1.6335,1.0379,3
5.5138,1.5747,1.6391,1.0525,3
5.5138,1.5593,1.6415,1.0637,3
5.5138,1.5698,1.6327,1.0662,3
5.5138,1.5674,1.6327,1.0750,3
5.5613,1.5682,1.6423,1.0823,3
5.5613,1.5763,1.6504,1.0823,3
5.5613,1.5738,1.6496,1.0750,3
5.5613,1.5682,1.6480,1.0847,3
5.5613,1.5714,1.6456,1.0863,3
5.5613,1.5779,1.6407,1.0855,3
5.5613,1.5763,1.6496,1.0782,3
5.5613,1.5779,1.6504,1.0726,3
5.5613,1.5787,1.6577,1.0726,3
5.5613,1.5819,1.6681,1.0686,3
5.5613,1.5875,1.6657,1.0613,3
5.5613,1.5859,1.6568,1.0573,3
5.5613,1.5916,1.6552,1.0645,3
5.5613,1.5956,1.6536,1.0645,3
5.5613,1.5940,1.6633,1.0645,3
5.5613,1.5875,1.6617,1.0734,3
5.5613,1.5964,1.6746,1.0799,3
5.5613,1.5948,1.6730,1.0855,3
5.5613,1.5851,1.6617,1.0839,3
5.5613,1.5875,1.6544,1.0863,3
5.5613,1.5875,1.6577,1.0847,3
5.5613,1.5859,1.6649,1.0903,3
5.5613,1.5948,1.6536,1.0903,3
5.5613,1.5892,1.6536,1.0927,3
5.5613,1.5900,1.6480,1.0968,3
5.5613,1.5892,1.6448,1.0863,3
5.5613,1.5811,1.6190,1.0903,3
5.5613,1.5827,1.6238,1.0879,3
5.5613,1.5892,1.6440,1.1105,3
5.5613,1.5900,1.6552,1.1113,3
5.5613,1.5892,1.6464,1.1048,3
5.5613,1.5924,1.6423,1.1056,3
5.5613,1.5835,1.6464,1.1169,3
5.5613,1.5884,1.6432,1.1201,3
5.5613,1.5884,1.6383,1.1193,3
5.5613,1.5916,1.6520,1.1218,3
5.5613,1.5940,1.6520,1.1113,3
5.5613,1.5884,1.6609,1.1185,3
5.5613,1.5827,1.6568,1.1056,3
5.5613,1.5859,1.6448,1.1024,3
5.5613,1.5875,1.6504,1.1024,3
5.5613,1.5859,1.6456,1.0984,3
5.5613,1.5867,1.6440,1.0992,3
5.5613,1.5900,1.6504,1.0968,3
5.5613,1.5900,1.6601,1.0903,3
5.5613,1.5867,1.6496,1.0911,3
5.5613,1.5964,1.6528,1.1008,3
5.5613,1.6004,1.6399,1.0976,3
5.5613,1.6004,1.6391,1.0871,3
5.5613,1.5924,1.6456,1.0927,3
5.5613,1.5859,1.6440,1.0992,3
5.5613,1.5875,1.6440,1.1016,3
5.5613,1.5835,1.6504,1.1000,3
5.5613,1.5763,1.6448,1.1024,3
5.5613,1.5755,1.6440,1.1032,3
5.5613,1.5771,1.6552,1.1040,3
5.5613,1.5730,1.6633,1.1056,3
5.5613,1.5682,1.6689,1.1056,3
5.5613,1.5811,1.6496,1.1097,3
5.5613,1.5892,1.6520,1.1016,3
5.5613,1.5892,1.6456,1.1064,3
5.5613,1.5827,1.6472,1.1153,3
5.5613,1.5859,1.6472,1.1169,3
5.5613,1.5859,1.6512,1.1105,3
5.5613,1.5803,1.6560,1.1064,3
5.5613,1.5755,1.6520,1.1161,3
5.5613,1.5763,1.6415,1.1322,3
5.5613,1.5819,1.6343,1.1322,3
5.5613,1.5755,1.6472,1.1371,3
5.5613,1.5730,1.6448,1.1395,3
5.5613,1.5803,1.6536,1.1411,3
5.5613,1.5859,1.6552,1.1387,3
5.5613,1.5867,1.6496,1.1330,3
5.5613,1.5795,1.6512,1.1322,3
5.5613,1.5859,1.6480,1.1500,3
5.5613,1.5916,1.6496,1.1395,3
5.5613,1.5892,1.6407,1.1185,3
5.5613,1.5908,1.6504,1.1129,3
5.5613,1.5956,1.6448,1.1145,3
5.5613,1.5948,1.6432,1.1169,3
5.5613,1.5867,1.6407,1.1193,3
5.5613,1.5932,1.6415,1.1185,3
5.5613,1.5932,1.6504,1.1185,3
5.5613,1.6029,1.6480,1.1226,3
5.5613,1.6004,1.6512,1.1145,3
5.5613,1.5908,1.6399,1.1218,3
5.5613,1.5940,1.6423,1.1298,3
5.5613,1.5884,1.6343,1.1338,3
5.5613,1.5843,1.6488,1.1451,3
5.5613,1.5867,1.6536,1.1459,3
5.5613,1.5972,1.6472,1.1411,3
5.5613,1.5884,1.6528,1.1363,3
5.5613,1.5851,1.6496,1.1322,3
5.5613,1.5884,1.6375,1.1322,3
5.5613,1.5867,1.6270,1.1355,3
5.6088,1.5908,1.6262,1.1338,3
5.6088,1.5859,1.6391,1.1290,3
5.6088,1.5859,1.6383,1.1314,3
5.6088,1.5738,1.6319,1.1218,3
5.6088,1.5690,1.6270,1.1274,3
5.6088,1.5626,1.6295,1.1330,3
5.6088,1.5626,1.6327,1.1387,3
5.6088,1.5698,1.6335,1.1419,3
5.6088,1.5666,1.6407,1.1403,3
5.6088,1.5722,1.6432,1.1395,3
5.6088,1.6278,1.6472,1.1395,3
5.6088,1.6262,1.6601,1.1451,3
5.6088,1.6262,1.6585,1.1379,3
5.6088,1.6278,1.6617,1.1371,3
5.6088,1.6166,1.6657,1.1403,3
5.6088,1.6166,1.6649,1.1347,3
5.6088,1.6101,1.6593,1.1355,3
5.6088,1.6021,1.6480,1.1395,3
5.6088,1.6053,1.6472,1.1411,3
5.6088,1.6037,1.6423,1.1435,3
5.6088,1.5553,1.6432,1.1371,3
5.6088,1.5545,1.6254,1.1306,3
5.6088,1.5537,1.6399,1.1314,3
5.6088,1.5593,1.6456,1.1363,3
5.6088,1.5698,1.6383,1.1306,3
5.6088,1.5730,1.6448,1.1322,3
5.6088,1.5771,1.6335,1.1242,3
5.6088,1.5787,1.6375,1.1193,3
5.6088,1.5755,1.6351,1.1274,3
5.6088,1.5771,1.6480,1.1274,3
5.6088,1.5747,1.6544,1.1379,3
5.6088,1.5787,1.6536,1.1427,3
5.6088,1.5795,1.6536,1.1564,3
5.6088,1.5811,1.6367,1.1604,3
5.6088,1.5803,1.6440,1.1621,3
5.6088,1.5771,1.6423,1.1580,3
5.6088,1.5763,1.6544,1.1580,3
5.6088,1.5722,1.6496,1.1645,3
5.6088,1.5779,1.6520,1.1621,3
5.6088,1.5730,1.6504,1.1612,3
5.6088,1.5690,1.6432,1.1564,3
5.6088,1.5771,1.6528,1.1572,3
5.6088,1.5835,1.6407,1.1548,3
5.6088,1.5851,1.6496,1.1492,3
5.6088,1.5827,1.6415,1.1451,3
5.6088,1.5884,1.6286,1.1419,3
5.6088,1.5908,1.6303,1.1427,3
5.6088,1.5932,1.6375,1.1467,3
5.6088,1.5875,1.6391,1.1419,3
5.6088,1.5884,1.6891,1.1435,3
5.6088,1.5851,1.6996,1.1387,3
5.6088,1.5747,1.6842,1.2354,3
5.6088,1.5722,1.6810,1.2241,3
5.6088,1.5763,1.6786,1.2241,3
5.6088,1.5779,1.6746,1.2193,3
5.6088,1.5698,1.6794,1.2257,3
5.6088,1.5666,1.6778,1.2273,3
5.6088,1.5747,1.6834,1.2225,3
5.6088,1.5747,1.6891,1.2281,3
5.6088,1.5730,1.6303,1.2160,3
5.6088,1.5755,1.6311,1.2185,3
5.6088,1.5779,1.6335,1.1177,3
5.6088,1.5747,1.6399,1.1363,3
5.6088,1.5618,1.6464,1.1371,3
5.6088,1.5593,1.6633,1.1467,3
5.6088,1.5682,1.6722,1.1532,3
5.6088,1.5779,1.6633,1.1637,3
5.6088,1.5779,1.6665,1.1709,3
5.6088,1.5859,1.6657,1.1725,3
5.6088,1.5867,1.6754,1.1774,3
5.6088,1.5924,1.6665,1.1919,3
5.6088,1.5956,1.6633,1.1959,3
5.6088,1.5996,1.6641,1.1959,3
5.6088,1.6029,1.6609,1.2096,3
5.6088,1.6021,1.6577,1.2032,3
5.6088,1.5956,1.6585,1.1927,3
5.6088,1.5932,1.6738,1.1862,3
5.6088,1.5900,1.6705,1.1749,3
5.6088,1.5787,1.6730,1.1677,3
5.6088,1.5827,1.6673,1.1766,3
5.6088,1.5835,1.6601,1.1629,3
5.6088,1.5763,1.6689,1.1612,3
5.6088,1.5650,1.6609,1.1500,3
5.6088,1.5706,1.6633,1.1226,3
5.6088,1.6069,1.6625,1.1298,3
5.6088,1.5996,1.6657,1.1387,3
5.6088,1.5916,1.6520,1.1443,3
5.6088,1.6004,1.6456,1.1492,3
5.6088,1.6037,1.6423,1.1508,3
5.6088,1.6037,1.6359,1.1492,3
5.6088,1.5940,1.6423,1.1532,3
5.6088,1.6012,1.6423,1.1588,3
5.6088,1.6109,1.6560,1.1524,3
5.6088,1.6117,1.6536,1.1629,3
5.6088,1.5722,1.6423,1.1540,3
5.6563,1.5835,1.6391,1.1516,3
5.6563,1.5916,1.6520,1.1508,3
5.6563,1.5835,1.6625,1.1548,3
5.6563,1.5787,1.6568,1.1572,3
5.6563,1.5755,1.6593,1.0976,3
5.6563,1.5706,1.6552,1.1048,3
5.6563,1.5682,1.6512,1.1097,3
5.6563,1.5722,1.6512,1.1258,3
5.6563,1.5867,1.6544,1.1387,3
5.6563,1.5972,1.6697,1.1467,3
5.6563,1.5948,1.6617,1.1540,3
5.6563,1.5875,1.6504,1.1508,3
5.6563,1.5940,1.6399,1.1475,3
5.6563,1.5996,1.6480,1.1484,3
5.6563,1.6004,1.6504,1.2056,3
5.6563,1.6093,1.6560,1.2015,3
5.6563,1.6125,1.6633,1.1870,3
5.6563,1.6061,1.6560,1.1838,3
5.6563,1.5867,1.6464,1.1717,3
5.6563,1.5908,1.6407,1.1717,3
5.6563,1.5972,1.6343,1.1669,3
5.6563,1.5972,1.6448,1.1677,3
5.6563,1.5859,1.6456,1.1693,3
5.6563,1.5859,1.6496,1.1685,3
5.6563,1.5940,1.6480,1.1604,3
5.6563,1.5964,1.6472,1.1645,3
5.6563,1.5940,1.6391,1.1725,3
5.6563,1.5972,1.6375,1.1669,3
5.6563,1.6004,1.6496,1.1677,3
5.6563,1.5940,1.6440,1.1701,3
5.6563,1.6303,1.6528,1.1685,3
5.6563,1.6391,1.6415,1.1645,3
5.6563,1.6343,1.6391,1.1637,3
5.6563,1.6311,1.6278,1.1653,3
5.6563,1.6222,1.6335,1.1758,3
5.6563,1.6222,1.6399,1.1758,3
5.6563,1.6158,1.6496,1.1717,3
5.6563,1.6158,1.6472,1.1725,3
5.6563,1.6182,1.6415,1.1806,3
5.6563,1.6391,1.6399,1.1806,3
5.6563,1.5980,1.6488,1.1798,3
5.6563,1.5908,1.6496,1.1838,3
5.6563,1.5956,1.6560,1.1766,3
5.6563,1.6021,1.6593,1.1741,3
5.6563,1.6029,1.6649,1.1782,3
5.6563,1.6158,1.6633,1.1677,3
5.6563,1.6238,1.6617,1.1677,3
5.6563,1.6238,1.6673,1.1733,3
5.6563,1.6262,1.6601,1.1766,3
5.6563,1.6077,1.6609,1.1766,3
5.6563,1.6069,1.6625,1.1814,3
5.6563,1.6077,1.6697,1.1822,3
5.6563,1.6109,1.6738,1.1886,3
5.6563,1.6077,1.6746,1.1911,3
5.6563,1.6141,1.6673,1.1862,3
5.6563,1.6069,1.6609,1.1870,3
5.6563,1.5988,1.6560,1.1911,3
5.6563,1.5956,1.6536,1.1919,3
5.6563,1.6045,1.6536,1.1886,3
5.6563,1.6012,1.6577,1.1886,3
5.6563,1.6037,1.6480,1.1862,3
5.6563,1.6053,1.6536,1.1782,3
5.6563,1.6061,1.6552,1.1798,3
5.6563,1.6021,1.6617,1.1862,3
5.6563,1.5980,1.6649,1.1846,3
5.6563,1.5916,1.6762,1.1862,3
5.6563,1.6012,1.6722,1.1798,3
5.6563,1.5988,1.6673,1.1870,3
5.6563,1.5851,1.6746,1.1886,3
5.6563,1.5884,1.6794,1.1911,3
5.6563,1.5819,1.6851,1.1983,3
5.6563,1.5690,1.6786,1.1983,3
5.6563,1.5642,1.6665,1.2007,3
5.6563,1.5714,1.6577,1.1951,3
5.6563,1.5682,1.6552,1.1919,3
5.6563,1.5658,1.6440,1.1911,3
5.6563,1.5569,1.6456,1.2015,3
5.6563,1.5610,1.6568,1.1959,3
5.6563,1.5642,1.6585,1.1701,3
5.6563,1.5618,1.6585,1.1669,3
5.6563,1.5650,1.6617,1.1661,3
5.6563,1.5755,1.6593,1.1766,3
5.6563,1.5803,1.6633,1.1878,3
5.6563,1.5755,1.6601,1.1903,3
5.6563,1.5763,1.6536,1.1983,3
5.6563,1.5835,1.6544,1.2032,3
5.6563,1.5940,1.6472,1.1999,3
5.6563,1.5964,1.6480,1.2032,3
5.6563,1.5940,1.6472,1.2217,3
5.6563,1.5924,1.6464,1.2185,3
5.6563,1.5916,1.6423,1.2056,3
5.6563,1.6085,1.6448,1.2048,3
5.6563,1.6004,1.6383,1.1927,3
5.6563,1.6021,1.6383,1.1911,3
5.6563,1.6004,1.6375,1.1886,3
5.7038,1.5924,1.6440,1.1919,3
5.7038,1.5900,1.6552,1.1951,3
5.7038,1.5908,1.6536,1.1951,3
5.7038,1.5900,1.6593,1.1895,3
5.7038,1.5884,1.6528,1.1943,3
5.7038,1.5875,1.6456,1.2080,3
5.7038,1.5771,1.6391,1.2072,3
5.7038,1.5779,1.6415,1.2064,3
5.7038,1.5755,1.6504,1.2080,3
5.7038,1.5763,1.6536,1.2104,3
5.7038,1.5884,1.6552,1.2152,3
5.7038,1.5851,1.6609,1.2128,3
5.7038,1.5859,1.6544,1.2096,3
5.7038,1.5843,1.6512,1.2112,3
5.7038,1.5972,1.6480,1.2080,3
5.7038,1.6004,1.6552,1.2112,3
5.7038,1.6012,1.6512,1.2201,3
5.7038,1.6037,1.6577,1.2185,3
5.7038,1.6093,1.6577,1.2168,3
5.7038,1.6085,1.6593,1.2152,3
5.7038,1.5980,1.6593,1.2136,3
5.7038,1.5980,1.6528,1.2193,3
5.7038,1.5948,1.6585,1.2104,3
5.7038,1.5980,1.6480,1.2201,3
5.7038,1.6021,1.6560,1.2281,3
5.7038,1.6021,1.6496,1.2152,3
5.7038,1.5996,1.6472,1.2064,3
5.7038,1.6021,1.6488,1.2080,3
5.7038,1.6004,1.6423,1.2168,3
5.7038,1.6061,1.6464,1.2217,3
5.7038,1.6125,1.6399,1.2201,3
5.7038,1.6045,1.6383,1.2032,3
5.7038,1.5980,1.6415,1.1991,3
5.7038,1.5996,1.6415,1.1991,3
5.7038,1.5972,1.6423,1.1999,3
5.7038,1.5924,1.6415,1.2128,3
5.7038,1.5851,1.6488,1.2160,3
5.7038,1.5900,1.6496,1.2104,3
5.7038,1.5900,1.6641,1.2015,3
5.7038,1.5908,1.6633,1.1943,3
5.7038,1.5827,1.6601,1.1935,3
5.7038,1.5916,1.6641,1.2152,3
5.7038,1.6029,1.6544,1.2281,3
5.7038,1.6021,1.6609,1.2249,3
5.7038,1.5916,1.6593,1.2241,3
5.7038,1.5988,1.6593,1.2160,3
5.7038,1.6029,1.6649,1.2144,3
5.7038,1.5940,1.6593,1.2201,3
5.7038,1.5916,1.6536,1.2217,3
5.7038,1.5924,1.6456,1.2322,3
5.7038,1.6029,1.6633,1.2346,3
5.7038,1.5875,1.6536,1.2265,3
5.7038,1.5875,1.6585,1.2257,3
5.7038,1.5835,1.6504,1.2346,3
5.7038,1.5755,1.6399,1.2322,3
5.7038,1.5690,1.6496,1.2410,3
5.7038,1.5763,1.6504,1.2354,3
5.7038,1.5948,1.6520,1.2394,3
5.7038,1.5924,1.6512,1.2442,3
5.7038,1.5900,1.6568,1.2434,3
5.7038,1.5867,1.6464,1.2386,3
5.7038,1.6012,1.6504,1.2410,3
5.7038,1.5980,1.6512,1.2499,3
5.7038,1.5988,1.6520,1.2483,3
5.7038,1.6037,1.6633,1.2507,3
5.7038,1.6141,1.6641,1.2386,3
5.7038,1.6037,1.6689,1.2467,3
5.7038,1.5843,1.6738,1.2434,3
5.7038,1.5940,1.6601,1.2442,3
5.7038,1.6012,1.6617,1.2410,3
5.7038,1.5980,1.6577,1.2459,3
5.7038,1.5988,1.6617,1.2442,3
5.7038,1.6012,1.6577,1.2402,3
5.7038,1.6029,1.6657,1.2426,3
5.7038,1.6149,1.6681,1.2418,3
5.7038,1.6053,1.6673,1.2531,3
5.7038,1.6141,1.6705,1.2579,3
5.7038,1.6190,1.6649,1.2636,3
5.7038,1.6109,1.6794,1.2571,3
5.7038,1.6045,1.6762,1.2515,3
5.7038,1.6069,1.6730,1.2507,3
5.7038,1.6077,1.6746,1.2434,3
5.7038,1.6045,1.6673,1.2394,3
5.7038,1.6029,1.6657,1.2394,3
5.7038,1.6045,1.6649,1.2394,3
5.7038,1.6077,1.6641,1.2297,3
5.7038,1.6085,1.6496,1.2305,3
5.7038,1.6109,1.6456,1.2322,3
5.7038,1.6214,1.6552,1.2370,3
5.7038,1.6230,1.6585,1.2402,3
5.7038,1.5464,1.6609,1.2362,3
5.7038,1.5545,1.6568,1.2434,3
5.7038,1.5771,1.6730,1.2499,3
5.7038,1.5851,1.6770,1.2451,3
5.7038,1.5811,1.6738,1.2394,3
5.7513,1.5892,1.6738,1.2507,3
5.7513,1.5924,1.6810,1.2402,3
5.7513,1.5916,1.6859,1.2378,3
5.7513,1.5884,1.6722,1.2354,3
5.7513,1.5900,1.6714,1.2322,3
5.7513,1.6649,1.6689,1.2314,3
5.7513,1.6536,1.6665,1.2370,3
5.7513,1.6286,1.6568,1.2354,3
5.7513,1.6222,1.6593,1.2354,3
5.7513,1.6109,1.6657,1.2362,3
5.7513,1.6012,1.6657,1.2338,3
5.7513,1.5884,1.6689,1.2378,3
5.7513,1.5835,1.6705,1.2362,3
5.7513,1.5747,1.6617,1.2434,3
5.7513,1.5674,1.6649,1.2507,3
5.7513,1.5690,1.6657,1.2555,3
5.7513,1.5698,1.6754,1.2539,3
5.7513,1.5650,1.6859,1.2555,3
5.7513,1.5618,1.6681,1.2571,3
5.7513,1.5738,1.6617,1.2555,3
5.7513,1.5787,1.6617,1.2563,3
5.7513,1.5875,1.6520,1.2612,3
5.7513,1.5924,1.6448,1.2579,3
5.7513,1.5948,1.6544,1.2475,3
5.7513,1.6021,1.6585,1.2426,3
5.7513,1.5972,1.6665,1.2459,3
5.7513,1.6021,1.6657,1.2410,3
5.7513,1.6158,1.6544,1.2442,3
5.7513,1.6198,1.6673,1.2394,3
5.7513,1.6125,1.6673,1.2499,3
5.7513,1.6101,1.6665,1.2523,3
5.7513,1.6125,1.6601,1.2523,3
5.7513,1.6117,1.6609,1.2555,3
5.7513,1.6149,1.6609,1.2620,3
5.7513,1.6077,1.6504,1.2660,3
5.7513,1.6182,1.6520,1.2620,3
5.7513,1.6077,1.6536,1.2604,3
5.7513,1.5972,1.6649,1.2499,3
5.7513,1.5980,1.6577,1.2531,3
5.7513,1.6045,1.6609,1.2426,3
5.7513,1.6069,1.6544,1.2749,3
5.7513,1.6109,1.6593,1.2716,3
5.7513,1.6141,1.6657,1.2692,3
5.7513,1.6133,1.6657,1.2612,3
5.7513,1.6174,1.6649,1.2539,3
5.7513,1.6133,1.6617,1.2515,3
5.7513,1.6262,1.6560,1.2523,3
5.7513,1.6440,1.6552,1.2539,3
5.7513,1.6456,1.6488,1.2507,3
5.7513,1.6343,1.6383,1.2644,3
5.7513,1.6295,1.6456,1.2289,3
5.7513,1.6246,1.6560,1.2346,3
5.7513,1.6222,1.6625,1.2338,3
5.7513,1.6174,1.6673,1.2346,3
5.7513,1.6182,1.6746,1.2459,3
5.7513,1.5424,1.6665,1.2563,3
5.7513,1.5376,1.6722,1.2612,3
5.7513,1.5311,1.6609,1.2684,3
5.7513,1.5384,1.6665,1.2725,3
5.7513,1.5561,1.6746,1.2692,3
5.7513,1.5658,1.6754,1.2692,3
5.7513,1.5642,1.6754,1.2700,3
5.7513,1.5747,1.6641,1.2725,3
5.7513,1.5835,1.6577,1.2813,3
5.7513,1.5843,1.6536,1.2805,3
5.7513,1.6601,1.6730,1.2749,3
5.7513,1.6585,1.6665,1.2628,3
5.7513,1.6593,1.6649,1.2539,3
5.7513,1.6480,1.6705,1.2539,3
5.7513,1.6351,1.6633,1.2467,3
5.7513,1.6198,1.6681,1.2491,3
5.7513,1.6182,1.6681,1.2467,3
5.7513,1.6045,1.6778,1.1653,3
5.7513,1.5996,1.6851,1.1741,3
5.7513,1.5916,1.6810,1.1806,3
5.7513,1.5884,1.6665,1.1895,3
5.7513,1.5819,1.6689,1.2040,3
5.7513,1.5690,1.6754,1.2120,3
5.7513,1.5714,1.6714,1.2233,3
5.7513,1.5666,1.6810,1.2362,3
5.7513,1.5682,1.6786,1.2370,3
5.7513,1.5674,1.6738,1.2370,3
5.7513,1.5634,1.6697,1.3136,3
5.7513,1.5755,1.6552,1.3023,3
5.7513,1.5867,1.6617,1.2958,3
5.7513,1.5972,1.6649,1.2837,3
5.7513,1.6004,1.6714,1.2676,3
5.7513,1.6061,1.6778,1.2620,3
5.7513,1.6069,1.6762,1.2418,3
5.7513,1.6182,1.6778,1.2370,3
5.7513,1.6254,1.6746,1.2273,3
5.7513,1.6246,1.6754,1.2225,3
5.7513,1.6295,1.6754,1.2265,3
5.7513,1.6254,1.6705,1.2233,3
5.7513,1.6166,1.6641,1.2217,3
5.7988,1.6149,1.6528,1.2257,3
5.7988,1.6190,1.6504,1.2241,3
5.7988,1.6214,1.6512,1.2314,3
5.7988,1.6190,1.6601,1.2418,3
5.7988,1.6158,1.6577,1.2418,3
5.7988,1.6149,1.6593,1.2467,3
5.7988,1.6206,1.6585,1.2483,3
5.7988,1.6214,1.6520,1.2459,3
5.7988,1.6149,1.6689,1.2499,3
5.7988,1.6166,1.6673,1.2579,3
5.7988,1.6053,1.6770,1.2620,3
5.7988,1.6021,1.6746,1.2644,3
5.7988,1.6045,1.6746,1.2604,3
5.7988,1.6069,1.6714,1.2628,3
5.7988,1.6085,1.6665,1.2628,3
5.7988,1.6021,1.6609,1.2604,3
5.7988,1.5964,1.6544,1.2652,3
5.7988,1.5980,1.6609,1.2660,3
5.7988,1.6004,1.6512,1.2708,3
5.7988,1.6069,1.6440,1.2330,3
5.7988,1.6085,1.6488,1.2281,3
5.7988,1.6133,1.6496,1.2410,3
5.7988,1.6077,1.6456,1.2442,3
5.7988,1.6077,1.6359,1.2459,3
5.7988,1.6077,1.6440,1.2434,3
5.7988,1.6109,1.6464,1.2467,3
5.7988,1.6117,1.6464,1.2410,3
5.7988,1.6101,1.6480,1.2491,3
5.7988,1.6109,1.6496,1.2483,3
5.7988,1.6085,1.6689,1.2692,3
5.7988,1.6166,1.6681,1.2716,3
5.7988,1.6012,1.6705,1.2652,3
5.7988,1.5996,1.6697,1.2620,3
5.7988,1.5948,1.6730,1.2563,3
5.7988,1.5851,1.6657,1.2547,3
5.7988,1.5875,1.6391,1.2539,3
5.7988,1.5924,1.6464,1.2523,3
5.7988,1.5884,1.6464,1.2620,3
5.7988,1.5819,1.6552,1.2628,3
5.7988,1.5787,1.6649,1.2725,3
5.7988,1.5706,1.6544,1.2628,3
5.7988,1.5811,1.6520,1.2628,3
5.7988,1.5827,1.6432,1.2660,3
5.7988,1.5948,1.6520,1.2676,3
5.7988,1.6037,1.6456,1.2668,3
5.7988,1.6021,1.6738,1.3329,3
5.7988,1.5964,1.6722,1.3305,3
5.7988,1.5940,1.6705,1.3087,3
5.7988,1.5996,1.6601,1.2974,3
5.7988,1.5972,1.6440,1.2934,3
5.7988,1.5956,1.6528,1.2942,3
5.7988,1.5924,1.6512,1.2958,3
5.7988,1.6568,1.6585,1.2982,3
5.7988,1.6399,1.6528,1.2974,3
5.7988,1.6262,1.6504,1.2966,3
5.7988,1.6198,1.6552,1.2330,3
5.7988,1.6149,1.6601,1.2426,3
5.7988,1.6133,1.6609,1.2426,3
5.7988,1.6045,1.6722,1.2555,3
5.7988,1.6053,1.6754,1.2620,3
5.7988,1.6069,1.6657,1.2741,3
5.7988,1.6093,1.6585,1.2829,3
5.7988,1.5464,1.6536,1.2886,3
5.7988,1.5585,1.6552,1.2974,3
5.7988,1.5690,1.6657,1.2990,3
5.7988,1.5763,1.6641,1.3039,3
5.7988,1.5835,1.6665,1.3063,3
5.7988,1.5932,1.6665,1.3200,3
5.7988,1.6037,1.6560,1.3184,3
5.7988,1.6133,1.6544,1.3168,3
5.7988,1.6133,1.6544,1.3055,3
5.7988,1.6149,1.6617,1.2950,3
5.7988,1.6190,1.6681,1.2894,3
5.7988,1.6133,1.6738,1.2684,3
5.7988,1.6069,1.6754,1.2725,3
5.7988,1.6061,1.6705,1.2708,3
5.7988,1.6061,1.6617,1.2636,3
5.7988,1.6004,1.6649,1.2555,3
5.7988,1.5948,1.6697,1.2523,3
5.7988,1.5867,1.6673,1.2507,3
5.7988,1.5859,1.6319,1.2523,3
5.7988,1.5892,1.6375,1.2628,3
5.7988,1.5843,1.6311,1.2636,3
5.7988,1.5884,1.6262,1.2749,3
5.7988,1.5916,1.6311,1.2700,3
5.7988,1.5859,1.6375,1.2676,3
5.7988,1.5747,1.6383,1.2733,3
5.7988,1.5851,1.6383,1.2805,3
5.7988,1.5811,1.6351,1.2797,3
5.7988,1.5763,1.6254,1.2845,3
5.7988,1.5755,1.6697,1.2934,3
5.7988,1.5747,1.6593,1.2910,3
5.7988,1.5658,1.6681,1.2862,3
5.7988,1.5593,1.6738,1.2813,3
5.7988,1.5593,1.6649,1.2829,3
5.8463,1.5642,1.6593,1.2926,3
5.8463,1.6069,1.6520,1.2990,3
5.8463,1.5900,1.6415,1.2982,3
5.8463,1.5948,1.6367,1.2966,3
5.8463,1.5948,1.6496,1.2966,3
5.8463,1.5892,1.6456,1.2974,3
5.8463,1.5884,1.6423,1.2974,3
5.8463,1.5932,1.6407,1.3031,3
5.8463,1.5932,1.6391,1.3087,3
5.8463,1.5900,1.6472,1.3136,3
5.8463,1.5900,1.6448,1.3103,3
5.8463,1.5513,1.6440,1.3015,3
5.8463,1.5634,1.6512,1.3023,3
5.8463,1.5610,1.6601,1.3055,3
5.8463,1.5658,1.6585,1.3071,3
5.8463,1.5787,1.6552,1.3119,3
5.8463,1.5811,1.6681,1.3216,3
5.8463,1.5827,1.6657,1.3200,3
5.8463,1.6440,1.6681,1.3232,3
5.8463,1.6488,1.6617,1.3248,3
5.8463,1.6488,1.6544,1.3273,3
5.8463,1.6488,1.6552,1.3305,3
5.8463,1.6351,1.6496,1.3313,3
5.8463,1.6319,1.6456,1.3305,3
5.8463,1.6270,1.6488,1.3337,3
5.8463,1.6141,1.6681,1.3281,3
5.8463,1.6141,1.6633,1.3144,3
5.8463,1.6230,1.6367,1.3184,3
5.8463,1.5650,1.6359,1.3119,3
5.8463,1.5618,1.6351,1.3144,3
5.8463,1.5634,1.6375,1.3264,3
5.8463,1.5755,1.6464,1.3176,3
5.8463,1.5843,1.6560,1.3232,3
5.8463,1.5884,1.6609,1.3240,3
5.8463,1.5956,1.6593,1.3224,3
5.8463,1.6117,1.6407,1.3240,3
5.8463,1.6085,1.6351,1.3248,3
5.8463,1.5956,1.6617,1.3248,3
5.8463,1.5948,1.6528,1.3240,3
5.8463,1.5996,1.6560,1.3192,3
5.8463,1.5948,1.6601,1.3103,3
5.8463,1.5916,1.6464,1.3240,3
5.8463,1.5892,1.6464,1.3103,3
5.8463,1.5900,1.6504,1.3176,3
5.8463,1.5884,1.6512,1.3152,3
5.8463,1.5795,1.6536,1.3200,3
5.8463,1.5771,1.6568,1.3184,3
5.8463,1.5811,1.6552,1.3111,3
5.8463,1.5787,1.6512,1.3273,3
5.8463,1.5867,1.6423,1.3329,3
5.8463,1.5900,1.6432,1.3345,3
5.8463,1.5843,1.6577,1.3297,3
5.8463,1.5811,1.6544,1.3305,3
5.8463,1.5835,1.6552,1.3168,3
5.8463,1.5819,1.6407,1.3127,3
5.8463,1.5803,1.6343,1.3031,3
5.8463,1.5795,1.6367,1.3063,3
5.8463,1.5803,1.6295,1.3055,3
5.8463,1.5859,1.6440,1.3200,3
5.8463,1.5698,1.6552,1.3184,3
5.8463,1.5682,1.6593,1.3023,3
5.8463,1.5682,1.6609,1.3007,3
5.8463,1.5714,1.6617,1.3023,3
5.8463,1.5674,1.6568,1.3111,3
5.8463,1.5722,1.6633,1.3127,3
5.8463,1.5747,1.6673,1.3119,3
5.8463,1.5803,1.6689,1.3176,3
5.8463,1.5771,1.6802,1.3281,3
5.8463,1.5634,1.6770,1.3111,3
5.8463,1.5714,1.6730,1.3119,3
5.8463,1.5787,1.6746,1.3208,3
5.8463,1.5803,1.6641,1.3256,3
5.8463,1.5803,1.6641,1.3232,3
5.8463,1.5819,1.6585,1.3313,3
5.8463,1.5835,1.6593,1.3297,3
5.8463,1.5843,1.6649,1.3305,3
5.8463,1.5787,1.6560,1.3281,3
5.8463,1.5884,1.6560,1.3240,3
5.8463,1.5932,1.6585,1.3281,3
5.8463,1.5908,1.6649,1.3264,3
5.8463,1.5851,1.6641,1.3281,3
5.8463,1.5875,1.6673,1.3264,3
5.8463,1.5875,1.6649,1.3224,3
5.8463,1.5859,1.6609,1.3200,3
5.8463,1.5859,1.6673,1.3273,3
5.8463,1.5867,1.6681,1.3321,3
5.8463,1.5875,1.6689,1.3297,3
5.8463,1.5795,1.6883,1.3313,3
5.8463,1.5859,1.6834,1.3273,3
5.8463,1.5924,1.6746,1.3240,3
5.8463,1.5964,1.6657,1.3160,3
5.8463,1.5924,1.6609,1.3200,3
5.8463,1.5908,1.6568,1.3369,3
5.8463,1.5900,1.6665,1.3329,3
5.8463,1.5827,1.6633,1.3313,3
5.8933,1.5787,1.6560,1.3264,3
5.8933,1.5763,1.6609,1.3313,3
5.8933,1.5771,1.6351,1.3337,3
5.8933,1.5787,1.6327,1.3281,3
5.8933,1.5722,1.6359,1.3264,3
5.8933,1.5747,1.6391,1.3426,3
5.8933,1.5771,1.6472,1.3369,3
5.8933,1.5827,1.6464,1.3321,3
5.8933,1.5827,1.6472,1.3410,3
5.8933,1.5892,1.6496,1.3393,3
5.8933,1.5924,1.6577,1.3418,3
5.8933,1.5932,1.6520,1.3418,3
5.8933,1.6012,1.6633,1.3410,3
5.8933,1.6053,1.6705,1.3410,3
5.8933,1.6077,1.6681,1.3426,3
5.8933,1.5996,1.6657,1.3281,3
5.8933,1.6004,1.6520,1.3305,3
5.8933,1.6012,1.6536,1.3313,3
5.8933,1.5996,1.6464,1.3240,3
5.8933,1.5932,1.6480,1.3273,3
5.8933,1.5940,1.6488,1.3313,3
5.8933,1.5940,1.6480,1.3321,3
5.8933,1.5851,1.6407,1.3313,3
5.8933,1.5787,1.6303,1.3361,3
5.8933,1.5795,1.6295,1.3369,3
5.8933,1.5827,1.6286,1.3442,3
5.8933,1.5811,1.6399,1.3530,3
5.8933,1.5779,1.6399,1.3595,3
5.8933,1.5867,1.6367,1.3587,3
5.8933,1.5940,1.6407,1.3530,3
5.8933,1.5900,1.6375,1.3474,3
5.8933,1.5980,1.6440,1.3450,3
5.8933,1.6069,1.6432,1.3482,3
5.8933,1.6045,1.6512,1.3482,3
5.8933,1.5996,1.6464,1.3458,3
5.8933,1.5964,1.6472,1.3474,3
5.8933,1.6029,1.6488,1.3490,3
5.8933,1.6029,1.6528,1.3458,3
5.8933,1.5956,1.6657,1.3522,3
5.8933,1.5884,1.6714,1.3563,3
5.8933,1.5892,1.6730,1.3579,3
5.8933,1.5884,1.6705,1.3635,3
5.8933,1.5787,1.6641,1.3619,3
5.8933,1.5803,1.6601,1.3692,3
5.8933,1.5811,1.6722,1.3756,3
5.8933,1.5859,1.7165,1.3684,3
5.8933,1.5811,1.7100,1.3659,3
5.8933,1.5884,1.7004,1.3804,3
5.8933,1.5884,1.6979,1.3724,3
5.8933,1.5892,1.6770,1.3611,3
5.8933,1.5900,1.6746,1.3675,3
5.8933,1.5908,1.6665,1.3700,3
5.8933,1.5932,1.6746,1.3651,3
5.8933,1.5988,1.6802,1.3603,3
5.8933,1.6045,1.6705,1.3530,3
5.8933,1.6004,1.6343,1.3611,3
5.8933,1.5988,1.6351,1.3627,3
5.8933,1.5900,1.6504,1.3377,3
5.8933,1.5916,1.6585,1.3498,3
5.8933,1.5980,1.6657,1.3579,3
5.8933,1.5972,1.6641,1.3603,3
5.8933,1.5924,1.6673,1.3619,3
5.8933,1.5908,1.6665,1.3692,3
5.8933,1.6238,1.6617,1.3748,3
5.8933,1.6166,1.6705,1.3837,3
5.8933,1.6117,1.6730,1.3845,3
5.8933,1.6117,1.6818,1.3780,3
5.8933,1.6166,1.6842,1.3893,3
5.8933,1.6101,1.6689,1.3837,3
5.8933,1.6021,1.6722,1.3829,3
5.8933,1.6012,1.6601,1.3829,3
5.8933,1.6069,1.6601,1.3764,3
5.8933,1.6109,1.6577,1.3740,3
5.8933,1.5763,1.6552,1.3611,3
5.8933,1.5875,1.6504,1.3627,3
5.8933,1.5980,1.6456,1.3667,3
5.8933,1.6012,1.6407,1.3619,3
5.8933,1.6037,1.6270,1.3611,3
5.8933,1.6117,1.6359,1.3627,3
5.8933,1.6496,1.6246,1.3748,3
5.8933,1.6456,1.6319,1.3700,3
5.8933,1.6375,1.6383,1.3627,3
5.8933,1.6407,1.6351,1.3587,3
5.8933,1.6367,1.6440,1.3603,3
5.8933,1.6254,1.6343,1.3603,3
5.8933,1.6214,1.6383,1.3595,3
5.8933,1.6246,1.6311,1.3675,3
5.8933,1.6125,1.6319,1.3659,3
5.8933,1.6141,1.6270,1.3659,3
5.8933,1.5859,1.6214,1.3651,3
5.8933,1.6004,1.6311,1.3643,3
5.8933,1.6093,1.6327,1.3692,3
5.8933,1.6077,1.6432,1.3740,3
5.8933,1.6077,1.6432,1.3861,3
5.9408,1.6158,1.6560,1.3901,3
5.9408,1.6141,1.6544,1.3788,3
5.9408,1.6158,1.6520,1.3804,3
5.9408,1.6222,1.6504,1.4497,3
5.9408,1.6262,1.6464,1.4441,3
5.9408,1.6246,1.6665,1.4328,3
5.9408,1.6206,1.6673,1.4328,3
5.9408,1.6133,1.6681,1.4272,3
5.9408,1.6182,1.6714,1.4296,3
5.9408,1.6174,1.6577,1.4191,3
5.9408,1.6166,1.6536,1.4167,3
5.9408,1.6174,1.6504,1.4167,3
5.9408,1.6125,1.6601,1.4095,3
5.9408,1.6133,1.6609,1.3418,3
5.9408,1.6077,1.6649,1.3530,3
5.9408,1.6093,1.6496,1.3667,3
5.9408,1.6109,1.6536,1.3732,3
5.9408,1.6109,1.6464,1.3877,3
5.9408,1.6069,1.6480,1.3885,3
5.9408,1.6166,1.6577,1.3966,3
5.9408,1.6158,1.6488,1.4038,3
5.9408,1.6149,1.6456,1.4111,3
5.9408,1.6133,1.6415,1.4207,3
5.9408,1.6174,1.6432,1.4240,3
5.9408,1.6230,1.6448,1.4232,3
5.9408,1.6262,1.6577,1.4232,3
5.9408,1.6254,1.6577,1.4215,3
5.9408,1.6262,1.6641,1.4119,3
5.9408,1.6206,1.6520,1.4119,3
5.9408,1.6182,1.6544,1.4119,3
5.9408,1.6206,1.6536,1.4078,3
5.9408,1.6270,1.6536,1.4078,3
5.9408,1.6335,1.6504,1.4038,3
5.9408,1.6254,1.6560,1.3982,3
5.9408,1.6262,1.6568,1.3966,3
5.9408,1.6198,1.6552,1.3966,3
5.9408,1.6182,1.6423,1.3958,3
5.9408,1.6230,1.6335,1.4030,3
5.9408,1.6238,1.6391,1.3998,3
5.9408,1.6238,1.6278,1.4038,3
5.9408,1.6222,1.6383,1.4022,3
5.9408,1.6214,1.6512,1.3990,3
5.9408,1.6182,1.6568,1.3925,3
5.9408,1.6246,1.6593,1.4022,3
5.9408,1.6198,1.6496,1.4038,3
5.9408,1.6222,1.6528,1.3966,3
5.9408,1.6238,1.6496,1.3974,3
5.9408,1.6254,1.6577,1.3933,3
5.9408,1.6270,1.6496,1.3949,3
5.9408,1.6270,1.6512,1.3909,3
5.9408,1.6286,1.6456,1.3933,3
5.9408,1.6238,1.6327,1.3974,3
5.9408,1.6238,1.6335,1.3990,3
5.9408,1.6206,1.6472,1.4038,3
5.9408,1.6536,1.6552,1.4014,3
5.9408,1.6423,1.6528,1.3974,3
5.9408,1.6343,1.6552,1.3941,3
5.9408,1.6295,1.6440,1.3941,3
5.9408,1.6270,1.6456,1.3966,3
5.9408,1.6190,1.6448,1.4022,3
5.9408,1.6182,1.6472,1.3990,3
5.9408,1.6230,1.6544,1.4280,3
5.9408,1.6230,1.6601,1.4328,3
5.9408,1.6230,1.6448,1.4232,3
5.9408,1.5884,1.6440,1.4264,3
5.9408,1.5996,1.6423,1.4288,3
5.9408,1.6069,1.6488,1.4312,3
5.9408,1.6037,1.6544,1.4385,3
5.9408,1.6069,1.6609,1.4409,3
5.9408,1.6101,1.6673,1.4336,3
5.9408,1.6061,1.6633,1.4320,3
5.9408,1.6069,1.6665,1.4030,3
5.9408,1.6053,1.6593,1.4046,3
5.9408,1.6093,1.6520,1.4095,3
5.9408,1.6085,1.6544,1.4070,3
5.9408,1.6021,1.6496,1.4111,3
5.9408,1.6021,1.6432,1.4086,3
5.9408,1.6053,1.6367,1.3949,3
5.9408,1.6012,1.6399,1.4006,3
5.9408,1.6077,1.6407,1.4054,3
5.9408,1.6045,1.6480,1.4078,3
5.9408,1.6053,1.6480,1.4038,3
5.9408,1.6037,1.6480,1.4054,3
5.9408,1.5996,1.6560,1.4062,3
5.9408,1.6109,1.6440,1.4054,3
5.9408,1.6085,1.6440,1.4078,3
5.9408,1.6012,1.6448,1.4135,3
5.9408,1.5948,1.6577,1.4336,3
5.9408,1.5972,1.6480,1.4272,3
5.9408,1.5908,1.6496,1.4199,3
5.9408,1.5851,1.6504,1.4135,3
5.9408,1.5803,1.6359,1.4191,3
5.9408,1.5835,1.6335,1.4167,3
5.9408,1.5908,1.6286,1.4159,3
5.9408,1.5851,1.6375,1.4256,3
5.9883,1.5892,1.6480,1.4199,4
5.9883,1.5916,1.6568,1.4167,4
5.9883,1.5948,1.6544,1.4119,4
5.9883,1.5940,1.6544,1.4135,4
5.9883,1.5940,1.6585,1.4143,4
5.9883,1.6012,1.6568,1.4135,4
5.9883,1.6053,1.6585,1.4215,4
5.9883,1.6053,1.6568,1.4248,4
5.9883,1.6012,1.6552,1.4103,4
5.9883,1.6021,1.6480,1.4046,4
5.9883,1.6045,1.6383,1.4127,4
5.9883,1.5996,1.6383,1.4175,4
5.9883,1.6004,1.6407,1.4143,4
5.9883,1.6069,1.6520,1.4103,4
5.9883,1.6045,1.6472,1.4111,4
5.9883,1.6045,1.6335,1.4223,4
5.9883,1.6045,1.6335,1.4248,4
5.9883,1.6077,1.6343,1.4248,4
5.9883,1.6093,1.6399,1.4368,4
5.9883,1.6037,1.6480,1.4328,4
5.9883,1.5972,1.6552,1.4368,4
5.9883,1.5996,1.6552,1.4409,4
5.9883,1.6029,1.6480,1.4449,4
5.9883,1.5980,1.6375,1.4481,4
5.9883,1.5996,1.6367,1.4417,4
5.9883,1.6053,1.6504,1.4377,4
5.9883,1.6012,1.6593,1.4360,4
5.9883,1.5996,1.6593,1.4417,4
5.9883,1.5956,1.6577,1.4425,4
5.9883,1.5972,1.6504,1.4352,4
5.9883,1.5948,1.6544,1.4264,4
5.9883,1.5972,1.6448,1.4264,4
5.9883,1.6029,1.6552,1.4368,4
5.9883,1.6045,1.6585,1.4280,4
5.9883,1.6061,1.6520,1.4328,4
5.9883,1.6012,1.6448,1.4385,4
5.9883,1.6021,1.6351,1.4385,4
5.9883,1.6021,1.6432,1.4352,4
5.9883,1.5996,1.6448,1.4304,4
5.9883,1.5988,1.6544,1.4385,4
5.9883,1.6149,1.6488,1.4433,4
5.9883,1.6133,1.6560,1.4409,4
5.9883,1.6085,1.6456,1.4272,4
5.9883,1.6109,1.6351,1.4385,4
5.9883,1.6141,1.6407,1.4288,4
5.9883,1.6069,1.6440,1.4304,4
5.9883,1.6004,1.6480,1.4417,4
5.9883,1.5996,1.6415,1.4425,4
5.9883,1.6021,1.6480,1.4433,4
5.9883,1.6069,1.6399,1.4449,4
5.9883,1.5916,1.6359,1.4465,4
5.9883,1.5932,1.6383,1.4497,4
5.9883,1.5980,1.6399,1.4530,4
5.9883,1.5940,1.6472,1.4465,4
5.9883,1.5875,1.6472,1.4618,4
5.9883,1.5980,1.6448,1.4594,4
5.9883,1.6004,1.6512,1.4522,4
5.9883,1.5996,1.6504,1.4489,4
5.9883,1.6004,1.6472,1.4473,4
5.9883,1.5996,1.6464,1.4457,4
5.9883,1.6012,1.6512,1.4417,4
5.9883,1.5996,1.6335,1.4401,4
5.9883,1.5932,1.6383,1.4401,4
5.9894,1.5988,1.6423,1.4425,4
5.9894,1.6004,1.6359,1.4514,4
5.9894,1.5964,1.6423,1.4530,4
5.9894,1.5996,1.6391,1.4465,4
5.9894,1.6004,1.6456,1.4473,4
5.9894,1.5980,1.6319,1.4505,4
5.9894,1.5924,1.6327,1.4570,4
5.9894,1.5908,1.6319,1.4755,4
5.9894,1.5988,1.6383,1.4707,4
5.9894,1.5996,1.6319,1.4651,4
5.9894,1.5956,1.6286,1.4659,4
5.9894,1.6021,1.6383,1.4602,4
5.9894,1.6021,1.6407,1.4562,4
5.9894,1.6004,1.6423,1.4538,4
5.9894,1.6004,1.6278,1.4538,4
5.9894,1.5980,1.6295,1.4570,4
5.9894,1.5996,1.6391,1.4530,4
5.9894,1.6037,1.6391,1.4602,4
5.9894,1.5956,1.6472,1.4634,4
5.9894,1.6029,1.6552,1.4634,4
5.9894,1.6053,1.6585,1.4667,4
5.9894,1.6021,1.6552,1.4683,4
5.9894,1.6053,1.6520,1.4675,4
5.9894,1.6125,1.6504,1.4699,4
5.9894,1.6101,1.6568,1.4667,4
5.9894,1.6101,1.6528,1.4610,4
5.9894,1.6061,1.6448,1.4675,4
5.9894,1.6069,1.6327,1.4481,4
5.9894,1.6069,1.6286,1.4481,4
5.9894,1.5956,1.6198,1.4489,4
5.9894,1.5980,1.6262,1.4441,4
5.9894,1.5996,1.6295,1.4570,4
6.0345,1.5956,1.6335,1.4546,4
6.0345,1.5892,1.6327,1.4610,4
6.0345,1.5908,1.6278,1.4659,4
6.0345,1.5956,1.6359,1.4651,4
6.0345,1.5996,1.6351,1.4642,4
6.0345,1.6061,1.6415,1.4642,4
6.0345,1.6085,1.6488,1.4683,4
6.0345,1.6198,1.6577,1.4683,4
6.0345,1.6117,1.6568,1.4731,4
6.0345,1.6077,1.6488,1.4578,4
6.0345,1.6149,1.6464,1.4634,4
6.0345,1.6158,1.6472,1.4578,4
6.0345,1.6149,1.6504,1.4530,4
6.0345,1.6198,1.6456,1.4610,4
6.0345,1.6246,1.6432,1.4578,4
6.0345,1.6214,1.6448,1.4505,4
6.0345,1.6166,1.6295,1.4505,4
6.0345,1.6101,1.6295,1.4578,4
6.0345,1.6262,1.6246,1.4554,4
6.0345,1.6286,1.6311,1.4570,4
6.0345,1.6270,1.6254,1.4546,4
6.0345,1.6246,1.6149,1.4594,4
6.0345,1.6214,1.6190,1.4626,4
6.0345,1.6133,1.6190,1.4634,4
6.0345,1.6077,1.6230,1.4659,4
6.0345,1.6166,1.6311,1.4731,4
6.0345,1.6262,1.6456,1.4731,4
6.0345,1.6311,1.6432,1.4755,4
6.0345,1.6174,1.6448,1.4723,4
6.0345,1.6158,1.6367,1.4393,4
6.0345,1.6158,1.6295,1.4449,4
6.0345,1.6109,1.6327,1.4417,4
6.0345,1.6158,1.6407,1.4449,4
6.0345,1.6230,1.6544,1.4820,4
6.0345,1.6278,1.6552,1.4779,4
6.0345,1.6182,1.6552,1.4804,4
6.0345,1.6109,1.6568,1.4788,4
6.0345,1.6077,1.6480,1.4683,4
6.0345,1.6149,1.6407,1.4731,4
6.0345,1.6125,1.6415,1.4997,4
6.0345,1.6158,1.6480,1.4908,4
6.0345,1.6278,1.6440,1.4884,4
6.0345,1.6319,1.6335,1.4868,4
6.0345,1.6246,1.6311,1.4570,4
6.0345,1.6246,1.6295,1.4634,4
6.0345,1.6278,1.6214,1.4586,4
6.0345,1.6335,1.6117,1.4618,4
6.0345,1.6415,1.6238,1.4707,4
6.0345,1.6319,1.6303,1.4755,4
6.0345,1.6351,1.6270,1.4876,4
6.0345,1.6343,1.6270,1.4908,4
6.0356,1.6278,1.6383,1.4884,4
6.0356,1.6270,1.6423,1.4916,4
6.0356,1.6319,1.6448,1.4876,4
6.0356,1.6254,1.6528,1.4860,4
6.0356,1.6206,1.6560,1.4763,4
6.0356,1.6158,1.6568,1.4771,4
6.0356,1.6141,1.6456,1.4852,4
6.0356,1.6158,1.6399,1.4852,4
6.0356,1.6101,1.6448,1.4779,4
6.0356,1.6117,1.6440,1.4820,4
6.0356,1.6190,1.6472,1.4876,4
6.0356,1.6206,1.6528,1.4941,4
6.0356,1.6190,1.6367,1.4908,4
6.0356,1.6262,1.6343,1.4884,4
6.0356,1.6262,1.6246,1.4981,4
6.0356,1.6254,1.6254,1.4933,4
6.0356,1.6206,1.6278,1.4860,4
6.0356,1.6174,1.6343,1.4876,4
6.0356,1.6254,1.6319,1.4957,4
6.0356,1.6182,1.6327,1.4908,4
6.0356,1.6085,1.6295,1.4925,4
6.0356,1.6093,1.6270,1.4860,4
6.0356,1.6149,1.6407,1.4884,4
6.0356,1.6109,1.6383,1.4916,4
6.0356,1.6125,1.6488,1.4908,4
6.0356,1.6174,1.6456,1.4916,4
6.0356,1.6222,1.6383,1.4973,4
6.0356,1.6286,1.6399,1.4916,4
6.0356,1.6295,1.6415,1.4828,4
6.0356,1.6343,1.6488,1.4868,4
6.0356,1.6367,1.6488,1.4852,4
6.0356,1.6286,1.6496,1.4755,4
6.0356,1.6206,1.6480,1.4691,4
6.0356,1.6222,1.6399,1.4667,4
6.0356,1.6182,1.6359,1.4763,4
6.0356,1.6141,1.6295,1.4844,4
6.0356,1.6125,1.6367,1.4900,4
6.0356,1.6093,1.6286,1.4933,4
6.0356,1.6069,1.6254,1.4916,4
6.0356,1.6045,1.6295,1.4925,4
6.0356,1.6101,1.6238,1.4949,4
6.0356,1.6190,1.6141,1.5094,4
6.0838,1.6230,1.6085,1.5996,4
6.0838,1.6198,1.6125,1.5867,4
6.0838,1.6230,1.6149,1.5690,4
6.0838,1.6254,1.6262,1.5601,4
6.0838,1.6206,1.6238,1.5440,4
6.0838,1.6270,1.6198,1.5400,4
6.0838,1.6270,1.6375,1.5432,4
6.0838,1.6319,1.6343,1.5424,4
6.0838,1.6278,1.6295,1.5392,4
6.0838,1.6222,1.6311,1.5303,4
6.0838,1.6230,1.6230,1.4441,4
6.0838,1.6262,1.6214,1.4578,4
6.0838,1.6238,1.6158,1.4699,4
6.0838,1.6246,1.6125,1.4852,4
6.0838,1.6262,1.6166,1.4941,4
6.0838,1.6238,1.6270,1.5005,4
6.0838,1.6198,1.6117,1.5078,4
6.0838,1.6133,1.6037,1.5086,4
6.0838,1.6246,1.6061,1.5199,4
6.0838,1.6246,1.6012,1.5247,4
6.0838,1.6254,1.6053,1.5327,4
6.0838,1.6222,1.6037,1.5384,4
6.0838,1.6319,1.6053,1.5400,4
6.0838,1.6303,1.6012,1.5311,4
6.0838,1.6303,1.6077,1.5279,4
6.0838,1.6311,1.6053,1.5247,4
6.0838,1.6367,1.6037,1.5223,4
6.0838,1.6367,1.6133,1.5239,4
6.0838,1.6303,1.6069,1.5215,4
6.0838,1.6343,1.6117,1.5174,4
6.0838,1.6319,1.6133,1.5062,4
6.0838,1.6375,1.6101,1.4997,4
6.0838,1.6359,1.6117,1.4965,4
6.0838,1.6311,1.6149,1.4949,4
6.0838,1.6351,1.6093,1.4989,4
6.0838,1.6319,1.6166,1.4981,4
6.0838,1.6262,1.6174,1.4965,4
6.0838,1.6327,1.6085,1.4933,4
6.0838,1.6286,1.6093,1.5005,4
6.0838,1.6270,1.5996,1.4989,4
6.0838,1.6254,1.6004,1.4997,4
6.0838,1.6246,1.6045,1.4965,4
6.0838,1.6238,1.6045,1.5037,4
6.0838,1.6262,1.6141,1.5013,4
6.0838,1.6198,1.6149,1.4965,4
6.0838,1.6198,1.5980,1.4949,4
6.0838,1.6174,1.5980,1.4957,4
6.0838,1.6101,1.5932,1.4981,4
6.0838,1.6198,1.6021,1.4876,4
6.0838,1.6174,1.6109,1.4925,4
6.0838,1.6182,1.6125,1.4973,4
6.0838,1.6182,1.6125,1.5037,4
6.0838,1.6246,1.6085,1.4989,4
6.0838,1.6238,1.6133,1.5086,4
6.0838,1.6327,1.6117,1.5037,4
6.0838,1.6375,1.6166,1.5118,4
6.0838,1.6423,1.6158,1.5142,4
6.0838,1.6472,1.6174,1.5174,4
6.0838,1.6415,1.6133,1.5166,4
6.0838,1.6351,1.6125,1.5190,4
6.0838,1.6375,1.6117,1.5174,4
6.0838,1.6311,1.6101,1.5190,4
6.0838,1.6254,1.6206,1.5158,4
6.0838,1.6335,1.6125,1.5086,4
6.0838,1.6335,1.6093,1.5158,4
6.0838,1.6270,1.6045,1.5118,4
6.0838,1.6295,1.6012,1.5142,4
6.0838,1.6295,1.6053,1.5134,4
6.0838,1.6319,1.6021,1.5118,4
6.0838,1.6351,1.6133,1.5086,4
6.0838,1.6375,1.6214,1.5150,4
6.0838,1.6456,1.6383,1.5126,4
6.0838,1.6456,1.6343,1.5134,4
6.0838,1.6415,1.6214,1.5174,4
6.0838,1.6415,1.5771,1.5110,4
6.0838,1.6448,1.5851,1.5110,4
6.0838,1.6448,1.5948,1.5150,4
6.0838,1.6448,1.5964,1.5134,4
6.0838,1.6456,1.6101,1.5062,4
6.0838,1.6552,1.6029,1.5037,4
6.0838,1.6520,1.5964,1.4941,4
6.0838,1.6440,1.5892,1.4981,4
6.0838,1.6448,1.5843,1.5053,4
6.0838,1.6480,1.5996,1.5037,4
6.0838,1.6464,1.6472,1.5037,4
6.0838,1.6448,1.6432,1.5029,4
6.0838,1.6415,1.6375,1.5005,4
6.0838,1.6440,1.6351,1.4997,4
6.0838,1.6391,1.6359,1.5086,4
6.0838,1.6303,1.6327,1.5062,4
6.0838,1.6327,1.6311,1.4328,4
6.0838,1.6552,1.6182,1.4377,4
6.0838,1.6504,1.6093,1.4377,4
6.0838,1.6399,1.6012,1.4449,4
6.0838,1.6367,1.6029,1.4538,4
6.0838,1.6407,1.6037,1.4586,4
6.0838,1.6448,1.6045,1.4578,4
6.0838,1.6456,1.6109,1.4659,4
6.1348,1.6544,1.6077,1.4642,4
6.1348,1.6601,1.6198,1.4731,4
6.1348,1.6568,1.6206,1.5505,4
6.1348,1.6399,1.6174,1.5440,4
6.1348,1.6407,1.6343,1.5336,4
6.1348,1.6536,1.6327,1.5190,4
6.1348,1.6544,1.6254,1.5134,4
6.1348,1.6520,1.6246,1.5070,4
6.1348,1.6440,1.6246,1.5005,4
6.1348,1.6399,1.6238,1.4949,4
6.1348,1.6286,1.6246,1.4933,4
6.1348,1.6206,1.6141,1.4860,4
6.1348,1.6214,1.6149,1.5037,4
6.1348,1.6230,1.6286,1.4973,4
6.1348,1.6278,1.6190,1.5037,4
6.1348,1.6254,1.6190,1.5062,4
6.1348,1.6335,1.6246,1.5029,4
6.1348,1.6351,1.6270,1.5029,4
6.1348,1.6375,1.6383,1.5062,4
6.1348,1.6407,1.6407,1.5029,4
6.1348,1.6464,1.6351,1.5045,4
6.1348,1.6496,1.6303,1.5086,4
6.1348,1.6464,1.6238,1.4925,4
6.1348,1.6423,1.6166,1.5029,4
6.1348,1.6407,1.6198,1.5029,4
6.1348,1.6335,1.6238,1.5078,4
6.1348,1.6295,1.6407,1.5166,4
6.1348,1.6303,1.6472,1.5271,4
6.1348,1.6311,1.6359,1.5311,4
6.1348,1.6303,1.6270,1.5344,4
6.1348,1.6238,1.6238,1.5360,4
6.1348,1.6303,1.6286,1.5376,4
6.1348,1.6367,1.6423,1.5440,4
6.1348,1.6343,1.6407,1.5456,4
6.1348,1.6423,1.6351,1.5481,4
6.1348,1.6423,1.6399,1.5473,4
6.1348,1.6391,1.6214,1.5593,4
6.1348,1.6375,1.6174,1.5529,4
6.1348,1.6399,1.6085,1.5473,4
6.1348,1.6407,1.6109,1.5400,4
6.1348,1.6456,1.6182,1.4836,4
6.1348,1.6367,1.6198,1.4892,4
6.1348,1.6262,1.6149,1.4965,4
6.1348,1.6351,1.6149,1.4933,4
6.1348,1.6254,1.6311,1.4973,4
6.1348,1.6238,1.6432,1.4965,4
6.1348,1.6214,1.6423,1.4804,4
6.1348,1.6262,1.6367,1.4836,4
6.1348,1.6278,1.6464,1.4828,4
6.1348,1.6206,1.6423,1.4868,4
6.1348,1.6174,1.6295,1.5416,4
6.1348,1.6303,1.6343,1.5368,4
6.1348,1.6423,1.6399,1.5199,4
6.1348,1.6327,1.6432,1.5134,4
6.1348,1.6383,1.6343,1.5062,4
6.1348,1.6488,1.6206,1.5078,4
6.1348,1.6560,1.6238,1.5134,4
6.1348,1.6520,1.6174,1.5086,4
6.1348,1.6568,1.6198,1.5118,4
6.1348,1.6601,1.6423,1.5182,4
6.1348,1.6585,1.6464,1.5190,4
6.1348,1.6528,1.6464,1.5166,4
6.1348,1.6480,1.6391,1.5223,4
6.1348,1.6568,1.6440,1.5263,4
6.1348,1.6512,1.6448,1.5255,4
6.1348,1.6415,1.6383,1.5231,4
6.1348,1.6335,1.6375,1.5247,4
6.1348,1.6383,1.6504,1.5255,4
6.1348,1.6278,1.6440,1.5287,4
6.1348,1.6254,1.6246,1.5174,4
6.1348,1.6335,1.6367,1.5215,4
6.1348,1.6359,1.6270,1.5239,4
6.1348,1.6391,1.6319,1.5271,4
6.1348,1.6351,1.6278,1.5303,4
6.1348,1.6335,1.6351,1.5319,4
6.1348,1.6415,1.6367,1.5376,4
6.1348,1.6488,1.6311,1.5368,4
6.1348,1.6423,1.5884,1.5376,4
6.1348,1.6496,1.5916,1.5400,4
6.1348,1.6552,1.5964,1.5473,4
6.1348,1.6488,1.5916,1.5473,4
6.1348,1.6560,1.6117,1.5489,4
6.1348,1.6536,1.6141,1.5497,4
6.1348,1.6657,1.6149,1.5464,4
6.1348,1.6609,1.6069,1.5464,4
6.1348,1.6568,1.5988,1.5456,4
6.1348,1.6528,1.6069,1.5440,4
6.1348,1.6544,1.6254,1.5497,4
6.1348,1.6504,1.6295,1.5481,4
6.1348,1.6504,1.6262,1.5497,4
6.1348,1.6536,1.6198,1.5529,4
6.1348,1.6375,1.6133,1.5513,4
6.1348,1.6367,1.6029,1.5561,4
6.1348,1.6278,1.5964,1.5545,4
6.1348,1.6351,1.5940,1.5545,4
6.1348,1.6327,1.6012,1.5561,4
6.1348,1.6295,1.5972,1.5577,4
6.1348,1.6319,1.6149,1.5537,4
6.1348,1.6375,1.6174,1.5489,4
6.1348,1.6391,1.6093,1.5473,4
6.1348,1.6351,1.6141,1.5440,4
6.1348,1.6440,1.6021,1.5497,4
6.1348,1.6456,1.5900,1.5376,4
6.1823,1.6415,1.5940,1.5384,4
6.1823,1.6375,1.5940,1.5392,4
6.1823,1.6440,1.5956,1.5368,4
6.1823,1.6520,1.5996,1.5424,4
6.1823,1.6536,1.6109,1.5464,4
6.1823,1.6480,1.6109,1.5489,4
6.1823,1.6456,1.6174,1.5489,4
6.1823,1.6536,1.6109,1.5416,4
6.1823,1.6512,1.6069,1.5440,4
6.1823,1.6480,1.6198,1.5513,4
6.1823,1.6512,1.6222,1.5505,4
6.1823,1.6552,1.6222,1.5529,4
6.1823,1.6456,1.6101,1.5545,4
6.1823,1.6383,1.6166,1.5537,4
6.1823,1.6375,1.6125,1.5545,4
6.1823,1.6375,1.6029,1.5529,4
6.1823,1.6391,1.6053,1.5545,4
6.1823,1.6303,1.6085,1.5650,4
6.1823,1.6278,1.6230,1.5561,4
6.1823,1.6303,1.6230,1.5545,4
6.1823,1.6262,1.6230,1.5529,4
6.1823,1.6206,1.6254,1.5537,4
6.1823,1.6286,1.6359,1.5521,4
6.1823,1.6230,1.6327,1.5448,4
6.1823,1.6174,1.6238,1.5360,4
6.1823,1.6117,1.6286,1.5416,4
6.1823,1.6133,1.6246,1.5448,4
6.1823,1.6166,1.6117,1.5384,4
6.1823,1.6214,1.6053,1.5440,4
6.1823,1.6222,1.6069,1.5408,4
6.1823,1.6254,1.6069,1.5392,4
6.1823,1.6262,1.6061,1.5255,4
6.1823,1.6214,1.6101,1.5327,4
6.1823,1.6311,1.6053,1.5384,4
6.1823,1.6432,1.6093,1.5456,4
6.1823,1.6440,1.6037,1.5424,4
6.1823,1.6327,1.5932,1.5384,4
6.1823,1.6319,1.6045,1.5408,4
6.1823,1.6262,1.6037,1.5424,4
6.1823,1.6246,1.6182,1.5432,4
6.1823,1.6206,1.6174,1.5545,4
6.1823,1.6254,1.6149,1.5747,4
6.1823,1.6286,1.6125,1.5650,4
6.1823,1.6214,1.6125,1.5593,4
6.1823,1.6085,1.6085,1.5529,4
6.1823,1.6158,1.6093,1.5634,4
6.1823,1.6174,1.6391,1.5626,4
6.1823,1.6222,1.6343,1.5650,4
6.1823,1.6158,1.6278,1.5569,4
6.1823,1.6174,1.6133,1.5505,4
6.1823,1.6174,1.6141,1.5416,4
6.1823,1.6174,1.6262,1.5384,4
6.1823,1.6182,1.6230,1.5464,4
6.1823,1.6254,1.6206,1.5521,4
6.1823,1.6359,1.6206,1.5585,4
6.1823,1.6286,1.6214,1.5497,4
6.1823,1.6295,1.6021,1.5569,4
6.1823,1.6286,1.6085,1.5601,4
6.1823,1.6327,1.6206,1.5666,4
6.1823,1.6278,1.6214,1.5819,4
6.1823,1.6278,1.6286,1.5835,4
6.1823,1.6286,1.6182,1.5835,4
6.1823,1.6254,1.6133,1.5779,4
6.1823,1.6198,1.6117,1.5738,4
6.1823,1.6093,1.6166,1.5747,4
6.1823,1.6149,1.6222,1.5706,4
6.1823,1.6158,1.6238,1.5714,4
6.1823,1.6077,1.6327,1.5658,4
6.1823,1.6117,1.6415,1.5626,4
6.1823,1.6166,1.6415,1.5553,4
6.1823,1.6125,1.6327,1.5585,4
6.1823,1.6093,1.6335,1.5666,4
6.1823,1.6069,1.6464,1.5698,4
6.1823,1.6093,1.6488,1.5738,4
6.1823,1.6077,1.6472,1.5738,4
6.1823,1.6029,1.6456,1.5448,4
6.1823,1.6085,1.6367,1.5497,4
6.1823,1.6174,1.6391,1.5577,4
6.1823,1.6190,1.6383,1.5650,4
6.1823,1.6133,1.6432,1.5706,4
6.1823,1.6198,1.6415,1.5674,4
6.1823,1.6166,1.6359,1.5610,4
6.1823,1.6158,1.6399,1.5650,4
6.1823,1.6101,1.6343,1.5577,4
6.1823,1.6133,1.6319,1.5593,4
6.1823,1.6109,1.6335,1.5988,4
6.1823,1.6085,1.6504,1.5932,4
6.1823,1.6077,1.6456,1.5867,4
6.1823,1.6093,1.6383,1.5811,4
6.1823,1.6093,1.6327,1.5730,4
6.1823,1.6053,1.6278,1.5763,4
6.1823,1.6125,1.6311,1.5464,4
6.1823,1.6133,1.6182,1.5473,4
6.1823,1.6238,1.6262,1.5537,4
6.2297,1.6206,1.6303,1.5529,4
6.2297,1.6214,1.6311,1.5448,4
6.2297,1.6214,1.6311,1.5489,4
6.2297,1.6149,1.6262,1.5545,4
6.2297,1.6101,1.6214,1.5593,4
6.2297,1.6254,1.6214,1.5666,4
6.2297,1.6230,1.6286,1.5682,4
6.2297,1.6149,1.6270,1.5956,4
6.2297,1.6214,1.6278,1.5859,4
6.2297,1.6190,1.6270,1.5835,4
6.2297,1.6214,1.6278,1.5835,4
6.2297,1.6238,1.6327,1.5884,4
6.2297,1.6190,1.6319,1.5843,4
6.2297,1.6238,1.6278,1.5795,4
6.2297,1.6238,1.6198,1.5763,4
6.2297,1.6133,1.6117,1.5763,4
6.2297,1.6214,1.6109,1.5851,4
6.2297,1.6311,1.6141,1.5835,4
6.2297,1.6295,1.6166,1.5867,4
6.2297,1.6270,1.6182,1.5924,4
6.2297,1.6270,1.6222,1.5924,4
6.2297,1.6278,1.6141,1.5924,4
6.2297,1.6278,1.6278,1.5956,4
6.2297,1.6311,1.6270,1.5972,4
6.2297,1.6319,1.6206,1.5980,4
6.2297,1.6327,1.6262,1.6029,4
6.2297,1.6286,1.6182,1.5980,4
6.2297,1.6230,1.6246,1.6037,4
6.2297,1.6182,1.6295,1.6069,4
6.2297,1.6496,1.6206,1.6029,4
6.2297,1.6440,1.6230,1.6012,4
6.2297,1.6399,1.6214,1.6117,4
6.2297,1.6496,1.6053,1.6093,4
6.2297,1.6423,1.6085,1.6109,4
6.2297,1.6367,1.6214,1.6085,4
6.2297,1.6303,1.6222,1.6012,4
6.2297,1.6343,1.6295,1.6053,4
6.2297,1.6375,1.6214,1.6053,4
6.2297,1.6375,1.6158,1.5996,4
6.2297,1.6109,1.6230,1.5843,4
6.2297,1.6230,1.6174,1.5908,4
6.2297,1.6303,1.6214,1.5884,4
6.2297,1.6238,1.6158,1.5867,4
6.2297,1.6319,1.6101,1.5835,4
6.2297,1.6367,1.6125,1.5867,4
6.2297,1.6319,1.6109,1.5932,4
6.2297,1.6351,1.6149,1.5875,4
6.2297,1.6311,1.6262,1.5875,4
6.2297,1.6351,1.6270,1.5924,4
6.2297,1.6295,1.6343,1.6061,4
6.2297,1.6238,1.6254,1.6085,4
6.2297,1.6262,1.6198,1.6053,4
6.2297,1.6270,1.6182,1.6069,4
6.2297,1.6286,1.6222,1.6117,4
6.2297,1.6278,1.6166,1.6182,4
6.2297,1.6359,1.6158,1.5134,4
6.2297,1.6335,1.6133,1.5271,4
6.2297,1.6673,1.6109,1.5392,4
6.2297,1.6665,1.6085,1.5432,4
6.2297,1.6625,1.5956,1.5553,4
6.2297,1.6625,1.6012,1.5577,4
6.2297,1.6544,1.6045,1.5569,4
6.2297,1.6464,1.6045,1.5577,4
6.2297,1.6391,1.6037,1.5585,4
6.2297,1.6432,1.6012,1.5489,4
6.2297,1.6415,1.6182,1.6496,4
6.2297,1.6335,1.6230,1.6278,4
6.2297,1.6158,1.6214,1.6029,4
6.2297,1.6174,1.6198,1.5980,4
6.2297,1.6133,1.6149,1.5900,4
6.2297,1.6158,1.6141,1.5859,4
6.2297,1.6238,1.6061,1.5779,4
6.2297,1.6270,1.6109,1.5682,4
6.2297,1.6286,1.6117,1.5610,4
6.2297,1.6278,1.6254,1.5650,4
6.2297,1.6238,1.6141,1.5626,4
6.2297,1.6286,1.6085,1.5658,4
6.2297,1.6174,1.6045,1.5827,4
6.2297,1.6206,1.6053,1.5835,4
6.2297,1.6399,1.6117,1.5827,4
6.2297,1.6407,1.6093,1.5827,4
6.2297,1.6391,1.6214,1.5803,4
6.2297,1.6440,1.6270,1.5900,4
6.2297,1.6488,1.6295,1.5940,4
6.2297,1.6520,1.6270,1.6012,4
6.2297,1.6601,1.6230,1.6174,4
6.2297,1.6593,1.6286,1.6238,4
6.2297,1.6528,1.6295,1.6238,4
6.2297,1.6423,1.6391,1.6230,4
6.2297,1.6367,1.6407,1.6238,4
6.2297,1.6303,1.6391,1.6238,4
6.2297,1.6311,1.6432,1.6270,4
6.2297,1.6262,1.6423,1.6246,4
6.2297,1.6254,1.6440,1.6262,4
6.2297,1.6254,1.6351,1.6190,4
6.2679,1.6262,1.6423,1.6109,4
6.2679,1.6246,1.6359,1.6101,4
6.2679,1.6295,1.6399,1.6077,4
6.2679,1.6383,1.6319,1.6149,4
6.2679,1.6415,1.6278,1.6198,4
6.2679,1.6464,1.6399,1.6166,4
6.2679,1.6472,1.6351,1.6053,4
6.2679,1.6480,1.6367,1.6029,4
6.2679,1.6407,1.6343,1.6053,4
6.2679,1.6383,1.6432,1.6101,4
6.2679,1.6343,1.6399,1.6085,4
6.2679,1.6375,1.6367,1.6045,4
6.2679,1.6399,1.6407,1.6029,4
6.2679,1.6343,1.6496,1.6045,4
6.2679,1.6343,1.6520,1.6021,4
6.2679,1.6375,1.6440,1.6077,4
6.2679,1.6327,1.6432,1.6174,4
6.2679,1.6343,1.6351,1.6230,4
6.2679,1.6351,1.6359,1.6246,4
6.2679,1.6448,1.6327,1.6278,4
6.2679,1.6432,1.6319,1.6190,4
6.2679,1.6391,1.6440,1.6158,4
6.2679,1.6327,1.6359,1.6133,4
6.2679,1.6423,1.6254,1.6085,4
6.2679,1.6399,1.6311,1.6133,4
6.2679,1.6319,1.6343,1.6061,4
6.2679,1.6383,1.6407,1.6029,4
6.2679,1.6423,1.6399,1.6021,4
6.2679,1.6432,1.6335,1.6029,4
6.2679,1.6303,1.6254,1.6012,4
6.2679,1.6383,1.6190,1.6053,4
6.2679,1.6432,1.6125,1.6053,4
6.2679,1.6480,1.6117,1.6117,4
6.2679,1.6432,1.6262,1.6101,4
6.2679,1.6432,1.6262,1.6053,4
6.2679,1.6464,1.6311,1.6053,4
6.2679,1.6407,1.6238,1.6125,4
6.2679,1.6319,1.6214,1.6125,4
6.2679,1.6391,1.6222,1.6117,4
6.2679,1.6423,1.6198,1.6158,4
6.2679,1.6391,1.6270,1.6166,4
6.2679,1.6407,1.6262,1.6222,4
6.2679,1.6432,1.6222,1.6133,4
6.2679,1.6448,1.6166,1.6214,4
6.2679,1.6432,1.6174,1.6238,4
6.2679,1.6448,1.6158,1.6246,4
6.2679,1.6456,1.6158,1.6222,4
6.2679,1.6552,1.6182,1.6190,4
6.2679,1.6528,1.6174,1.6206,4
6.2679,1.6528,1.6166,1.6198,4
6.2679,1.6480,1.6214,1.6206,4
6.2679,1.6448,1.6270,1.6158,4
6.2679,1.6383,1.6375,1.6061,4
6.2679,1.6415,1.6319,1.5988,4
6.2679,1.6423,1.6286,1.5819,4
6.2679,1.6423,1.6327,1.5827,4
6.2679,1.6383,1.6286,1.5835,4
6.2679,1.6375,1.6238,1.5892,4
6.2679,1.6383,1.6286,1.5859,4
6.2679,1.6407,1.6383,1.5892,4
6.2679,1.6440,1.6407,1.5811,4
6.2679,1.6488,1.6456,1.5940,4
6.2679,1.6560,1.6432,1.6174,4
6.2679,1.6520,1.6407,1.6182,4
6.2679,1.6375,1.6383,1.6295,4
6.2679,1.6391,1.6230,1.6359,4
6.2679,1.6512,1.6278,1.6440,4
6.2679,1.6520,1.6295,1.6464,4
6.2679,1.6528,1.6303,1.6270,4
6.2679,1.6504,1.6367,1.6198,4
6.2679,1.6544,1.6359,1.6295,4
6.2679,1.6544,1.6270,1.6262,4
6.2679,1.6496,1.6190,1.6214,4
6.2679,1.6504,1.6198,1.6238,4
6.2679,1.6657,1.6238,1.6254,4
6.2679,1.6625,1.6367,1.6174,4
6.3183,1.6496,1.6246,1.6101,4
6.3183,1.6504,1.6367,1.6037,4
6.3183,1.6480,1.6383,1.6327,4
6.3183,1.6238,1.6311,1.6246,4
6.3183,1.6254,1.6311,1.6278,4
6.3183,1.6238,1.6311,1.6295,4
6.3183,1.6891,1.6335,1.6190,4
6.3183,1.6754,1.6351,1.6158,4
6.3183,1.6705,1.6295,1.6149,4
6.3183,1.6705,1.6158,1.6230,4
6.3183,1.6673,1.6286,1.6407,4
6.3183,1.6649,1.6198,1.6520,4
6.3183,1.6657,1.6238,1.6456,4
6.3183,1.6867,1.6319,1.6585,4
6.3183,1.6851,1.6303,1.6577,4
6.3183,1.6851,1.6254,1.6665,4
6.3183,1.6206,1.6206,1.6714,4
6.3183,1.6375,1.6166,1.6770,4
6.3183,1.6432,1.6238,1.6705,4
6.3183,1.6407,1.6286,1.6657,4
6.3183,1.6528,1.6254,1.6568,4
6.3183,1.6577,1.6295,1.6593,4
6.3183,1.6560,1.6230,1.6625,4
6.3183,1.6560,1.6206,1.6601,4
6.3183,1.6536,1.6149,1.6601,4
6.3183,1.6552,1.6303,1.6528,4
6.3183,1.6593,1.6319,1.6568,4
6.3183,1.6593,1.6432,1.6496,4
6.3183,1.6585,1.6407,1.6593,4
6.3183,1.6625,1.6319,1.6609,4
6.3183,1.6617,1.6464,1.6689,4
6.3183,1.6536,1.6415,1.6617,4
6.3183,1.6568,1.6432,1.6528,4
6.3183,1.6609,1.6456,1.6432,4
6.3183,1.6633,1.6440,1.6432,4
6.3183,1.6601,1.6311,1.6343,4
6.3183,1.6568,1.6319,1.6295,4
6.3183,1.6528,1.6810,1.6270,4
6.3183,1.6464,1.6762,1.6222,4
6.3183,1.6440,1.6915,1.6101,4
6.3183,1.6367,1.6802,1.6125,4
6.3183,1.6464,1.6851,1.6093,4
6.3183,1.6448,1.6883,1.6077,4
6.3183,1.6448,1.6738,1.6190,4
6.3183,1.6448,1.6738,1.6141,4
6.3183,1.6367,1.6722,1.6335,4
6.3183,1.6343,1.6738,1.6432,4
6.3183,1.6319,1.6230,1.6528,4
6.3183,1.6399,1.6270,1.6585,4
6.3183,1.6407,1.6254,1.6714,4
6.3183,1.6464,1.6222,1.6609,4
6.3183,1.6407,1.6190,1.6625,4
6.3183,1.6415,1.6182,1.6665,4
6.3183,1.6415,1.6303,1.6544,4
6.3183,1.6367,1.6367,1.6633,4
6.3183,1.6456,1.6423,1.6488,4
6.3183,1.6488,1.6464,1.6343,4
6.3183,1.6585,1.6456,1.6520,4
6.3183,1.6335,1.6520,1.6472,4
6.3183,1.6311,1.6504,1.6512,4
6.3183,1.6327,1.6585,1.6464,4
6.3183,1.6359,1.6585,1.6472,4
6.3183,1.6335,1.6480,1.6480,4
6.3183,1.6367,1.6391,1.6512,4
6.3183,1.6415,1.6278,1.6552,4
6.3183,1.6367,1.6246,1.6601,4
6.3183,1.6359,1.6577,1.6649,4
6.3183,1.6327,1.6633,1.6456,4
6.3183,1.6568,1.6625,1.6544,4
6.3183,1.6617,1.6544,1.6496,4
6.3183,1.6577,1.6423,1.6512,4
6.3183,1.6568,1.6311,1.6496,4
6.3183,1.6593,1.6448,1.6552,4
6.3183,1.6528,1.6407,1.6665,4
6.3183,1.6520,1.6448,1.6625,4
6.3183,1.6544,1.6472,1.6609,4
6.3183,1.6528,1.6093,1.6633,4
6.3183,1.6480,1.6012,1.6673,4
6.3183,1.6432,1.5964,1.6641,4
6.3183,1.6432,1.6012,1.6697,4
6.3183,1.6399,1.6085,1.6730,4
6.3183,1.6391,1.6206,1.6730,4
6.3183,1.6407,1.6158,1.6705,4
6.3183,1.6440,1.6238,1.6649,4
6.3183,1.6448,1.6295,1.6633,4
6.3183,1.6456,1.6012,1.6568,4
6.3183,1.6504,1.6101,1.6528,4
6.3183,1.6560,1.6149,1.6480,4
6.3183,1.6230,1.6149,1.6488,4
6.3183,1.6206,1.6125,1.6399,4
6.3183,1.6295,1.6117,1.6407,4
6.3183,1.6327,1.6125,1.6407,4
6.3183,1.6359,1.6141,1.6367,4
6.3183,1.6375,1.6182,1.6432,4
6.3183,1.6375,1.6238,1.6383,4
6.3183,1.6415,1.6617,1.6456,4
6.3183,1.6303,1.6528,1.6528,4
6.3183,1.6278,1.6399,1.6617,4
6.3183,1.6593,1.6383,1.6673,4
6.3183,1.6633,1.6351,1.6810,4
6.3183,1.6560,1.6319,1.6770,4
6.3658,1.6480,1.6286,1.6746,4
6.3658,1.6448,1.6238,1.6738,4
6.3658,1.6448,1.6270,1.6657,4
6.3658,1.6423,1.6133,1.6673,4
6.3658,1.6343,1.6053,1.6617,4
6.3658,1.6367,1.6101,1.6536,4
6.3658,1.6383,1.6158,1.6649,4
6.3658,1.6415,1.6158,1.6593,4
6.3658,1.6383,1.6158,1.6528,4
6.3658,1.6480,1.6174,1.6552,4
6.3658,1.6520,1.6109,1.6633,4
6.3658,1.6480,1.6214,1.6834,4
6.3658,1.6496,1.6214,1.6915,4
6.3658,1.6528,1.6351,1.6963,4
6.3658,1.6480,1.6303,1.7004,4
6.3658,1.6520,1.6327,1.7133,4
6.3658,1.6544,1.6351,1.6955,4
6.3658,1.6560,1.6375,1.7044,4
6.3658,1.6528,1.6415,1.7004,4
6.3658,1.6472,1.6432,1.7020,4
6.3658,1.6488,1.6568,1.7084,4
6.3658,1.6520,1.6504,1.6996,4
6.3658,1.6295,1.6472,1.6311,4
6.3658,1.6246,1.6375,1.6359,4
6.3658,1.6359,1.6391,1.6440,4
6.3658,1.6407,1.6295,1.6423,4
6.3658,1.6391,1.6286,1.6560,4
6.3658,1.6375,1.6286,1.6512,4
6.3658,1.6359,1.6391,1.6560,4
6.3658,1.6391,1.6407,1.6568,4
6.3658,1.6391,1.6504,1.6496,4
6.3658,1.6351,1.6480,1.6472,4
6.3658,1.6568,1.6528,1.7108,4
6.3658,1.6649,1.6577,1.7028,4
6.3658,1.6609,1.6609,1.6971,4
6.3658,1.6585,1.6617,1.6996,4
6.3658,1.6568,1.6609,1.6826,4
6.3658,1.6577,1.6673,1.6794,4
6.3658,1.6552,1.6593,1.6754,4
6.3658,1.6464,1.6697,1.6649,4
6.3658,1.6448,1.6520,1.6689,4
6.3658,1.6480,1.6560,1.6665,4
6.3658,1.6448,1.6480,1.6673,4
6.3658,1.6335,1.6383,1.6754,4
6.3658,1.6472,1.6319,1.6673,4
6.3658,1.6415,1.6351,1.6601,4
6.3658,1.6335,1.6464,1.6617,4
6.3658,1.6335,1.6456,1.6617,4
6.3658,1.6391,1.6528,1.6609,4
6.3658,1.6407,1.6399,1.6633,4
6.3658,1.6391,1.6423,1.6601,4
6.3658,1.6367,1.6383,1.6633,4
6.3658,1.6367,1.6512,1.6617,4
6.3658,1.6407,1.6504,1.6544,4
6.3658,1.6286,1.6480,1.6689,4
6.3658,1.6327,1.6480,1.6738,4
6.3658,1.6399,1.6432,1.6794,4
6.3658,1.6375,1.6448,1.6818,4
6.3658,1.6311,1.6440,1.6834,4
6.3658,1.6367,1.6456,1.6963,4
6.3658,1.6407,1.6432,1.6923,4
6.3658,1.6432,1.6440,1.6899,4
6.3658,1.6448,1.6343,1.6907,4
6.3658,1.6496,1.6488,1.6923,4
6.3658,1.6512,1.6472,1.6851,4
6.3658,1.6504,1.6536,1.6826,4
6.3658,1.6512,1.6496,1.6794,4
6.3658,1.6568,1.6504,1.6786,4
6.3658,1.6577,1.6552,1.6762,4
6.3658,1.6560,1.6585,1.6714,4
6.3658,1.6585,1.6560,1.6851,4
6.3658,1.6609,1.6488,1.6810,4
6.3658,1.6552,1.6472,1.6754,4
6.3658,1.6456,1.6480,1.6730,4
6.3658,1.6415,1.6488,1.6689,4
6.3658,1.6448,1.6440,1.6681,4
6.3658,1.6440,1.6560,1.6689,4
6.3658,1.6359,1.6520,1.6617,4
6.3658,1.6480,1.6351,1.6641,4
6.3658,1.6504,1.6311,1.6996,4
6.3658,1.6415,1.6335,1.6851,4
6.3658,1.6335,1.6399,1.6955,4
6.3658,1.6335,1.6351,1.6963,4
6.3658,1.6343,1.6166,1.6915,4
6.3658,1.6367,1.6286,1.7004,4
6.3658,1.6303,1.6311,1.7004,4
6.3658,1.6254,1.6222,1.6915,4
6.3658,1.6351,1.6246,1.6923,4
6.3658,1.6311,1.6375,1.6923,4
6.3658,1.5908,1.6367,1.6609,4
6.3658,1.6021,1.6335,1.6697,4
6.3658,1.6158,1.6335,1.6560,4
6.3658,1.6045,1.6359,1.6601,4
6.3658,1.6061,1.6448,1.6641,4
6.3658,1.6117,1.6440,1.6673,4
6.4133,1.6166,1.6480,1.6714,4
6.4133,1.6174,1.6512,1.6883,4
6.4133,1.6141,1.6383,1.6939,4
6.4133,1.6125,1.6327,1.6939,4
6.4133,1.6496,1.6327,1.6899,4
6.4133,1.6351,1.6335,1.7165,4
6.4133,1.6198,1.6327,1.7527,4
6.4133,1.6359,1.6407,1.7463,4
6.4133,1.6440,1.6399,1.7511,4
6.4133,1.6464,1.6440,1.7810,4
6.4133,1.6415,1.6375,1.7737,4
6.4133,1.6423,1.6311,1.7592,4
6.4133,1.6343,1.6351,1.7423,4
6.4133,1.6262,1.6327,1.7487,4
6.4133,1.6367,1.6286,1.7519,4
6.4133,1.6407,1.6311,1.7245,4
6.4133,1.6456,1.6295,1.7407,4
6.4133,1.6383,1.6351,1.7431,4
6.4133,1.6270,1.6335,1.7463,4
6.4133,1.6206,1.6286,1.7133,4
6.4133,1.6198,1.6303,1.7221,4
6.4133,1.6174,1.6327,1.7270,4
6.4133,1.6206,1.6335,1.7382,4
6.4133,1.6335,1.6303,1.7294,4
6.4133,1.6270,1.6303,1.7302,4
6.4133,1.6335,1.6319,1.7374,4
6.4133,1.6270,1.6456,1.6996,4
6.4133,1.6375,1.6423,1.6996,4
6.4133,1.6464,1.6448,1.7020,4
6.4133,1.6496,1.6440,1.7076,4
6.4133,1.6585,1.6407,1.7133,4
6.4133,1.6593,1.6383,1.7237,4
6.4133,1.6665,1.6375,1.7286,4
6.4133,1.6609,1.6480,1.7374,4
6.4133,1.6601,1.6504,1.7407,4
6.4133,1.6568,1.6496,1.7310,4
6.4133,1.6585,1.6391,1.7253,4
6.4133,1.6512,1.6311,1.7318,4
6.4133,1.6488,1.6359,1.7253,4
6.4133,1.6464,1.6359,1.7165,4
6.4133,1.6432,1.6367,1.7060,4
6.4133,1.6456,1.6375,1.6988,4
6.4133,1.6448,1.6311,1.6988,4
6.4133,1.6440,1.6278,1.6971,4
6.4133,1.6423,1.6230,1.6979,4
6.4133,1.6440,1.6311,1.6891,4
6.4133,1.6472,1.6270,1.6794,4
6.4133,1.6512,1.6206,1.6738,4
6.4133,1.6488,1.6133,1.6730,4
6.4133,1.6440,1.6149,1.6730,4
6.4133,1.6415,1.6286,1.6786,4
6.4133,1.6295,1.6246,1.6697,4
6.4133,1.6262,1.6375,1.6697,4
6.4133,1.6222,1.6359,1.6665,4
6.4133,1.6278,1.6641,1.6625,4
6.4133,1.6295,1.6657,1.6762,4
6.4133,1.6278,1.6714,1.6826,4
6.4133,1.6238,1.6818,1.6810,4
6.4133,1.6198,1.6730,1.6867,4
6.4133,1.6206,1.6617,1.6891,4
6.4133,1.6230,1.6399,1.6859,4
6.4133,1.6399,1.6496,1.6915,4
6.4133,1.6448,1.6448,1.6979,4
6.4133,1.6480,1.6448,1.6851,4
6.4133,1.6367,1.6311,1.6842,4
6.4133,1.6415,1.6214,1.6826,4
6.4133,1.6464,1.6262,1.6810,4
6.4133,1.6496,1.6214,1.6883,4
6.4133,1.6496,1.6383,1.6859,4
6.4133,1.6560,1.6407,1.6826,4
6.4133,1.6593,1.6440,1.7673,4
6.4133,1.6568,1.6391,1.7568,4
6.4133,1.6609,1.6415,1.7455,4
6.4133,1.6544,1.6504,1.7447,4
6.4133,1.6641,1.6496,1.7133,4
6.4133,1.6512,1.6577,1.7149,4
6.4133,1.6456,1.6480,1.7133,4
6.4133,1.6488,1.6512,1.7068,4
6.4133,1.6488,1.6464,1.6697,4
6.4133,1.6480,1.6456,1.6802,4
6.4133,1.6448,1.6520,1.5940,4
6.4133,1.6480,1.6488,1.6206,4
6.4133,1.6399,1.6536,1.6319,4
6.4133,1.6464,1.6496,1.6415,4
6.4133,1.6383,1.6415,1.6810,4
6.4133,1.6480,1.6399,1.6786,4
6.4133,1.6552,1.6359,1.6851,4
6.4133,1.6657,1.6351,1.6810,4
6.4133,1.6697,1.6270,1.7229,4
6.4133,1.6705,1.6311,1.7181,4
6.4133,1.6649,1.6359,1.7165,4
6.4133,1.6560,1.6383,1.7020,4
6.4133,1.6528,1.6415,1.7020,4
6.4133,1.6625,1.6351,1.7149,4
6.4133,1.6633,1.6367,1.6971,4
6.4607,1.6593,1.6311,1.6891,4
6.4607,1.6609,1.6359,1.6907,4
6.4607,1.6520,1.6286,1.6979,4
6.4607,1.6528,1.6286,1.6891,4
6.4607,1.6456,1.6278,1.6448,4
6.4607,1.6512,1.5811,1.6480,4
6.4607,1.6568,1.5924,1.6633,4
6.4607,1.6609,1.5956,1.6633,4
6.4607,1.6488,1.6037,1.6560,4
6.4607,1.6560,1.6053,1.6504,4
6.4607,1.6560,1.5996,1.6552,4
6.4607,1.6544,1.5972,1.6440,4
6.4607,1.6496,1.6045,1.6456,4
6.4607,1.6456,1.6786,1.6456,4
6.4607,1.6496,1.6794,1.6899,4
6.4607,1.6440,1.7197,1.6899,4
6.4607,1.6423,1.7149,1.6689,4
6.4607,1.6440,1.6867,1.6649,4
6.4607,1.6464,1.6802,1.6738,4
6.4607,1.6448,1.6705,1.6842,4
6.4607,1.6464,1.6730,1.6834,4
6.4607,1.6488,1.6730,1.6923,4
6.4607,1.6480,1.6568,1.6867,4
6.4607,1.6472,1.5900,1.6963,4
6.4607,1.6488,1.5900,1.6939,4
6.4607,1.6552,1.5996,1.7020,4
6.4607,1.6544,1.5892,1.7068,4
6.4607,1.6528,1.6077,1.7036,4
6.4607,1.6488,1.6101,1.7012,4
6.4607,1.6464,1.6085,1.7044,4
6.4607,1.6520,1.6158,1.7076,4
6.4607,1.6423,1.6254,1.7004,4
6.4607,1.6383,1.6504,1.7052,4
6.4607,1.6472,1.6536,1.7028,4
6.4607,1.6456,1.6649,1.7028,4
6.4607,1.6391,1.6609,1.7044,4
6.4607,1.6367,1.6657,1.7116,4
6.4607,1.6391,1.6601,1.7116,4
6.4607,1.6504,1.6601,1.7020,4
6.4607,1.6456,1.6762,1.6988,4
6.4607,1.6351,1.6689,1.6963,4
6.4607,1.6464,1.6697,1.7052,4
6.4607,1.6464,1.6609,1.7141,4
6.4607,1.6440,1.6536,1.7922,4
6.4607,1.6448,1.6512,1.7866,4
6.4607,1.6504,1.6440,1.7737,4
6.4607,1.6528,1.6480,1.7600,4
6.4607,1.6496,1.6448,1.7640,4
6.4607,1.6448,1.6359,1.7608,4
6.4607,1.6488,1.6254,1.7584,4
6.4607,1.6488,1.6270,1.7552,4
6.4607,1.6448,1.6182,1.7584,4
6.4607,1.6456,1.6254,1.7511,4
6.4607,1.6464,1.6295,1.6714,4
6.4607,1.6391,1.6214,1.6810,4
6.4607,1.6383,1.6166,1.6923,4
6.4607,1.6359,1.6206,1.7028,4
6.4607,1.6367,1.6166,1.7076,4
6.4607,1.6359,1.6238,1.7189,4
6.4607,1.6367,1.6238,1.7318,4
6.4607,1.6391,1.6343,1.7439,4
6.4607,1.6399,1.6270,1.7455,4
6.4607,1.6367,1.6190,1.7495,4
6.4607,1.6375,1.6278,1.7503,4
6.4607,1.6456,1.6246,1.7495,4
6.4607,1.6472,1.6657,1.7447,4
6.4607,1.6448,1.6536,1.7487,4
6.4607,1.6464,1.6601,1.7471,4
6.4607,1.6601,1.6577,1.7479,4
6.4607,1.6520,1.6665,1.7358,4
6.4607,1.6520,1.6625,1.7310,4
6.4607,1.6464,1.6649,1.7278,4
6.4607,1.6536,1.6641,1.7229,4
6.4607,1.6512,1.6488,1.7189,4
6.4607,1.6448,1.6512,1.7133,4
6.4607,1.6440,1.6101,1.7125,4
6.4607,1.6496,1.6230,1.7020,4
6.4607,1.6528,1.6238,1.7004,4
6.4607,1.6351,1.6246,1.6979,4
6.4607,1.6423,1.6262,1.6988,4
6.4607,1.6214,1.6214,1.6867,4
6.4607,1.6238,1.6295,1.6818,4
6.4607,1.6222,1.6311,1.6851,4
6.4607,1.6286,1.6295,1.6891,4
6.4607,1.6319,1.6399,1.6883,4
6.4607,1.6327,1.6391,1.6834,4
6.4607,1.6311,1.6391,1.6915,4
6.4607,1.6319,1.6472,1.6955,4
6.4607,1.6391,1.6617,1.6907,4
6.4607,1.6399,1.6633,1.6923,4
6.4607,1.6577,1.6609,1.6988,4
6.4607,1.6601,1.6568,1.6988,4
6.4607,1.6560,1.6488,1.6971,4
6.4607,1.6512,1.6536,1.6963,4
6.4607,1.6520,1.6448,1.7004,4
6.5083,1.6520,1.6472,1.7052,4
6.5083,1.6577,1.6456,1.6996,4
6.5083,1.6512,1.6440,1.6931,4
6.5083,1.6423,1.6415,1.6971,4
6.5083,1.6423,1.6311,1.6955,4
6.5083,1.6407,1.6327,1.6955,4
6.5083,1.6343,1.6343,1.6963,4
6.5083,1.6399,1.6432,1.6867,4
6.5083,1.6415,1.6448,1.7205,4
6.5083,1.6432,1.6432,1.7205,4
6.5083,1.6399,1.6536,1.7133,4
6.5083,1.6278,1.6399,1.7221,4
6.5083,1.6311,1.6375,1.7205,4
6.5083,1.6383,1.6335,1.7205,4
6.5083,1.6375,1.6351,1.7205,4
6.5083,1.6456,1.6295,1.7245,4
6.5083,1.6560,1.6311,1.7326,4
6.5083,1.6560,1.6335,1.7358,4
6.5083,1.6496,1.6423,1.7004,4
6.5083,1.6496,1.6528,1.6947,4
6.5083,1.6544,1.6512,1.7076,4
6.5083,1.6617,1.6625,1.7100,4
6.5083,1.6617,1.6560,1.7149,4
6.5083,1.6617,1.6432,1.7141,4
6.5083,1.6657,1.6464,1.7310,4
6.5083,1.6673,1.6480,1.7342,4
6.5083,1.6568,1.6617,1.7334,4
6.5083,1.6633,1.6577,1.7399,4
6.5083,1.6633,1.6488,1.7318,4
6.5083,1.6577,1.6464,1.8285,4
6.5083,1.6552,1.6383,1.8301,4
6.5083,1.6504,1.6254,1.8237,4
6.5083,1.6520,1.6278,1.8156,4
6.5083,1.6520,1.6407,1.8035,4
6.5083,1.6496,1.6359,1.7898,4
6.5083,1.6496,1.6407,1.7834,4
6.5083,1.6544,1.6278,1.7810,4
6.5083,1.6472,1.6278,1.7801,4
6.5083,1.6238,1.6359,1.7826,4
6.5083,1.6351,1.6327,1.6899,4
6.5083,1.6383,1.6351,1.6899,4
6.5083,1.6456,1.6536,1.6939,4
6.5083,1.6456,1.6512,1.7060,4
6.5083,1.6472,1.6432,1.7229,4
6.5083,1.6391,1.6432,1.7334,4
6.5083,1.6399,1.6456,1.7415,4
6.5083,1.6335,1.6456,1.7552,4
6.5083,1.6343,1.6609,1.7560,4
6.5083,1.6657,1.6593,1.7584,4
6.5083,1.6601,1.6496,1.7640,4
6.5083,1.6544,1.6488,1.7681,4
6.5083,1.6544,1.6383,1.7745,4
6.5083,1.6488,1.6375,1.7656,4
6.5083,1.6432,1.6367,1.7568,4
6.5083,1.6552,1.6391,1.7463,4
6.5083,1.6496,1.6391,1.7495,4
6.5083,1.6544,1.6448,1.7350,4
6.5083,1.6456,1.6423,1.7342,4
6.5083,1.6391,1.6254,1.7366,4
6.5083,1.6391,1.6335,1.7326,4
6.5083,1.6407,1.6359,1.7278,4
6.5083,1.6335,1.6407,1.7092,4
6.5083,1.6311,1.6456,1.7149,4
6.5083,1.6391,1.6472,1.7165,4
6.5083,1.6343,1.6512,1.7189,4
6.5083,1.6383,1.6480,1.7334,4
6.5083,1.6391,1.6488,1.7318,4
6.5083,1.6488,1.6432,1.7205,4
6.5083,1.6504,1.6609,1.7205,4
6.5083,1.6681,1.6536,1.7253,4
6.5083,1.6705,1.6448,1.7197,4
6.5083,1.6762,1.6327,1.7326,4
6.5083,1.6786,1.6351,1.7302,4
6.5083,1.6665,1.6367,1.7898,4
6.5083,1.6689,1.6391,1.7906,4
6.5083,1.6722,1.6464,1.7713,4
6.5083,1.6649,1.6448,1.7664,4
6.5083,1.6641,1.6335,1.7721,4
6.5083,1.6649,1.6214,1.7689,4
6.5083,1.6423,1.6262,1.7673,4
6.5083,1.6359,1.6415,1.7673,4
6.5083,1.6415,1.6552,1.6496,4
6.5083,1.6440,1.6601,1.6705,4
6.5083,1.6512,1.6697,1.6311,4
6.5083,1.6504,1.6577,1.6391,4
6.5083,1.6488,1.6448,1.6464,4
6.5083,1.6536,1.6456,1.6625,4
6.5083,1.6504,1.6568,1.6697,4
6.5083,1.6520,1.6625,1.6786,4
6.5083,1.6593,1.6722,1.6923,4
6.5083,1.6633,1.6641,1.6971,4
6.5083,1.6593,1.6577,1.8148,4
6.5083,1.6544,1.6585,1.7898,4
6.5083,1.6544,1.6528,1.7769,4
6.5083,1.6560,1.6657,1.7753,4
6.5557,1.6472,1.6754,1.7648,4
6.5557,1.6512,1.6641,1.7455,4
6.5557,1.6528,1.6625,1.7439,4
6.5557,1.6504,1.6617,1.7342,4
6.5557,1.6480,1.6528,1.7197,4
6.5557,1.6480,1.6552,1.7149,4
6.5557,1.6472,1.6617,1.7068,4
6.5557,1.6520,1.6625,1.7052,4
6.5557,1.6456,1.6504,1.7004,4
6.5557,1.6375,1.6399,1.6762,4
6.5557,1.6472,1.6335,1.6794,4
6.5557,1.6415,1.6472,1.6923,4
6.5557,1.6407,1.6528,1.6955,4
6.5557,1.6423,1.6593,1.6971,4
6.5557,1.6383,1.6625,1.7028,4
6.5557,1.6335,1.6585,1.7052,4
6.5557,1.6286,1.6649,1.7076,4
6.5557,1.6286,1.6649,1.7116,4
6.5557,1.6295,1.6754,1.7125,4
6.5557,1.6278,1.6770,1.7342,4
6.5557,1.6198,1.6810,1.7318,4
6.5557,1.6286,1.6705,1.7310,4
6.5557,1.6327,1.6585,1.7278,4
6.5557,1.6351,1.6625,1.7278,4
6.5557,1.6488,1.6593,1.7253,4
6.5557,1.6528,1.6754,1.7262,4
6.5557,1.6585,1.6722,1.7237,4
6.5557,1.6585,1.6593,1.7221,4
6.5557,1.6536,1.6504,1.7326,4
6.5557,1.6625,1.6448,1.7358,4
6.5557,1.6665,1.6448,1.7423,4
6.5557,1.6609,1.6440,1.7374,4
6.5557,1.6568,1.6480,1.7447,4
6.5557,1.6472,1.6472,1.7552,4
6.5557,1.6367,1.6609,1.7568,4
6.5557,1.6367,1.6536,1.7656,4
6.5557,1.6311,1.6383,1.7632,4
6.5557,1.6182,1.6480,1.7640,4
6.5557,1.6286,1.6496,1.7568,4
6.5557,1.6278,1.6536,1.7511,4
6.5557,1.6303,1.6665,1.7463,4
6.5557,1.6456,1.6657,1.7511,4
6.5557,1.6415,1.6705,1.7431,4
6.5557,1.6560,1.6649,1.7407,4
6.5557,1.6585,1.6577,1.7342,4
6.5557,1.6528,1.6504,1.7221,4
6.5557,1.6585,1.6560,1.7229,4
6.5557,1.6697,1.6528,1.7237,4
6.5557,1.6633,1.6617,1.7237,4
6.5557,1.6633,1.6625,1.7294,4
6.5557,1.6617,1.6488,1.7350,4
6.5557,1.6440,1.6585,1.7342,4
6.5557,1.6504,1.6552,1.7342,4
6.5557,1.6375,1.6568,1.7358,4
6.5557,1.6383,1.6552,1.7399,4
6.5557,1.6391,1.6617,1.7245,4
6.5557,1.6391,1.6633,1.7286,4
6.5557,1.6432,1.6568,1.7302,4
6.5557,1.6496,1.6560,1.7358,4
6.5557,1.6504,1.6552,1.7342,4
6.5557,1.6488,1.6577,1.7262,4
6.5557,1.6544,1.6601,1.7342,4
6.5557,1.6520,1.6649,1.7374,4
6.5557,1.6536,1.6625,1.7342,4
6.5557,1.6480,1.6577,1.7342,4
6.5557,1.6512,1.6536,1.7479,4
6.5557,1.6415,1.6464,1.7390,4
6.5557,1.6504,1.6504,1.7479,4
6.5557,1.6496,1.6464,1.7503,4
6.5557,1.6472,1.6472,1.7399,4
6.5557,1.6488,1.6456,1.7342,4
6.5557,1.6552,1.6359,1.7326,4
6.5557,1.6568,1.6456,1.7358,4
6.5557,1.6601,1.6480,1.7358,4
6.5557,1.6617,1.6480,1.7350,4
6.5557,1.6568,1.6440,1.7415,4
6.5557,1.6714,1.6496,1.7536,4
6.5557,1.6593,1.6585,1.6826,4
6.5557,1.6585,1.6560,1.6794,4
6.5557,1.6601,1.6609,1.6899,4
6.5557,1.6649,1.6649,1.7020,4
6.5557,1.6585,1.6641,1.6988,4
6.5557,1.6544,1.6528,1.7052,4
6.5557,1.6560,1.6383,1.7125,4
6.5557,1.6593,1.6399,1.7060,4
6.5557,1.6593,1.6367,1.7028,4
6.5557,1.6496,1.6423,1.7052,4
6.5557,1.6536,1.6423,1.7705,4
6.5557,1.6423,1.6536,1.7721,4
6.5557,1.6423,1.6528,1.7656,4
6.5557,1.6343,1.6448,1.7608,4
6.5557,1.6375,1.6456,1.7584,4
6.5557,1.6440,1.6407,1.7495,4
6.5557,1.6472,1.6560,1.7302,4
6.5557,1.6496,1.6528,1.7382,4
6.6033,1.6568,1.6472,1.7382,4
6.6033,1.6649,1.6432,1.7366,4
6.6033,1.6633,1.6343,1.7495,4
6.6033,1.6705,1.6254,1.7382,4
6.6033,1.6722,1.6295,1.7358,4
6.6033,1.6754,1.6415,1.7350,4
6.6033,1.6762,1.6423,1.7366,4
6.6033,1.6746,1.6472,1.7334,4
6.6033,1.6730,1.6399,1.7358,4
6.6033,1.6673,1.6343,1.7358,4
6.6033,1.6641,1.6770,1.7374,4
6.6033,1.6601,1.6794,1.7463,4
6.6033,1.6214,1.6883,1.7382,4
6.6033,1.6295,1.6899,1.7407,4
6.6033,1.6286,1.6778,1.7407,4
6.6033,1.6343,1.6665,1.7519,4
6.6033,1.6327,1.6568,1.7568,4
6.6033,1.6311,1.6512,1.7673,4
6.6033,1.6295,1.6512,1.7850,4
6.6033,1.5980,1.6593,1.8664,4
6.6033,1.6029,1.6351,1.8599,4
6.6033,1.6069,1.6415,1.8478,4
6.6033,1.6456,1.6391,1.8422,4
6.6033,1.6407,1.6327,1.8341,4
6.6033,1.6407,1.6488,1.8293,4
6.6033,1.6383,1.6496,1.8309,4
6.6033,1.6335,1.6585,1.8204,4
6.6033,1.6367,1.6609,1.8140,4
6.6033,1.6367,1.6665,1.8011,4
6.6033,1.6689,1.6746,1.7205,4
6.6033,1.6633,1.6754,1.7310,4
6.6033,1.6641,1.6689,1.7431,4
6.6033,1.6657,1.6746,1.7495,4
6.6033,1.6673,1.6770,1.7648,4
6.6033,1.6617,1.6641,1.7793,4
6.6033,1.6560,1.6641,1.7761,4
6.6033,1.6520,1.6657,1.7842,4
6.6033,1.6480,1.6705,1.7882,4
6.6033,1.6488,1.6689,1.7882,4
6.6033,1.6528,1.6705,1.7890,4
6.6033,1.6472,1.6697,1.7874,4
6.6033,1.6423,1.6649,1.7906,4
6.6033,1.6456,1.6480,1.7866,4
6.6033,1.6440,1.6480,1.7826,4
6.6033,1.6415,1.6464,1.7753,4
6.6033,1.6440,1.6456,1.7753,4
6.6033,1.6520,1.6472,1.7785,4
6.6033,1.6488,1.6512,1.7721,4
6.6033,1.6504,1.6528,1.7729,4
6.6033,1.6488,1.6093,1.7592,4
6.6033,1.6617,1.6182,1.6939,4
6.6033,1.6697,1.6198,1.6963,4
6.6033,1.6649,1.6343,1.6988,4
6.6033,1.6681,1.6327,1.7004,4
6.6033,1.6786,1.6448,1.7382,4
6.6033,1.6722,1.6593,1.7487,4
6.6033,1.6730,1.6568,1.7423,4
6.6033,1.6794,1.6512,1.7366,4
6.6033,1.6794,1.6496,1.7374,4
6.6033,1.6842,1.6883,1.7390,4
6.6033,1.6802,1.6689,1.7995,4
6.6033,1.6730,1.6657,1.7858,4
6.6033,1.6786,1.6544,1.7761,4
6.6033,1.6714,1.6512,1.7656,4
6.6033,1.6673,1.6407,1.7294,4
6.6033,1.6802,1.6254,1.7116,4
6.6033,1.6786,1.6319,1.7125,4
6.6033,1.6681,1.6343,1.7229,4
6.6033,1.6657,1.6327,1.7092,4
6.6033,1.5771,1.6254,1.7262,4
6.6033,1.5835,1.6278,1.7358,4
6.6033,1.5948,1.6303,1.7407,4
6.6033,1.5948,1.6327,1.7511,4
6.6033,1.6061,1.6496,1.7536,4
6.6033,1.6109,1.6577,1.7552,4
6.6033,1.6077,1.6673,1.7648,4
6.6033,1.6133,1.6609,1.7705,4
6.6033,1.6246,1.6488,1.7616,4
6.6033,1.6238,1.6496,1.7769,4
6.6033,1.7044,1.6528,1.7697,4
6.6033,1.6891,1.6544,1.7648,4
6.6033,1.6762,1.6601,1.7689,4
6.6033,1.6730,1.6568,1.7648,4
6.6033,1.6705,1.6520,1.7648,4
6.6033,1.6617,1.6456,1.7656,4
6.6033,1.6601,1.6496,1.7560,4
6.6033,1.6512,1.6496,1.7471,4
6.6033,1.6440,1.6625,1.7552,4
6.6033,1.6448,1.6520,1.7584,4
6.6033,1.6464,1.6432,1.7536,4
6.6033,1.6568,1.6440,1.7592,4
6.6033,1.6560,1.6391,1.7552,4
6.6033,1.6560,1.6448,1.7495,4
6.6033,1.6560,1.6488,1.7544,4
6.6033,1.6568,1.6568,1.7544,4
6.6507,1.6544,1.6512,1.7624,4
6.6507,1.6560,1.6520,1.7673,4
6.6507,1.6601,1.6448,1.7608,4
6.6507,1.6633,1.6512,1.7463,4
6.6507,1.6649,1.6649,1.7713,4
6.6507,1.6689,1.6609,1.7697,4
6.6507,1.6770,1.6665,1.7664,4
6.6507,1.6762,1.6730,1.7624,4
6.6507,1.6778,1.6552,1.7608,4
6.6507,1.6851,1.6472,1.7632,4
6.6507,1.6907,1.6359,1.7568,4
6.6507,1.6907,1.6415,1.7536,4
6.6507,1.6939,1.6391,1.7560,4
6.6507,1.6931,1.6375,1.7648,4
6.6507,1.6939,1.6335,1.7455,4
6.6507,1.7028,1.6319,1.7390,4
6.6507,1.6931,1.6343,1.7382,4
6.6507,1.6971,1.6246,1.7487,4
6.6507,1.6963,1.6367,1.7511,4
6.6507,1.6979,1.6415,1.7447,4
6.6507,1.6947,1.6415,1.7495,4
6.6507,1.7004,1.6359,1.7503,4
6.6507,1.7036,1.6367,1.7503,4
6.6507,1.7020,1.6399,1.7552,4
6.6507,1.7004,1.6464,1.7568,4
6.6507,1.6794,1.6625,1.7656,4
6.6507,1.6891,1.6617,1.8341,4
6.6507,1.6842,1.6585,1.8253,4
6.6507,1.6818,1.6577,1.8221,4
6.6507,1.6746,1.6504,1.8229,4
6.6507,1.6730,1.6577,1.8059,4
6.6507,1.6681,1.6577,1.8019,4
6.6507,1.6665,1.6568,1.8019,4
6.6507,1.6673,1.6601,1.7955,4
6.6507,1.6681,1.6625,1.7874,4
6.6507,1.6730,1.6593,1.7810,4
6.6507,1.6705,1.6464,1.7173,4
6.6507,1.6714,1.6488,1.7181,4
6.6507,1.6714,1.6423,1.7262,4
6.6507,1.6730,1.6464,1.7350,4
6.6507,1.6786,1.6456,1.7552,4
6.6507,1.6851,1.6432,1.7648,4
6.6507,1.6834,1.6520,1.7681,4
6.6507,1.6810,1.6456,1.7777,4
6.6507,1.6826,1.6488,1.7826,4
6.6507,1.6851,1.6496,1.7874,4
6.6507,1.6818,1.6601,1.7810,4
6.6507,1.6802,1.6601,1.7842,4
6.6507,1.6818,1.6593,1.7793,4
6.6507,1.6810,1.6593,1.7971,4
6.6507,1.6673,1.6665,1.7882,4
6.6507,1.6633,1.6754,1.7826,4
6.6507,1.6109,1.6754,1.7777,4
6.6507,1.6222,1.6818,1.7705,4
6.6507,1.6270,1.6689,1.7721,4
6.6507,1.6335,1.6585,1.7616,4
6.6507,1.6415,1.6577,1.7648,4
6.6507,1.6448,1.6544,1.7519,4
6.6507,1.6456,1.6536,1.7511,4
6.6507,1.6504,1.6625,1.7262,4
6.6507,1.6714,1.6625,1.7310,4
6.6507,1.6738,1.6311,1.7302,4
6.6507,1.7189,1.6343,1.7334,4
6.6507,1.7108,1.6343,1.7366,4
6.6507,1.7092,1.6343,1.7399,4
6.6507,1.7060,1.6440,1.7479,4
6.6507,1.6955,1.6149,1.7455,4
6.6507,1.6931,1.6303,1.7664,4
6.6507,1.6923,1.6351,1.7664,4
6.6507,1.6947,1.6238,1.7616,4
6.6507,1.6778,1.6448,1.7479,4
6.6507,1.6705,1.6746,1.7479,4
6.6507,1.6746,1.6625,1.7544,4
6.6507,1.6705,1.6754,1.7560,4
6.6507,1.6673,1.6714,1.7487,4
6.6507,1.6625,1.6601,1.7560,4
6.6507,1.6609,1.6818,1.7455,4
6.6507,1.6617,1.6738,1.7390,4
6.6507,1.6609,1.6762,1.7487,4
6.6507,1.6560,1.6842,1.7495,4
6.6507,1.6601,1.6617,1.7560,4
6.6507,1.6657,1.6625,1.7656,4
6.6507,1.6673,1.6649,1.7568,4
6.6507,1.6786,1.6399,1.7568,4
6.6507,1.6818,1.6399,1.7576,4
6.6507,1.6834,1.6407,1.7374,4
6.6507,1.6915,1.6504,1.7471,4
6.6507,1.6923,1.6568,1.7471,4
6.6507,1.6947,1.6625,1.7423,4
6.6507,1.6931,1.6617,1.7447,4
6.6507,1.6939,1.6568,1.7536,4
6.6507,1.6931,1.6520,1.7471,4
6.6507,1.6923,1.6520,1.7584,4
6.6507,1.6859,1.6681,1.7560,4
6.6507,1.6810,1.6722,1.7576,4
6.6892,1.6842,1.6754,1.7624,4
6.6892,1.6826,1.6770,1.7600,4
6.6892,1.5908,1.6738,1.7382,4
6.6892,1.5980,1.6705,1.7350,4
6.6892,1.6069,1.6730,1.7116,4
6.6892,1.6133,1.6746,1.7052,4
6.6892,1.6206,1.6738,1.7052,4
6.6892,1.6238,1.6714,1.7012,4
6.6892,1.6246,1.6601,1.6988,4
6.6892,1.6778,1.6617,1.7012,4
6.6892,1.6665,1.6633,1.7012,4
6.6892,1.6625,1.6665,1.7092,4
6.6892,1.7455,1.6730,1.7350,4
6.6892,1.7221,1.6714,1.7382,4
6.6892,1.7141,1.6633,1.7584,4
6.6892,1.6955,1.6649,1.7616,4
6.6892,1.6818,1.6609,1.7576,4
6.6892,1.6778,1.6673,1.7568,4
6.6892,1.6722,1.6593,1.7624,4
6.6892,1.6085,1.6689,1.7592,4
6.6892,1.6133,1.6754,1.7600,4
6.6892,1.6190,1.6673,1.7592,4
6.6892,1.6238,1.6617,1.7536,4
6.6892,1.6407,1.6536,1.7519,4
6.6892,1.6423,1.6544,1.7536,4
6.6892,1.6512,1.6504,1.7616,4
6.6892,1.6560,1.6601,1.7592,4
6.6892,1.6560,1.6657,1.7552,4
6.6892,1.6625,1.6705,1.7487,4
6.6892,1.6754,1.6705,1.7173,4
6.6892,1.6810,1.6617,1.7173,4
6.6892,1.6834,1.6568,1.7189,4
6.6892,1.6851,1.6480,1.7294,4
6.6892,1.6859,1.6544,1.7278,4
6.6892,1.6834,1.6649,1.7237,4
6.6892,1.6867,1.6641,1.7197,4
6.6892,1.6859,1.6657,1.7326,4
6.6892,1.6875,1.6617,1.7407,4
6.6892,1.6891,1.6730,1.7455,4
6.6892,1.6851,1.6673,1.7729,4
6.6892,1.6738,1.6730,1.7769,4
6.6892,1.6705,1.6689,1.7777,4
6.6892,1.6730,1.6714,1.7705,4
6.6892,1.6705,1.6730,1.7705,4
6.6892,1.6762,1.6705,1.7793,4
6.6892,1.6746,1.6802,1.7753,4
6.6892,1.6754,1.6794,1.7713,4
6.6892,1.6738,1.7052,1.7697,4
6.6892,1.6681,1.6988,1.7697,4
6.6892,1.6697,1.6979,1.7705,4
6.6892,1.6802,1.6899,1.7656,4
6.6892,1.6818,1.6939,1.7697,4
6.6892,1.6681,1.6931,1.7721,4
6.6892,1.6673,1.6867,1.7681,4
6.6892,1.6585,1.6899,1.7576,4
6.6892,1.6730,1.6875,1.7560,4
6.6892,1.6714,1.6826,1.7584,4
6.6892,1.6714,1.6520,1.7479,4
6.6892,1.6762,1.6488,1.7471,4
6.6892,1.6689,1.6480,1.7439,4
6.6892,1.6649,1.6520,1.7447,4
6.6892,1.6585,1.6609,1.7399,4
6.6892,1.6697,1.6673,1.7253,4
6.6892,1.6625,1.6673,1.7350,4
6.6892,1.6681,1.6714,1.7439,4
6.6892,1.6568,1.6762,1.7439,4
6.6892,1.6560,1.6891,1.7390,4
6.6892,1.6512,1.6971,1.7624,4
6.6892,1.6480,1.6899,1.7673,4
6.6892,1.6560,1.6891,1.7713,4
6.6892,1.6681,1.6802,1.7721,4
6.6892,1.6705,1.6802,1.7745,4
6.6892,1.6633,1.6842,1.7810,4
6.6892,1.6544,1.6947,1.7689,4
6.6892,1.6528,1.6907,1.7673,4
6.6892,1.6536,1.6883,1.7673,4
6.6892,1.6641,1.6770,1.7761,4
6.7463,1.6673,1.6641,1.7552,4
6.7463,1.6585,1.6673,1.7479,4
6.7463,1.6585,1.6722,1.7439,4
6.7463,1.6472,1.6875,1.7519,4
6.7463,1.6472,1.6834,1.7511,4
6.7463,1.6520,1.6842,1.7576,4
6.7463,1.6665,1.6818,1.7681,4
6.7463,1.6697,1.6778,1.7656,4
6.7463,1.6665,1.6746,1.7648,4
6.7463,1.6504,1.6762,1.7640,4
6.7463,1.6536,1.6867,1.7600,4
6.7463,1.6633,1.6923,1.7608,4
6.7463,1.6536,1.6859,1.7664,4
6.7463,1.6472,1.6891,1.7584,4
6.7463,1.6512,1.6907,1.7616,4
6.7463,1.6560,1.6939,1.7600,4
6.7463,1.6496,1.6923,1.7455,4
6.7463,1.6415,1.6923,1.7431,4
6.7463,1.6407,1.6915,1.7439,4
6.7463,1.6456,1.6988,1.7358,4
6.7463,1.6415,1.6988,1.7479,4
6.7463,1.6407,1.6939,1.7495,4
6.7463,1.6440,1.7068,1.7495,4
6.7463,1.6504,1.7060,1.7560,4
6.7463,1.6407,1.7157,1.7560,4
6.7463,1.6367,1.6577,1.7576,4
6.7463,1.6432,1.6528,1.7640,4
6.7463,1.6504,1.6577,1.7656,4
6.7463,1.6504,1.6560,1.7745,4
6.7463,1.6512,1.6585,1.7737,4
6.7463,1.6536,1.6560,1.7640,4
6.7463,1.6488,1.6705,1.7624,4
6.7463,1.6472,1.6689,1.7600,4
6.7463,1.6456,1.6649,1.7592,4
6.7463,1.6472,1.6617,1.7511,4
6.7463,1.6472,1.7116,1.7463,4
6.7463,1.6472,1.7181,1.7487,4
6.7463,1.6359,1.7044,1.7560,4
6.7463,1.6367,1.7036,1.7463,4
6.7463,1.6391,1.6883,1.7471,4
6.7463,1.6375,1.6875,1.7495,4
6.7463,1.6472,1.6818,1.7560,4
6.7463,1.6585,1.6778,1.7600,4
6.7463,1.6568,1.6818,1.7519,4
6.7463,1.6544,1.6770,1.7600,4
6.7463,1.6504,1.6754,1.7648,4
6.7463,1.6552,1.6689,1.7608,4
6.7463,1.6520,1.6657,1.7576,4
6.7463,1.6464,1.6625,1.7286,4
6.7463,1.6488,1.6625,1.7374,4
6.7463,1.6480,1.6689,1.7399,4
6.7463,1.6375,1.6681,1.7350,4
6.7463,1.6327,1.6705,1.7318,4
6.7463,1.6351,1.6657,1.7447,4
6.7463,1.6407,1.6625,1.7382,4
6.7463,1.6456,1.6593,1.7366,4
6.7463,1.6399,1.6633,1.7439,4
6.7463,1.6504,1.6762,1.7455,4
6.7463,1.6560,1.6842,1.7737,4
6.7463,1.6456,1.7004,1.7681,4
6.7463,1.6448,1.7004,1.7673,4
6.7463,1.6568,1.6996,1.7584,4
6.7463,1.6560,1.7004,1.7495,4
6.7463,1.6617,1.6939,1.7536,4
6.7463,1.6544,1.7004,1.7527,4
6.7463,1.6528,1.7068,1.7511,4
6.7463,1.6544,1.6963,1.7487,4
6.7463,1.6520,1.6883,1.7471,4
6.7463,1.6496,1.6826,1.7536,4
6.7463,1.6093,1.6786,1.7455,4
6.7463,1.6166,1.6810,1.7519,4
6.7463,1.6085,1.6851,1.7624,4
6.7463,1.6141,1.6021,1.7777,4
6.7463,1.6133,1.6077,1.7648,4
6.7463,1.6230,1.6101,1.7673,4
6.7463,1.6254,1.6133,1.7721,4
6.7463,1.6343,1.6286,1.7689,4
6.7463,1.6359,1.6391,1.7721,4
6.7463,1.6319,1.6544,1.7705,4
6.7463,1.6722,1.6577,1.7793,4
6.7463,1.6665,1.6520,1.7697,4
6.7463,1.6714,1.6432,1.7656,4
6.7463,1.6649,1.7044,1.7640,4
6.7463,1.6520,1.6923,1.7697,4
6.7463,1.6488,1.6802,1.7745,4
6.7463,1.6399,1.6722,1.7761,4
6.7463,1.6303,1.6593,1.7801,4
6.7463,1.6278,1.6528,1.7785,4
6.7463,1.6335,1.6391,1.7858,4
6.7463,1.6286,1.6351,1.7850,4
6.7463,1.6238,1.6383,1.7866,4
6.7463,1.6214,1.6367,1.7906,4
6.7463,1.6262,1.6472,1.7938,4
6.7463,1.6311,1.6496,1.7979,4
6.7463,1.6214,1.6472,1.7971,4
6.7463,1.6278,1.6504,1.7938,4
6.7463,1.6246,1.6560,1.7890,4
6.7463,1.6278,1.6625,1.7906,4
6.7463,1.6246,1.6657,1.7874,4
6.7463,1.6303,1.6649,1.7850,4
6.7463,1.6367,1.6609,1.7882,4
6.7463,1.6415,1.6552,1.7898,4
6.7463,1.6383,1.6568,1.7898,4
6.7463,1.6399,1.6552,1.7826,4
6.7463,1.6488,1.6657,1.7753,4
6.7463,1.6480,1.6673,1.7818,4
6.7463,1.6456,1.6778,1.7834,4
6.7463,1.6456,1.6770,1.7826,4
6.7463,1.6488,1.6762,1.7810,4
6.7463,1.6480,1.6746,1.7705,4
6.7463,1.6480,1.6681,1.7689,4
6.7463,1.6415,1.6778,1.7713,4
6.7463,1.6415,1.6867,1.7729,4
6.7463,1.6391,1.7028,1.7721,4
6.7937,1.6432,1.7004,1.7801,4
6.7937,1.6383,1.7020,1.7713,4
6.7937,1.6440,1.6971,1.7721,4
6.7937,1.6432,1.6947,1.7713,4
6.7937,1.6383,1.6996,1.7713,4
6.7937,1.6544,1.6915,1.7793,4
6.7937,1.6520,1.6988,1.7552,4
6.7937,1.6544,1.6907,1.7511,4
6.7937,1.6432,1.6810,1.7560,4
6.7937,1.6464,1.6786,1.7640,4
6.7937,1.6423,1.6794,1.7624,4
6.7937,1.6399,1.6875,1.7721,4
6.7937,1.6407,1.6834,1.7697,4
6.7937,1.6440,1.6810,1.7697,4
6.7937,1.6504,1.6705,1.7681,4
6.7937,1.6391,1.6770,1.7713,4
6.7937,1.6367,1.6689,1.7971,4
6.7937,1.6375,1.6770,1.7930,4
6.7937,1.6480,1.6875,1.7858,4
6.7937,1.6480,1.6899,1.7721,4
6.7937,1.6480,1.6891,1.7697,4
6.7937,1.6601,1.6778,1.7616,4
6.7937,1.6617,1.6689,1.7697,4
6.7937,1.6568,1.6697,1.7681,4
6.7937,1.6552,1.6681,1.7729,4
6.7937,1.6536,1.6625,1.7713,4
6.7937,1.6568,1.6657,1.7705,4
6.7937,1.6472,1.6673,1.7705,4
6.7937,1.6423,1.6657,1.7713,4
6.7937,1.6391,1.6544,1.8768,4
6.7937,1.6407,1.6568,1.8583,4
6.7937,1.6464,1.6568,1.8535,4
6.7937,1.6520,1.6657,1.8430,4
6.7937,1.6528,1.6649,1.8454,4
6.7937,1.6528,1.6649,1.8317,4
6.7937,1.6617,1.6714,1.8301,4
6.7937,1.6673,1.6697,1.8301,4
6.7937,1.6722,1.6730,1.8366,4
6.7937,1.6705,1.6722,1.8333,4
6.7937,1.6730,1.6842,1.7366,4
6.7937,1.6714,1.6794,1.7576,4
6.7937,1.6963,1.6649,1.7664,4
6.7937,1.6859,1.6601,1.7761,4
6.7937,1.6818,1.6536,1.7785,4
6.7937,1.6810,1.6641,1.7834,4
6.7937,1.6689,1.6504,1.7858,4
6.7937,1.6681,1.6657,1.7181,4
6.7937,1.6649,1.6665,1.7358,4
6.7937,1.6738,1.6665,1.7407,4
6.7937,1.6818,1.6617,1.7407,4
6.7937,1.6762,1.6601,1.7479,4
6.7937,1.6415,1.6714,1.7576,4
6.7937,1.6440,1.6738,1.7761,4
6.7937,1.6456,1.6802,1.7753,4
6.7937,1.6448,1.6794,1.7810,4
6.7937,1.6536,1.6915,1.7850,4
6.7937,1.6577,1.6883,1.8535,4
6.7937,1.6705,1.6802,1.8293,4
6.7937,1.6697,1.6810,1.8221,4
6.7937,1.6625,1.6770,1.8100,4
6.7937,1.6722,1.6794,1.7979,4
6.7937,1.6738,1.6923,1.7801,4
6.7937,1.6778,1.6786,1.7608,4
6.7937,1.6851,1.6794,1.7527,4
6.7937,1.6859,1.6818,1.7455,4
6.7937,1.6762,1.6875,1.7366,4
6.7937,1.6697,1.6834,1.7326,4
6.7937,1.6641,1.6851,1.7374,4
6.7937,1.6625,1.6762,1.7382,4
6.7937,1.6633,1.6714,1.7399,4
6.7937,1.6609,1.6625,1.7366,4
6.7937,1.6609,1.6617,1.7455,4
6.7937,1.6544,1.6818,1.7431,4
6.7937,1.6440,1.6875,1.7415,4
6.7937,1.6504,1.6899,1.7439,4
6.7937,1.6568,1.6907,1.7519,4
6.7937,1.6601,1.6818,1.7592,4
6.7937,1.6568,1.6851,1.7616,4
6.7937,1.6568,1.6859,1.7656,4
6.7937,1.6544,1.6955,1.7697,4
6.7937,1.6512,1.7036,1.7785,4
6.7937,1.6512,1.6851,1.7842,4
6.7937,1.6560,1.6851,1.7898,4
6.7937,1.6665,1.6818,1.7979,4
6.7937,1.6536,1.6786,1.8043,4
6.7937,1.6520,1.6673,1.8075,4
6.7937,1.6488,1.6786,1.8075,4
6.7937,1.6448,1.6705,1.8059,4
6.7937,1.6407,1.6802,1.8035,4
6.7937,1.6432,1.6794,1.8124,4
6.7937,1.6407,1.6722,1.8092,4
6.7937,1.6423,1.6859,1.8035,4
6.7937,1.6440,1.6754,1.7963,4
6.7937,1.6391,1.6730,1.7947,4
6.7937,1.6464,1.6689,1.7866,4
6.8252,1.6577,1.6730,1.7713,4
6.8252,1.6520,1.6633,1.7769,4
6.8252,1.6593,1.6673,1.7737,4
6.8252,1.6641,1.6464,1.7697,4
6.8252,1.6673,1.6456,1.7721,4
6.8252,1.6665,1.6601,1.7761,4
6.8252,1.6665,1.6593,1.7729,4
6.8252,1.6673,1.6681,1.7745,4
6.8252,1.6649,1.6673,1.7745,4
6.8252,1.6568,1.6585,1.7785,4
6.8252,1.6480,1.6609,1.7914,4
6.8252,1.6528,1.6617,1.7858,4
6.8252,1.6512,1.6681,1.7842,4
6.8252,1.6480,1.6851,1.7874,4
6.8252,1.6440,1.6867,1.7785,4
6.8252,1.6480,1.6802,1.7818,4
6.8252,1.6504,1.6754,1.7930,4
6.8252,1.6480,1.6367,1.7930,4
6.8252,1.6528,1.6343,1.7938,4
6.8252,1.6585,1.6794,1.7914,4
6.8252,1.6512,1.6786,1.7866,4
6.8252,1.6456,1.6762,1.7818,4
6.8252,1.6480,1.6705,1.8027,4
6.8252,1.6496,1.6705,1.8059,4
6.8252,1.6440,1.6746,1.8035,4
6.8252,1.5859,1.6730,1.8011,4
6.8252,1.5811,1.6778,1.7938,4
6.8252,1.5884,1.7149,1.8003,4
6.8252,1.5835,1.7213,1.7987,4
6.8252,1.5900,1.6794,1.8059,4
6.8252,1.5988,1.6722,1.8084,4
6.8252,1.6085,1.6802,1.8075,4
6.8252,1.6037,1.6818,1.7938,4
6.8252,1.6045,1.6875,1.7938,4
6.8252,1.6093,1.6851,1.7987,4
6.8252,1.6552,1.6778,1.8011,4
6.8252,1.6504,1.6722,1.7318,4
6.8252,1.6488,1.6746,1.7407,4
6.8252,1.6504,1.6730,1.7503,4
6.8252,1.6440,1.6617,1.7495,4
6.8252,1.6319,1.6601,1.7544,4
6.8252,1.6214,1.6689,1.7632,4
6.8252,1.6198,1.6625,1.7640,4
6.8252,1.6109,1.6665,1.7656,4
6.8252,1.6101,1.6649,1.7713,4
6.8252,1.6206,1.6802,1.7737,4
6.8252,1.6174,1.6826,1.8382,4
6.8252,1.6061,1.6834,1.8237,4
6.8252,1.6053,1.6810,1.8132,4
6.8252,1.6093,1.6875,1.8067,4
6.8252,1.6101,1.6996,1.8140,4
6.8252,1.6141,1.6915,1.8059,4
6.8252,1.6117,1.7036,1.7955,4
6.8252,1.6053,1.6979,1.7882,4
6.8252,1.6037,1.6988,1.7842,4
6.8252,1.6021,1.6891,1.7721,4
6.8252,1.6125,1.6867,1.7697,4
6.8252,1.6230,1.6762,1.7648,4
6.8252,1.6198,1.6689,1.7648,4
6.8252,1.6149,1.6810,1.7689,4
6.8252,1.6238,1.6762,1.7600,4
6.8252,1.6270,1.6818,1.7656,4
6.8252,1.6391,1.6746,1.7673,4
6.8252,1.6528,1.6633,1.7673,4
6.8252,1.6141,1.6520,1.7681,4
6.8252,1.6198,1.6480,1.7721,4
6.8252,1.6230,1.7036,1.7801,4
6.8252,1.6230,1.7068,1.7826,4
6.8252,1.6214,1.7125,1.7898,4
6.8252,1.6262,1.7036,1.7987,4
6.8252,1.6206,1.7076,1.8003,4
6.8252,1.6198,1.7044,1.7955,4
6.8252,1.6085,1.7036,1.7979,4
6.8252,1.6093,1.7052,1.7987,4
6.8252,1.6512,1.7068,1.8019,4
6.8252,1.6536,1.7068,1.8019,4
6.8252,1.6423,1.6577,1.8027,4
6.8252,1.6391,1.6585,1.8035,4
6.8252,1.6383,1.6633,1.8059,4
6.8252,1.6303,1.6722,1.8019,4
6.8733,1.6319,1.6738,1.7874,4
6.8733,1.6254,1.6746,1.7914,4
6.8733,1.6262,1.6665,1.7979,4
6.8733,1.6230,1.6705,1.8059,4
6.8733,1.6166,1.6746,1.8003,4
6.8733,1.6101,1.6786,1.8035,4
6.8733,1.6109,1.6786,1.7979,4
6.8733,1.6117,1.6867,1.7955,4
6.8733,1.6109,1.6867,1.7906,4
6.8733,1.6174,1.6842,1.7858,4
6.8733,1.6190,1.6834,1.7955,4
6.8733,1.6270,1.6746,1.7955,4
6.8733,1.6311,1.6770,1.7874,4
6.8733,1.6367,1.6786,1.7890,4
6.8733,1.6440,1.6762,1.7930,4
6.8733,1.6472,1.6826,1.7955,4
6.8733,1.6456,1.6673,1.7979,4
6.8733,1.6464,1.6665,1.7995,4
6.8733,1.6472,1.6568,1.8817,4
6.8733,1.6448,1.6496,1.8704,4
6.8733,1.6375,1.6472,1.8583,4
6.8733,1.6286,1.6456,1.8503,4
6.8733,1.6327,1.6448,1.8358,4
6.8733,1.6295,1.6327,1.8309,4
6.8733,1.6335,1.6407,1.8261,4
6.8733,1.6448,1.6295,1.8221,4
6.8733,1.6407,1.6488,1.8108,4
6.8733,1.6367,1.6464,1.8172,4
6.8733,1.6375,1.6544,1.7415,4
6.8733,1.6423,1.6536,1.7552,4
6.8733,1.6488,1.6448,1.7721,4
6.8733,1.6585,1.6432,1.7753,4
6.8733,1.6496,1.6407,1.7930,4
6.8733,1.6448,1.6544,1.7947,4
6.8733,1.6448,1.6480,1.8027,4
6.8733,1.6311,1.6593,1.8116,4
6.8733,1.6367,1.6544,1.8253,4
6.8733,1.6399,1.6480,1.8293,4
6.8733,1.6440,1.6544,1.8293,4
6.8733,1.6423,1.6512,1.8261,4
6.8733,1.6367,1.6577,1.8293,4
6.8733,1.6359,1.6681,1.8382,4
6.8733,1.6375,1.6689,1.8382,4
6.8733,1.6222,1.6681,1.8390,4
6.8733,1.6166,1.6762,1.8341,4
6.8733,1.6214,1.6689,1.8277,4
6.8733,1.6270,1.6657,1.8132,4
6.8733,1.6238,1.6633,1.8003,4
6.8733,1.6158,1.6552,1.7922,4
6.8733,1.6198,1.6601,1.7858,4
6.8733,1.6262,1.6568,1.7664,4
6.8733,1.6206,1.6448,1.7632,4
6.8733,1.6214,1.6536,1.7689,4
6.8733,1.6351,1.6568,1.7705,4
6.8733,1.6399,1.6577,1.7769,4
6.8733,1.6319,1.6665,1.7769,4
6.8733,1.6286,1.6649,1.7777,4
6.8733,1.6327,1.6714,1.7390,4
6.8733,1.6415,1.6738,1.7455,4
6.8733,1.6383,1.6738,1.7544,4
6.8733,1.6407,1.6786,1.7697,4
6.8733,1.6464,1.6923,1.7737,4
6.8733,1.6472,1.6947,1.7721,4
6.8733,1.6601,1.6979,1.7560,4
6.8733,1.6512,1.6931,1.7503,4
6.8733,1.6560,1.6875,1.7423,4
6.8733,1.6488,1.6842,1.7536,4
6.8733,1.6423,1.6842,1.7979,4
6.8733,1.6399,1.6746,1.7914,4
6.8733,1.6375,1.6842,1.8051,4
6.8733,1.6286,1.6746,1.7769,4
6.8733,1.6230,1.6754,1.7729,4
6.8733,1.6335,1.6714,1.7584,4
6.8733,1.6303,1.6681,1.7721,4
6.8733,1.6585,1.6633,1.7737,4
6.8733,1.6488,1.6673,1.7801,4
6.8733,1.6593,1.6601,1.7769,4
6.8733,1.6657,1.6520,1.7737,4
6.8733,1.6673,1.6641,1.7705,4
6.9205,1.6730,1.6673,1.7511,5
6.9205,1.6786,1.6786,1.7640,5
6.9205,1.6851,1.6818,1.7552,5
6.9205,1.6786,1.6826,1.7689,5
6.9205,1.6746,1.6794,1.7673,5
6.9205,1.6568,1.6762,1.7568,5
6.9205,1.6673,1.6657,1.7568,5
6.9205,1.6609,1.6601,1.7656,5
6.9205,1.6560,1.6665,1.7713,5
6.9205,1.6593,1.6641,1.7737,5
6.9205,1.6512,1.6649,1.7753,5
6.9205,1.6520,1.6673,1.7842,5
6.9205,1.6520,1.6536,1.7955,5
6.9205,1.6528,1.6560,1.7850,5
6.9205,1.6496,1.6585,1.7793,5
6.9205,1.6593,1.6601,1.7826,5
6.9205,1.6609,1.6673,1.7801,5
6.9205,1.6609,1.6730,1.7721,5
6.9205,1.6609,1.6746,1.7697,5
6.9205,1.6585,1.6625,1.7729,5
6.9205,1.6657,1.6544,1.7729,5
6.9205,1.6681,1.6440,1.7801,5
6.9205,1.6714,1.6504,1.7826,5
6.9205,1.6681,1.6423,1.7874,5
6.9205,1.6722,1.6448,1.7930,5
6.9205,1.6568,1.6512,1.7882,5
6.9205,1.6520,1.6383,1.7955,5
6.9205,1.6560,1.6488,1.8019,5
6.9205,1.6593,1.6488,1.8124,5
6.9205,1.6794,1.6617,1.8116,5
6.9205,1.6762,1.6641,1.8221,5
6.9205,1.6746,1.6697,1.8172,5
6.9205,1.6705,1.6609,1.8188,5
6.9205,1.6681,1.6609,1.8148,5
6.9205,1.6649,1.6568,1.8051,5
6.9205,1.6665,1.6496,1.8116,5
6.9205,1.6722,1.6609,1.8084,5
6.9205,1.6673,1.6617,1.8084,5
6.9205,1.6673,1.6681,1.7930,5
6.9205,1.6480,1.6697,1.8035,5
6.9205,1.6577,1.6649,1.7938,5
6.9205,1.6520,1.6778,1.7947,5
6.9205,1.6512,1.6859,1.7898,5
6.9205,1.6593,1.6883,1.8043,5
6.9205,1.6609,1.6802,1.8059,5
6.9205,1.6649,1.6786,1.8108,5
6.9205,1.6456,1.6810,1.8253,5
6.9205,1.6536,1.6826,1.8317,5
6.9205,1.6568,1.6778,1.8366,5
6.9205,1.6786,1.6770,1.8164,5
6.9205,1.6697,1.6794,1.8188,5
6.9205,1.6794,1.6673,1.8261,5
6.9205,1.6762,1.6593,1.8212,5
6.9205,1.6705,1.6568,1.8148,5
6.9205,1.6730,1.6649,1.8124,5
6.9205,1.6722,1.6754,1.8140,5
6.9205,1.6883,1.6786,1.8043,5
6.9205,1.6810,1.6963,1.7947,5
6.9205,1.6730,1.6891,1.7834,5
6.9205,1.6456,1.6786,1.7930,5
6.9205,1.6456,1.6786,1.7979,5
6.9205,1.6423,1.6794,1.7922,5
6.9205,1.6480,1.6818,1.7979,5
6.9205,1.6480,1.6907,1.7947,5
6.9205,1.6423,1.6851,1.8035,5
6.9205,1.6415,1.6826,1.8011,5
6.9205,1.6432,1.6432,1.7987,5
6.9205,1.6472,1.6270,1.8027,5
6.9205,1.6512,1.6311,1.8035,5
6.9205,1.6512,1.6351,1.8051,5
6.9205,1.6512,1.6528,1.8003,5
6.9205,1.6488,1.6480,1.8043,5
6.9205,1.6480,1.6568,1.7963,5
6.9205,1.6488,1.6423,1.7938,5
6.9205,1.6512,1.6496,1.7890,5
6.9205,1.6560,1.6528,1.7947,5
6.9205,1.6552,1.6883,1.7922,5
6.9205,1.6560,1.6834,1.7874,5
6.9205,1.6577,1.6826,1.7930,5
6.9205,1.6593,1.6770,1.7947,5
6.9205,1.6585,1.6464,1.7955,5
6.9205,1.6496,1.6520,1.7955,5
6.9205,1.6504,1.6399,1.8027,5
6.9205,1.6472,1.6560,1.8059,5
6.9205,1.6448,1.6577,1.8124,5
6.9205,1.6383,1.6577,1.7987,5
6.9205,1.6335,1.6617,1.7987,5
6.9205,1.6311,1.6512,1.8156,5
6.9205,1.6335,1.6464,1.8027,5
6.9205,1.6391,1.6536,1.8100,5
6.9205,1.6423,1.6649,1.8196,5
6.9205,1.6520,1.6649,1.8172,5
6.9205,1.6593,1.6730,1.8059,5
6.9205,1.7052,1.6705,1.8084,5
6.9698,1.7028,1.6665,1.8019,5
6.9698,1.6979,1.6625,1.8382,5
6.9698,1.6923,1.6689,1.8366,5
6.9698,1.6931,1.6818,1.8196,5
6.9698,1.6834,1.6810,1.8293,5
6.9698,1.6786,1.6859,1.8180,5
6.9698,1.6746,1.6786,1.7350,5
6.9698,1.6762,1.6689,1.7374,5
6.9698,1.6673,1.6762,1.7576,5
6.9698,1.6230,1.6754,1.7656,5
6.9698,1.6351,1.6818,1.7729,5
6.9698,1.6464,1.6810,1.7560,5
6.9698,1.6585,1.6641,1.7560,5
6.9698,1.6609,1.6617,1.7527,5
6.9698,1.6665,1.6649,1.7576,5
6.9698,1.6770,1.6681,1.7648,5
6.9698,1.6786,1.6794,1.8462,5
6.9698,1.6786,1.6947,1.7906,5
6.9698,1.6754,1.6907,1.7858,5
6.9698,1.6794,1.6810,1.7745,5
6.9698,1.6746,1.6786,1.7568,5
6.9698,1.6641,1.6714,1.7447,5
6.9698,1.6649,1.6786,1.7536,5
6.9698,1.6649,1.6738,1.7648,5
6.9698,1.6681,1.6818,1.7600,5
6.9698,1.6657,1.6810,1.7616,5
6.9698,1.6673,1.6730,1.7576,5
6.9698,1.6649,1.6730,1.7995,5
6.9698,1.6641,1.6746,1.7777,5
6.9698,1.6625,1.6802,1.7753,5
6.9698,1.6633,1.6810,1.7963,5
6.9698,1.6665,1.6818,1.7938,5
6.9698,1.6665,1.6689,1.7874,5
6.9698,1.6665,1.6681,1.7697,5
6.9698,1.6649,1.6609,1.7681,5
6.9698,1.6601,1.6585,1.7866,5
6.9698,1.6568,1.6641,1.7713,5
6.9698,1.6585,1.6577,1.7697,5
6.9698,1.6665,1.6544,1.7866,5
6.9698,1.6657,1.6496,1.7955,5
6.9698,1.6568,1.6383,1.7890,5
6.9698,1.6577,1.6415,1.7882,5
6.9698,1.6568,1.6528,1.7930,5
6.9698,1.6504,1.6601,1.8084,5
6.9698,1.6601,1.6585,1.7801,5
6.9698,1.6536,1.6609,1.7624,5
6.9698,1.6544,1.6665,1.7842,5
6.9698,1.6536,1.6593,1.7664,5
6.9698,1.6488,1.6585,1.8446,5
6.9698,1.6464,1.6625,1.8358,5
6.9698,1.6560,1.6649,1.8374,5
6.9698,1.6577,1.6697,1.8406,5
6.9698,1.6560,1.6609,1.8309,5
6.9708,1.6625,1.6641,1.8237,5
6.9708,1.6520,1.6705,1.8575,5
6.9708,1.6577,1.6770,1.8527,5
6.9708,1.6585,1.6722,1.8390,5
6.9708,1.6625,1.6778,1.8623,5
6.9708,1.6665,1.6778,1.7866,5
6.9708,1.6665,1.6697,1.7914,5
6.9708,1.6585,1.6746,1.7866,5
6.9708,1.6601,1.6665,1.7858,5
6.9708,1.6609,1.6665,1.7914,5
6.9708,1.6633,1.6697,1.8011,5
6.9708,1.6641,1.6762,1.8075,5
6.9708,1.6689,1.6657,1.8140,5
6.9708,1.6722,1.6625,1.8148,5
6.9708,1.6697,1.6560,1.8108,5
6.9708,1.6617,1.6512,1.8084,5
6.9708,1.6625,1.6504,1.8092,5
6.9708,1.6697,1.6472,1.8003,5
6.9708,1.6722,1.6593,1.7995,5
6.9708,1.6657,1.6730,1.7979,5
6.9708,1.6641,1.6649,1.7906,5
6.9708,1.6609,1.6568,1.7906,5
6.9708,1.6560,1.6577,1.7834,5
6.9708,1.6625,1.6601,1.7882,5
6.9708,1.6625,1.6633,1.7930,5
6.9708,1.6681,1.6714,1.7882,5
6.9708,1.6641,1.6859,1.7987,5
6.9708,1.6609,1.6826,1.8108,5
6.9708,1.6593,1.6794,1.8075,5
6.9708,1.6657,1.6665,1.8059,5
6.9708,1.6633,1.6714,1.8027,5
6.9708,1.6649,1.6697,1.8075,5
6.9708,1.6673,1.6681,1.8035,5
6.9708,1.6552,1.6665,1.8011,5
6.9708,1.6560,1.6625,1.7995,5
6.9708,1.6560,1.6585,1.8100,5
6.9708,1.6625,1.6544,1.7938,5
6.9708,1.6681,1.6617,1.7882,5
6.9708,1.6649,1.6617,1.7898,5
6.9708,1.6633,1.6746,1.7850,5
6.9708,1.6673,1.6681,1.7930,5
6.9708,1.6649,1.6673,1.7834,5
6.9708,1.6641,1.6657,1.7914,5
6.9708,1.6705,1.7197,1.7922,5
6.9708,1.6665,1.7229,1.7922,5
6.9708,1.6697,1.7141,1.7850,5
6.9708,1.6657,1.7036,1.7987,5
7.0177,1.6625,1.7052,1.6714,5
7.0177,1.6641,1.6971,1.6842,5
7.0177,1.6633,1.6947,1.7004,5
7.0177,1.6593,1.6891,1.7141,5
7.0177,1.6633,1.6907,1.7181,5
7.0177,1.6625,1.6923,1.7189,5
7.0177,1.6528,1.6311,1.7221,5
7.0177,1.6568,1.6375,1.7262,5
7.0177,1.6585,1.6536,1.7358,5
7.0177,1.6601,1.6722,1.7318,5
7.0177,1.6577,1.6722,1.8599,5
7.0177,1.6585,1.6778,1.8527,5
7.0177,1.6593,1.6762,1.8438,5
7.0177,1.6657,1.6810,1.8261,5
7.0177,1.6568,1.6794,1.8188,5
7.0177,1.6617,1.6762,1.8051,5
7.0177,1.6641,1.6883,1.7938,5
7.0177,1.6601,1.6907,1.7785,5
7.0177,1.6657,1.6947,1.7834,5
7.0177,1.6625,1.6915,1.7721,5
7.0177,1.6641,1.6899,1.7697,5
7.0177,1.6641,1.6931,1.7616,5
7.0177,1.6585,1.6810,1.7616,5
7.0177,1.6544,1.6834,1.7640,5
7.0177,1.6560,1.6842,1.7584,5
7.0177,1.6528,1.6923,1.7664,5
7.0177,1.6488,1.6883,1.7721,5
7.0177,1.6560,1.6891,1.7890,5
7.0177,1.6552,1.6810,1.7834,5
7.0177,1.6544,1.6738,1.7882,5
7.0177,1.6568,1.6697,1.7955,5
7.0177,1.6649,1.6649,1.8229,5
7.0185,1.6754,1.6746,1.8269,5
7.0185,1.6730,1.6665,1.8293,5
7.0185,1.6810,1.6528,1.8366,5
7.0185,1.6778,1.6496,1.8446,5
7.0185,1.6851,1.6536,1.8527,5
7.0185,1.6786,1.6488,1.8567,5
7.0185,1.6714,1.6528,1.8519,5
7.0185,1.6730,1.6496,1.8495,5
7.0185,1.6689,1.6456,1.8478,5
7.0185,1.6617,1.6423,1.8301,5
7.0185,1.6560,1.6383,1.8341,5
7.0185,1.6802,1.6448,1.8341,5
7.0185,1.6786,1.6633,1.8349,5
7.0185,1.6730,1.6722,1.8301,5
7.0185,1.6851,1.6738,1.8309,5
7.0185,1.6891,1.6738,1.8084,5
7.0185,1.6859,1.6633,1.8075,5
7.0185,1.6859,1.6689,1.8148,5
7.0185,1.6931,1.6673,1.8237,5
7.0185,1.6955,1.6794,1.8253,5
7.0185,1.6955,1.6810,1.8188,5
7.0185,1.6689,1.6778,1.8148,5
7.0185,1.6738,1.6746,1.8132,5
7.0185,1.6826,1.6568,1.8035,5
7.0185,1.6689,1.6456,1.8035,5
7.0185,1.6705,1.6488,1.8285,5
7.0185,1.6802,1.6496,1.8245,5
7.0185,1.6826,1.6440,1.8188,5
7.0185,1.6778,1.6512,1.8059,5
7.0185,1.6746,1.6480,1.8051,5
7.0185,1.6786,1.6407,1.8100,5
7.0185,1.6851,1.6496,1.8148,5
7.0185,1.6738,1.6528,1.8116,5
7.0185,1.6665,1.6609,1.8164,5
7.0185,1.6754,1.6649,1.8084,5
7.0185,1.6722,1.6593,1.7890,5
7.0185,1.6665,1.6633,1.7906,5
7.0185,1.6601,1.6552,1.7930,5
7.0185,1.6665,1.6568,1.8011,5
7.0185,1.6601,1.6552,1.8043,5
7.0185,1.6593,1.6649,1.7979,5
7.0185,1.6649,1.6673,1.7906,5
7.0185,1.6730,1.6633,1.7987,5
7.0185,1.6786,1.6601,1.8349,5
7.0185,1.6705,1.6480,1.8406,5
7.0185,1.6673,1.6432,1.8462,5
7.0185,1.6714,1.6432,1.8503,5
7.0185,1.6746,1.6472,1.8511,5
7.0185,1.6649,1.6496,1.8511,5
7.0185,1.6697,1.6585,1.8382,5
7.0185,1.6617,1.6577,1.8349,5
7.0185,1.6577,1.6544,1.8446,5
7.0185,1.6560,1.6947,1.8358,5
7.0185,1.6617,1.6875,1.8067,5
7.0185,1.6617,1.6988,1.8019,5
7.0185,1.6641,1.6955,1.8092,5
7.0185,1.6577,1.6891,1.8059,5
7.0185,1.6577,1.6979,1.8084,5
7.0185,1.6593,1.6996,1.8108,5
7.0185,1.6625,1.6963,1.8204,5
7.0185,1.6714,1.6947,1.8164,5
7.0185,1.6681,1.6971,1.8059,5
7.0185,1.6649,1.6504,1.8100,5
7.0677,1.6568,1.6544,1.8108,5
7.0677,1.6577,1.6585,1.8293,5
7.0677,1.6601,1.6585,1.8317,5
7.0677,1.6633,1.6673,1.8366,5
7.0677,1.6649,1.6746,1.8438,5
7.0677,1.6665,1.6762,1.8390,5
7.0677,1.6641,1.6738,1.8374,5
7.0677,1.6625,1.6673,1.8390,5
7.0677,1.6593,1.6657,1.8406,5
7.0677,1.6609,1.6641,1.8382,5
7.0677,1.6568,1.6762,1.8414,5
7.0677,1.6577,1.6714,1.8253,5
7.0677,1.6568,1.6891,1.8164,5
7.0677,1.6577,1.6947,1.8075,5
7.0677,1.6568,1.6883,1.8092,5
7.0677,1.6593,1.6689,1.8067,5
7.0677,1.5593,1.6689,1.7987,5
7.0677,1.5682,1.6802,1.8043,5
7.0677,1.5763,1.6689,1.8067,5
7.0677,1.5819,1.6778,1.7882,5
7.0677,1.5948,1.6730,1.7874,5
7.0677,1.6053,1.6697,1.7882,5
7.0677,1.6045,1.6673,1.7938,5
7.0677,1.6021,1.6601,1.8043,5
7.0677,1.6029,1.6617,1.7995,5
7.0677,1.5980,1.6689,1.8116,5
7.0677,1.6947,1.6601,1.8204,5
7.0677,1.6794,1.6560,1.8237,5
7.0677,1.6754,1.6585,1.8237,5
7.0677,1.6705,1.6536,1.8486,5
7.0677,1.6560,1.6560,1.8462,5
7.0677,1.6383,1.6673,1.8535,5
7.0677,1.6335,1.6617,1.8519,5
7.0677,1.6254,1.6609,1.8422,5
7.0677,1.6190,1.6585,1.8317,5
7.0677,1.6174,1.6512,1.8237,5
7.0677,1.6198,1.6528,1.8196,5
7.0677,1.6222,1.6480,1.8035,5
7.0677,1.6190,1.6617,1.8043,5
7.0677,1.6085,1.6746,1.8043,5
7.0677,1.6190,1.6697,1.7963,5
7.0677,1.6190,1.6681,1.7890,5
7.0688,1.6198,1.6593,1.7971,5
7.0688,1.6295,1.6585,1.7979,5
7.0688,1.6407,1.6512,1.8043,5
7.0688,1.6464,1.6560,1.8051,5
7.0688,1.6472,1.6577,1.7987,5
7.0688,1.6560,1.6577,1.8148,5
7.0688,1.6641,1.6577,1.8495,5
7.0688,1.6746,1.6440,1.8478,5
7.0688,1.6778,1.6456,1.8519,5
7.0688,1.6891,1.6440,1.8454,5
7.0688,1.6907,1.6552,1.8374,5
7.0688,1.6915,1.6488,1.8366,5
7.0688,1.6875,1.6609,1.8349,5
7.0688,1.6867,1.6738,1.8349,5
7.0688,1.6891,1.6705,1.8462,5
7.0688,1.6834,1.6794,1.8454,5
7.0688,1.6802,1.6633,1.8059,5
7.0688,1.6842,1.6738,1.8132,5
7.0688,1.6826,1.6633,1.8140,5
7.0688,1.6786,1.6544,1.8204,5
7.0688,1.6778,1.6456,1.8180,5
7.0688,1.6762,1.6432,1.8325,5
7.0688,1.6762,1.6399,1.8454,5
7.0688,1.6778,1.6423,1.8430,5
7.0688,1.6762,1.6536,1.8341,5
7.0688,1.6786,1.6528,1.8333,5
7.0688,1.6826,1.6585,1.8454,5
7.0688,1.6770,1.6528,1.8349,5
7.0688,1.6689,1.6601,1.8341,5
7.0688,1.6746,1.6649,1.8374,5
7.0688,1.6786,1.6697,1.8422,5
7.0688,1.6714,1.6802,1.8309,5
7.0688,1.6601,1.6778,1.8172,5
7.0688,1.6568,1.6722,1.8325,5
7.0688,1.6552,1.6689,1.8382,5
7.0688,1.6520,1.6705,1.8366,5
7.0688,1.6464,1.6762,1.8325,5
7.0688,1.6520,1.6762,1.8382,5
7.0688,1.6585,1.6722,1.8277,5
7.0688,1.6528,1.6681,1.8221,5
7.0688,1.6528,1.6593,1.8188,5
7.0688,1.6609,1.6585,1.8277,5
7.0688,1.6649,1.6641,1.8382,5
7.0688,1.6649,1.6714,1.8285,5
7.0688,1.6681,1.6673,1.8301,5
7.0688,1.6722,1.6633,1.8309,5
7.0688,1.6705,1.6625,1.8317,5
7.0688,1.6705,1.6544,1.8640,5
7.0688,1.6705,1.6617,1.8632,5
7.0688,1.6681,1.6641,1.8640,5
7.0688,1.6625,1.6842,1.8591,5
7.0688,1.6609,1.6907,1.8511,5
7.0688,1.6714,1.6931,1.8486,5
7.0688,1.6714,1.6859,1.8422,5
7.0688,1.6681,1.6778,1.8430,5
7.0688,1.6617,1.6681,1.8454,5
7.0688,1.6665,1.6673,1.8430,5
7.0688,1.6552,1.6754,1.8108,5
7.1177,1.6520,1.6746,1.8156,5
7.1177,1.6536,1.6697,1.8196,5
7.1177,1.6585,1.6649,1.8269,5
7.1177,1.6536,1.6536,1.8245,5
7.1177,1.6512,1.6528,1.8253,5
7.1177,1.6536,1.6536,1.8446,5
7.1177,1.6617,1.6681,1.8503,5
7.1177,1.6577,1.6794,1.8478,5
7.1177,1.6609,1.6705,1.8519,5
7.1177,1.7133,1.6730,1.8648,5
7.1177,1.7157,1.6714,1.8623,5
7.1177,1.7092,1.6802,1.8607,5
7.1177,1.7020,1.6826,1.8664,5
7.1177,1.7076,1.6915,1.8777,5
7.1177,1.7060,1.6810,1.8760,5
7.1177,1.7036,1.6722,1.8599,5
7.1177,1.6971,1.6585,1.8511,5
7.1177,1.7052,1.6496,1.8543,5
7.1177,1.7020,1.6585,1.8559,5
7.1177,1.6536,1.6577,1.8470,5
7.1177,1.6504,1.6673,1.8575,5
7.1177,1.6609,1.6681,1.8607,5
7.1177,1.6714,1.6577,1.8591,5
7.1177,1.6722,1.6496,1.8623,5
7.1177,1.6714,1.6415,1.8591,5
7.1177,1.6802,1.6560,1.8551,5
7.1177,1.6859,1.6641,1.8511,5
7.1177,1.6810,1.6722,1.8486,5
7.1177,1.6818,1.6641,1.8535,5
7.1177,1.6851,1.6657,1.8551,5
7.1177,1.6810,1.6649,1.8551,5
7.1177,1.6746,1.6593,1.8495,5
7.1177,1.6730,1.6617,1.8495,5
7.1177,1.6754,1.6665,1.8583,5
7.1177,1.6770,1.6794,1.8575,5
7.1177,1.6762,1.6762,1.8607,5
7.1177,1.6722,1.6746,1.8672,5
7.1177,1.6697,1.6730,1.8390,5
7.1177,1.6665,1.6834,1.8382,5
7.1177,1.6649,1.6859,1.8349,5
7.1177,1.6746,1.6818,1.8221,5
7.1177,1.6826,1.6851,1.8261,5
7.1177,1.6826,1.6762,1.8269,5
7.1177,1.6762,1.6730,1.8148,5
7.1177,1.6730,1.6722,1.8212,5
7.1177,1.6593,1.6609,1.8212,5
7.1177,1.6560,1.6665,1.8253,5
7.1177,1.6593,1.6649,1.8551,5
7.1177,1.6593,1.6609,1.8503,5
7.1177,1.6633,1.6601,1.8503,5
7.1177,1.6577,1.6415,1.8623,5
7.1177,1.6456,1.6440,1.8615,5
7.1177,1.6504,1.6528,1.8607,5
7.1177,1.6544,1.6641,1.8511,5
7.1177,1.6544,1.6657,1.8478,5
7.1177,1.6601,1.6778,1.8382,5
7.1177,1.6641,1.6754,1.8325,5
7.1177,1.6681,1.6754,1.8325,5
7.1177,1.6665,1.6705,1.8285,5
7.1177,1.6649,1.6601,1.8277,5
7.1177,1.6657,1.6722,1.8245,5
7.1177,1.6714,1.6673,1.8237,5
7.1177,1.6633,1.6593,1.8221,5
7.1177,1.6609,1.6536,1.8237,5
7.1177,1.6657,1.6560,1.8180,5
7.1177,1.6665,1.6560,1.7407,5
7.1177,1.6705,1.6560,1.7463,5
7.1177,1.6714,1.6560,1.7616,5
7.1177,1.6746,1.6560,1.7737,5
7.1177,1.6714,1.6657,1.7810,5
7.1177,1.6705,1.6641,1.7874,5
7.1177,1.6778,1.6552,1.7955,5
7.1177,1.6762,1.6641,1.7987,5
7.1177,1.6778,1.6568,1.8067,5
7.1177,1.6738,1.6568,1.8092,5
7.1177,1.6826,1.6520,1.9228,5
7.1177,1.6786,1.6496,1.9171,5
7.1177,1.6778,1.6423,1.8970,5
7.1177,1.6754,1.6407,1.8865,5
7.1177,1.6778,1.6367,1.8696,5
7.1177,1.6818,1.6423,1.8623,5
7.1177,1.6754,1.6560,1.8591,5
7.1177,1.6802,1.6568,1.8486,5
7.1177,1.6810,1.6657,1.8390,5
7.1177,1.6826,1.6649,1.8390,5
7.1177,1.6786,1.6617,1.8132,5
7.1177,1.6762,1.6617,1.8132,5
7.1177,1.6738,1.6665,1.8116,5
7.1177,1.6714,1.6705,1.8019,5
7.1177,1.6697,1.6689,1.8100,5
7.1177,1.6705,1.6593,1.8140,5
7.1177,1.6705,1.6601,1.8285,5
7.1177,1.6681,1.6544,1.8382,5
7.1177,1.6705,1.6528,1.8366,5
7.1177,1.6778,1.6544,1.8414,5
7.1177,1.6770,1.6560,1.8341,5
7.1177,1.6794,1.6488,1.8349,5
7.1177,1.6778,1.6577,1.8341,5
7.1177,1.6794,1.6552,1.8470,5
7.1177,1.6834,1.6488,1.8478,5
7.1657,1.6818,1.6633,1.8478,5
7.1657,1.6818,1.6689,1.8382,5
7.1657,1.6842,1.6730,1.8406,5
7.1657,1.6842,1.6722,1.8478,5
7.1657,1.6818,1.6601,1.8519,5
7.1657,1.6794,1.6528,1.8648,5
7.1657,1.6794,1.6544,1.8704,5
7.1657,1.6859,1.6593,1.8752,5
7.1657,1.6770,1.6585,1.8696,5
7.1657,1.6673,1.6705,1.8768,5
7.1657,1.6689,1.6665,1.8801,5
7.1657,1.6738,1.6488,1.8744,5
7.1657,1.6770,1.6407,1.8680,5
7.1657,1.6802,1.6415,1.8615,5
7.1657,1.6842,1.6448,1.8575,5
7.1657,1.6891,1.6536,1.8543,5
7.1657,1.6891,1.6544,1.8543,5
7.1657,1.6875,1.6407,1.8511,5
7.1657,1.6955,1.6423,1.8527,5
7.1657,1.7052,1.6456,1.8454,5
7.1657,1.7036,1.6464,1.8430,5
7.1657,1.7036,1.6633,1.8358,5
7.1657,1.6955,1.6673,1.8341,5
7.1657,1.6907,1.6593,1.8478,5
7.1657,1.6859,1.6568,1.8478,5
7.1657,1.6834,1.6448,1.8478,5
7.1657,1.6875,1.6496,1.8414,5
7.1657,1.6859,1.6528,1.8986,5
7.1657,1.6915,1.6560,1.8962,5
7.1657,1.6512,1.6496,1.9099,5
7.1657,1.6528,1.6496,1.9139,5
7.1657,1.6544,1.6496,1.9171,5
7.1657,1.6593,1.6359,1.9123,5
7.1657,1.6633,1.5561,1.9018,5
7.1657,1.6657,1.5658,1.9002,5
7.1657,1.6568,1.5819,1.9010,5
7.1657,1.6577,1.5948,1.9042,5
7.1657,1.6625,1.6037,1.8599,5
7.1657,1.6528,1.6149,1.8656,5
7.1657,1.6939,1.6093,1.8567,5
7.1657,1.6939,1.6101,1.8632,5
7.1657,1.6923,1.5988,1.8664,5
7.1657,1.6859,1.6141,1.8817,5
7.1657,1.6794,1.6931,1.8914,5
7.1657,1.6746,1.6770,1.8922,5
7.1657,1.6810,1.6697,1.8922,5
7.1657,1.6738,1.6585,1.8922,5
7.1657,1.6681,1.6536,1.8785,5
7.1657,1.6770,1.6440,1.8752,5
7.1657,1.6730,1.6472,1.8744,5
7.1657,1.6705,1.6472,1.8736,5
7.1657,1.6633,1.6536,1.8857,5
7.1657,1.6673,1.6480,1.8785,5
7.1657,1.6705,1.6383,1.8728,5
7.1657,1.6649,1.6528,1.8728,5
7.1657,1.6705,1.6528,1.8720,5
7.1657,1.6681,1.6544,1.8688,5
7.1657,1.6714,1.6536,1.8712,5
7.1657,1.6722,1.6423,1.8688,5
7.1657,1.6730,1.6415,1.8696,5
7.1657,1.6875,1.6303,1.8632,5
7.1657,1.6955,1.6238,1.8503,5
7.1657,1.6907,1.6246,1.8454,5
7.1657,1.6899,1.6448,1.9703,5
7.1657,1.6996,1.6391,1.9574,5
7.1657,1.6988,1.6448,1.9453,5
7.1657,1.7052,1.6480,1.9349,5
7.1657,1.6939,1.6407,1.9252,5
7.1657,1.6963,1.6520,1.9284,5
7.1657,1.6955,1.6528,1.9365,5
7.1657,1.6834,1.6657,1.9292,5
7.1657,1.6851,1.6754,1.9204,5
7.1657,1.6947,1.6738,1.9292,5
7.1657,1.7100,1.6673,1.8011,5
7.1657,1.7076,1.6464,1.8075,5
7.1657,1.7052,1.6480,1.8156,5
7.1657,1.7044,1.6359,1.8301,5
7.1657,1.7141,1.6432,1.8414,5
7.1657,1.7100,1.6448,1.8486,5
7.1657,1.7133,1.6399,1.8277,5
7.1657,1.7149,1.6391,1.8374,5
7.1657,1.7133,1.6335,1.8551,5
7.1657,1.7116,1.6794,1.8583,5
7.1657,1.6979,1.6794,1.8672,5
7.1657,1.6996,1.7004,1.8785,5
7.1657,1.7020,1.6851,1.8825,5
7.1657,1.7052,1.6818,1.8809,5
7.1657,1.7052,1.6762,1.8809,5
7.1657,1.7044,1.6625,1.8777,5
7.1657,1.6931,1.6593,1.8873,5
7.1657,1.6891,1.6544,1.8793,5
7.1657,1.6859,1.6657,1.8664,5
7.1657,1.6859,1.6286,1.8623,5
7.1657,1.6834,1.6214,1.8567,5
7.1657,1.6826,1.6190,1.8478,5
7.1657,1.6794,1.6278,1.8398,5
7.2133,1.6875,1.6319,1.8301,5
7.2133,1.6851,1.6278,1.8245,5
7.2133,1.6859,1.6295,1.8196,5
7.2133,1.7181,1.6367,1.7979,5
7.2133,1.7205,1.6335,1.8011,5
7.2133,1.7213,1.6295,1.8035,5
7.2133,1.7173,1.6303,1.7914,5
7.2133,1.7197,1.6472,1.7842,5
7.2133,1.7149,1.6504,1.7866,5
7.2133,1.7108,1.6512,1.7858,5
7.2133,1.7004,1.6536,1.7947,5
7.2133,1.7100,1.6488,1.8003,5
7.2133,1.7084,1.6552,1.7866,5
7.2133,1.6915,1.6609,1.8132,5
7.2133,1.6915,1.6665,1.8124,5
7.2133,1.6907,1.6649,1.8075,5
7.2133,1.6923,1.6641,1.8180,5
7.2133,1.6899,1.6568,1.8285,5
7.2133,1.6947,1.6536,1.8309,5
7.2133,1.7012,1.6456,1.8382,5
7.2133,1.6988,1.6359,1.8406,5
7.2133,1.6923,1.6391,1.8374,5
7.2133,1.6963,1.6375,1.8519,5
7.2133,1.6923,1.6375,1.8430,5
7.2133,1.6955,1.6383,1.8390,5
7.2133,1.6939,1.6254,1.8422,5
7.2133,1.6988,1.6270,1.8382,5
7.2133,1.7028,1.6206,1.8309,5
7.2133,1.6996,1.6198,1.8237,5
7.2133,1.6988,1.6278,1.8132,5
7.2133,1.7036,1.6319,1.8075,5
7.2133,1.7036,1.6407,1.8164,5
7.2133,1.7012,1.6456,1.8156,5
7.2133,1.7012,1.6423,1.8156,5
7.2133,1.7044,1.6440,1.8180,5
7.2133,1.7100,1.6512,1.8261,5
7.2133,1.7044,1.6456,1.8277,5
7.2133,1.6996,1.6448,1.8261,5
7.2133,1.7028,1.6440,1.8349,5
7.2133,1.7004,1.6375,1.8527,5
7.2133,1.7004,1.6472,1.8688,5
7.2133,1.6996,1.6488,1.8736,5
7.2133,1.6979,1.6496,1.8728,5
7.2133,1.6971,1.6488,1.8712,5
7.2133,1.6939,1.6448,1.8728,5
7.2133,1.6899,1.6399,1.8680,5
7.2133,1.6939,1.6303,1.8664,5
7.2133,1.6915,1.6391,1.8728,5
7.2133,1.6915,1.6423,1.8656,5
7.2133,1.6939,1.6552,1.8543,5
7.2133,1.6923,1.6552,1.8438,5
7.2133,1.6883,1.6472,1.8341,5
7.2133,1.6907,1.6472,1.8293,5
7.2133,1.6875,1.6423,1.8301,5
7.2133,1.6883,1.6456,1.8414,5
7.2133,1.6915,1.6440,1.8454,5
7.2133,1.6947,1.6601,1.8462,5
7.2133,1.6988,1.6601,1.8406,5
7.2133,1.6963,1.6673,1.8430,5
7.2133,1.6963,1.6552,1.8478,5
7.2133,1.6947,1.6601,1.8446,5
7.2133,1.7012,1.6585,1.8438,5
7.2133,1.7044,1.6617,1.8495,5
7.2133,1.7076,1.6681,1.8511,5
7.2133,1.6996,1.6512,1.8422,5
7.2133,1.7004,1.6504,1.8470,5
7.2133,1.6915,1.6407,1.8438,5
7.2133,1.6891,1.6407,1.8414,5
7.2133,1.6931,1.6391,1.8422,5
7.2133,1.6915,1.6480,1.8446,5
7.2133,1.6883,1.6488,1.8664,5
7.2133,1.6851,1.6593,1.8656,5
7.2133,1.6859,1.6464,1.8599,5
7.2133,1.6883,1.6391,1.8962,5
7.2133,1.6883,1.6544,1.8914,5
7.2133,1.6867,1.6560,1.8817,5
7.2133,1.6867,1.6625,1.8833,5
7.2133,1.6899,1.6617,1.8849,5
7.2133,1.6875,1.6681,1.8817,5
7.2133,1.6907,1.6657,1.8817,5
7.2133,1.6939,1.6601,1.8664,5
7.2133,1.6996,1.6504,1.8656,5
7.2133,1.6988,1.6593,1.8728,5
7.2133,1.6971,1.6601,1.8470,5
7.2133,1.7044,1.6472,1.8551,5
7.2133,1.7020,1.6432,1.8567,5
7.2133,1.7068,1.6391,1.8656,5
7.2133,1.7036,1.6432,1.8607,5
7.2133,1.7020,1.6383,1.8607,5
7.2133,1.7028,1.6440,1.8623,5
7.2133,1.7020,1.6456,1.8583,5
7.2133,1.6939,1.6617,1.8680,5
7.2133,1.6899,1.6536,1.8656,5
7.2133,1.6907,1.6528,1.8309,5
7.2133,1.6875,1.6641,1.8454,5
7.2607,1.6867,1.6738,1.8841,5
7.2607,1.6883,1.6834,1.8720,5
7.2607,1.6955,1.6834,1.8865,5
7.2607,1.6988,1.6802,1.8897,5
7.2607,1.6979,1.6762,1.8857,5
7.2607,1.7052,1.6681,1.8849,5
7.2607,1.7133,1.6552,1.8825,5
7.2607,1.7141,1.6657,1.8825,5
7.2607,1.7100,1.6649,1.9075,5
7.2607,1.7133,1.6601,1.8922,5
7.2607,1.7133,1.6536,1.8567,5
7.2607,1.7116,1.6488,1.8672,5
7.2607,1.7084,1.6472,1.8599,5
7.2607,1.7076,1.6415,1.8591,5
7.2607,1.7068,1.6415,1.8656,5
7.2607,1.7020,1.6456,1.8664,5
7.2607,1.7028,1.6432,1.8527,5
7.2607,1.7100,1.6295,1.8664,5
7.2607,1.7141,1.6286,1.8712,5
7.2607,1.7165,1.6278,1.8696,5
7.2607,1.7181,1.6480,1.8640,5
7.2607,1.7181,1.6520,1.8559,5
7.2607,1.7181,1.6560,1.8559,5
7.2607,1.7197,1.6577,1.8632,5
7.2607,1.7197,1.6577,1.8511,5
7.2607,1.7205,1.6544,1.8470,5
7.2607,1.7173,1.6520,1.8559,5
7.2607,1.7084,1.6577,1.8406,5
7.2607,1.7068,1.6609,1.8438,5
7.2607,1.7052,1.6730,1.8325,5
7.2607,1.7084,1.6641,1.8374,5
7.2607,1.7092,1.6552,1.8462,5
7.2607,1.7068,1.6464,1.8543,5
7.2607,1.7060,1.6432,1.8559,5
7.2607,1.7076,1.6053,1.8728,5
7.2607,1.7076,1.6077,1.8744,5
7.2607,1.7068,1.6069,1.8785,5
7.2607,1.7116,1.6182,1.8801,5
7.2607,1.7116,1.6182,1.8744,5
7.2607,1.7068,1.6149,1.8849,5
7.2607,1.7092,1.6053,1.8833,5
7.2607,1.7092,1.6149,1.8785,5
7.2607,1.7100,1.6158,1.8744,5
7.2607,1.7092,1.6230,1.8712,5
7.2607,1.7068,1.6568,1.8591,5
7.2607,1.7076,1.6544,1.8632,5
7.2607,1.7084,1.6625,1.8640,5
7.2607,1.7068,1.6512,1.8623,5
7.2607,1.7108,1.6593,1.8688,5
7.2607,1.7125,1.6593,1.8648,5
7.2607,1.7084,1.6641,1.8744,5
7.2607,1.7133,1.6585,1.8841,5
7.2607,1.7125,1.6440,1.8841,5
7.2607,1.7133,1.6383,1.8817,5
7.2607,1.7133,1.6383,1.8768,5
7.2607,1.7092,1.6432,1.8728,5
7.2607,1.7092,1.6464,1.8760,5
7.2607,1.7092,1.6609,1.8825,5
7.2607,1.7052,1.6601,1.8744,5
7.2607,1.7052,1.6488,1.8785,5
7.2607,1.7028,1.6472,1.8696,5
7.2607,1.6971,1.6367,1.8640,5
7.2607,1.6979,1.6560,1.8664,5
7.2607,1.7020,1.6512,1.8640,5
7.2607,1.7068,1.6544,1.8672,5
7.2607,1.7076,1.6512,1.8752,5
7.2607,1.7084,1.6512,1.8728,5
7.2607,1.7116,1.6480,1.8688,5
7.2607,1.7165,1.6480,1.8720,5
7.2607,1.7253,1.6601,1.8801,5
7.2607,1.7270,1.6568,1.8825,5
7.2607,1.7326,1.6560,1.8801,5
7.2607,1.7310,1.6440,1.8664,5
7.2607,1.7262,1.6464,1.8720,5
7.2607,1.7221,1.6456,1.8720,5
7.2607,1.7221,1.6560,1.8720,5
7.2607,1.7205,1.6649,1.8680,5
7.2607,1.7173,1.6673,1.8744,5
7.2607,1.7108,1.6593,1.8712,5
7.2607,1.7076,1.6480,1.8567,5
7.2607,1.7100,1.6440,1.8599,5
7.2607,1.7092,1.6536,1.8664,5
7.2607,1.7116,1.6536,1.8736,5
7.2607,1.7165,1.6633,1.8696,5
7.2607,1.7157,1.6560,1.8720,5
7.2607,1.7165,1.6560,1.8108,5
7.2607,1.7245,1.6488,1.8204,5
7.2607,1.7294,1.6407,1.8180,5
7.2607,1.7302,1.6456,1.8245,5
7.2607,1.7270,1.6488,1.8390,5
7.2607,1.7253,1.6552,1.8438,5
7.2607,1.7229,1.6536,1.8414,5
7.2607,1.7221,1.6560,1.8462,5
7.2607,1.7173,1.6480,1.8430,5
7.2607,1.7221,1.6568,1.8462,5
7.3083,1.7237,1.6528,1.8986,5
7.3083,1.7157,1.6544,1.8873,5
7.3083,1.7165,1.6593,1.8768,5
7.3083,1.7221,1.6577,1.9067,5
7.3083,1.7173,1.6536,1.9051,5
7.3083,1.7165,1.6552,1.8954,5
7.3083,1.7213,1.6512,1.8801,5
7.3083,1.7278,1.6456,1.8744,5
7.3083,1.7262,1.6552,1.8793,5
7.3083,1.7197,1.6585,1.8801,5
7.3083,1.7213,1.6601,1.8817,5
7.3083,1.7278,1.6568,1.8833,5
7.3083,1.7229,1.6528,1.8930,5
7.3083,1.7229,1.6512,1.8623,5
7.3083,1.7262,1.6520,1.8640,5
7.3083,1.7253,1.6383,1.8640,5
7.3083,1.7197,1.6432,1.8744,5
7.3083,1.7116,1.6601,1.8768,5
7.3083,1.7229,1.6617,1.8785,5
7.3083,1.7302,1.6633,1.8825,5
7.3083,1.7286,1.6609,1.8760,5
7.3083,1.7262,1.6593,1.8317,5
7.3083,1.7318,1.6625,1.8341,5
7.3083,1.7278,1.6665,1.8656,5
7.3083,1.7294,1.6649,1.8712,5
7.3083,1.7326,1.6794,1.8760,5
7.3083,1.7358,1.6851,1.8801,5
7.3083,1.7382,1.6802,1.8825,5
7.3083,1.7286,1.6794,1.8857,5
7.3083,1.7237,1.6689,1.8817,5
7.3083,1.7278,1.6609,1.8922,5
7.3083,1.7358,1.6601,1.9421,5
7.3083,1.7318,1.6472,1.9300,5
7.3083,1.7350,1.6512,1.9026,5
7.3083,1.7342,1.6544,1.9051,5
7.3083,1.7310,1.6552,1.8994,5
7.3083,1.7286,1.6544,1.8873,5
7.3083,1.7342,1.6577,1.8865,5
7.3083,1.7366,1.6577,1.8777,5
7.3083,1.7374,1.6528,1.8785,5
7.3083,1.7326,1.6609,1.8785,5
7.3083,1.7237,1.6601,1.8752,5
7.3083,1.7213,1.6625,1.8849,5
7.3083,1.7197,1.6601,1.8801,5
7.3083,1.7205,1.6601,1.8672,5
7.3083,1.7229,1.6649,1.8632,5
7.3083,1.7245,1.6472,1.8728,5
7.3083,1.7205,1.6480,1.8696,5
7.3083,1.7165,1.6375,1.8793,5
7.3083,1.7221,1.6488,1.8760,5
7.3083,1.7253,1.6295,1.8785,5
7.3083,1.7229,1.6383,1.8801,5
7.3083,1.7205,1.6423,1.8785,5
7.3083,1.7270,1.6375,1.8825,5
7.3083,1.7286,1.6577,1.8785,5
7.3083,1.7278,1.6577,1.8833,5
7.3083,1.7245,1.6730,1.8825,5
7.3083,1.7278,1.6681,1.8801,5
7.3083,1.7310,1.6665,1.8833,5
7.3083,1.7229,1.6577,1.8881,5
7.3083,1.7221,1.6746,1.8905,5
7.3083,1.7229,1.6665,1.8801,5
7.3083,1.7262,1.6705,1.8865,5
7.3083,1.7149,1.6834,1.8817,5
7.3083,1.7116,1.6641,1.8849,5
7.3083,1.7141,1.6593,1.8793,5
7.3083,1.7060,1.6568,1.8801,5
7.3083,1.7020,1.6488,1.8849,5
7.3083,1.6996,1.6560,1.8785,5
7.3083,1.7100,1.6552,1.8704,5
7.3083,1.7084,1.6577,1.8640,5
7.3083,1.7116,1.6448,1.8744,5
7.3083,1.7084,1.6375,1.8728,5
7.3083,1.7125,1.6432,1.8752,5
7.3083,1.7133,1.6407,1.8777,5
7.3083,1.7133,1.6359,1.8817,5
7.3083,1.7294,1.6407,1.8849,5
7.3083,1.7350,1.6520,1.8857,5
7.3083,1.7318,1.6472,1.8873,5
7.3083,1.7229,1.6560,1.8922,5
7.3083,1.7237,1.6560,1.8873,5
7.3083,1.7213,1.6657,1.8865,5
7.3083,1.7270,1.6778,1.8817,5
7.3083,1.7294,1.6649,1.8752,5
7.3083,1.7278,1.6770,1.8736,5
7.3083,1.7270,1.6842,1.8728,5
7.3083,1.7173,1.6722,1.8768,5
7.3083,1.7141,1.6657,1.8785,5
7.3083,1.7157,1.6641,1.8736,5
7.3083,1.7157,1.6625,1.8768,5
7.3083,1.7116,1.6689,1.8801,5
7.3083,1.7503,1.6746,1.8809,5
7.3083,1.7471,1.6697,1.8793,5
7.3083,1.7390,1.6625,1.8752,5
7.3083,1.7415,1.6633,1.8736,5
7.3557,1.7358,1.6593,1.8478,5
7.3557,1.7366,1.6665,1.8495,5
7.3557,1.7342,1.6697,1.8567,5
7.3557,1.7334,1.6810,1.8785,5
7.3557,1.7390,1.6826,1.8728,5
7.3557,1.7390,1.6722,1.8752,5
7.3557,1.7044,1.6714,1.8857,5
7.3557,1.7052,1.6673,1.8873,5
7.3557,1.7108,1.6730,1.8970,5
7.3557,1.7133,1.6593,1.8938,5
7.3557,1.7149,1.6649,1.9171,5
7.3557,1.7205,1.6641,1.9139,5
7.3557,1.7262,1.6601,1.9099,5
7.3557,1.7334,1.6601,1.8889,5
7.3557,1.7278,1.6601,1.8785,5
7.3557,1.7302,1.6665,1.8841,5
7.3557,1.7334,1.6657,1.8752,5
7.3557,1.7366,1.6762,1.8785,5
7.3557,1.7350,1.6762,1.8801,5
7.3557,1.7350,1.6432,1.8825,5
7.3557,1.7608,1.6415,1.8897,5
7.3557,1.7947,1.6456,1.8817,5
7.3557,1.7842,1.6577,1.8752,5
7.3557,1.7737,1.6601,1.8712,5
7.3557,1.7729,1.6649,1.8825,5
7.3557,1.7689,1.6641,1.8833,5
7.3557,1.7600,1.6560,1.8922,5
7.3557,1.7527,1.6432,1.8849,5
7.3557,1.7552,1.6383,1.8785,5
7.3557,1.7503,1.6778,1.8922,5
7.3557,1.7245,1.6802,1.8914,5
7.3557,1.6867,1.6770,1.9051,5
7.3557,1.6955,1.6730,1.9147,5
7.3557,1.7036,1.6593,1.9268,5
7.3557,1.7068,1.6544,1.9252,5
7.3557,1.7133,1.6415,1.9228,5
7.3557,1.7125,1.6520,1.9131,5
7.3557,1.7189,1.6512,1.9171,5
7.3557,1.7173,1.6568,1.9212,5
7.3557,1.7278,1.6552,1.9139,5
7.3557,1.7350,1.6415,1.9155,5
7.3557,1.7390,1.6512,1.9091,5
7.3557,1.7390,1.6504,1.9010,5
7.3557,1.7358,1.6560,1.8970,5
7.3557,1.7334,1.6456,1.8962,5
7.3557,1.7302,1.6488,1.8962,5
7.3557,1.7318,1.6407,1.8954,5
7.3557,1.7294,1.6407,1.8833,5
7.3557,1.7294,1.6423,1.8970,5
7.3557,1.7173,1.6456,1.8922,5
7.3557,1.7052,1.6601,1.9042,5
7.3557,1.7052,1.6504,1.9010,5
7.3557,1.7012,1.6496,1.9026,5
7.3557,1.6971,1.6448,1.9155,5
7.3557,1.6971,1.6480,1.9228,5
7.3557,1.6971,1.6544,1.9244,5
7.3557,1.6971,1.6536,1.9244,5
7.3557,1.6899,1.6633,1.9333,5
7.3557,1.6867,1.6504,1.9155,5
7.3557,1.6923,1.6432,1.9171,5
7.3557,1.6899,1.6415,1.8994,5
7.3557,1.6826,1.6351,1.9042,5
7.3557,1.6867,1.6367,1.9059,5
7.3557,1.6923,1.6423,1.8922,5
7.3557,1.6907,1.6496,1.8817,5
7.3557,1.6867,1.6432,1.8825,5
7.3557,1.6859,1.6528,1.8833,5
7.3557,1.6939,1.6536,1.8865,5
7.3557,1.6939,1.6641,1.8946,5
7.3557,1.6867,1.6722,1.9010,5
7.3557,1.6979,1.6673,1.9115,5
7.3557,1.6963,1.6770,1.9059,5
7.3557,1.6907,1.6673,1.9026,5
7.3557,1.6883,1.6585,1.9010,5
7.3557,1.6979,1.6496,1.9075,5
7.3557,1.6979,1.6577,1.9042,5
7.3557,1.6971,1.6585,1.8914,5
7.3557,1.6931,1.6544,1.8914,5
7.3557,1.6955,1.6585,1.8865,5
7.3557,1.6963,1.6577,1.8809,5
7.3557,1.6859,1.6520,1.8728,5
7.3557,1.5932,1.6440,1.8648,5
7.3557,1.6077,1.6432,1.8680,5
7.3557,1.6158,1.6472,1.8664,5
7.3557,1.6133,1.6593,1.8632,5
7.3557,1.6214,1.6609,1.8623,5
7.3557,1.6295,1.6601,1.8696,5
7.3557,1.6367,1.6560,1.8793,5
7.3557,1.6351,1.6544,1.8777,5
7.3557,1.6383,1.6472,1.8768,5
7.3557,1.6448,1.6560,1.8736,5
7.3557,1.7374,1.6536,1.8801,5
7.3557,1.7213,1.6568,1.8736,5
7.3557,1.7116,1.6649,1.8793,5
7.3557,1.6971,1.6625,1.8978,5
7.3950,1.6891,1.6657,1.8970,5
7.3950,1.6802,1.6649,1.8994,5
7.3950,1.6705,1.6705,1.8865,5
7.3950,1.6673,1.6657,1.8873,5
7.3950,1.6585,1.6714,1.9051,5
7.3950,1.6536,1.6609,1.8632,5
7.3950,1.6504,1.6617,1.8688,5
7.3950,1.6456,1.6714,1.8728,5
7.3950,1.6375,1.6673,1.8688,5
7.3950,1.6407,1.6673,1.8551,5
7.3950,1.6423,1.6633,1.8640,5
7.3950,1.6415,1.6601,1.8648,5
7.3950,1.6432,1.6528,1.8632,5
7.3950,1.6488,1.6464,1.8696,5
7.3950,1.6496,1.6464,1.8623,5
7.3950,1.6528,1.6496,1.9091,5
7.3950,1.6609,1.6617,1.9051,5
7.3950,1.6633,1.6577,1.9107,5
7.3950,1.6673,1.6536,1.9099,5
7.3950,1.6714,1.6577,1.9131,5
7.3950,1.6730,1.6464,1.9059,5
7.3950,1.6770,1.6496,1.9059,5
7.3950,1.6786,1.6617,1.9075,5
7.3950,1.6778,1.6705,1.9002,5
7.3950,1.6802,1.6697,1.9083,5
7.3950,1.6834,1.6681,1.9042,5
7.3950,1.6802,1.6633,1.8986,5
7.3950,1.6794,1.6609,1.8914,5
7.3950,1.6842,1.6689,1.8914,5
7.3950,1.6851,1.6633,1.8881,5
7.3950,1.6859,1.6762,1.8889,5
7.3950,1.6826,1.6786,1.8905,5
7.3950,1.6834,1.6754,1.9115,5
7.3950,1.6810,1.6738,1.9220,5
7.3950,1.6842,1.6617,1.9099,5
7.3950,1.6810,1.6665,1.9139,5
7.3950,1.6810,1.6673,1.9204,5
7.3950,1.6842,1.6746,1.9228,5
7.3950,1.6778,1.6754,1.9244,5
7.3950,1.6762,1.6697,1.9236,5
7.3950,1.6802,1.6593,1.9179,5
7.3950,1.6754,1.6423,1.9196,5
7.3950,1.6697,1.6432,1.9099,5
7.3950,1.6641,1.6399,1.9083,5
7.3950,1.6641,1.6568,1.9034,5
7.3950,1.6488,1.6633,1.9091,5
7.3950,1.6432,1.6689,1.9147,5
7.3950,1.6456,1.6722,1.9155,5
7.3950,1.6536,1.6601,1.9196,5
7.3950,1.6504,1.6665,1.9171,5
7.3950,1.6456,1.6657,1.9276,5
7.3950,1.6544,1.6802,1.9244,5
7.3950,1.6577,1.6770,1.9252,5
7.3950,1.6665,1.6738,1.9212,5
7.3950,1.6649,1.6649,1.9292,5
7.3950,1.6818,1.6649,1.9228,5
7.3950,1.6851,1.6633,1.9220,5
7.3950,1.6818,1.6544,1.9196,5
7.3950,1.6786,1.6665,1.9075,5
7.3950,1.6826,1.6657,1.9155,5
7.3950,1.6826,1.6609,1.9171,5
7.3950,1.6762,1.6536,1.9268,5
7.3950,1.6738,1.6528,1.9445,5
7.3950,1.6714,1.6544,1.9397,5
7.3950,1.6705,1.6633,1.9365,5
7.3950,1.6689,1.6633,1.9333,5
7.3950,1.6665,1.6593,1.9212,5
7.3950,1.6657,1.6560,1.9196,5
7.3950,1.6625,1.6512,1.9220,5
7.3950,1.6609,1.6456,1.9179,5
7.3950,1.6609,1.6577,1.9075,5
7.3950,1.6585,1.6649,1.8994,5
7.3950,1.6568,1.6673,1.8736,5
7.3950,1.6552,1.6722,1.8793,5
7.3950,1.6577,1.6625,1.8736,5
7.3950,1.6609,1.6577,1.8817,5
7.3950,1.6657,1.6593,1.8938,5
7.3950,1.6673,1.6601,1.9123,5
7.3950,1.6722,1.6609,1.9236,5
7.4347,1.6722,1.6601,1.9204,5
7.4347,1.6705,1.6585,1.9236,5
7.4347,1.6810,1.6512,1.9300,5
7.4347,1.6867,1.6536,1.9333,5
7.4347,1.6826,1.6585,1.9284,5
7.4347,1.6818,1.6738,1.9204,5
7.4347,1.6730,1.6746,1.9155,5
7.4347,1.6778,1.6714,1.9083,5
7.4347,1.6738,1.6649,1.8970,5
7.4347,1.6681,1.6577,1.8849,5
7.4347,1.6681,1.6568,1.8833,5
7.4347,1.6714,1.6601,1.8833,5
7.4347,1.6649,1.6722,1.8817,5
7.4347,1.6641,1.6730,1.8865,5
7.4347,1.6697,1.6754,1.8930,5
7.4347,1.6681,1.6609,1.9075,5
7.4347,1.6722,1.6432,1.9115,5
7.4347,1.6665,1.6456,1.9179,5
7.4347,1.6665,1.6528,1.9220,5
7.4347,1.6697,1.6593,1.9220,5
7.4347,1.6673,1.6673,1.9171,5
7.4347,1.6633,1.6593,1.9252,5
7.4347,1.6657,1.6697,1.9171,5
7.4347,1.6681,1.6544,1.9091,5
7.4347,1.6681,1.6512,1.8994,5
7.4347,1.6641,1.6512,1.8889,5
7.4347,1.6673,1.6665,1.8817,5
7.4347,1.6681,1.6641,1.8889,5
7.4347,1.6705,1.6536,1.8825,5
7.4347,1.6714,1.6568,1.7278,5
7.4347,1.6730,1.6560,1.7511,5
7.4347,1.6778,1.6665,1.7648,5
7.4347,1.6714,1.6504,1.7858,5
7.4347,1.6665,1.6657,1.8027,5
7.4347,1.6617,1.6560,1.8212,5
7.4347,1.6681,1.6601,1.8277,5
7.4347,1.6673,1.6512,1.8422,5
7.4347,1.6697,1.6512,1.8398,5
7.4347,1.6714,1.6641,1.8374,5
7.4347,1.6730,1.6657,1.9929,5
7.4347,1.6705,1.6746,1.9768,5
7.4347,1.6665,1.6697,1.9566,5
7.4347,1.6762,1.6689,1.9405,5
7.4347,1.6722,1.6625,1.9212,5
7.4347,1.6762,1.6601,1.8970,5
7.4347,1.6730,1.6641,1.9099,5
7.4347,1.6810,1.6665,1.8857,5
7.4347,1.6762,1.6609,1.8664,5
7.4347,1.6794,1.6609,1.8599,5
7.4347,1.6834,1.6568,1.8551,5
7.4347,1.6939,1.6536,1.8575,5
7.4347,1.6931,1.6528,1.8503,5
7.4347,1.6834,1.6528,1.8390,5
7.4347,1.6867,1.6552,1.8293,5
7.4347,1.6867,1.6689,1.8301,5
7.4347,1.6891,1.6673,1.8132,5
7.4347,1.6754,1.6657,1.8325,5
7.4347,1.6802,1.6762,1.8503,5
7.4347,1.6770,1.6786,1.8656,5
7.4347,1.6705,1.6818,1.8809,5
7.4347,1.6601,1.6802,1.8873,5
7.4347,1.6657,1.6842,1.9107,5
7.4347,1.6697,1.6762,1.9276,5
7.4347,1.6705,1.6625,1.9429,5
7.4347,1.6738,1.6585,1.9599,5
7.4347,1.6754,1.6601,1.9719,5
7.4347,1.6826,1.6697,1.9687,5
7.4347,1.6818,1.6730,1.9711,5
7.4347,1.6802,1.6754,1.9623,5
7.4347,1.7076,1.6730,1.9615,5
7.4347,1.7100,1.6681,1.9510,5
7.4347,1.7044,1.6649,1.9453,5
7.4347,1.7020,1.6722,1.9470,5
7.4347,1.7036,1.6778,1.9518,5
7.4347,1.7020,1.6722,1.9462,5
7.4347,1.6963,1.6730,1.9381,5
7.4347,1.6907,1.6705,1.9381,5
7.4347,1.6915,1.6593,1.9381,5
7.4347,1.6931,1.6472,1.9445,5
7.4823,1.6705,1.6480,1.9357,5
7.4823,1.6730,1.6625,1.9397,5
7.4823,1.6794,1.6617,1.9365,5
7.4823,1.6842,1.6617,1.9131,5
7.4823,1.6786,1.6705,1.9042,5
7.4823,1.6786,1.6681,1.9034,5
7.4823,1.6859,1.6762,1.9099,5
7.4823,1.6883,1.6818,1.9139,5
7.4823,1.6907,1.6842,1.9083,5
7.4823,1.6883,1.6818,1.9163,5
7.4823,1.6834,1.6730,1.9252,5
7.4823,1.6834,1.6577,1.9325,5
7.4823,1.6738,1.6544,1.9204,5
7.4823,1.6520,1.6585,1.9365,5
7.4823,1.6601,1.6609,1.9349,5
7.4823,1.6609,1.6714,1.9534,5
7.4823,1.6593,1.6633,1.9502,5
7.4823,1.6665,1.6641,1.9421,5
7.4823,1.6633,1.6657,1.9341,5
7.4823,1.6714,1.6593,1.9236,5
7.4823,1.6665,1.6609,1.9204,5
7.4823,1.6689,1.6705,1.9147,5
7.4823,1.6722,1.6746,1.9163,5
7.4823,1.6883,1.6641,1.9083,5
7.4823,1.6851,1.6641,1.8293,5
7.4823,1.6867,1.6665,1.8116,5
7.4823,1.6826,1.6593,1.8188,5
7.4823,1.6778,1.6544,1.8301,5
7.4823,1.6754,1.6488,1.8422,5
7.4823,1.6697,1.6617,1.8503,5
7.4823,1.6722,1.6625,1.8559,5
7.4823,1.6657,1.6536,1.8623,5
7.4823,1.6649,1.6552,1.8672,5
7.4823,1.6681,1.6617,1.8672,5
7.4823,1.6536,1.6617,1.9462,5
7.4823,1.6512,1.6560,1.9429,5
7.4823,1.6601,1.6625,1.9252,5
7.4823,1.6601,1.6609,1.9099,5
7.4823,1.6480,1.6560,1.8809,5
7.4823,1.6343,1.6568,1.8648,5
7.4823,1.6810,1.6504,1.8599,5
7.4823,1.6826,1.6560,1.8462,5
7.4823,1.6810,1.6665,1.8374,5
7.4823,1.6826,1.6738,1.8309,5
7.4823,1.6955,1.6609,1.8293,5
7.4823,1.6939,1.6520,1.8325,5
7.4823,1.6867,1.6432,1.8406,5
7.4823,1.6851,1.6327,1.8398,5
7.4823,1.6915,1.6456,1.8551,5
7.4823,1.6996,1.6399,1.8632,5
7.4823,1.6568,1.6528,1.8632,5
7.4823,1.6577,1.6496,1.8664,5
7.4823,1.6625,1.6335,1.8777,5
7.4823,1.6601,1.6270,1.8922,5
7.4823,1.6641,1.6303,1.9034,5
7.4823,1.6673,1.6367,1.9042,5
7.4823,1.6681,1.6375,1.9059,5
7.4823,1.6754,1.6504,1.9163,5
7.4823,1.6818,1.6480,1.9171,5
7.4823,1.6842,1.6480,1.9220,5
7.4823,1.6842,1.6520,1.9236,5
7.4823,1.6842,1.6472,1.9260,5
7.4823,1.6834,1.6536,1.9236,5
7.4823,1.6859,1.6480,1.9212,5
7.4823,1.6842,1.6399,1.9228,5
7.4823,1.6826,1.6359,1.9244,5
7.4823,1.6778,1.6375,1.9212,5
7.4823,1.6673,1.6375,1.9163,5
7.4823,1.6730,1.6423,1.9268,5
7.4823,1.6754,1.6520,1.9308,5
7.4823,1.6722,1.6512,1.9308,5
7.4823,1.6794,1.6432,1.9365,5
7.4823,1.6794,1.6407,1.9413,5
7.4823,1.6738,1.6375,1.9405,5
7.4823,1.6810,1.6391,1.9470,5
7.4823,1.6818,1.6432,1.9542,5
7.4823,1.6826,1.6504,1.9582,5
7.4823,1.6875,1.6544,1.9526,5
7.4823,1.6738,1.6544,1.9510,5
7.4823,1.6705,1.6432,1.9582,5
7.4823,1.6722,1.6383,1.9623,5
7.4823,1.6641,1.6963,1.9550,5
7.4823,1.6633,1.6923,1.9478,5
7.4823,1.6665,1.6979,1.9526,5
7.4823,1.6560,1.7052,1.9437,5
7.4823,1.6552,1.7052,1.9445,5
7.4823,1.6681,1.7004,1.9429,5
7.4823,1.6681,1.6867,1.9526,5
7.4823,1.6714,1.6810,1.9478,5
7.4823,1.6722,1.6867,1.9325,5
7.4823,1.6738,1.6859,1.9188,5
7.4823,1.6746,1.6383,1.9252,5
7.4823,1.6714,1.6407,1.9228,5
7.4823,1.6665,1.6472,1.9228,5
7.4823,1.6681,1.6504,1.9244,5
7.5297,1.6673,1.6577,1.9083,5
7.5297,1.6601,1.6641,1.8978,5
7.5297,1.6649,1.6794,1.8873,5
7.5297,1.6705,1.6859,1.8841,5
7.5297,1.6770,1.6802,1.8793,5
7.5297,1.6786,1.6810,1.8905,5
7.5297,1.6802,1.6754,1.8785,5
7.5297,1.6867,1.6834,1.8865,5
7.5297,1.6899,1.6762,1.8857,5
7.5297,1.6907,1.6536,1.8817,5
7.5297,1.6971,1.6536,1.8656,5
7.5297,1.6923,1.6552,1.8704,5
7.5297,1.6875,1.6536,1.8777,5
7.5297,1.6842,1.6520,1.8905,5
7.5297,1.6778,1.6593,1.8897,5
7.5297,1.6770,1.6544,1.8865,5
7.5297,1.6786,1.6601,1.8962,5
7.5297,1.6705,1.6560,1.8962,5
7.5297,1.6705,1.6560,1.9010,5
7.5297,1.6746,1.6859,1.9059,5
7.5297,1.6625,1.6778,1.9308,5
7.5297,1.6657,1.6730,1.9373,5
7.5297,1.6754,1.6617,1.9397,5
7.5297,1.6802,1.6544,1.9325,5
7.5297,1.6794,1.6496,1.9365,5
7.5297,1.6786,1.6472,1.9357,5
7.5297,1.6818,1.6375,1.9300,5
7.5297,1.6955,1.6295,1.9389,5
7.5297,1.6939,1.6367,1.9316,5
7.5297,1.6875,1.6335,1.9284,5
7.5297,1.6947,1.5851,1.9171,5
7.5297,1.6931,1.5900,1.9147,5
7.5297,1.6834,1.5924,1.9123,5
7.5297,1.6794,1.5932,1.9123,5
7.5297,1.6907,1.5956,1.9188,5
7.5297,1.6923,1.6053,1.9179,5
7.5297,1.6867,1.6174,1.9260,5
7.5297,1.6730,1.6262,1.9212,5
7.5297,1.6794,1.6303,1.9244,5
7.5297,1.6842,1.6254,1.9260,5
7.5297,1.6818,1.6689,1.9333,5
7.5297,1.6826,1.6617,1.9405,5
7.5297,1.6842,1.6601,1.9478,5
7.5297,1.6818,1.6536,1.9478,5
7.5297,1.6714,1.6464,1.9445,5
7.5297,1.6722,1.6375,1.9526,5
7.5297,1.6730,1.6278,1.9462,5
7.5297,1.6754,1.6319,1.9405,5
7.5297,1.6722,1.6295,1.9550,5
7.5297,1.6738,1.6278,1.9510,5
7.5297,1.6746,1.6327,1.9542,5
7.5297,1.6714,1.6238,1.9574,5
7.5297,1.6657,1.6278,1.9518,5
7.5297,1.6705,1.6238,1.9389,5
7.5297,1.6722,1.6270,1.9405,5
7.5297,1.6697,1.6375,1.9316,5
7.5297,1.6681,1.6520,1.9341,5
7.5297,1.6681,1.6464,1.9292,5
7.5297,1.6617,1.6335,1.9042,5
7.5297,1.6625,1.6343,1.9051,5
7.5297,1.6601,1.6295,1.9091,5
7.5297,1.6657,1.6399,1.9018,5
7.5297,1.6714,1.6407,1.9091,5
7.5297,1.6633,1.6577,1.9260,5
7.5297,1.6649,1.6633,1.9171,5
7.5297,1.6657,1.6528,1.9325,5
7.5297,1.6657,1.6456,1.9357,5
7.5297,1.6657,1.6359,1.9413,5
7.5297,1.6738,1.6448,1.9526,5
7.5297,1.6746,1.6472,1.9534,5
7.5297,1.6754,1.6270,1.9421,5
7.5297,1.6730,1.6303,1.9413,5
7.5297,1.6689,1.6327,1.9284,5
7.5297,1.6762,1.6343,1.9252,5
7.5297,1.6762,1.6399,1.9236,5
7.5297,1.6746,1.6480,1.8914,5
7.5297,1.6746,1.6464,1.8881,5
7.5297,1.6738,1.6617,1.8849,5
7.5297,1.6697,1.6625,1.8744,5
7.5297,1.6714,1.6528,1.8760,5
7.5297,1.6746,1.6778,1.8720,5
7.5297,1.6714,1.6689,1.8785,5
7.5297,1.6722,1.6730,1.8938,5
7.5297,1.6738,1.6714,1.9115,5
7.5297,1.6770,1.6705,1.9284,5
7.5297,1.6794,1.6722,1.9615,5
7.5297,1.6770,1.6714,1.9727,5
7.5297,1.6778,1.6633,1.9736,5
7.5297,1.6818,1.6512,1.9631,5
7.5297,1.6770,1.6568,1.9445,5
7.5297,1.6722,1.6512,1.9308,5
7.5297,1.6818,1.6528,1.9115,5
7.5297,1.6834,1.6528,1.8849,5
7.5297,1.6810,1.6488,1.8583,5
7.5297,1.6746,1.6319,1.8374,5
7.5773,1.6746,1.6214,1.8172,5
7.5773,1.6842,1.6303,1.7971,5
7.5773,1.6818,1.6351,1.7890,5
7.5773,1.6746,1.6504,1.7922,5
7.5773,1.6786,1.6448,1.8132,5
7.5773,1.6802,1.6480,1.8317,5
7.5773,1.6665,1.6593,1.8414,5
7.5773,1.6697,1.6601,1.8559,5
7.5773,1.6681,1.6641,1.8607,5
7.5773,1.6673,1.6746,1.8736,5
7.5773,1.6649,1.6762,1.8809,5
7.5773,1.6609,1.6681,1.8914,5
7.5773,1.6649,1.6593,1.8994,5
7.5773,1.6697,1.6560,1.9220,5
7.5773,1.6625,1.6544,1.9147,5
7.5773,1.6633,1.6665,1.9131,5
7.5773,1.6697,1.6641,1.9107,5
7.5773,1.6697,1.6617,1.9308,5
7.5773,1.6730,1.6552,1.9220,5
7.5773,1.6730,1.6464,1.9123,5
7.5773,1.6746,1.6520,1.9067,5
7.5773,1.6673,1.6528,1.8865,5
7.5773,1.6609,1.6617,1.8777,5
7.5773,1.6617,1.6593,1.8495,5
7.5773,1.6649,1.6617,1.8527,5
7.5773,1.6657,1.6472,1.8535,5
7.5773,1.6641,1.6375,1.8607,5
7.5773,1.6609,1.6286,1.8438,5
7.5773,1.6641,1.6319,1.8640,5
7.5773,1.6633,1.6415,1.8785,5
7.5773,1.6633,1.6367,1.8938,5
7.5773,1.6689,1.6343,1.9196,5
7.5773,1.6762,1.6391,1.9300,5
7.5773,1.6649,1.6415,1.9462,5
7.5773,1.6657,1.6544,1.9534,5
7.5773,1.6649,1.6585,1.9727,5
7.5773,1.6649,1.6673,1.9752,5
7.5773,1.6649,1.6649,1.9760,5
7.5773,1.6593,1.6633,1.9703,5
7.5773,1.6601,1.6617,1.9736,5
7.5773,1.6593,1.6560,1.9703,5
7.5773,1.6593,1.6601,1.9687,5
7.5773,1.6544,1.6560,1.9663,5
7.5773,1.6681,1.6593,1.9639,5
7.5773,1.6673,1.6520,1.9639,5
7.5773,1.6681,1.6512,1.9381,5
7.5773,1.6625,1.6472,1.9252,5
7.5773,1.6657,1.6472,1.9171,5
7.5773,1.6673,1.6480,1.9051,5
7.5773,1.6432,1.6504,1.9018,5
7.5773,1.6440,1.6665,1.8914,5
7.5773,1.6496,1.6689,1.8849,5
7.5773,1.6520,1.6601,1.8946,5
7.5773,1.6488,1.6593,1.9083,5
7.5773,1.6496,1.6536,1.9123,5
7.5773,1.6496,1.6552,1.9212,5
7.5773,1.6520,1.6577,1.9308,5
7.5773,1.6480,1.6697,1.9292,5
7.5773,1.6423,1.6689,1.9421,5
7.5773,1.6681,1.6625,1.9333,5
7.5773,1.6504,1.6609,1.9252,5
7.5773,1.6448,1.6520,1.9389,5
7.5773,1.6472,1.6593,1.9292,5
7.5773,1.6504,1.6577,1.9212,5
7.5773,1.6488,1.6520,1.9067,5
7.5773,1.6456,1.6472,1.9083,5
7.5773,1.6504,1.6391,1.9026,5
7.5773,1.6496,1.6327,1.8954,5
7.5773,1.6528,1.6295,1.8914,5
7.5773,1.6480,1.6399,1.8881,5
7.5773,1.6641,1.6415,1.8994,5
7.5773,1.6625,1.6488,1.8785,5
7.5773,1.6568,1.6432,1.8873,5
7.5773,1.6536,1.6262,1.8833,5
7.5773,1.6536,1.6399,1.8889,5
7.5773,1.6504,1.6383,1.8946,5
7.5773,1.6464,1.6432,1.9188,5
7.5773,1.6472,1.6423,1.9429,5
7.5773,1.6504,1.6528,1.9534,5
7.5773,1.6544,1.6520,1.9655,5
7.5773,1.6536,1.6391,1.9663,5
7.5773,1.6568,1.6415,1.9760,5
7.5773,1.6609,1.6399,1.9977,5
7.5773,1.6633,1.6472,2.0227,5
7.5773,1.6641,1.6375,2.0380,5
7.5773,1.6681,1.6432,2.0445,5
7.5773,1.6722,1.6456,2.0421,5
7.5773,1.6714,1.6423,2.0421,5
7.5773,1.6705,1.6391,2.0429,5
7.5773,1.6722,1.6391,2.0493,5
7.5773,1.6738,1.6448,2.0622,5
7.5773,1.6722,1.6391,2.0783,5
7.5773,1.6705,1.6286,2.0541,5
7.5773,1.6673,1.6262,2.0388,5
7.5773,1.6649,1.6343,2.0275,5
7.6247,1.6633,1.6319,2.0130,5
7.6247,1.6633,1.6327,2.0058,5
7.6247,1.6689,1.6399,1.9993,5
7.6247,1.6673,1.6311,1.9864,5
7.6247,1.6633,1.6295,1.9615,5
7.6247,1.6601,1.6319,1.9494,5
7.6247,1.6568,1.6262,1.9316,5
7.6247,1.6657,1.6432,1.9445,5
7.6247,1.6633,1.6472,1.9494,5
7.6247,1.6641,1.6496,1.9373,5
7.6247,1.6681,1.6593,1.9389,5
7.6247,1.6649,1.6625,1.9300,5
7.6247,1.6609,1.6504,1.9333,5
7.6247,1.6617,1.6480,1.8817,5
7.6247,1.6673,1.6464,1.9042,5
7.6247,1.6649,1.6480,1.9091,5
7.6247,1.6705,1.6512,1.9188,5
7.6247,1.6649,1.6504,1.9196,5
7.6247,1.6689,1.6544,1.9083,5
7.6247,1.6730,1.6536,1.9260,5
7.6247,1.6697,1.6432,1.9292,5
7.6247,1.6722,1.6488,1.9413,5
7.6247,1.6722,1.6633,1.9091,5
7.6247,1.6681,1.6722,1.9816,5
7.6247,1.6657,1.6633,1.9752,5
7.6247,1.6649,1.6536,1.9736,5
7.6247,1.6633,1.6577,1.9711,5
7.6247,1.6585,1.6504,1.9655,5
7.6247,1.6528,1.6512,1.9671,5
7.6247,1.6520,1.6536,1.9599,5
7.6247,1.6488,1.6641,1.9518,5
7.6247,1.6496,1.6585,1.9445,5
7.6247,1.6528,1.6472,1.9856,5
7.6247,1.6601,1.6440,1.9727,5
7.6247,1.6609,1.6456,2.0147,5
7.6247,1.6657,1.6480,2.0332,5
7.6247,1.6689,1.6423,2.0429,5
7.6247,1.6705,1.6520,2.0509,5
7.6247,1.6754,1.6536,2.0662,5
7.6247,1.6714,1.6520,2.0896,5
7.6247,1.6802,1.6456,2.1138,5
7.6247,1.6802,1.6335,2.1315,5
7.6247,1.6746,1.6367,2.1154,5
7.6247,1.6657,1.6351,2.1146,5
7.6247,1.6681,1.6367,2.0888,5
7.6247,1.6673,1.6391,2.0896,5
7.6247,1.6593,1.6399,2.0832,5
7.6247,1.6601,1.6407,2.0509,5
7.6247,1.6633,1.6448,2.0050,5
7.6247,1.6617,1.6480,1.9623,5
7.6247,1.6617,1.6440,1.9365,5
7.6247,1.6568,1.6407,1.9212,5
7.6247,1.6577,1.6456,1.9252,5
7.6247,1.6577,1.6367,1.9365,5
7.6247,1.6496,1.6351,1.9478,5
7.6247,1.6504,1.6391,1.9526,5
7.6247,1.6512,1.6504,1.9840,5
7.6247,1.6480,1.6472,2.0122,5
7.6247,1.6464,1.6448,2.0501,5
7.6247,1.6512,1.6311,2.0759,5
7.6247,1.6456,1.6286,2.0904,5
7.6247,1.6456,1.6383,2.0912,5
7.6247,1.6432,1.6311,2.0533,5
7.6247,1.6520,1.6407,2.0300,5
7.6247,1.6577,1.6947,1.9937,5
7.6247,1.6585,1.6891,1.9582,5
7.6247,1.6617,1.6826,1.9083,5
7.6247,1.6649,1.6697,1.8712,5
7.6247,1.6593,1.6633,1.8108,5
7.6247,1.6568,1.6601,1.7705,5
7.6247,1.6585,1.6657,1.7245,5
7.6247,1.6665,1.6609,1.6955,5
7.6247,1.6641,1.6697,1.5779,5
7.6247,1.6577,1.6649,1.5867,5
7.6247,1.6544,1.6117,1.6012,5
7.6247,1.6552,1.6190,1.6149,5
7.6247,1.6520,1.6222,1.6206,5
7.6247,1.6528,1.6383,1.6544,5
7.6247,1.6609,1.6448,1.6214,5
7.6247,1.6528,1.6609,1.6641,5
7.6247,1.6544,1.6697,1.7092,5
7.6247,1.6351,1.6730,1.7358,5
7.6247,1.6456,1.6786,1.8857,5
7.6247,1.6496,1.6899,1.8922,5
7.6247,1.6520,1.6979,1.8825,5
7.6247,1.6520,1.6963,1.8777,5
7.6247,1.6585,1.7004,1.8793,5
7.6247,1.6697,1.6915,1.8591,5
7.6247,1.6657,1.6738,1.9365,5
7.6247,1.6681,1.6705,1.9228,5
7.6247,1.6681,1.6577,1.9204,5
7.6247,1.6810,1.6673,1.9131,5
7.6247,1.6770,1.6697,1.9139,5
7.6247,1.6738,1.6714,1.9123,5
7.6247,1.6714,1.6714,1.9131,5
7.6723,1.6681,1.6625,1.9067,5
7.6723,1.6657,1.6617,1.9059,5
7.6723,1.6593,1.6649,1.9091,5
7.6723,1.6552,1.6794,1.9131,5
7.6723,1.6568,1.6770,1.9196,5
7.6723,1.6577,1.6915,1.9171,5
7.6723,1.6609,1.6915,1.9171,5
7.6723,1.6617,1.6867,1.9163,5
7.6723,1.6617,1.6891,1.9179,5
7.6723,1.6617,1.6907,1.9244,5
7.6723,1.6705,1.7092,1.9502,5
7.6723,1.6665,1.7100,1.9542,5
7.6723,1.6585,1.7133,1.9752,5
7.6723,1.6689,1.7197,1.9760,5
7.6723,1.6746,1.7245,1.9792,5
7.6723,1.6754,1.7253,1.9848,5
7.6723,1.6705,1.7286,1.9913,5
7.6723,1.6746,1.7407,2.0010,5
7.6723,1.6762,1.7447,2.0082,5
7.6723,1.6778,1.7552,2.0147,5
7.6723,1.6689,1.7592,2.0010,5
7.6723,1.6738,1.7664,2.0090,5
7.6723,1.6722,1.7818,2.0018,5
7.6723,1.6649,1.7914,2.0098,5
7.6723,1.6625,1.8075,2.0098,5
7.6723,1.6504,1.8237,2.0034,5
7.6723,1.6544,1.8374,1.9881,5
7.6723,1.6496,1.8462,1.9687,5
7.6723,1.6496,1.8535,1.9502,5
7.6723,1.6520,1.8591,1.9349,5
7.6723,1.6560,1.8672,1.9260,5
7.6723,1.6568,1.8760,1.9123,5
7.6723,1.6593,1.8825,1.9075,5
7.6723,1.6641,1.8946,1.8994,5
7.6723,1.6665,1.9051,1.8946,5
7.6723,1.6778,1.9010,1.8873,5
7.6723,1.6762,1.9083,1.8841,5
7.6723,1.6754,1.9107,1.8922,5
7.6723,1.6762,1.9131,1.8938,5
7.6723,1.6746,1.9276,1.9002,5
7.6723,1.6714,1.9268,1.8986,5
7.6723,1.6705,1.9325,1.9067,5
7.6723,1.6520,1.9365,1.9139,5
7.6723,1.6504,1.9365,1.9268,5
7.6723,1.6480,1.9268,1.9429,5
7.6723,1.6464,1.9139,1.9542,5
7.6723,1.6448,1.8873,1.9744,5
7.6723,1.6472,1.8559,1.9824,5
7.6723,1.6448,1.8333,1.9937,5
7.6723,1.6456,1.8003,1.9921,5
7.6723,1.6464,1.7801,1.9969,5
7.6723,1.6456,1.7608,1.9945,5
7.6723,1.6697,1.7511,1.9873,5
7.6723,1.6697,1.7439,1.9800,5
7.6723,1.6722,1.7326,1.9655,5
7.6723,1.6714,1.7294,1.9550,5
7.6723,1.6738,1.7253,1.9405,5
7.6723,1.6697,1.7310,1.9268,5
7.6723,1.6657,1.7302,1.9067,5
7.6723,1.6649,1.7350,1.9067,5
7.6723,1.6649,1.7334,1.9131,5
7.6723,1.6585,1.7253,1.9276,5
7.6723,1.6609,1.7060,1.9349,5
7.6723,1.6585,1.6834,1.9413,5
7.6723,1.6585,1.6641,1.9365,5
7.6723,1.6528,1.6520,1.9308,5
7.6723,1.6512,1.6472,1.9550,5
7.6723,1.6560,1.6383,2.0042,5
7.6723,1.6609,1.6278,2.0549,5
7.6723,1.6617,1.6246,2.0678,5
7.6723,1.6601,1.6206,2.0614,5
7.6723,1.6673,1.6343,2.0388,5
7.6723,1.6617,1.6303,2.0147,5
7.6723,1.6617,1.6254,1.9840,5
7.6723,1.6593,1.6286,1.9687,5
7.6723,1.6673,1.6254,1.9574,5
7.6723,1.6697,1.6206,1.9300,5
7.6723,1.6617,1.6295,1.8857,5
7.6723,1.6625,1.6391,1.8406,5
7.6723,1.6609,1.6464,1.8164,5
7.6723,1.6657,1.6496,1.8116,5
7.6723,1.6681,1.6375,1.8075,5
7.6723,1.6657,1.6464,1.8172,5
7.6723,1.6657,1.6577,1.8277,5
7.6723,1.6657,1.6705,1.8470,5
7.6723,1.6601,1.6891,1.8817,5
7.6723,1.6593,1.7157,1.9260,5
7.6723,1.6609,1.7310,1.9502,5
7.6723,1.6560,1.7576,1.9816,5
7.6723,1.6593,1.7689,2.0026,5
7.6723,1.6577,1.7930,2.0211,5
7.6723,1.6568,1.8108,2.0453,5
7.6723,1.6536,1.8317,2.0735,5
7.6723,1.6512,1.8495,2.1081,5
7.6723,1.6520,1.8599,2.1347,5
7.7203,1.6585,1.8752,2.1396,5
7.7203,1.6520,1.8785,2.1299,5
7.7203,1.6657,1.8889,2.1162,5
7.7203,1.7100,1.8857,2.0799,5
7.7203,1.7028,1.8809,2.0549,5
7.7203,1.6988,1.8785,2.0324,5
7.7203,1.6915,1.8825,2.0082,5
7.7203,1.6963,1.8849,1.9736,5
7.7203,1.6947,1.8817,1.9341,5
7.7203,1.6899,1.8914,1.8833,5
7.7203,1.6738,1.8922,1.8406,5
7.7203,1.6786,1.9034,1.7987,5
7.7203,1.6633,1.9034,1.7801,5
7.7203,1.6117,1.9010,1.8132,5
7.7203,1.6206,1.9099,1.8623,5
7.7203,1.6295,1.9123,1.9292,5
7.7203,1.6311,1.9010,2.0010,5
7.7203,1.6278,1.8922,2.0574,5
7.7203,1.6319,1.8930,2.1097,5
7.7203,1.6407,1.8889,2.1750,5
7.7203,1.6520,1.8889,2.2258,5
7.7203,1.6456,1.8809,2.2701,5
7.7203,1.6568,1.8736,2.3096,5
7.7203,1.6714,1.8736,2.2983,5
7.7203,1.6270,1.8656,2.2629,5
7.7203,1.6230,1.8615,2.2016,5
7.7203,1.6327,1.8688,2.1331,5
7.7203,1.6343,1.8760,2.0775,5
7.7203,1.6367,1.8744,2.0267,5
7.7203,1.6335,1.8696,1.9905,5
7.7203,1.6383,1.8640,1.9711,5
7.7203,1.6407,1.8599,1.9574,5
7.7203,1.6343,1.8559,1.9284,5
7.7203,1.6286,1.8503,1.9518,5
7.7203,1.6673,1.8478,1.9744,5
7.7203,1.6633,1.8301,2.0050,5
7.7203,1.6520,1.8172,2.0509,5
7.7203,1.6496,1.8108,2.1009,5
7.7203,1.6440,1.8108,2.1291,5
7.7203,1.6375,1.8196,2.1388,5
7.7203,1.6286,1.8172,2.1275,5
7.7203,1.6335,1.7995,2.0880,5
7.7203,1.6254,1.7914,2.0614,5
7.7203,1.6133,1.7818,2.0074,5
7.7203,1.6158,1.7834,2.0590,5
7.7203,1.6133,1.7898,2.0082,5
7.7203,1.6125,1.7971,1.9663,5
7.7203,1.6117,1.7987,1.9196,5
7.7203,1.6109,1.7963,1.8922,5
7.7203,1.6174,1.7858,1.8777,5
7.7203,1.6246,1.7834,1.8817,5
7.7203,1.6254,1.7947,1.9204,5
7.7203,1.6351,1.7930,1.9695,5
7.7203,1.6520,1.7987,2.0388,5
7.7203,1.6536,1.7922,2.0284,5
7.7203,1.6577,1.7882,2.1057,5
7.7203,1.6577,1.7898,2.1565,5
7.7203,1.6625,1.7818,2.1968,5
7.7203,1.6681,1.7761,2.2330,5
7.7203,1.6625,1.7713,2.2524,5
7.7203,1.6681,1.7624,2.2814,5
7.7203,1.6697,1.7608,2.2814,5
7.7203,1.6705,1.7568,2.2629,5
7.7203,1.6633,1.7544,2.2161,5
7.7203,1.6617,1.7511,2.1758,5
7.7203,1.6633,1.7640,2.1251,5
7.7203,1.6705,1.7576,2.0840,5
7.7203,1.6633,1.7503,2.0582,5
7.7203,1.6641,1.7455,2.0251,5
7.7203,1.6697,1.7390,1.9905,5
7.7203,1.6641,1.7350,1.9663,5
7.7203,1.6714,1.7270,1.9824,5
7.7203,1.6705,1.7116,2.0203,5
7.7203,1.6722,1.7165,2.0638,5
7.7203,1.6730,1.7221,2.0912,5
7.7203,1.6673,1.7205,2.1049,5
7.7203,1.6641,1.7165,2.1404,5
7.7203,1.6705,1.7221,2.2024,5
7.7203,1.6665,1.7270,2.2774,5
7.7203,1.6657,1.7294,2.3571,5
7.7203,1.6738,1.7374,2.3974,5
7.7203,1.6665,1.7399,2.3982,5
7.7203,1.6657,1.7511,2.4063,5
7.7203,1.6665,1.7407,2.4103,5
7.7203,1.6673,1.7399,2.4087,5
7.7203,1.6730,1.7334,2.4281,5
7.7203,1.6689,1.7310,2.4361,5
7.7203,1.6641,1.7278,2.4168,5
7.7203,1.6649,1.7197,2.3781,5
7.7203,1.6657,1.7229,2.3120,5
7.7203,1.6617,1.7100,2.2548,5
7.7203,1.6593,1.7133,2.2056,5
7.7203,1.6625,1.7173,2.1500,5
7.7203,1.6641,1.7245,2.0856,5
7.7203,1.6617,1.7173,2.0356,5
7.7203,1.6641,1.7108,2.0001,5
7.7677,1.6714,1.7092,1.9510,5
7.7677,1.6714,1.7060,1.9171,5
7.7677,1.6665,1.7044,1.9163,5
7.7677,1.6601,1.7036,1.9453,5
7.7677,1.6512,1.7125,1.9752,5
7.7677,1.6512,1.7149,2.0138,5
7.7677,1.6496,1.7302,2.0372,5
7.7677,1.6480,1.7245,2.0590,5
7.7677,1.6544,1.7221,2.0751,5
7.7677,1.6528,1.7221,2.0864,5
7.7677,1.6528,1.7205,2.0968,5
7.7677,1.6899,1.7229,2.0936,5
7.7677,1.6931,1.7245,2.0775,5
7.7677,1.6923,1.7342,2.0388,5
7.7677,1.6883,1.7350,2.0026,5
7.7677,1.6915,1.7294,1.9695,5
7.7677,1.6730,1.7149,1.9534,5
7.7677,1.6730,1.7141,1.9550,5
7.7677,1.6681,1.7189,1.9478,5
7.7677,1.6657,1.7221,1.9429,5
7.7677,1.6665,1.7245,1.9333,5
7.7677,1.6262,1.7229,1.9107,5
7.7677,1.6278,1.7165,1.8914,5
7.7677,1.6359,1.7133,1.8970,5
7.7677,1.6448,1.7157,1.9260,5
7.7677,1.6512,1.7197,1.9453,5
7.7677,1.6657,1.7173,1.9486,5
7.7677,1.6697,1.7133,1.9333,5
7.7677,1.6705,1.7100,1.9204,5
7.7677,1.6673,1.7052,1.9155,5
7.7677,1.6657,1.7133,1.9268,5
7.7677,1.6730,1.7157,1.9542,5
7.7677,1.6730,1.7294,2.0010,5
7.7677,1.6673,1.7205,2.0622,5
7.7677,1.6641,1.7116,2.1017,5
7.7677,1.6601,1.7028,2.1307,5
7.7677,1.6609,1.7020,2.1605,5
7.7677,1.6585,1.6947,2.1936,5
7.7677,1.6633,1.6891,2.2250,5
7.7677,1.6665,1.6963,2.2580,5
7.7677,1.6625,1.6826,2.2532,5
7.7677,1.6625,1.6665,2.3064,5
7.7677,1.6633,1.6496,2.2669,5
7.7677,1.6633,1.6415,2.2032,5
7.7677,1.6689,1.6270,2.1404,5
7.7677,1.6601,1.6166,2.1114,5
7.7677,1.6633,1.6021,2.0993,5
7.7677,1.6609,1.5884,2.0743,5
7.7677,1.6536,1.5585,2.0284,5
7.7677,1.6520,1.5287,1.9679,5
7.7677,1.6560,1.5013,1.9558,5
7.7677,1.6560,1.4892,1.8946,5
7.7677,1.6544,1.4626,1.8946,5
7.7677,1.6560,1.4223,1.8857,5
7.7677,1.6536,1.3917,1.8640,5
7.7677,1.6560,1.3538,1.8075,5
7.7677,1.6568,1.3216,1.7479,5
7.7677,1.6552,1.2966,1.7189,5
7.7677,1.6649,1.2829,1.7100,5
7.7677,1.6641,1.2579,1.6174,5
7.7677,1.6609,1.2354,1.5787,5
7.7677,1.6577,1.2023,1.5013,5
7.7677,1.6649,1.1645,1.3990,5
7.7677,1.6665,1.1492,1.3144,5
7.7677,1.6657,1.1185,1.2402,5
7.7677,1.6673,1.1000,1.2007,5
7.7677,1.6641,1.0653,1.1508,5
7.7677,1.6633,1.0347,1.0799,5
7.7677,1.6585,1.0073,1.0484,5
7.7677,1.6601,0.9751,1.1588,5
7.7677,1.6657,0.9421,1.2032,5
7.7677,1.6673,0.9163,1.2628,5
7.7677,1.6641,0.8953,1.3232,5
7.7677,1.6641,0.8397,1.3377,5
7.7677,1.6641,0.8179,1.3974,5
7.7677,1.6633,0.7841,1.3764,5
7.7677,1.6649,0.7591,1.3611,5
7.7677,1.6673,0.7430,1.3635,5
7.7677,1.6673,0.7075,1.3144,5
7.7677,1.6681,0.6801,1.2144,5
7.7677,1.6657,0.6576,1.1363,5
7.7677,1.6657,0.6245,1.0815,5
7.7677,1.6641,0.6004,1.0589,5
7.7677,1.6609,0.6020,1.0710,5
7.7677,1.6577,0.5875,1.0347,5
7.7677,1.6601,0.5770,1.0702,5
7.7677,1.6568,0.5762,1.0936,5
7.7677,1.6577,0.5617,1.1403,5
7.7677,1.6528,0.5552,1.2007,5
7.7677,1.6536,0.5423,1.2668,5
7.7677,1.6536,0.5262,1.3297,5
7.7677,1.6480,0.5246,1.3627,5
7.7677,1.6488,0.5206,1.4111,5
7.7677,1.6488,0.5166,1.4505,5
7.7677,1.6593,0.5029,1.4957,5
7.8153,1.6577,0.4948,1.5336,5
7.8153,1.6609,0.4892,1.5835,5
7.8153,1.6560,0.4835,1.6069,5
7.8153,1.6544,0.4835,1.6504,5
7.8153,1.6399,0.4819,1.7334,5
7.8153,1.6415,0.4867,1.7963,5
7.8153,1.6464,0.4859,1.8905,5
7.8153,1.6432,0.4787,1.9663,5
7.8153,1.6423,0.4867,2.0590,5
7.8153,1.6359,0.4916,2.1662,5
7.8153,1.6319,0.4980,2.2645,5
7.8153,1.6262,0.4932,2.3144,5
7.8153,1.6335,0.4916,2.3467,5
7.8153,1.6286,0.4867,2.3708,5
7.8153,1.6423,0.4859,2.3217,5
7.8153,1.6383,0.4787,2.2411,5
7.8153,1.6351,0.4787,2.1516,5
7.8153,1.6359,0.4908,2.0622,5
7.8153,1.6383,0.4964,1.9744,5
7.8153,1.6359,0.5021,1.8640,5
7.8153,1.6359,0.4988,1.7600,5
7.8153,1.6496,0.4940,1.8317,5
7.8153,1.6423,0.4916,1.8712,5
7.8153,1.6464,0.4932,1.8849,5
7.8153,1.6512,0.4996,1.9397,5
7.8153,1.6496,0.5125,1.9929,5
7.8153,1.6496,0.5198,2.0590,5
7.8153,1.6480,0.5230,2.1565,5
7.8153,1.6464,0.5182,2.2741,5
7.8153,1.6512,0.5206,2.4224,5
7.8153,1.6504,0.5295,2.5707,5
7.8153,1.6399,0.5286,2.5683,5
7.8153,1.6432,0.5472,2.5876,5
7.8153,1.6464,0.5536,2.6086,5
7.8153,1.6391,0.5552,2.6070,5
7.8153,1.6440,0.5601,2.6142,5
7.8153,1.6440,0.5681,2.5796,5
7.8153,1.6448,0.5689,2.4877,5
7.8153,1.6432,0.5746,2.3692,5
7.8153,1.6415,0.5818,2.2177,5
7.8153,1.6464,0.5762,2.0574,5
7.8153,1.6496,0.5963,1.9300,5
7.8153,1.6488,0.5971,1.8406,5
7.8153,1.6504,0.6060,1.7745,5
7.8153,1.6528,0.6213,1.7519,5
7.8153,1.6520,0.6350,1.7648,5
7.8153,1.6568,0.6382,1.8446,5
7.8153,1.6601,0.6600,1.9647,5
7.8153,1.6657,0.6600,2.0864,5
7.8153,1.6665,0.6616,2.2298,5
7.8153,1.6641,0.6697,2.3692,5
7.8153,1.6633,0.6729,2.4740,5
7.8153,1.6665,0.6262,2.5425,5
7.8153,1.6617,0.6310,2.5892,5
7.8153,1.6633,0.6358,2.6529,5
7.8153,1.6617,0.6431,2.5925,5
7.8153,1.6649,0.6568,2.4256,5
7.8153,1.6617,0.6576,2.2274,5
7.8153,1.6504,0.6713,2.1025,5
7.8153,1.6488,0.6801,2.0300,5
7.8153,1.6464,0.6898,2.0010,5
7.8153,1.6472,0.7027,1.9864,5
7.8153,1.6448,0.7583,1.9881,5
7.8153,1.6448,0.7640,2.0122,5
7.8153,1.6448,0.7728,1.9752,5
7.8153,1.6440,0.7736,2.0388,5
7.8153,1.6367,0.7688,2.1742,5
7.8153,1.6359,0.7752,2.3386,5
7.8153,1.6472,0.7760,2.4474,5
7.8153,1.6456,0.7768,2.4724,5
7.8153,1.6496,0.7801,2.4901,5
7.8153,1.6488,0.7809,2.5014,5
7.8153,1.6520,0.7841,2.5143,5
7.8153,1.6544,0.7930,2.5256,5
7.8153,1.6496,0.7938,2.5465,5
7.8153,1.6568,0.8026,2.5699,5
7.8153,1.6593,0.8059,2.5844,5
7.8153,1.6593,0.8018,2.6013,5
7.8153,1.6568,0.8075,2.6062,5
7.8153,1.6568,0.8171,2.6416,5
7.8153,1.6528,0.8325,2.6537,5
7.8153,1.6464,0.8405,2.6884,5
7.8153,1.6456,0.8453,2.7335,5
7.8153,1.6488,0.8494,2.7625,5
7.8153,1.6528,0.8526,2.7923,5
7.8153,1.6415,0.8502,2.8294,5
7.8153,1.6440,0.8558,2.8713,5
7.8153,1.6456,0.8945,2.9027,5
7.8153,1.6464,0.9122,2.9341,5
7.8153,1.6423,0.9106,2.9648,5
7.8153,1.6488,0.9251,2.9978,5
7.8153,1.6528,0.9211,3.0220,5
7.8153,1.6512,0.9251,3.0453,5
7.8153,1.6464,0.9308,3.0663,5
7.8153,1.6456,0.9259,3.0856,5
7.8627,1.6536,0.9332,3.0953,5
7.8627,1.6488,0.9292,3.1147,5
7.8627,1.6464,0.9018,3.1284,5
7.8627,1.6464,0.8985,3.1372,5
7.8627,1.6536,0.9114,3.1437,5
7.8627,1.6480,0.9082,3.1501,5
7.8627,1.6488,0.9195,3.1574,5
7.8627,1.6496,0.9251,3.1517,5
7.8627,1.6488,0.9203,3.1469,5
7.8627,1.6456,0.9340,3.1485,5
7.8627,1.6399,0.9267,3.1566,5
7.8627,1.6456,0.9437,3.1437,5
7.8627,1.6512,0.9493,3.1404,5
7.8627,1.6520,0.9437,3.1396,5
7.8627,1.6504,0.9517,3.1372,5
7.8627,1.6552,0.9396,3.1300,5
7.8627,1.6552,0.9404,3.1090,5
7.8627,1.6544,0.9388,3.0921,5
7.8627,1.6568,0.9421,3.0671,5
7.8627,1.6593,0.9396,3.0502,5
7.8627,1.6585,0.9574,3.0171,5
7.8627,1.6528,0.9598,2.9978,5
7.8627,1.6609,0.9533,2.9720,5
7.8627,1.6617,0.9646,2.9454,5
7.8627,1.6617,0.9590,2.9245,5
7.8627,1.6536,0.9719,2.9043,5
7.8627,1.6512,0.9695,2.8963,5
7.8627,1.6544,0.9646,2.8930,5
7.8627,1.6544,0.9654,2.8955,5
7.8627,1.6504,0.9630,2.8777,5
7.8627,1.6512,0.9517,2.8753,5
7.8627,1.6560,0.9525,2.8801,5
7.8627,1.6464,0.9678,2.8882,5
7.8627,1.6472,0.9646,2.8922,5
7.8627,1.6464,0.9598,2.9027,5
7.8627,1.6520,0.9558,2.9212,5
7.8627,1.6520,0.9509,2.9229,5
7.8627,1.6472,0.9574,2.9245,5
7.8627,1.6472,0.9614,2.9599,5
7.8627,1.6512,0.9783,2.9889,5
7.8627,1.6528,0.9832,3.0107,5
7.8627,1.6552,0.9832,2.9914,5
7.8627,1.6480,0.9751,2.9325,5
7.8627,1.6456,0.9799,2.8479,5
7.8627,1.6432,0.9912,2.7633,5
7.8627,1.6383,0.9904,2.6988,5
7.8627,1.6423,1.0081,2.6618,5
7.8627,1.6480,1.0162,2.6456,5
7.8627,1.6528,1.0202,2.6174,5
7.8627,1.6520,1.0202,2.6448,5
7.8627,1.6472,1.0283,2.7311,5
7.8627,1.6448,1.0331,2.8681,5
7.8627,1.6456,1.0396,3.0171,5
7.8627,1.6472,1.0412,3.1388,5
7.8627,1.6504,1.0251,3.1670,5
7.8627,1.6544,1.0452,3.0969,5
7.8627,1.6472,1.0404,2.9768,5
7.8627,1.6440,1.0428,2.8624,5
7.8627,1.6432,1.0525,2.7560,5
7.8627,1.6423,1.0525,2.6190,5
7.8627,1.6464,1.0581,2.4579,5
7.8627,1.6464,1.0597,2.3249,5
7.8627,1.6496,1.0557,2.2314,5
7.8627,1.6496,1.0589,2.1992,5
7.8627,1.6488,1.0782,2.2459,5
7.8627,1.6488,1.0758,2.3378,5
7.8627,1.6544,1.0815,2.4732,5
7.8627,1.6528,1.0887,2.5804,5
7.8627,1.6488,1.0919,2.6497,5
7.8627,1.6504,1.0968,2.7351,5
7.8627,1.6496,1.0992,2.7939,5
7.8627,1.6448,1.1032,2.7593,5
7.8627,1.6440,1.1121,2.6980,5
7.8627,1.6407,1.1169,2.6400,5
7.8627,1.6440,1.1210,2.6086,5
7.8627,1.6391,1.1226,2.6078,5
7.8627,1.6432,1.1330,2.5981,5
7.8627,1.6480,1.1427,2.5401,5
7.8627,1.6464,1.1459,2.5062,5
7.8627,1.6504,1.1588,2.4345,5
7.8627,1.6544,1.1612,2.3378,5
7.8627,1.6625,1.1653,2.2822,5
7.8627,1.6689,1.1701,2.2766,5
7.8627,1.6697,1.1685,2.2693,5
7.8627,1.6601,1.1806,2.2363,5
7.8627,1.6665,1.1822,2.1952,5
7.8627,1.6633,1.1846,2.1645,5
7.8627,1.6504,1.1846,2.2048,5
7.8627,1.6512,1.1919,2.2467,5
7.8627,1.5956,1.1919,2.2870,5
7.8627,1.5988,1.1927,2.3257,5
7.8627,1.5964,1.1959,2.3596,5
7.8627,1.5948,1.2032,2.3523,5
7.8627,1.6053,1.2120,2.3652,5
7.8627,1.6149,1.2177,2.4079,5
7.9103,1.6093,1.2185,2.4643,5
7.9103,1.6077,1.2281,2.5296,5
7.9103,1.6222,1.2305,2.6086,5
7.9103,1.6222,1.2305,2.7069,5
7.9103,1.6488,1.2426,2.8044,5
7.9103,1.6464,1.2483,2.9124,5
7.9103,1.6399,1.2555,2.9785,5
7.9103,1.6343,1.2571,3.0051,5
7.9103,1.6278,1.2636,2.9148,5
7.9103,1.6190,1.2636,2.7158,5
7.9103,1.6198,1.2813,2.5046,5
7.9103,1.6149,1.2829,2.3144,5
7.9103,1.6085,1.2934,2.1194,5
7.9103,1.6093,1.2990,1.9784,5
7.9103,1.6262,1.2878,1.9179,5
7.9103,1.6206,1.2942,1.9155,5
7.9103,1.6174,1.2990,1.9953,5
7.9103,1.6190,1.3111,2.1275,5
7.9103,1.6198,1.3248,2.3128,5
7.9103,1.6141,1.3377,2.5320,5
7.9103,1.6093,1.3377,2.7190,5
7.9103,1.6166,1.3361,2.8624,5
7.9103,1.6085,1.3361,2.9116,5
7.9103,1.6093,1.3401,2.8366,5
7.9103,1.6158,1.3482,2.7109,5
7.9103,1.6222,1.3522,2.6408,5
7.9103,1.6311,1.3603,2.5925,5
7.9103,1.6286,1.3611,2.5578,5
7.9103,1.6230,1.3603,2.5328,5
7.9103,1.6359,1.3547,2.5473,5
7.9103,1.6407,1.3498,2.5771,5
7.9103,1.6391,1.3530,2.6134,5
7.9103,1.6488,1.3522,2.7109,5
7.9103,1.6480,1.3506,2.8100,5
7.9103,1.6383,1.3563,2.8519,5
7.9103,1.6367,1.3538,2.7359,5
7.9103,1.6359,1.3571,2.5135,5
7.9103,1.6440,1.3563,2.2959,5
7.9103,1.6464,1.3643,2.1581,5
7.9103,1.6399,1.3627,2.0928,5
7.9103,1.6448,1.3684,2.0735,5
7.9103,1.6448,1.3732,2.0904,5
7.9103,1.6464,1.3724,2.1186,5
7.9103,1.6472,1.3788,2.1927,5
7.9103,1.6101,1.3837,2.3185,5
7.9103,1.6166,1.3933,2.5522,5
7.9103,1.6141,1.3925,2.7109,5
7.9103,1.6504,1.3990,2.7899,5
7.9103,1.6512,1.3885,2.8060,5
7.9103,1.6496,1.3829,2.7915,5
7.9103,1.6448,1.3780,2.7738,5
7.9103,1.6432,1.3716,2.7472,5
7.9103,1.6415,1.3684,2.7351,5
7.9103,1.6407,1.3659,2.7021,5
7.9103,1.6859,1.3675,2.6473,5
7.9103,1.6738,1.3684,2.5248,5
7.9103,1.6754,1.3643,2.5505,5
7.9103,1.6335,1.3555,2.6360,5
7.9103,1.6351,1.3522,2.7415,5
7.9103,1.6391,1.3667,2.8020,5
7.9103,1.6367,1.3708,2.8149,5
7.9103,1.6343,1.3756,2.8125,5
7.9103,1.6327,1.3877,2.7988,5
7.9103,1.6327,1.3877,2.7786,5
7.9103,1.6311,1.3901,2.6932,5
7.9103,1.6399,1.3869,2.4917,5
7.9103,1.6399,1.3941,2.2322,5
7.9103,1.6383,1.3974,2.0042,5
7.9103,1.6399,1.3990,1.7858,5
7.9103,1.6440,1.3909,1.6029,5
7.9103,1.6432,1.3853,1.4868,5
7.9103,1.6480,1.4006,1.4578,5
7.9103,1.6488,1.3982,1.4755,5
7.9103,1.6496,1.4054,1.5674,5
7.9103,1.6504,1.4014,1.7310,5
7.9103,1.6480,1.3966,2.0130,5
7.9103,1.6512,1.3885,2.2967,5
7.9103,1.6528,1.3869,2.5014,5
7.9103,1.6472,1.3949,2.6795,5
7.9103,1.6351,1.3925,2.8262,5
7.9103,1.6383,1.3982,2.9245,5
7.9103,1.6399,1.3853,2.9172,5
7.9103,1.6440,1.3885,2.8173,5
7.9103,1.6407,1.3853,2.6142,5
7.9103,1.6464,1.3925,2.4474,5
7.9103,1.6415,1.3982,2.3128,5
7.9103,1.6327,1.4006,2.1879,5
7.9103,1.6278,1.4062,2.1089,5
7.9103,1.6319,1.4030,2.0259,5
7.9103,1.6415,1.3966,1.9220,5
7.9103,1.6343,1.3974,1.8398,5
7.9103,1.6319,1.3966,1.7858,5
7.9103,1.6278,1.3982,1.7777,5
7.9103,1.6270,1.3966,1.8269,5
7.9103,1.6230,1.3837,1.8817,5
7.9577,1.6270,1.3748,1.9316,5
7.9577,1.6343,1.3667,1.9873,5
7.9577,1.6375,1.3611,2.0412,5
7.9577,1.6359,1.3538,2.1516,5
7.9577,1.6351,1.3659,2.2878,5
7.9577,1.6544,1.3708,2.3886,5
7.9577,1.6415,1.3748,2.4716,5
7.9577,1.6383,1.3700,2.5546,5
7.9577,1.6399,1.3595,2.6287,5
7.9577,1.6407,1.3603,2.5892,5
7.9577,1.6407,1.3659,2.5256,5
7.9577,1.6423,1.3708,2.4200,5
7.9577,1.6448,1.3756,2.3217,5
7.9577,1.6423,1.3788,2.2226,5
7.9577,1.6423,1.3716,2.1307,5
7.9577,1.6295,1.3635,2.0670,5
7.9577,1.6432,1.3579,2.0163,5
7.9577,1.6488,1.3547,1.9736,5
7.9577,1.6520,1.3434,1.9413,5
7.9577,1.6520,1.3377,1.9502,5
7.9577,1.6536,1.3313,1.9244,5
7.9577,1.6504,1.3264,1.9623,5
7.9577,1.6512,1.3144,2.0275,5
7.9577,1.6496,1.3216,2.0364,5
7.9577,1.6472,1.3208,2.0509,5
7.9577,1.6488,1.3232,2.0525,5
7.9577,1.6440,1.3208,2.0630,5
7.9577,1.6440,1.3071,2.0832,5
7.9577,1.6464,1.3224,2.1476,5
7.9577,1.6448,1.3136,2.2540,5
7.9577,1.6399,1.3144,2.4176,5
7.9577,1.6423,1.3087,2.5554,5
7.9577,1.6528,1.3103,2.6134,5
7.9577,1.6560,1.3007,2.6424,5
7.9577,1.6585,1.3007,2.6416,5
7.9577,1.6568,1.2942,2.6303,5
7.9577,1.6577,1.2845,2.5199,5
7.9577,1.6601,1.2910,2.3088,5
7.9577,1.6568,1.2837,2.0058,5
7.9577,1.6625,1.2845,1.6577,5
7.9577,1.6649,1.2773,1.3925,5
7.9577,1.6568,1.2765,1.2845,5
7.9577,1.6415,1.2725,1.2531,5
7.9577,1.6415,1.2652,1.2612,5
7.9577,1.5819,1.2628,1.3119,5
7.9577,1.5900,1.2563,1.3571,5
7.9577,1.5940,1.2523,1.4707,5
7.9577,1.5956,1.2459,1.6504,5
7.9577,1.6053,1.2418,1.8752,5
7.9577,1.6061,1.2362,2.1637,5
7.9577,1.6093,1.2386,2.3579,5
7.9577,1.6166,1.2402,2.4329,5
7.9577,1.6230,1.2410,2.4321,5
7.9577,1.6254,1.2459,2.4256,5
7.9577,1.6818,1.2370,2.4063,5
7.9577,1.6738,1.2289,2.4063,5
7.9577,1.6689,1.2249,2.3902,5
7.9577,1.6649,1.1911,2.3716,5
7.9577,1.6577,1.1951,2.3579,5
7.9577,1.6536,1.1991,2.3032,5
7.9577,1.6504,1.1991,2.2347,5
7.9577,1.6407,1.2023,2.2621,5
7.9577,1.6383,1.2007,2.2250,5
7.9577,1.6399,1.1951,2.1952,5
7.9577,1.6415,1.1975,2.1758,5
7.9577,1.6480,1.2056,2.1541,5
7.9577,1.6448,1.2048,2.1541,5
7.9577,1.6472,1.2418,2.1267,5
7.9577,1.6407,1.2362,2.0807,5
7.9577,1.6367,1.2370,2.0340,5
7.9577,1.6335,1.2338,1.9784,5
7.9577,1.6432,1.2273,1.8309,5
7.9577,1.6440,1.2241,1.8470,5
7.9577,1.6391,1.2241,1.9179,5
7.9577,1.6423,1.2225,1.9687,5
7.9577,1.6448,1.2144,1.9961,5
7.9577,1.6544,1.2136,2.0042,5
7.9577,1.6488,1.2088,1.9727,5
7.9577,1.6568,1.2072,2.0074,5
7.9577,1.6649,1.2185,2.0404,5
7.9577,1.6681,1.2217,2.0783,5
7.9577,1.6625,1.2322,2.0896,5
7.9577,1.6657,1.2370,2.0493,5
7.9577,1.6673,1.2402,2.0412,5
7.9577,1.6681,1.2451,2.1041,5
7.9577,1.6512,1.2531,2.2056,5
7.9577,1.6464,1.2644,2.2806,5
7.9577,1.6560,1.2805,2.3934,5
7.9577,1.6560,1.2990,2.4385,5
7.9577,1.6496,1.3055,2.4845,5
7.9577,1.6577,1.3152,2.4877,5
7.9577,1.6568,1.3160,2.4216,5
7.9577,1.6520,1.3224,2.3539,5
7.9577,1.6504,1.3337,2.2048,5
7.9577,1.6512,1.3450,2.0058,5
8.0050,1.6568,1.3587,1.8221,5
8.0050,1.6585,1.3716,1.7278,5
8.0050,1.6544,1.3724,1.6423,5
8.0050,1.6528,1.3821,1.5964,5
8.0050,1.6536,1.3893,1.5521,5
8.0050,1.6472,1.4006,1.5650,5
8.0050,1.6577,1.4103,1.6536,5
8.0050,1.6601,1.4352,1.7737,5
8.0050,1.6609,1.4417,1.8938,5
8.0050,1.6552,1.4417,1.9776,5
8.0050,1.6609,1.4610,2.0010,5
8.0050,1.6609,1.4699,2.0171,5
8.0050,1.6568,1.4933,2.0977,5
8.0050,1.6504,1.5053,2.1758,5
8.0050,1.6585,1.5223,2.2798,5
8.0050,1.6568,1.5271,2.3982,5
8.0050,1.6504,1.5336,2.5594,5
8.0050,1.6520,1.5376,2.6650,5
8.0050,1.6568,1.5545,2.7085,5
8.0050,1.6641,1.5835,2.7174,5
8.0050,1.6617,1.5900,2.7174,5
8.0050,1.6601,1.6125,2.5554,5
8.0050,1.6633,1.6214,2.3177,5
8.0050,1.6681,1.6278,2.0848,5
8.0050,1.6657,1.6399,1.8881,5
8.0050,1.6577,1.6552,1.6939,5
8.0050,1.6609,1.6770,1.5013,5
8.0050,1.6625,1.6842,1.3200,5
8.0050,1.6617,1.6883,1.2314,5
8.0050,1.6593,1.6963,1.2451,5
8.0050,1.6585,1.7108,1.3538,5
8.0050,1.6617,1.7286,1.6133,5
8.0050,1.6625,1.7366,1.9163,5
8.0050,1.6665,1.7487,2.1718,5
8.0050,1.7012,1.7487,2.3265,5
8.0050,1.7108,1.7616,2.4547,5
8.0050,1.7108,1.7681,2.5223,5
8.0050,1.7036,1.7842,2.5836,5
8.0050,1.7004,1.7979,2.5860,5
8.0050,1.6947,1.8132,2.5360,5
8.0050,1.6955,1.8221,2.4514,5
8.0050,1.6939,1.8212,2.3757,5
8.0050,1.6899,1.8261,2.2766,5
8.0050,1.6851,1.8333,2.1927,5
8.0050,1.6423,1.8454,2.1283,5
8.0050,1.6440,1.8551,2.0630,5
8.0050,1.6415,1.8688,2.0106,5
8.0050,1.6407,1.8752,1.9776,5
8.0050,1.6472,1.8865,1.9719,5
8.0050,1.6480,1.8873,1.9727,5
8.0050,1.6585,1.8970,1.9655,5
8.0050,1.6577,1.8954,1.8768,5
8.0050,1.6601,1.9107,1.7761,5
8.0050,1.6633,1.9139,1.6738,5
8.0050,1.6665,1.9260,1.6286,5
8.0050,1.6625,1.9333,1.6286,5
8.0050,1.6601,1.9373,1.6085,5
8.0050,1.6617,1.9453,1.5626,5
8.0050,1.6625,1.9526,1.5295,5
8.0050,1.6649,1.9647,1.5521,5
8.0050,1.6544,1.9615,1.6093,5
8.0050,1.6585,1.9679,1.7584,5
8.0050,1.6593,1.9719,1.9486,5
8.0050,1.6536,1.9752,2.0864,5
8.0050,1.6544,1.9760,2.1750,5
8.0050,1.6585,1.9873,2.2274,5
8.0050,1.6577,1.9929,2.2637,5
8.0050,1.6577,1.9953,2.3265,5
8.0050,1.6480,2.0018,2.4047,5
8.0050,1.6480,2.0042,2.4329,5
8.0050,1.6504,2.0122,2.3757,5
8.0050,1.6432,2.0211,2.2258,5
8.0050,1.5988,2.0163,2.1001,5
8.0050,1.6077,2.0251,2.0171,5
8.0050,1.6045,2.0259,1.9711,5
8.0050,1.6045,2.0235,1.9727,5
8.0050,1.6109,2.0292,2.0219,5
8.0050,1.6141,2.0284,2.0872,5
8.0050,1.6166,2.0259,2.0888,5
8.0050,1.6182,2.0219,2.0517,5
8.0050,1.6206,2.0211,2.0743,5
8.0050,1.6270,2.0195,2.1307,5
8.0050,1.6657,2.0187,2.1283,5
8.0050,1.6552,2.0219,2.1275,5
8.0050,1.6536,2.0259,2.1097,5
8.0050,1.6504,2.0275,2.0348,5
8.0050,1.6456,2.0243,2.0001,5
8.0050,1.6375,2.0300,1.9800,5
8.0050,1.6295,2.0308,1.9913,5
8.0050,1.6295,2.0219,2.0574,5
8.0050,1.6198,2.0251,2.1130,5
8.0050,1.6149,2.0195,2.2024,5
8.0050,1.6190,2.0292,2.2935,5
8.0050,1.6246,2.0284,2.3974,5
8.0050,1.6270,2.0284,2.4724,5
8.0527,1.6303,2.0243,2.5892,5
8.0527,1.6335,2.0211,2.6190,5
8.0527,1.6351,2.0211,2.6094,5
8.0527,1.6440,2.0187,2.5820,5
8.0527,1.6415,2.0259,2.4949,5
8.0527,1.6488,2.0195,2.3902,5
8.0527,1.6496,2.0300,2.2677,5
8.0527,1.6472,2.0267,2.1903,5
8.0527,1.6488,2.0203,2.1573,5
8.0527,1.6456,2.0251,2.1734,5
8.0527,1.6423,2.0227,2.1726,5
8.0527,1.6391,2.0275,2.1879,5
8.0527,1.6464,2.0195,2.1396,5
8.0527,1.6496,2.0171,2.1371,5
8.0527,1.6480,2.0211,2.1573,5
8.0527,1.6480,2.0179,2.1799,5
8.0527,1.6488,2.0138,2.1492,5
8.0527,1.6512,2.0138,2.0791,5
8.0527,1.6456,2.0211,1.9437,5
8.0527,1.6448,2.0203,1.8140,5
8.0527,1.6472,2.0235,1.7294,5
8.0527,1.6488,2.0195,1.7100,5
8.0527,1.6415,2.0026,1.7157,5
8.0527,1.6335,2.0001,1.6979,5
8.0527,1.6391,1.9921,1.7221,5
8.0527,1.6383,2.0001,1.7592,5
8.0527,1.6367,1.9977,1.8317,5
8.0527,1.6319,2.0010,1.8994,5
8.0527,1.6335,1.9993,1.9478,5
8.0527,1.6359,1.9913,2.0219,5
8.0527,1.6327,1.9873,2.0179,5
8.0527,1.6278,1.9840,1.9566,5
8.0527,1.6327,2.0018,1.9429,5
8.0527,1.6375,2.0066,1.9075,5
8.0527,1.6319,2.0138,1.8269,5
8.0527,1.6295,2.0138,1.7769,5
8.0527,1.6319,2.0138,1.7374,5
8.0527,1.6351,2.0130,1.6931,5
8.0527,1.6343,2.0106,1.6762,5
8.0527,1.6343,2.0114,1.6174,5
8.0527,1.6383,2.0066,1.6085,5
8.0527,1.6440,2.0034,1.6762,5
8.0527,1.6415,1.9993,1.7753,5
8.0527,1.6432,1.9905,1.8656,5
8.0527,1.6520,1.9881,1.9099,5
8.0527,1.6552,1.9905,1.8752,5
8.0527,1.6560,1.9985,1.8277,5
8.0527,1.6560,1.9897,1.8075,5
8.0527,1.6520,1.9856,1.7697,5
8.0527,1.6520,1.9856,1.7479,5
8.0527,1.6520,1.9873,1.7721,5
8.0527,1.6560,1.9889,1.7930,5
8.0527,1.6617,1.9881,1.8156,5
8.0527,1.6609,1.9969,1.8559,5
8.0527,1.6617,1.9993,1.9212,5
8.0527,1.6689,1.9848,2.0082,5
8.0527,1.6842,1.9792,2.1001,5
8.0527,1.6939,1.9784,2.1420,5
8.0527,1.7052,1.9768,2.1799,5
8.0527,1.7125,1.9752,2.2226,5
8.0527,1.7181,1.9687,2.2024,5
8.0527,1.7173,1.9679,2.1541,5
8.0527,1.7318,1.9727,2.0678,5
8.0527,1.7407,1.9760,2.0001,5
8.0527,1.7455,1.9679,1.9526,5
8.0527,1.7439,1.9800,1.9099,5
8.0527,1.7342,1.9768,1.9034,5
8.0527,1.7358,1.9808,1.9099,5
8.0527,1.7439,1.9848,1.9131,5
8.0527,1.7495,1.9800,1.8873,5
8.0527,1.7479,1.9824,1.8889,5
8.0527,1.7576,1.9840,1.8672,5
8.0527,1.7487,1.9864,1.8398,5
8.0527,1.7455,1.9840,1.7713,5
8.0527,1.7495,1.9905,1.7253,5
8.0527,1.7527,1.9824,1.7141,5
8.0527,1.7576,1.9808,1.7165,5
8.0527,1.7527,1.9719,1.7527,5
8.0527,1.7560,1.9687,1.8519,5
8.0527,1.7584,1.9671,1.9639,5
8.0527,1.7705,1.9719,2.0235,5
8.0527,1.7793,1.9768,2.0582,5
8.0527,1.7769,1.9736,2.1017,5
8.0527,1.7785,1.9679,2.1782,5
8.0527,1.7729,1.9639,2.2475,5
8.0527,1.7705,1.9607,2.2782,5
8.0527,1.7681,1.9639,2.2621,5
8.0527,1.7938,1.9687,2.2435,5
8.0527,1.7810,1.9703,2.1388,5
8.0527,1.7713,1.9816,2.0163,5
8.0527,1.7576,2.0090,1.9373,5
8.0527,1.7399,2.0074,1.8946,5
8.0527,1.7366,2.0018,1.8615,5
8.0527,1.7302,2.0034,1.8067,5
8.0527,1.7253,1.9993,1.7366,5
8.1002,1.7237,2.0147,1.6996,5
8.1002,1.7205,2.0042,1.7133,5
8.1002,1.6915,2.0034,1.7334,5
8.1002,1.6939,2.0082,1.7689,5
8.1002,1.6899,2.0082,1.8084,5
8.1002,1.6891,1.9840,1.8188,5
8.1002,1.6851,1.9873,1.8478,5
8.1002,1.6851,1.9961,1.8930,5
8.1002,1.6818,1.9953,1.9703,5
8.1002,1.6826,1.9881,2.0799,5
8.1002,1.6770,1.9808,2.1589,5
8.1002,1.6754,1.9881,2.2266,5
8.1002,1.6697,1.9969,2.2580,5
8.1002,1.6625,1.9945,2.2661,5
8.1002,1.6617,2.0171,2.2338,5
8.1002,1.6601,2.0138,2.2113,5
8.1002,1.6552,2.0050,2.1508,5
8.1002,1.6480,1.9985,2.0461,5
8.1002,1.6351,2.0018,1.9333,5
8.1002,1.6286,2.0114,1.8035,5
8.1002,1.6198,2.0114,1.7536,5
8.1002,1.6093,2.0195,1.6552,5
8.1002,1.6029,2.0195,1.5537,5
8.1002,1.6045,2.0219,1.5464,5
8.1002,1.6085,2.0018,1.6053,5
8.1002,1.6061,2.0074,1.6625,5
8.1002,1.5980,2.0138,1.6552,5
8.1002,1.6012,2.0203,1.6061,5
8.1002,1.5682,2.0195,1.5714,5
8.1002,1.5642,2.0284,1.6012,5
8.1002,1.5666,2.0284,1.6738,5
8.1002,1.5722,2.0316,1.7810,5
8.1002,1.5747,2.0356,1.8849,5
8.1002,1.5674,2.0412,1.9196,5
8.1002,1.5569,2.0437,1.9171,5
8.1002,1.5473,2.0493,1.8785,5
8.1002,1.5489,2.0501,1.8511,5
8.1002,1.5344,2.0453,1.8349,5
8.1002,1.5682,2.0485,1.7882,5
8.1002,1.5610,2.0558,1.7358,5
8.1002,1.5569,2.0590,1.6037,5
8.1002,1.5481,2.0614,1.4417,5
8.1002,1.5505,2.0541,1.3788,5
8.1002,1.5456,2.0509,1.3990,5
8.1002,1.5416,2.0501,1.4409,5
8.1002,1.5408,2.0412,1.4981,5
8.1002,1.5400,2.0412,1.5859,5
8.1002,1.5416,2.0686,1.7213,5
8.1002,1.5416,2.0727,1.8905,5
8.1002,1.5521,2.0638,2.0114,5
8.1002,1.5569,2.0759,2.1130,5
8.1002,1.5610,2.0759,2.2016,5
8.1002,1.5585,2.0759,2.1976,5
8.1002,1.5682,2.0799,2.1315,5
8.1002,1.5730,2.0832,2.0759,5
8.1002,1.5827,2.0896,2.0147,5
8.1002,1.5875,2.0880,1.9542,5
8.1002,1.6021,2.0695,1.8881,5
8.1002,1.6117,2.0727,1.8446,5
8.1002,1.6174,2.0832,1.7745,5
8.1002,1.6770,2.0840,1.7318,5
8.1002,1.6875,2.0864,1.7108,5
8.1002,1.6915,2.0977,1.7092,5
8.1002,1.6907,2.0880,1.7084,5
8.1002,1.6996,2.0864,1.6915,5
8.1002,1.7084,2.0799,1.7302,5
8.1002,1.7157,2.0880,1.7810,5
8.1002,1.7165,2.0888,1.8551,5
8.1002,1.7278,2.0912,1.8930,5
8.1002,1.7350,2.0840,1.9300,5
8.1002,1.6915,2.0695,1.9107,5
8.1002,1.7004,2.0630,1.9171,5
8.1002,1.7036,2.0574,1.9655,5
8.1002,1.7157,2.0630,2.0324,5
8.1002,1.7197,2.0574,2.1178,5
8.1002,1.7221,2.0678,2.1726,5
8.1002,1.7270,2.0670,2.1927,5
8.1002,1.7294,2.0719,2.1581,5
8.1002,1.7302,2.0703,2.1154,5
8.1002,1.7278,2.0703,2.0896,5
8.1002,1.7270,2.0759,2.0412,5
8.1002,1.7302,2.0807,1.8897,5
8.1002,1.7399,2.0791,1.7495,5
8.1002,1.7342,2.0751,1.6544,5
8.1002,1.7181,2.0743,1.5585,5
8.1002,1.6891,2.0695,1.4264,5
8.1002,1.6907,2.0775,1.3490,5
8.1002,1.6915,2.0832,1.3619,5
8.1002,1.6899,2.0832,1.4256,5
8.1002,1.6891,2.0759,1.5045,5
8.1002,1.6834,2.0751,1.5900,5
8.1002,1.6730,2.0711,1.7060,5
8.1002,1.6657,2.0703,1.8180,5
8.1002,1.6633,2.0807,1.8881,5
8.1002,1.6697,2.0912,1.9228,5
8.1477,1.6826,2.0968,1.9792,5
8.1477,1.6722,2.0928,2.0042,5
8.1477,1.6633,2.0904,2.0106,5
8.1477,1.6512,2.0896,1.9373,5
8.1477,1.6391,2.0993,1.8132,5
8.1477,1.6286,2.1009,1.7270,5
8.1477,1.6109,2.1009,1.7004,5
8.1477,1.5988,2.1089,1.6649,5
8.1477,1.5892,2.1073,1.6601,5
8.1477,1.5835,2.1041,1.6673,5
8.1477,1.5819,2.1017,1.6915,5
8.1477,1.5738,2.1017,1.7278,5
8.1477,1.5642,2.0936,1.6149,5
8.1477,1.5634,2.1001,1.6577,5
8.1477,1.5553,2.0968,1.7133,5
8.1477,1.5336,2.0872,1.7656,5
8.1477,1.5376,2.0880,1.8277,5
8.1477,1.5392,2.0840,1.9188,5
8.1477,1.5497,2.0823,1.9832,5
8.1477,1.5658,2.0880,2.0187,5
8.1477,1.5698,2.0968,1.9993,5
8.1477,1.5787,2.0960,1.9703,5
8.1477,1.5859,2.1057,2.0404,5
8.1477,1.5875,2.0904,1.9961,5
8.1477,1.5980,2.0888,1.9284,5
8.1477,1.6238,2.1001,1.8382,5
8.1477,1.6295,2.1001,1.7213,5
8.1477,1.6391,2.1057,1.5892,5
8.1477,1.6359,2.1089,1.5110,5
8.1477,1.6254,2.1033,1.5158,5
8.1477,1.6295,2.0960,1.6085,5
8.1477,1.6238,2.0912,1.6971,5
8.1477,1.6222,2.0840,1.8059,5
8.1477,1.6198,2.0856,1.8881,5
8.1477,1.6109,2.0848,1.9752,5
8.1477,1.6101,2.0783,2.0259,5
8.1477,1.6101,2.0719,2.0840,5
8.1477,1.6004,2.0686,2.0646,5
8.1477,1.5940,2.0654,2.0026,5
8.1477,1.5900,2.0646,1.9075,5
8.1477,1.5867,2.0654,1.7882,5
8.1477,1.5988,2.0582,1.6883,5
8.1477,1.6029,2.0445,1.5779,5
8.1477,1.6012,2.0396,1.4755,5
8.1477,1.6109,2.0372,1.4135,5
8.1477,1.6133,2.0356,1.4248,5
8.1477,1.6061,2.0437,1.4320,5
8.1477,1.6069,2.0421,1.4796,5
8.1477,1.6166,2.0453,1.4779,5
8.1477,1.6149,2.0437,1.5045,5
8.1477,1.6045,2.0235,1.5150,5
8.1477,1.5892,2.0574,1.5303,5
8.1477,1.5835,2.0590,1.5553,5
8.1477,1.5803,2.0574,1.6101,5
8.1477,1.5771,2.0477,1.6722,5
8.1477,1.5706,2.0501,1.7084,5
8.1477,1.5706,2.0509,1.7568,5
8.1477,1.5714,2.0437,1.7906,5
8.1477,1.5585,2.0372,1.8148,5
8.1477,1.5610,2.0308,1.7874,5
8.1477,1.5658,2.0372,1.7850,5
8.1477,1.5650,1.9953,1.8221,5
8.1477,1.5601,1.9945,1.8599,5
8.1477,1.5666,1.9961,1.8672,5
8.1477,1.5706,2.0018,1.8309,5
8.1477,1.5706,2.0034,1.8035,5
8.1477,1.5730,1.9945,1.7616,5
8.1477,1.5690,1.9961,1.7608,5
8.1477,1.5682,1.9897,1.7906,5
8.1477,1.5626,1.9752,1.7648,5
8.1477,1.5593,1.9776,1.7318,5
8.1477,1.5601,1.9792,1.6875,5
8.1477,1.5618,1.9744,1.6246,5
8.1477,1.5569,1.9784,1.5924,5
8.1477,1.5448,1.9832,1.6238,5
8.1477,1.5440,1.9824,1.6286,5
8.1477,1.5440,1.9776,1.6399,5
8.1477,1.5448,1.9719,1.6286,5
8.1477,1.5505,1.9768,1.6254,5
8.1477,1.5601,1.9889,1.6842,5
8.1477,1.5601,1.9848,1.7076,5
8.1477,1.5577,1.9881,1.7302,5
8.1477,1.5601,1.9945,1.7785,5
8.1477,1.5634,1.9832,1.8067,5
8.1477,1.5634,1.9776,1.8309,5
8.1477,1.5626,1.9703,1.8591,5
8.1477,1.5674,1.9687,1.9518,5
8.1477,1.5666,1.9671,2.0284,5
8.1477,1.5682,1.9590,2.0606,5
8.1477,1.5674,1.9502,2.0445,5
8.1477,1.5755,1.9373,2.0171,5
8.1477,1.5835,1.9349,1.9550,5
8.1477,1.5884,1.9244,1.7947,5
8.1477,1.5884,1.9325,1.5972,5
8.1477,1.5956,1.9308,1.4127,5
8.1957,1.5964,1.9308,1.3297,6
8.1957,1.5908,1.9268,1.2426,6
8.1957,1.5972,1.9179,1.2370,6
8.1957,1.5964,1.9155,1.2733,6
8.1957,1.5940,1.9147,1.2999,6
8.1957,1.5892,1.9244,1.2894,6
8.1957,1.5875,1.9220,1.3031,6
8.1957,1.5940,1.9333,1.4368,6
8.1957,1.6004,1.9260,1.6448,6
8.1957,1.5964,1.9139,1.8148,6
8.1957,1.6045,1.9075,1.9042,6
8.1957,1.6117,1.9059,1.8857,6
8.1957,1.6093,1.9115,1.7842,6
8.1957,1.6053,1.9123,1.6883,6
8.1957,1.6109,1.9083,1.6786,6
8.1957,1.6085,1.9067,1.7407,6
8.1957,1.6045,1.9083,1.7350,6
8.1957,1.5972,1.8994,1.7471,6
8.1957,1.5940,1.8994,1.7189,6
8.1957,1.6012,1.9051,1.7237,6
8.1957,1.6021,1.9026,1.7616,6
8.1957,1.6061,1.8978,1.8108,6
8.1957,1.6029,1.8897,1.8188,6
8.1957,1.6093,1.8793,1.7947,6
8.1957,1.6053,1.8760,1.7173,6
8.1957,1.6069,1.8768,1.6222,6
8.1957,1.6149,1.8736,1.5932,6
8.1957,1.6133,1.8728,1.5126,6
8.1957,1.6174,1.8615,1.4659,6
8.1957,1.6222,1.8591,1.4143,6
8.1957,1.6230,1.8511,1.3385,6
8.1957,1.6174,1.8543,1.3103,6
8.1957,1.6166,1.8559,1.3635,6
8.1957,1.6141,1.8656,1.4554,6
8.1957,1.6166,1.8672,1.5714,6
8.1957,1.6198,1.8680,1.7141,6
8.1957,1.6117,1.8672,1.8390,6
8.1957,1.6149,1.8599,1.9719,6
8.1957,1.6053,1.8672,2.0646,6
8.1957,1.5996,1.8680,2.1025,6
8.1957,1.5964,1.8736,2.0944,6
8.1957,1.5916,1.8688,2.0421,6
8.1957,1.6037,1.8688,1.9486,6
8.1957,1.6053,1.8632,1.8527,6
8.1957,1.6037,1.8615,1.7576,6
8.1957,1.6069,1.8599,1.6883,6
8.1957,1.6149,1.8583,1.6391,6
8.1957,1.6158,1.8607,1.5916,6
8.1957,1.6206,1.8615,1.5344,6
8.1957,1.6141,1.8535,1.4820,6
8.1957,1.6166,1.8551,1.5053,6
8.1957,1.6230,1.8543,1.5303,6
8.1957,1.6190,1.8559,1.5497,6
8.1957,1.6109,1.8583,1.5513,6
8.1957,1.6109,1.8632,1.5948,6
8.1957,1.6117,1.8591,1.5867,6
8.1957,1.6045,1.8551,1.5698,6
8.1957,1.6061,1.8543,1.5545,6
8.1957,1.6069,1.8438,1.5368,6
8.1957,1.6141,1.8486,1.5231,6
8.1957,1.6045,1.8446,1.4707,6
8.1957,1.6069,1.8519,1.4755,6
8.1957,1.6012,1.8535,1.5182,6
8.1957,1.6133,1.8559,1.5682,6
8.1957,1.6174,1.8519,1.5771,6
8.1957,1.6198,1.8462,1.6190,6
8.1957,1.6254,1.8511,1.6351,6
8.1957,1.6238,1.8535,1.6125,6
8.1957,1.6206,1.8615,1.6109,6
8.1957,1.6238,1.8583,1.6496,6
8.1957,1.6351,1.8583,1.6834,6
8.1957,1.6295,1.8583,1.6778,6
8.1957,1.6335,1.8543,1.6673,6
8.1957,1.6351,1.8503,1.6730,6
8.1957,1.6311,1.8527,1.6665,6
8.1957,1.6391,1.8543,1.6286,6
8.1957,1.6367,1.8470,1.6069,6
8.1957,1.6367,1.8285,1.6198,6
8.1957,1.6254,1.8245,1.6399,6
8.1957,1.6295,1.8237,1.6407,6
8.1957,1.6303,1.8317,1.6552,6
8.1957,1.6367,1.8349,1.6754,6
8.1957,1.6319,1.8293,1.7173,6
8.1957,1.6254,1.8277,1.7971,6
8.1957,1.6327,1.8221,1.8881,6
8.1957,1.6206,1.8293,1.9873,6
8.1957,1.6222,1.8301,2.0977,6
8.1957,1.6190,1.8398,2.1799,6
8.1957,1.6383,1.8422,2.2242,6
8.1957,1.6367,1.8462,2.2145,6
8.1957,1.6351,1.8430,2.1275,6
8.1957,1.6319,1.8358,2.0404,6
8.1957,1.6432,1.8358,1.9091,6
8.1957,1.6552,1.8309,1.7552,6
8.1957,1.6496,1.8333,1.6214,6
8.1957,1.6423,1.8221,1.4852,6
8.2338,1.6472,1.8204,1.4127,6
8.2338,1.6512,1.8341,1.3788,6
8.2338,1.6472,1.8269,1.3643,6
8.2338,1.6415,1.8301,1.3821,6
8.2338,1.6464,1.8269,1.4522,6
8.2338,1.6432,1.8269,1.5287,6
8.2338,1.6327,1.8229,1.6093,6
8.2338,1.6230,1.8325,1.6536,6
8.2338,1.6286,1.8301,1.6931,6
8.2338,1.6367,1.8277,1.7882,6
8.2338,1.6311,1.8269,1.8349,6
8.2338,1.6311,1.8229,1.8599,6
8.2338,1.6383,1.8325,1.8881,6
8.2338,1.6415,1.8285,1.9453,6
8.2338,1.6351,1.8237,2.0010,6
8.2338,1.6367,1.8164,2.0300,6
8.2338,1.6456,1.7930,2.0332,6
8.2338,1.6399,1.7850,2.0275,6
8.2338,1.6286,1.7850,1.9808,6
8.2338,1.6311,1.7938,1.8720,6
8.2338,1.6319,1.7963,1.7262,6
8.2338,1.6286,1.7971,1.6174,6
8.2338,1.6254,1.7963,1.5489,6
8.2338,1.6214,1.7914,1.4489,6
8.2338,1.6270,1.7979,1.3571,6
8.2338,1.6214,1.8027,1.2725,6
8.2338,1.6254,1.8301,1.2096,6
8.2338,1.6254,1.8221,1.1604,6
8.2338,1.6343,1.8124,1.1459,6
8.2338,1.6278,1.8092,1.1766,6
8.2338,1.6327,1.8092,1.2346,6
8.2338,1.6456,1.8043,1.2982,6
8.2338,1.6423,1.8011,1.3168,6
8.2338,1.6423,1.8084,1.3563,6
8.2338,1.6440,1.7995,1.4191,6
8.2338,1.6536,1.7906,1.5029,6
8.2338,1.6399,1.7882,1.5642,6
8.2338,1.6391,1.7955,1.6214,6
8.2338,1.6343,1.8075,1.6440,6
8.2338,1.6415,1.7850,1.6625,6
8.2338,1.6343,1.7914,1.6939,6
8.2338,1.6230,1.7963,1.6657,6
8.2338,1.6214,1.7898,1.6399,6
8.2338,1.6222,1.7914,1.6109,6
8.2338,1.6174,1.7850,1.5730,6
8.2338,1.6117,1.7898,1.5279,6
8.2338,1.6190,1.7890,1.5287,6
8.2338,1.6560,1.7922,1.6069,6
8.2338,1.6585,1.7898,1.6399,6
8.2338,1.6552,1.8108,1.6222,6
8.2338,1.6601,1.8027,1.5698,6
8.2338,1.6609,1.7930,1.5553,6
8.2338,1.6577,1.7971,1.5545,6
8.2338,1.6560,1.7906,1.5730,6
8.2338,1.6552,1.7930,1.5626,6
8.2338,1.6609,1.7938,1.5545,6
8.2338,1.6641,1.7922,1.5408,6
8.2338,1.6311,1.7914,1.4610,6
8.2338,1.6182,1.7914,1.4505,6
8.2338,1.6214,1.8011,1.4554,6
8.2338,1.6206,1.8067,1.4763,6
8.2338,1.6166,1.8124,1.4981,6
8.2338,1.6238,1.8027,1.5013,6
8.2338,1.6270,1.7963,1.4868,6
8.2338,1.6270,1.7987,1.4925,6
8.2338,1.6246,1.7971,1.5215,6
8.2338,1.6238,1.8035,1.5634,6
8.2338,1.6254,1.8075,1.6295,6
8.2338,1.6327,1.8108,1.6448,6
8.2338,1.6343,1.8019,1.7560,6
8.2338,1.6391,1.7882,1.8269,6
8.2338,1.6448,1.7858,1.8768,6
8.2338,1.6359,1.8027,1.9155,6
8.2338,1.6367,1.8067,1.9421,6
8.2338,1.6496,1.8075,1.9639,6
8.2338,1.6496,1.8075,1.9316,6
8.2853,1.6464,1.8067,1.8793,6
8.2853,1.6391,1.8035,1.7608,6
8.2853,1.6448,1.8027,1.6480,6
8.2853,1.6415,1.8003,1.4562,6
8.2853,1.6335,1.8035,1.3490,6
8.2853,1.6295,1.7995,1.2821,6
8.2853,1.6335,1.7898,1.2346,6
8.2853,1.6375,1.7922,1.2040,6
8.2853,1.6206,1.7898,1.2007,6
8.2853,1.6109,1.7930,1.2265,6
8.2853,1.6166,1.7947,1.2410,6
8.2853,1.6149,1.7979,1.3281,6
8.2853,1.6149,1.7930,1.4667,6
8.2853,1.6109,1.7971,1.5908,6
8.2853,1.6133,1.7995,1.6286,6
8.2853,1.6117,1.7955,1.6238,6
8.2853,1.6149,1.8003,1.6665,6
8.2853,1.6093,1.8035,1.7382,6
8.2853,1.6657,1.8027,1.7955,6
8.2853,1.6697,1.8011,1.8132,6
8.2865,1.6601,1.7987,1.8092,6
8.2865,1.6633,1.7987,1.7495,6
8.2865,1.6601,1.7914,1.6762,6
8.2865,1.6609,1.7834,1.5763,6
8.2865,1.6657,1.7793,1.5279,6
8.2865,1.6681,1.7842,1.5182,6
8.2865,1.6649,1.7834,1.5166,6
8.2865,1.6633,1.7866,1.4981,6
8.2865,1.5940,1.7979,1.4272,6
8.2865,1.6029,1.7947,1.3958,6
8.2865,1.6109,1.7882,1.3853,6
8.2865,1.6133,1.7834,1.4022,6
8.2865,1.6166,1.7882,1.3829,6
8.2865,1.6254,1.7898,1.4191,6
8.2865,1.6222,1.7810,1.4514,6
8.2865,1.6262,1.7882,1.4570,6
8.2865,1.6286,1.7801,1.3998,6
8.2865,1.6319,1.7761,1.3063,6
8.2865,1.6504,1.7721,1.2620,6
8.2865,1.6464,1.7745,1.2305,6
8.2865,1.6343,1.7737,1.2442,6
8.2865,1.6383,1.7729,1.2733,6
8.2865,1.6375,1.7608,1.3353,6
8.2865,1.6319,1.7568,1.3635,6
8.2865,1.6327,1.7689,1.3772,6
8.2865,1.6327,1.7640,1.3877,6
8.2865,1.6319,1.7729,1.4223,6
8.2865,1.6278,1.7729,1.4796,6
8.2865,1.6262,1.7673,1.5271,6
8.2865,1.6270,1.7664,1.5682,6
8.2865,1.6343,1.7705,1.5996,6
8.2865,1.6295,1.7664,1.6198,6
8.2865,1.6270,1.7769,1.6520,6
8.2865,1.6254,1.7818,1.6875,6
8.2865,1.6214,1.7818,1.6988,6
8.2865,1.6182,1.7834,1.6891,6
8.2865,1.6230,1.7785,1.6963,6
8.2865,1.6262,1.7753,1.6883,6
8.2865,1.6198,1.7753,1.6141,6
8.2865,1.6174,1.7721,1.5158,6
8.2865,1.6190,1.7664,1.4699,6
8.2865,1.6206,1.7673,1.4514,6
8.2865,1.6174,1.7648,1.4385,6
8.2865,1.6182,1.7664,1.4360,6
8.2865,1.6214,1.7697,1.4473,6
8.2865,1.6222,1.7681,1.4957,6
8.2865,1.6166,1.7745,1.4103,6
8.2865,1.6166,1.7753,1.3289,6
8.2865,1.6230,1.7761,1.3498,6
8.2865,1.6270,1.7769,1.4264,6
8.2865,1.6270,1.7785,1.4570,6
8.2865,1.6351,1.7777,1.4610,6
8.2865,1.6415,1.7842,1.4441,6
8.2865,1.6415,1.7777,1.4215,6
8.2865,1.6407,1.7729,1.3966,6
8.2865,1.6423,1.7713,1.3418,6
8.2865,1.6407,1.7632,1.3869,6
8.2865,1.6375,1.7632,1.4320,6
8.2865,1.6375,1.7608,1.4594,6
8.2865,1.6343,1.7624,1.4320,6
8.2865,1.6867,1.7664,1.4054,6
8.2865,1.6738,1.7737,1.3821,6
8.2865,1.6617,1.7713,1.3812,6
8.2865,1.6536,1.7737,1.4046,6
8.2865,1.6520,1.7785,1.4731,6
8.2865,1.6504,1.7737,1.5698,6
8.2865,1.6536,1.7745,1.6536,6
8.2865,1.6577,1.7600,1.7536,6
8.2865,1.6585,1.7592,1.8317,6
8.2865,1.6568,1.7584,1.9131,6
8.2865,1.6085,1.7536,1.9671,6
8.2865,1.6133,1.7495,2.0026,6
8.2865,1.6270,1.7495,1.9953,6
8.2865,1.6367,1.7519,1.9308,6
8.2865,1.6440,1.7503,1.7866,6
8.2865,1.6480,1.7584,1.6222,6
8.2865,1.6472,1.7527,1.4876,6
8.2865,1.6448,1.7592,1.3716,6
8.2865,1.6464,1.7600,1.2918,6
8.2865,1.6544,1.7552,1.2499,6
8.2865,1.6544,1.7616,1.1927,6
8.2865,1.6568,1.7624,1.1347,6
8.2865,1.6568,1.7673,1.1081,6
8.2865,1.6568,1.7705,1.1371,6
8.3343,1.6544,1.7632,1.2459,6
8.3343,1.6544,1.7560,1.3651,6
8.3343,1.6528,1.7560,1.4731,6
8.3343,1.6560,1.7592,1.5569,6
8.3343,1.6568,1.7568,1.6198,6
8.3343,1.6480,1.7600,1.6278,6
8.3343,1.6472,1.7624,1.6391,6
8.3343,1.6448,1.7568,1.6689,6
8.3343,1.6440,1.7503,1.6907,6
8.3343,1.6415,1.7439,1.6810,6
8.3343,1.6415,1.7511,1.6415,6
8.3343,1.6407,1.7463,1.5996,6
8.3343,1.6399,1.7503,1.5634,6
8.3343,1.6359,1.7479,1.5352,6
8.3343,1.6319,1.7544,1.5062,6
8.3343,1.6351,1.7560,1.4997,6
8.3343,1.6335,1.7536,1.5239,6
8.3343,1.6335,1.7624,1.5497,6
8.3343,1.6375,1.7640,1.5618,6
8.3343,1.6367,1.7673,1.5803,6
8.3343,1.6335,1.7624,1.5481,6
8.3343,1.6327,1.7584,1.4957,6
8.3343,1.6391,1.7600,1.4393,6
8.3343,1.6407,1.7648,1.3700,6
8.3343,1.6351,1.7689,1.3160,6
8.3343,1.6343,1.7681,1.2862,6
8.3343,1.6327,1.7705,1.2410,6
8.3343,1.6367,1.7681,1.1637,6
8.3343,1.6335,1.7552,1.0710,6
8.3343,1.6359,1.7503,1.0259,6
8.3343,1.6415,1.7503,1.0573,6
8.3343,1.6391,1.7576,1.1064,6
8.3343,1.6327,1.7592,1.1492,6
8.3343,1.6327,1.7544,1.1975,6
8.3343,1.6423,1.7544,1.2612,6
8.3343,1.6480,1.7519,1.3160,6
8.3343,1.6464,1.7519,1.3748,6
8.3343,1.6367,1.7519,1.4296,6
8.3343,1.6496,1.7584,1.4771,6
8.3343,1.6456,1.7640,1.4514,6
8.3343,1.6375,1.7648,1.4199,6
8.3343,1.6351,1.7681,1.3958,6
8.3343,1.6407,1.7640,1.3788,6
8.3343,1.6383,1.7656,1.4078,6
8.3343,1.6359,1.7648,1.4183,6
8.3343,1.6327,1.7560,1.4135,6
8.3343,1.6367,1.7544,1.3885,6
8.3343,1.6415,1.7503,1.3853,6
8.3343,1.6262,1.7560,1.4167,6
8.3343,1.6286,1.7503,1.4602,6
8.3343,1.6319,1.7487,1.4505,6
8.3343,1.6254,1.7471,1.4167,6
8.3343,1.6206,1.7503,1.3788,6
8.3343,1.6230,1.7503,1.3095,6
8.3343,1.6222,1.7463,1.2040,6
8.3343,1.6238,1.7592,1.2209,6
8.3343,1.6222,1.7552,1.2579,6
8.3343,1.6230,1.7519,1.2845,6
8.3343,1.6238,1.7503,1.3401,6
8.3343,1.6198,1.7527,1.4659,6
8.3343,1.6198,1.7560,1.6198,6
8.3343,1.6311,1.7511,1.7374,6
8.3343,1.6327,1.7544,1.7818,6
8.3343,1.6335,1.7560,1.7858,6
8.3343,1.6367,1.7568,1.7648,6
8.3343,1.6303,1.7544,1.6093,6
8.3343,1.6246,1.7592,1.4538,6
8.3343,1.6190,1.7624,1.3675,6
8.3343,1.6174,1.7495,1.3055,6
8.3343,1.6222,1.7447,1.2201,6
8.3343,1.6190,1.7423,1.1395,6
8.3343,1.6149,1.7479,1.1250,6
8.3343,1.6085,1.7487,1.1790,6
8.3354,1.6093,1.7455,1.2523,6
8.3354,1.6045,1.7447,1.3305,6
8.3354,1.6053,1.7374,1.4304,6
8.3354,1.6093,1.7286,1.5223,6
8.3354,1.6093,1.7262,1.5738,6
8.3354,1.6093,1.7358,1.5408,6
8.3354,1.6069,1.7415,1.4586,6
8.3354,1.6101,1.7399,1.3949,6
8.3354,1.6125,1.7495,1.3224,6
8.3354,1.6166,1.7431,1.2628,6
8.3354,1.6158,1.7439,1.1790,6
8.3354,1.6166,1.7423,1.1798,6
8.3354,1.6174,1.7487,1.1927,6
8.3354,1.6174,1.7423,1.2177,6
8.3354,1.6222,1.7439,1.2410,6
8.3354,1.6222,1.7415,1.2990,6
8.3354,1.6246,1.7286,1.3667,6
8.3354,1.6166,1.7326,1.3982,6
8.3354,1.6109,1.7245,1.4207,6
8.3354,1.6069,1.7342,1.3974,6
8.3354,1.6085,1.7286,1.4280,6
8.3354,1.6077,1.7197,1.4054,6
8.3354,1.6101,1.7157,1.3917,6
8.3354,1.6101,1.7229,1.3732,6
8.3847,1.6101,1.7157,1.3426,6
8.3847,1.6101,1.7181,1.3651,6
8.3847,1.6133,1.7318,1.3845,6
8.3847,1.6206,1.7334,1.3869,6
8.3847,1.6246,1.7350,1.3772,6
8.3847,1.6303,1.7229,1.4135,6
8.3847,1.6303,1.7229,1.4481,6
8.3847,1.6359,1.7270,1.4933,6
8.3847,1.6327,1.7278,1.4876,6
8.3847,1.6367,1.7278,1.4715,6
8.3847,1.6359,1.7342,1.4562,6
8.3847,1.6351,1.7382,1.3555,6
8.3847,1.6238,1.7342,1.2708,6
8.3847,1.6214,1.7302,1.2241,6
8.3847,1.6206,1.7262,1.1983,6
8.3847,1.6149,1.7318,1.1612,6
8.3847,1.6125,1.7366,1.1282,6
8.3847,1.6077,1.7366,1.1298,6
8.3847,1.6125,1.7278,1.1935,6
8.3847,1.6133,1.7326,1.2434,6
8.3847,1.6166,1.7237,1.2531,6
8.3847,1.6174,1.7262,1.3047,6
8.3847,1.6319,1.7286,1.3547,6
8.3847,1.6359,1.7318,1.3998,6
8.3847,1.6351,1.7326,1.4538,6
8.3847,1.6407,1.7270,1.5319,6
8.3847,1.6335,1.7213,1.5972,6
8.3847,1.6391,1.7165,1.6488,6
8.3847,1.6351,1.7318,1.6423,6
8.3847,1.6343,1.7262,1.6230,6
8.3847,1.6351,1.7415,1.6053,6
8.3847,1.6335,1.7423,1.5577,6
8.3847,1.6278,1.7399,1.4852,6
8.3847,1.6278,1.7382,1.4006,6
8.3847,1.6359,1.7270,1.3176,6
8.3847,1.6367,1.7342,1.2193,6
8.3847,1.6456,1.7366,1.1411,6
8.3847,1.6383,1.7439,1.0726,6
8.3847,1.6407,1.7439,1.0388,6
8.3847,1.6375,1.7431,1.0396,6
8.3847,1.6343,1.7431,1.0919,6
8.3847,1.6407,1.7399,1.1790,6
8.3847,1.6448,1.7415,1.3023,6
8.3847,1.6432,1.7382,1.4352,6
8.3847,1.6415,1.7495,1.5473,6
8.3847,1.6415,1.7423,1.6609,6
8.3847,1.6448,1.7326,1.7270,6
8.3847,1.6496,1.7366,1.7318,6
8.3847,1.6456,1.7310,1.7221,6
8.3847,1.6472,1.7399,1.6891,6
8.3847,1.6488,1.7374,1.6415,6
8.3847,1.6464,1.7350,1.5932,6
8.3847,1.6464,1.7350,1.5319,6
8.3847,1.6488,1.7310,1.4425,6
8.3847,1.6456,1.7253,1.4916,6
8.3847,1.6448,1.7253,1.4143,6
8.3847,1.6448,1.7350,1.3716,6
8.3847,1.6456,1.7310,1.3740,6
8.3847,1.6528,1.7358,1.3901,6
8.3847,1.6577,1.7366,1.4505,6
8.3847,1.6577,1.7334,1.4642,6
8.3847,1.6544,1.7358,1.4820,6
8.3847,1.6560,1.7342,1.4892,6
8.3847,1.6528,1.7390,1.5336,6
8.3847,1.6714,1.7390,1.4441,6
8.3847,1.6689,1.7439,1.4739,6
8.3847,1.6649,1.7423,1.4844,6
8.3847,1.6649,1.7415,1.4691,6
8.3847,1.6625,1.7423,1.4296,6
8.3847,1.6593,1.7342,1.3329,6
8.3847,1.6585,1.7374,1.2862,6
8.3847,1.6609,1.7439,1.2330,6
8.3847,1.6560,1.7431,1.1999,6
8.3847,1.6544,1.7374,1.1604,6
8.3847,1.6440,1.7366,1.1500,6
8.3847,1.6432,1.7390,1.2023,6
8.3847,1.6456,1.7439,1.2700,6
8.3847,1.6423,1.7286,1.3176,6
8.3847,1.6448,1.7302,1.3684,6
8.3847,1.6432,1.7350,1.4256,6
8.3847,1.6464,1.7270,1.4546,6
8.3847,1.6512,1.7157,1.4562,6
8.3847,1.6568,1.7133,1.4304,6
8.3847,1.6585,1.7181,1.4409,6
8.3847,1.6512,1.7237,1.4328,6
8.3847,1.6625,1.7181,1.3482,6
8.3847,1.6617,1.7213,1.2604,6
8.3847,1.6641,1.7455,1.2136,6
8.3847,1.6601,1.7415,1.1951,6
8.3847,1.6568,1.7415,1.1854,6
8.3847,1.6568,1.7471,1.1830,6
8.3847,1.6568,1.7463,1.2023,6
8.3847,1.6568,1.7447,1.2160,6
8.3847,1.6568,1.7423,1.1629,6
8.3847,1.6536,1.7374,1.1250,6
8.3847,1.6552,1.7294,1.1516,6
8.3847,1.6585,1.7286,1.1782,6
8.3847,1.7060,1.7262,1.2160,6
8.3847,1.6931,1.7278,1.2249,6
8.3847,1.6947,1.7213,1.2789,6
8.3847,1.6923,1.7092,1.3321,6
8.4322,1.6842,1.7092,1.3885,6
8.4322,1.6834,1.7084,1.4747,6
8.4322,1.6818,1.7133,1.5481,6
8.4322,1.6826,1.7173,1.5884,6
8.4322,1.6762,1.7366,1.5706,6
8.4322,1.6786,1.7366,1.5545,6
8.4322,1.6947,1.7253,1.5319,6
8.4322,1.7092,1.7245,1.5271,6
8.4322,1.7060,1.7213,1.4747,6
8.4322,1.7060,1.7326,1.4256,6
8.4322,1.7100,1.7366,1.3756,6
8.4322,1.7068,1.7431,1.3192,6
8.4322,1.7092,1.7423,1.2999,6
8.4322,1.7125,1.7326,1.2604,6
8.4322,1.7165,1.7270,1.2144,6
8.4322,1.7165,1.7221,1.1709,6
8.4322,1.6560,1.7350,1.1347,6
8.4322,1.6568,1.7350,1.1137,6
8.4322,1.6673,1.7399,1.0944,6
8.4322,1.6834,1.7358,1.0839,6
8.4322,1.6867,1.7302,1.0952,6
8.4322,1.6923,1.7286,1.1379,6
8.4322,1.6939,1.7278,1.1758,6
8.4322,1.7012,1.7407,1.2177,6
8.4322,1.7012,1.7366,1.2950,6
8.4322,1.6988,1.7382,1.3426,6
8.4322,1.6988,1.7310,1.3587,6
8.4322,1.7044,1.7197,1.3482,6
8.4322,1.6988,1.7189,1.3482,6
8.4322,1.6931,1.7149,1.3684,6
8.4322,1.6923,1.7165,1.3635,6
8.4322,1.6907,1.7189,1.3264,6
8.4322,1.6907,1.7253,1.2821,6
8.4322,1.6963,1.7245,1.2628,6
8.4322,1.6915,1.7237,1.2305,6
8.4322,1.6899,1.7237,1.2160,6
8.4322,1.6818,1.7213,1.2104,6
8.4322,1.6722,1.7310,1.2160,6
8.4322,1.6697,1.7286,1.2193,6
8.4322,1.6601,1.7399,1.2096,6
8.4322,1.6665,1.7479,1.1991,6
8.4322,1.6649,1.7415,1.1895,6
8.4322,1.6617,1.7358,1.1975,6
8.4322,1.6504,1.7374,1.2112,6
8.4322,1.6488,1.7382,1.2177,6
8.4322,1.6456,1.7326,1.2459,6
8.4322,1.6536,1.7229,1.2716,6
8.4322,1.6593,1.7189,1.3063,6
8.4322,1.6593,1.6955,1.3337,6
8.4322,1.6593,1.6955,1.3458,6
8.4322,1.6520,1.7036,1.3345,6
8.4322,1.6528,1.7108,1.3200,6
8.4322,1.6552,1.7060,1.3289,6
8.4322,1.6528,1.7004,1.3450,6
8.4322,1.6585,1.7028,1.3877,6
8.4322,1.6625,1.7044,1.4159,6
8.4322,1.6593,1.7181,1.4425,6
8.4322,1.6609,1.7173,1.3160,6
8.4322,1.6649,1.7479,1.3079,6
8.4322,1.6649,1.7479,1.2668,6
8.4322,1.6625,1.7334,1.3007,6
8.4322,1.6617,1.7310,1.3224,6
8.4322,1.6649,1.7213,1.3168,6
8.4322,1.6665,1.7181,1.3031,6
8.4322,1.6649,1.7125,1.2555,6
8.4322,1.6665,1.7165,1.2160,6
8.4322,1.6673,1.7108,1.2152,6
8.4322,1.6617,1.7189,1.3361,6
8.4322,1.6560,1.7165,1.3377,6
8.4322,1.6593,1.7141,1.3627,6
8.4322,1.6625,1.7197,1.3240,6
8.4322,1.6593,1.7181,1.3192,6
8.4322,1.6560,1.7286,1.2950,6
8.4322,1.6609,1.7294,1.1492,6
8.4322,1.6585,1.7189,1.1314,6
8.4322,1.6520,1.7181,1.1210,6
8.4322,1.6472,1.7141,1.0952,6
8.4322,1.6528,1.7149,1.0790,6
8.4322,1.6617,1.7157,1.0541,6
8.4322,1.6593,1.7237,1.0557,6
8.4322,1.6593,1.7229,1.0750,6
8.4322,1.6617,1.7245,1.0637,6
8.4322,1.6681,1.7165,1.0734,6
8.4322,1.6585,1.7157,1.2072,6
8.4322,1.6560,1.7342,1.2273,6
8.4322,1.6560,1.7350,1.2467,6
8.4322,1.6593,1.7640,1.2418,6
8.4322,1.6585,1.7664,1.2434,6
8.4322,1.6504,1.7632,1.2660,6
8.4322,1.6560,1.7536,1.2644,6
8.4322,1.6577,1.7423,1.2547,6
8.4322,1.6577,1.7407,1.2491,6
8.4322,1.6512,1.7487,1.2467,6
8.4322,1.6577,1.7519,1.2386,6
8.4322,1.6633,1.7479,1.2273,6
8.4802,1.6633,1.7495,1.2152,6
8.4802,1.6609,1.7278,1.1935,6
8.4802,1.6625,1.7245,1.1701,6
8.4802,1.6689,1.7334,1.1435,6
8.4802,1.6657,1.7439,1.1363,6
8.4802,1.6577,1.7479,1.1411,6
8.4802,1.6528,1.7455,1.1451,6
8.4802,1.6560,1.7374,1.1596,6
8.4802,1.6512,1.7399,1.2048,6
8.4802,1.6472,1.7415,1.2088,6
8.4802,1.6560,1.7390,1.1846,6
8.4802,1.6593,1.7463,1.1895,6
8.4802,1.6536,1.7519,1.2080,6
8.4802,1.6512,1.7342,1.2297,6
8.4802,1.6520,1.7237,1.2636,6
8.4802,1.6552,1.7318,1.2894,6
8.4802,1.6593,1.7326,1.3176,6
8.4802,1.6528,1.7294,1.3256,6
8.4802,1.6544,1.7294,1.2918,6
8.4802,1.6520,1.7415,1.2999,6
8.4802,1.6448,1.7471,1.3039,6
8.4802,1.6407,1.7382,1.3007,6
8.4802,1.6456,1.7366,1.2958,6
8.4802,1.6480,1.7560,1.2934,6
8.4802,1.6544,1.7608,1.2845,6
8.4802,1.6560,1.7592,1.2789,6
8.4802,1.6544,1.7576,1.2652,6
8.4802,1.6536,1.7689,1.2539,6
8.4802,1.6528,1.7608,1.2660,6
8.4802,1.6593,1.7519,1.2628,6
8.4802,1.6625,1.7455,1.2571,6
8.4802,1.6641,1.7495,1.2386,6
8.4802,1.6657,1.7431,1.2112,6
8.4802,1.6649,1.7197,1.2080,6
8.4802,1.6577,1.7173,1.2185,6
8.4802,1.6568,1.7004,1.2225,6
8.4802,1.6536,1.7133,1.2314,6
8.4802,1.6585,1.7245,1.2579,6
8.4802,1.6585,1.7382,1.2579,6
8.4802,1.6552,1.7342,1.2757,6
8.4802,1.6593,1.7382,1.2845,6
8.4802,1.6609,1.7382,1.3087,6
8.4802,1.6544,1.7423,1.3273,6
8.4802,1.6544,1.7527,1.3232,6
8.4802,1.6504,1.7527,1.3136,6
8.4802,1.6520,1.7689,1.3103,6
8.4802,1.6536,1.7648,1.3055,6
8.4802,1.6504,1.7527,1.2829,6
8.4802,1.6512,1.7511,1.2708,6
8.4802,1.6520,1.7544,1.2636,6
8.4802,1.6456,1.7527,1.2708,6
8.4802,1.6464,1.7536,1.2837,6
8.4802,1.6488,1.7527,1.2999,6
8.4802,1.6464,1.7544,1.3079,6
8.4802,1.6552,1.7552,1.3063,6
8.4802,1.6512,1.7536,1.3071,6
8.4802,1.6560,1.7439,1.3224,6
8.4802,1.6568,1.7487,1.3401,6
8.4802,1.6552,1.7479,1.3555,6
8.4802,1.6577,1.7455,1.3538,6
8.4802,1.6625,1.7471,1.3385,6
8.4802,1.6593,1.7415,1.3111,6
8.4802,1.6544,1.7415,1.2845,6
8.4802,1.6528,1.7455,1.2644,6
8.4802,1.6512,1.7447,1.2523,6
8.4802,1.6552,1.7471,1.2305,6
8.4802,1.6480,1.7584,1.2120,6
8.4802,1.6456,1.7576,1.2112,6
8.4802,1.6528,1.7503,1.1959,6
8.4802,1.6496,1.7487,1.1927,6
8.4802,1.6488,1.7415,1.1967,6
8.4802,1.6520,1.7415,1.1983,6
8.4802,1.6601,1.7374,1.2096,6
8.4802,1.6601,1.7382,1.2233,6
8.4802,1.6568,1.7399,1.2314,6
8.4802,1.6544,1.7415,1.2289,6
8.4802,1.6552,1.7366,1.2128,6
8.4802,1.6577,1.7358,1.1814,6
8.4802,1.6512,1.7374,1.1701,6
8.4802,1.6552,1.7374,1.1500,6
8.4802,1.6552,1.7390,1.1314,6
8.4802,1.6536,1.7399,1.1145,6
8.4802,1.6480,1.7399,1.0944,6
8.4802,1.6512,1.7407,1.0847,6
8.4802,1.6528,1.7399,1.0678,6
8.4802,1.6536,1.7382,1.0726,6
8.4802,1.6536,1.7382,1.0766,6
8.4802,1.6528,1.7455,1.0879,6
8.4802,1.6552,1.7455,1.1113,6
8.4802,1.6528,1.7415,1.1443,6
8.4802,1.6528,1.7439,1.1693,6
8.4802,1.6568,1.7334,1.1911,6
8.4802,1.6633,1.7310,1.2040,6
8.4802,1.6625,1.7294,1.2112,6
8.4802,1.6641,1.7334,1.2152,6
8.4802,1.6649,1.7302,1.2281,6
8.5282,1.6649,1.7294,1.2571,6
8.5282,1.6657,1.7237,1.2765,6
8.5282,1.6609,1.7205,1.2555,6
8.5282,1.6697,1.7278,1.2588,6
8.5282,1.6649,1.7262,1.3458,6
8.5282,1.6560,1.7447,1.3530,6
8.5282,1.6496,1.7495,1.3748,6
8.5282,1.6488,1.7431,1.3974,6
8.5282,1.6423,1.7415,1.4320,6
8.5282,1.6383,1.7399,1.4626,6
8.5282,1.6335,1.7350,1.4763,6
8.5282,1.6375,1.7310,1.4949,6
8.5282,1.6391,1.7310,1.5223,6
8.5282,1.6254,1.7237,1.4933,6
8.5282,1.6270,1.7189,1.3700,6
8.5282,1.6303,1.7197,1.2942,6
8.5282,1.6295,1.7278,1.1822,6
8.5282,1.6278,1.7326,1.0911,6
8.5282,1.6246,1.7278,1.0396,6
8.5282,1.6270,1.7237,1.0041,6
8.5282,1.6311,1.7270,0.9848,6
8.5282,1.6214,1.7229,0.9509,6
8.5282,1.6166,1.7270,0.9630,6
8.5282,1.6101,1.7310,1.0009,6
8.5282,1.6021,1.7374,1.0484,6
8.5282,1.5956,1.7358,1.1218,6
8.5282,1.5916,1.7237,1.2330,6
8.5282,1.5867,1.7262,1.3506,6
8.5282,1.5795,1.7245,1.4207,6
8.5282,1.5714,1.7318,1.4336,6
8.5282,1.5634,1.7302,1.4111,6
8.5282,1.5650,1.7358,1.3974,6
8.5282,1.5932,1.7245,1.3555,6
8.5282,1.5875,1.7318,1.2926,6
8.5282,1.5811,1.7334,1.2531,6
8.5282,1.5722,1.7286,1.2273,6
8.5282,1.5610,1.7334,1.1862,6
8.5282,1.5513,1.7310,1.1121,6
8.5282,1.5448,1.7350,1.0500,6
8.5282,1.5376,1.7294,1.0114,6
8.5282,1.5279,1.7262,1.0001,6
8.5282,1.5166,1.7270,1.0017,6
8.5282,1.4852,1.7342,0.9920,6
8.5282,1.4812,1.7286,1.0033,6
8.5282,1.4707,1.7253,1.0065,6
8.5282,1.4570,1.7294,1.0154,6
8.5282,1.4530,1.7342,1.0412,6
8.5282,1.4336,1.7270,1.0597,6
8.5282,1.4240,1.7197,1.0750,6
8.5282,1.4167,1.7213,1.0782,6
8.5282,1.4151,1.7253,1.1048,6
8.5282,1.4111,1.7245,1.1161,6
8.5282,1.3949,1.7294,1.1403,6
8.5282,1.3925,1.7326,1.1685,6
8.5282,1.3893,1.7366,1.1870,6
8.5282,1.3885,1.7326,1.2112,6
8.5282,1.3812,1.7133,1.2209,6
8.5282,1.3885,1.7092,1.2378,6
8.5282,1.3861,1.7157,1.2402,6
8.5282,1.3724,1.7173,1.2676,6
8.5282,1.3627,1.7189,1.2805,6
8.5282,1.3522,1.7245,1.2910,6
8.5282,1.3490,1.7116,1.2902,6
8.5282,1.3329,1.7044,1.2870,6
8.5282,1.3273,1.6907,1.2886,6
8.5282,1.3232,1.6939,1.2894,6
8.5282,1.3192,1.7060,1.2950,6
8.5282,1.3119,1.7108,1.2910,6
8.5282,1.3087,1.6996,1.2910,6
8.5282,1.3144,1.7004,1.2918,6
8.5282,1.3111,1.6907,1.2797,6
8.5282,1.3063,1.6875,1.2612,6
8.5282,1.2942,1.6996,1.2523,6
8.5282,1.2741,1.6988,1.2330,6
8.5282,1.2700,1.7342,1.2265,6
8.5282,1.2579,1.7165,1.2007,6
8.5282,1.2523,1.7116,1.1758,6
8.5282,1.2531,1.7108,1.1596,6
8.5282,1.2475,1.7157,1.1774,6
8.5282,1.2410,1.7116,1.1782,6
8.5282,1.2442,1.7205,1.1774,6
8.5282,1.2491,1.7133,1.1854,6
8.5282,1.2644,1.6988,1.1919,6
8.5282,1.2853,1.6971,1.2015,6
8.5282,1.2982,1.6609,1.2080,6
8.5282,1.3111,1.6657,1.2241,6
8.5282,1.3152,1.6681,1.2314,6
8.5282,1.3095,1.6714,1.2289,6
8.5282,1.3144,1.6730,1.2072,6
8.5282,1.3144,1.6673,1.1886,6
8.5282,1.3136,1.6649,1.1830,6
8.5282,1.3369,1.6625,1.1935,6
8.5282,1.3281,1.6722,1.1911,6
8.5282,1.3273,1.6689,1.1790,6
8.5282,1.3119,1.6681,1.1878,6
8.5282,1.3079,1.6681,1.2072,6
8.5282,1.3111,1.6528,1.2177,6
8.5757,1.3168,1.6536,1.2128,6
8.5757,1.3184,1.6593,1.1975,6
8.5757,1.3256,1.6601,1.1830,6
8.5757,1.3329,1.6520,1.1677,6
8.5757,1.3192,1.6488,1.1475,6
8.5757,1.3297,1.6367,1.1282,6
8.5757,1.3353,1.6295,1.1177,6
8.5757,1.3490,1.6262,1.0863,6
8.5757,1.3168,1.6158,1.0653,6
8.5757,1.3144,1.6238,1.0533,6
8.5757,1.3136,1.6149,1.0782,6
8.5757,1.3144,1.6037,1.1347,6
8.5757,1.3111,1.5956,1.1870,6
8.5757,1.3103,1.5827,1.2418,6
8.5757,1.3015,1.5755,1.2853,6
8.5757,1.2966,1.5730,1.3248,6
8.5757,1.2894,1.5827,1.3538,6
8.5757,1.2918,1.5843,1.3740,6
8.5757,1.3240,1.5892,1.3595,6
8.5757,1.3224,1.5843,1.3506,6
8.5757,1.3208,1.5787,1.2878,6
8.5757,1.3063,1.5738,1.1983,6
8.5757,1.2910,1.5706,1.1524,6
8.5757,1.2789,1.5722,1.1056,6
8.5757,1.2636,1.5730,1.0710,6
8.5757,1.2434,1.5771,1.0541,6
8.5757,1.2233,1.5634,1.0476,6
8.5757,1.1967,1.5521,1.0533,6
8.5757,1.1540,1.5577,1.0790,6
8.5757,1.1379,1.5569,1.0895,6
8.5757,1.1097,1.5593,1.1403,6
8.5757,1.1040,1.5585,1.1878,6
8.5757,1.0927,1.5537,1.2088,6
8.5757,1.0726,1.5448,1.2233,6
8.5757,1.0613,1.5400,1.2330,6
8.5757,1.0476,1.5376,1.2338,6
8.5757,1.0371,1.5424,1.2483,6
8.5757,1.0259,1.5505,1.2491,6
8.5757,1.0339,1.5593,1.2370,6
8.5757,1.0097,1.5553,1.2330,6
8.5757,0.9888,1.5545,1.2249,6
8.5757,0.9598,1.5513,1.2225,6
8.5757,0.9686,1.5577,1.2314,6
8.5757,0.9348,1.5755,1.2168,6
8.5757,0.8856,1.5803,1.1959,6
8.5757,0.8502,1.5795,1.1846,6
8.5757,0.8179,1.5787,1.1596,6
8.5757,0.7857,1.5884,1.1524,6
8.5757,0.7583,1.5795,1.1467,6
8.5757,0.7309,1.5819,1.1524,6
8.5757,0.7164,1.5803,1.1540,6
8.5757,0.6947,1.5843,1.1548,6
8.5757,0.6423,1.5867,1.1395,6
8.5757,0.6270,1.5851,1.1411,6
8.5757,0.6334,1.5900,1.1475,6
8.5757,0.6286,1.5940,1.1484,6
8.5757,0.6181,1.5996,1.1524,6
8.5757,0.6133,1.5996,1.1516,6
8.5757,0.6125,1.6004,1.1604,6
8.5757,0.6116,1.6117,1.1822,6
8.5757,0.6060,1.6085,1.1943,6
8.5757,0.6060,1.6077,1.2056,6
8.5757,0.5794,1.6069,1.2032,6
8.5757,0.5818,1.6149,1.1903,6
8.5757,0.5705,1.6198,1.1758,6
8.5757,0.5697,1.6246,1.1604,6
8.5757,0.5762,1.6327,1.1467,6
8.5757,0.5746,1.6311,1.1201,6
8.5757,0.5697,1.6319,1.0944,6
8.5757,0.5705,1.6109,1.0734,6
8.5757,0.5762,1.6278,1.0871,6
8.5757,0.5754,1.6407,1.1097,6
8.5757,0.6044,1.6528,1.1427,6
8.5757,0.6052,1.6577,1.1862,6
8.5757,0.6116,1.6625,1.2297,6
8.5757,0.6165,1.6673,1.2700,6
8.5757,0.6237,1.6601,1.2999,6
8.5757,0.6278,1.6641,1.3224,6
8.5757,0.6439,1.6738,1.3127,6
8.5757,0.6511,1.6923,1.2716,6
8.5757,0.6592,1.6899,1.2185,6
8.5757,0.6721,1.6842,1.1693,6
8.5757,0.6826,1.6923,1.1193,6
8.5757,0.6987,1.6947,1.0903,6
8.5757,0.7156,1.6988,1.0613,6
8.5757,0.7349,1.7076,1.0460,6
8.5757,0.7495,1.7205,1.0331,6
8.5757,0.7656,1.7189,1.0371,6
8.5757,0.7744,1.7165,1.0766,6
8.5757,0.7978,1.7189,1.1129,6
8.5757,0.8188,1.7197,1.1484,6
8.5757,0.8389,1.7286,1.1717,6
8.5757,0.8631,1.7302,1.1911,6
8.5757,0.8856,1.7342,1.1886,6
8.6232,0.9058,1.7366,1.1959,6
8.6238,0.9179,1.7221,1.1903,6
8.6238,0.9316,1.7221,1.1862,6
8.6238,0.9517,1.7237,1.1806,6
8.6238,0.9703,1.7326,1.1677,6
8.6238,0.9767,1.7350,1.1677,6
8.6238,0.9848,1.7495,1.1653,6
8.6238,0.9936,1.7511,1.1604,6
8.6238,1.0017,1.7471,1.1564,6
8.6238,1.0105,1.7487,1.1492,6
8.6238,1.0162,1.7479,1.1403,6
8.6238,1.0299,1.7568,1.1411,6
8.6238,1.0396,1.7568,1.1403,6
8.6238,1.0444,1.7592,1.1387,6
8.6238,1.0581,1.7584,1.1379,6
8.6238,1.0710,1.7584,1.1347,6
8.6238,1.0782,1.7568,1.1322,6
8.6238,1.0879,1.7664,1.1298,6
8.6238,1.0992,1.7656,1.1330,6
8.6238,1.1145,1.7592,1.1322,6
8.6238,1.1282,1.7552,1.1395,6
8.6238,1.1395,1.7536,1.1379,6
8.6238,1.1500,1.7479,1.1451,6
8.6238,1.1629,1.7511,1.1371,6
8.6238,1.1669,1.7519,1.1508,6
8.6238,1.1741,1.7648,1.1612,6
8.6238,1.1886,1.7616,1.1669,6
8.6238,1.2015,1.7487,1.1693,6
8.6238,1.2072,1.7536,1.1637,6
8.6238,1.2144,1.7455,1.1717,6
8.6238,1.2233,1.7487,1.1741,6
8.6238,1.2346,1.7519,1.1766,6
8.6238,1.2475,1.7624,1.1709,6
8.6238,1.2563,1.7616,1.1822,6
8.6238,1.2684,1.7640,1.1645,6
8.6238,1.2813,1.7576,1.1524,6
8.6238,1.2870,1.7536,1.1492,6
8.6238,1.2926,1.7552,1.1524,6
8.6238,1.3039,1.7487,1.1564,6
8.6238,1.3039,1.7592,1.1411,6
8.6238,1.3119,1.7616,1.1347,6
8.6238,1.3136,1.7584,1.1532,6
8.6238,1.3200,1.7568,1.1862,6
8.6238,1.3256,1.7552,1.2233,6
8.6238,1.3297,1.7576,1.2410,6
8.6238,1.3377,1.7584,1.2523,6
8.6238,1.3603,1.7600,1.2475,6
8.6238,1.3635,1.7600,1.2378,6
8.6238,1.3667,1.7616,1.2305,6
8.6238,1.3764,1.7640,1.2451,6
8.6238,1.3861,1.7689,1.2491,6
8.6238,1.3917,1.7769,1.2338,6
8.6238,1.3853,1.7882,1.2064,6
8.6238,1.3974,1.7987,1.1669,6
8.6238,1.4030,1.7890,1.1524,6
8.6238,1.4046,1.7818,1.1314,6
8.6238,1.3990,1.7801,1.1234,6
8.6238,1.4119,1.7745,1.1290,6
8.6238,1.4232,1.7761,1.1322,6
8.6238,1.4296,1.7729,1.1330,6
8.6238,1.4328,1.7745,1.1371,6
8.6238,1.4465,1.7705,1.1451,6
8.6238,1.4642,1.7624,1.1403,6
8.6238,1.4691,1.7592,1.1492,6
8.6238,1.4715,1.7624,1.1508,6
8.6238,1.4868,1.7664,1.1717,6
8.6238,1.4884,1.7721,1.1822,6
8.6238,1.4908,1.7826,1.1862,6
8.6238,1.4925,1.7890,1.1895,6
8.6238,1.4997,1.7842,1.1967,6
8.6238,1.5005,1.7866,1.2056,6
8.6238,1.4949,1.7922,1.1886,6
8.6238,1.4997,1.7979,1.1822,6
8.6238,1.5062,1.8003,1.1749,6
8.6238,1.5166,1.8084,1.1693,6
8.6238,1.5126,1.8051,1.1645,6
8.6238,1.5231,1.7987,1.1621,6
8.6238,1.5295,1.7995,1.1556,6
8.6238,1.5392,1.8027,1.1564,6
8.6238,1.5464,1.8148,1.1395,6
8.6238,1.5529,1.8180,1.1274,6
8.6238,1.5674,1.8237,1.1234,6
8.6238,1.5690,1.8253,1.1258,6
8.6238,1.5666,1.8237,1.1298,6
8.6238,1.5714,1.8269,1.1363,6
8.6238,1.5779,1.8358,1.1338,6
8.6238,1.5787,1.8398,1.1371,6
8.6238,1.5827,1.8422,1.1355,6
8.6238,1.5835,1.8422,1.1371,6
8.6238,1.5900,1.8503,1.1443,6
8.6238,1.5948,1.8495,1.1492,6
8.6238,1.5948,1.8503,1.1564,6
8.6238,1.5940,1.8470,1.1596,6
8.6238,1.6004,1.8575,1.1548,6
8.6238,1.6004,1.8503,1.1548,6
8.6703,1.6012,1.8535,1.1629,6
8.6703,1.6037,1.8615,1.1621,6
8.6703,1.6061,1.8623,1.1669,6
8.6703,1.6133,1.8744,1.1741,6
8.6703,1.6117,1.8768,1.1814,6
8.6703,1.6166,1.8897,1.1870,6
8.6703,1.6166,1.8922,1.1935,6
8.6703,1.6198,1.9002,1.1967,6
8.6703,1.6182,1.9067,1.1983,6
8.6703,1.6214,1.9042,1.1935,6
8.6703,1.6238,1.9107,1.1935,6
8.6703,1.6222,1.9115,1.1895,6
8.6703,1.6206,1.9212,1.1895,6
8.6703,1.6198,1.9196,1.1774,6
8.6703,1.6149,1.9163,1.1725,6
8.6703,1.6125,1.9083,1.1588,6
8.6703,1.6182,1.9042,1.1532,6
8.6703,1.6254,1.9002,1.1427,6
8.6703,1.6278,1.8841,1.1427,6
8.6703,1.6295,1.8865,1.1508,6
8.6703,1.6327,1.8881,1.1572,6
8.6703,1.6415,1.8946,1.1580,6
8.6703,1.6440,1.8970,1.1540,6
8.6703,1.6415,1.8881,1.1451,6
8.6703,1.6448,1.8841,1.1355,6
8.6703,1.6488,1.8777,1.1347,6
8.6703,1.6496,1.8736,1.1266,6
8.6703,1.6488,1.8728,1.1274,6
8.6703,1.6504,1.8793,1.2434,6
8.6703,1.6536,1.8817,1.2241,6
8.6703,1.6552,1.8704,1.2040,6
8.6703,1.6480,1.8672,1.1951,6
8.6703,1.6689,1.8583,1.1862,6
8.6703,1.6681,1.8623,1.1935,6
8.6703,1.6665,1.8583,1.2048,6
8.6703,1.6641,1.8511,1.2128,6
8.6703,1.6625,1.8495,1.2201,6
8.6703,1.6649,1.8358,1.2241,6
8.6703,1.6673,1.8301,1.1210,6
8.6703,1.6657,1.8341,1.1371,6
8.6703,1.6681,1.8422,1.1451,6
8.6703,1.6754,1.8390,1.1475,6
8.6703,1.6593,1.8293,1.1556,6
8.6703,1.6609,1.8196,1.1572,6
8.6703,1.6730,1.8092,1.1604,6
8.6703,1.6778,1.8108,1.1564,6
8.6703,1.6778,1.8035,1.1556,6
8.6703,1.6802,1.8156,1.1604,6
8.6703,1.6786,1.8100,1.1524,6
8.6703,1.6802,1.8035,1.1500,6
8.6703,1.6746,1.7955,1.1580,6
8.6703,1.6746,1.7858,1.1685,6
8.6703,1.6786,1.7850,1.1766,6
8.6703,1.6802,1.7826,1.1822,6
8.6703,1.6738,1.7882,1.1830,6
8.6703,1.6738,1.7850,1.1967,6
8.6703,1.6770,1.7818,1.2007,6
8.6703,1.6722,1.7673,1.1991,6
8.6703,1.6722,1.7713,1.1935,6
8.6703,1.6738,1.7761,1.2007,6
8.6703,1.6923,1.7761,1.1838,6
8.6703,1.6867,1.7761,1.1709,6
8.6703,1.6802,1.7729,1.1669,6
8.6703,1.6802,1.7656,1.1637,6
8.6703,1.6818,1.7568,1.1621,6
8.6703,1.6786,1.7568,1.1484,6
8.6703,1.6705,1.7656,1.1419,6
8.6703,1.6746,1.7737,1.1395,6
8.6703,1.6778,1.7697,1.1419,6
