Zaman (sn),CH1 (V),CH2 (V),CH3 (V),Label
3.0513,1.6577,1.6464,1.6544,1
3.0513,1.6568,1.6456,1.6544,1
3.0513,1.6552,1.6480,1.6536,1
3.0513,1.6512,1.6504,1.6544,1
3.0513,1.6496,1.6496,1.6528,1
3.0513,1.6480,1.6488,1.6528,1
3.0513,1.6480,1.6480,1.6528,1
3.0513,1.6464,1.6472,1.6512,1
3.0513,1.6480,1.6464,1.6504,1
3.0513,1.6472,1.6456,1.6512,1
3.0513,1.6472,1.6456,1.6528,1
3.0513,1.6472,1.6464,1.6544,1
3.0513,1.6480,1.6456,1.6536,1
3.0513,1.6568,1.6448,1.6536,1
3.0513,1.6552,1.6448,1.6528,1
3.0513,1.6528,1.6472,1.6520,1
3.0513,1.6528,1.6472,1.6504,1
3.0513,1.6520,1.6472,1.6512,1
3.0513,1.6496,1.6464,1.6504,1
3.0513,1.6504,1.6464,1.6504,1
3.0513,1.6496,1.6472,1.6512,1
3.0513,1.6432,1.6464,1.6496,1
3.0513,1.6440,1.6480,1.6512,1
3.0513,1.6367,1.6472,1.6512,1
3.0513,1.6391,1.6472,1.6520,1
3.0513,1.6423,1.6472,1.6504,1
3.0513,1.6423,1.6464,1.6512,1
3.0513,1.6440,1.6464,1.6496,1
3.0513,1.6464,1.6472,1.6496,1
3.0513,1.6496,1.6472,1.6496,1
3.0513,1.6504,1.6472,1.6472,1
3.0513,1.6560,1.6464,1.6480,1
3.0513,1.6568,1.6456,1.6464,1
3.0513,1.6560,1.6456,1.6464,1
3.0513,1.6552,1.6456,1.6480,1
3.0513,1.6504,1.6448,1.6504,1
3.0513,1.6496,1.6464,1.6496,1
3.0513,1.6488,1.6456,1.6520,1
3.0513,1.6488,1.6456,1.6536,1
3.0513,1.6472,1.6464,1.6536,1
3.0513,1.6472,1.6464,1.6544,1
3.0513,1.6464,1.6488,1.6544,1
3.0513,1.6448,1.6488,1.6585,1
3.0513,1.6448,1.6504,1.6585,1
3.0513,1.6448,1.6520,1.6577,1
3.0513,1.6480,1.6520,1.6568,1
3.0513,1.6480,1.6520,1.6585,1
3.0513,1.6472,1.6544,1.6552,1
3.0513,1.6440,1.6536,1.6544,1
3.0513,1.6456,1.6528,1.6552,1
3.0513,1.6448,1.6528,1.6552,1
3.0513,1.6456,1.6520,1.6544,1
3.0513,1.6448,1.6512,1.6520,1
3.0513,1.6448,1.6496,1.6520,1
3.0513,1.6456,1.6480,1.6528,1
3.0513,1.6456,1.6488,1.6528,1
3.0513,1.6456,1.6488,1.6520,1
3.0513,1.6472,1.6472,1.6544,1
3.0513,1.6480,1.6480,1.6528,1
3.0513,1.6456,1.6488,1.6528,1
3.0513,1.6464,1.6488,1.6536,1
3.0513,1.6464,1.6488,1.6528,1
3.0513,1.6472,1.6488,1.6536,1
3.0513,1.6472,1.6488,1.6536,1
3.0513,1.6456,1.6496,1.6536,1
3.0513,1.6464,1.6496,1.6528,1
3.0513,1.6472,1.6488,1.6536,1
3.0513,1.6464,1.6496,1.6520,1
3.0513,1.6480,1.6496,1.6536,1
3.0513,1.6480,1.6504,1.6544,1
3.0513,1.6488,1.6504,1.6544,1
3.0513,1.6496,1.6504,1.6560,1
3.0513,1.6504,1.6496,1.6552,1
3.0513,1.6488,1.6496,1.6544,1
3.0513,1.6504,1.6480,1.6544,1
3.0513,1.6472,1.6480,1.6544,1
3.0513,1.6472,1.6480,1.6544,1
3.0513,1.6472,1.6480,1.6536,1
3.0513,1.6464,1.6480,1.6528,1
3.0513,1.6472,1.6472,1.6528,1
3.0513,1.6472,1.6464,1.6520,1
3.0513,1.6440,1.6464,1.6520,1
3.0513,1.6448,1.6464,1.6520,1
3.0513,1.6440,1.6480,1.6528,1
3.0513,1.6432,1.6504,1.6528,1
3.0513,1.6456,1.6496,1.6536,1
3.0513,1.6456,1.6488,1.6544,1
3.0513,1.6480,1.6480,1.6560,1
3.0513,1.6472,1.6488,1.6568,1
3.0513,1.6448,1.6480,1.6560,1
3.0513,1.6448,1.6480,1.6560,1
3.0513,1.6448,1.6472,1.6552,1
3.0513,1.6440,1.6472,1.6552,1
3.0513,1.6456,1.6456,1.6552,1
3.0513,1.6472,1.6448,1.6552,1
3.0987,1.6480,1.6456,1.6544,1
3.0987,1.6472,1.6464,1.6552,1
3.0987,1.6440,1.6472,1.6544,1
3.0987,1.6448,1.6480,1.6552,1
3.0987,1.6464,1.6504,1.6560,1
3.0987,1.6464,1.6520,1.6568,1
3.0987,1.6464,1.6528,1.6585,1
3.0987,1.6472,1.6544,1.6577,1
3.0987,1.6472,1.6528,1.6577,1
3.0987,1.6456,1.6528,1.6577,1
3.0987,1.6448,1.6536,1.6577,1
3.0987,1.6456,1.6536,1.6593,1
3.0987,1.6456,1.6512,1.6601,1
3.0987,1.6480,1.6504,1.6577,1
3.0987,1.6464,1.6488,1.6560,1
3.0987,1.6480,1.6472,1.6560,1
3.0987,1.6496,1.6472,1.6560,1
3.0987,1.6488,1.6472,1.6544,1
3.0987,1.6488,1.6480,1.6536,1
3.0987,1.6504,1.6480,1.6512,1
3.0987,1.6504,1.6464,1.6520,1
3.0987,1.6504,1.6464,1.6512,1
3.0987,1.6472,1.6480,1.6496,1
3.0987,1.6456,1.6480,1.6496,1
3.0987,1.6464,1.6488,1.6504,1
3.0987,1.6464,1.6488,1.6480,1
3.0987,1.6456,1.6488,1.6480,1
3.0987,1.6464,1.6488,1.6480,1
3.0987,1.6407,1.6488,1.6456,1
3.0987,1.6415,1.6488,1.6464,1
3.0987,1.6415,1.6488,1.6440,1
3.0987,1.6415,1.6488,1.6423,1
3.0987,1.6448,1.6496,1.6448,1
3.0987,1.6456,1.6488,1.6464,1
3.0987,1.6456,1.6456,1.6464,1
3.0987,1.6456,1.6464,1.6480,1
3.0987,1.6456,1.6472,1.6464,1
3.0987,1.6448,1.6480,1.6480,1
3.0987,1.6504,1.6480,1.6472,1
3.0987,1.6504,1.6472,1.6472,1
3.0987,1.6496,1.6472,1.6472,1
3.0987,1.6528,1.6480,1.6464,1
3.0987,1.6504,1.6472,1.6456,1
3.0987,1.6480,1.6480,1.6440,1
3.0987,1.6472,1.6488,1.6423,1
3.0987,1.6472,1.6496,1.6399,1
3.0987,1.6456,1.6464,1.6407,1
3.0987,1.6440,1.6456,1.6399,1
3.0987,1.6448,1.6448,1.6407,1
3.0987,1.6432,1.6456,1.6399,1
3.0987,1.6448,1.6472,1.6407,1
3.0987,1.6415,1.6472,1.6423,1
3.0987,1.6423,1.6456,1.6407,1
3.0987,1.6432,1.6448,1.6399,1
3.0987,1.6415,1.6472,1.6407,1
3.0987,1.6407,1.6464,1.6415,1
3.0987,1.6415,1.6504,1.6423,1
3.0987,1.6440,1.6496,1.6423,1
3.0987,1.6440,1.6504,1.6423,1
3.0987,1.6432,1.6512,1.6423,1
3.0987,1.6415,1.6512,1.6423,1
3.0987,1.6423,1.6496,1.6415,1
3.0987,1.6415,1.6520,1.6423,1
3.0987,1.6432,1.6512,1.6432,1
3.0987,1.6472,1.6496,1.6432,1
3.0987,1.6480,1.6504,1.6432,1
3.0987,1.6464,1.6496,1.6432,1
3.0987,1.6448,1.6496,1.6448,1
3.0987,1.6448,1.6488,1.6456,1
3.0987,1.6456,1.6496,1.6456,1
3.0987,1.6456,1.6480,1.6472,1
3.0987,1.6464,1.6504,1.6464,1
3.0987,1.6456,1.6496,1.6472,1
3.0987,1.6448,1.6504,1.6472,1
3.0987,1.6423,1.6512,1.6480,1
3.0987,1.6407,1.6504,1.6464,1
3.0987,1.6423,1.6520,1.6448,1
3.0987,1.6415,1.6536,1.6440,1
3.0987,1.6423,1.6536,1.6423,1
3.0987,1.6311,1.6536,1.6423,1
3.0987,1.6093,1.6552,1.6407,1
3.0987,1.6125,1.6544,1.6407,1
3.0987,1.6166,1.6544,1.6399,1
3.0987,1.6214,1.6552,1.6383,1
3.0987,1.6230,1.6528,1.6375,1
3.0987,1.6246,1.6520,1.6383,1
3.0987,1.6254,1.6504,1.6383,1
3.0987,1.6262,1.6480,1.6391,1
3.0987,1.6254,1.6504,1.6399,1
3.0987,1.6359,1.6496,1.6407,1
3.0987,1.6577,1.6472,1.6407,1
3.0987,1.6512,1.6464,1.6415,1
3.0987,1.6472,1.6464,1.6432,1
3.0987,1.6423,1.6456,1.6432,1
3.0987,1.6399,1.6464,1.6432,1
3.1453,1.6375,1.6472,1.6440,1
3.1453,1.6375,1.6480,1.6440,1
3.1453,1.6407,1.6480,1.6432,1
3.1453,1.6391,1.6472,1.6423,1
3.1453,1.6375,1.6480,1.6423,1
3.1453,1.6319,1.6496,1.6432,1
3.1453,1.6359,1.6512,1.6423,1
3.1453,1.6343,1.6528,1.6399,1
3.1453,1.6343,1.6528,1.6391,1
3.1453,1.6367,1.6536,1.6391,1
3.1453,1.6480,1.6528,1.6391,1
3.1453,1.6536,1.6528,1.6391,1
3.1453,1.6496,1.6528,1.6383,1
3.1453,1.6488,1.6528,1.6383,1
3.1453,1.6496,1.6520,1.6367,1
3.1453,1.6552,1.6488,1.6367,1
3.1453,1.6536,1.6472,1.6367,1
3.1453,1.6552,1.6464,1.6375,1
3.1453,1.6568,1.6456,1.6375,1
3.1453,1.6560,1.6440,1.6375,1
3.1453,1.6456,1.6440,1.6367,1
3.1453,1.6399,1.6423,1.6375,1
3.1453,1.6432,1.6432,1.6383,1
3.1453,1.6464,1.6432,1.6383,1
3.1453,1.6488,1.6432,1.6391,1
3.1453,1.6512,1.6464,1.6391,1
3.1453,1.6552,1.6472,1.6391,1
3.1453,1.6568,1.6472,1.6383,1
3.1453,1.6577,1.6480,1.6399,1
3.1453,1.6585,1.6488,1.6399,1
3.1453,1.6568,1.6488,1.6423,1
3.1453,1.6585,1.6496,1.6440,1
3.1453,1.6568,1.6496,1.6448,1
3.1453,1.6568,1.6488,1.6448,1
3.1453,1.6536,1.6488,1.6448,1
3.1453,1.6536,1.6464,1.6472,1
3.1453,1.6512,1.6464,1.6464,1
3.1453,1.6496,1.6472,1.6464,1
3.1453,1.6480,1.6472,1.6472,1
3.1453,1.6472,1.6480,1.6480,1
3.1453,1.6496,1.6472,1.6456,1
3.1453,1.6472,1.6464,1.6432,1
3.1453,1.6472,1.6456,1.6432,1
3.1453,1.6456,1.6488,1.6456,1
3.1453,1.6464,1.6488,1.6464,1
3.1453,1.6456,1.6496,1.6448,1
3.1453,1.6440,1.6480,1.6464,1
3.1453,1.6432,1.6472,1.6472,1
3.1453,1.6432,1.6472,1.6472,1
3.1463,1.6432,1.6464,1.6472,1
3.1463,1.6415,1.6472,1.6496,1
3.1463,1.6407,1.6472,1.6520,1
3.1463,1.6423,1.6488,1.6520,1
3.1463,1.6415,1.6456,1.6504,1
3.1463,1.6432,1.6464,1.6504,1
3.1463,1.6423,1.6464,1.6504,1
3.1463,1.6432,1.6464,1.6488,1
3.1463,1.6432,1.6464,1.6504,1
3.1463,1.6488,1.6464,1.6488,1
3.1463,1.6464,1.6472,1.6480,1
3.1463,1.6440,1.6464,1.6480,1
3.1463,1.6440,1.6464,1.6488,1
3.1463,1.6440,1.6464,1.6464,1
3.1463,1.6448,1.6464,1.6472,1
3.1463,1.6456,1.6456,1.6480,1
3.1463,1.6488,1.6464,1.6496,1
3.1463,1.6480,1.6472,1.6512,1
3.1463,1.6496,1.6480,1.6512,1
3.1463,1.6472,1.6480,1.6528,1
3.1463,1.6496,1.6480,1.6544,1
3.1463,1.6536,1.6480,1.6544,1
3.1463,1.6544,1.6472,1.6528,1
3.1463,1.6544,1.6464,1.6528,1
3.1463,1.6544,1.6464,1.6536,1
3.1463,1.6536,1.6472,1.6512,1
3.1463,1.6496,1.6456,1.6496,1
3.1463,1.6496,1.6464,1.6488,1
3.1463,1.6504,1.6456,1.6496,1
3.1463,1.6472,1.6456,1.6480,1
3.1463,1.6568,1.6456,1.6480,1
3.1463,1.6568,1.6448,1.6464,1
3.1463,1.6544,1.6464,1.6472,1
3.1463,1.6536,1.6464,1.6488,1
3.1463,1.6536,1.6464,1.6496,1
3.1463,1.6536,1.6464,1.6512,1
3.1463,1.6520,1.6456,1.6528,1
3.1463,1.6488,1.6448,1.6536,1
3.1463,1.6480,1.6456,1.6536,1
3.1463,1.6488,1.6448,1.6520,1
3.1463,1.6375,1.6440,1.6512,1
3.1463,1.6391,1.6440,1.6520,1
3.1463,1.6423,1.6440,1.6520,1
3.1463,1.6448,1.6496,1.6520,1
3.1929,1.6464,1.6480,1.6504,1
3.1929,1.6480,1.6472,1.6496,1
3.1929,1.6496,1.6480,1.6480,1
3.1929,1.6544,1.6472,1.6472,1
3.1929,1.6552,1.6464,1.6488,1
3.1929,1.6311,1.6464,1.6488,1
3.1929,1.6343,1.6464,1.6480,1
3.1929,1.6367,1.6472,1.6472,1
3.1929,1.6367,1.6464,1.6480,1
3.1929,1.6367,1.6456,1.6464,1
3.1929,1.6343,1.6464,1.6488,1
3.1929,1.6335,1.6472,1.6504,1
3.1929,1.6311,1.6480,1.6512,1
3.1929,1.6311,1.6488,1.6528,1
3.1929,1.6295,1.6504,1.6520,1
3.1929,1.6528,1.6504,1.6520,1
3.1929,1.6512,1.6504,1.6520,1
3.1929,1.6480,1.6504,1.6520,1
3.1929,1.6472,1.6504,1.6504,1
3.1929,1.6383,1.6480,1.6504,1
3.1929,1.6375,1.6480,1.6488,1
3.1929,1.6359,1.6480,1.6464,1
3.1929,1.6383,1.6488,1.6480,1
3.1929,1.6327,1.6488,1.6440,1
3.1929,1.6343,1.6488,1.6440,1
3.1929,1.6335,1.6496,1.6464,1
3.1929,1.6319,1.6488,1.6472,1
3.1929,1.6311,1.6496,1.6472,1
3.1929,1.6303,1.6496,1.6464,1
3.1929,1.6375,1.6480,1.6464,1
3.1929,1.6375,1.6488,1.6488,1
3.1929,1.6375,1.6480,1.6488,1
3.1929,1.6391,1.6480,1.6480,1
3.1929,1.6423,1.6480,1.6496,1
3.1929,1.6415,1.6464,1.6496,1
3.1929,1.6415,1.6464,1.6480,1
3.1929,1.6432,1.6472,1.6488,1
3.1929,1.6423,1.6464,1.6504,1
3.1929,1.6423,1.6464,1.6504,1
3.1929,1.6432,1.6464,1.6496,1
3.1929,1.6456,1.6464,1.6504,1
3.1929,1.6480,1.6464,1.6520,1
3.1929,1.6496,1.6464,1.6520,1
3.1929,1.6496,1.6456,1.6520,1
3.1929,1.6512,1.6448,1.6520,1
3.1929,1.6512,1.6448,1.6528,1
3.1929,1.6520,1.6448,1.6528,1
3.1929,1.6528,1.6448,1.6520,1
3.1929,1.6528,1.6448,1.6528,1
3.1929,1.6512,1.6440,1.6536,1
3.1929,1.6496,1.6432,1.6528,1
3.1929,1.6464,1.6423,1.6528,1
3.1929,1.6440,1.6415,1.6536,1
3.1929,1.6448,1.6423,1.6536,1
3.1929,1.6472,1.6432,1.6528,1
3.1929,1.6488,1.6423,1.6528,1
3.1929,1.6480,1.6415,1.6528,1
3.1929,1.6480,1.6407,1.6520,1
3.1929,1.6488,1.6407,1.6512,1
3.1929,1.6504,1.6399,1.6520,1
3.1929,1.6512,1.6399,1.6536,1
3.1929,1.6520,1.6407,1.6512,1
3.1929,1.6520,1.6407,1.6520,1
3.1929,1.6520,1.6399,1.6520,1
3.1929,1.6488,1.6399,1.6528,1
3.1929,1.6488,1.6399,1.6528,1
3.1929,1.6496,1.6407,1.6528,1
3.1929,1.6504,1.6423,1.6544,1
3.1929,1.6504,1.6415,1.6560,1
3.1929,1.6488,1.6415,1.6552,1
3.1929,1.6504,1.6423,1.6544,1
3.1929,1.6504,1.6423,1.6560,1
3.1929,1.6496,1.6423,1.6560,1
3.1929,1.6496,1.6432,1.6552,1
3.1929,1.6504,1.6432,1.6528,1
3.1929,1.6488,1.6423,1.6512,1
3.1929,1.6496,1.6415,1.6520,1
3.1929,1.6504,1.6423,1.6496,1
3.1929,1.6488,1.6423,1.6496,1
3.1929,1.6488,1.6423,1.6504,1
3.1929,1.6464,1.6415,1.6512,1
3.1929,1.6480,1.6423,1.6512,1
3.1929,1.6488,1.6415,1.6504,1
3.1929,1.6504,1.6423,1.6504,1
3.1929,1.6496,1.6423,1.6504,1
3.1929,1.6504,1.6415,1.6520,1
3.1929,1.6480,1.6423,1.6504,1
3.1929,1.6472,1.6415,1.6512,1
3.1929,1.6464,1.6423,1.6544,1
3.1929,1.6472,1.6423,1.6528,1
3.1929,1.6496,1.6415,1.6512,1
3.1929,1.6496,1.6423,1.6512,1
3.1929,1.6496,1.6423,1.6512,1
3.1929,1.6488,1.6423,1.6512,1
3.1929,1.6504,1.6432,1.6544,1
3.1929,1.6504,1.6448,1.6552,1
3.2403,1.6520,1.6448,1.6568,1
3.2403,1.6520,1.6456,1.6568,1
3.2403,1.6536,1.6456,1.6536,1
3.2403,1.6544,1.6456,1.6552,1
3.2403,1.6536,1.6456,1.6552,1
3.2403,1.6528,1.6456,1.6552,1
3.2403,1.6472,1.6480,1.6544,1
3.2403,1.6480,1.6480,1.6560,1
3.2403,1.6472,1.6472,1.6536,1
3.2403,1.6480,1.6472,1.6528,1
3.2403,1.6480,1.6464,1.6528,1
3.2403,1.6472,1.6456,1.6536,1
3.2403,1.6472,1.6448,1.6536,1
3.2403,1.6464,1.6448,1.6544,1
3.2403,1.6464,1.6448,1.6536,1
3.2403,1.6480,1.6440,1.6528,1
3.2403,1.6536,1.6415,1.6512,1
3.2403,1.6536,1.6415,1.6520,1
3.2403,1.6520,1.6415,1.6512,1
3.2403,1.6504,1.6407,1.6504,1
3.2403,1.6488,1.6415,1.6512,1
3.2403,1.6480,1.6423,1.6504,1
3.2403,1.6488,1.6440,1.6512,1
3.2403,1.6488,1.6448,1.6496,1
3.2403,1.6496,1.6448,1.6520,1
3.2403,1.6496,1.6456,1.6512,1
3.2403,1.6496,1.6456,1.6528,1
3.2403,1.6488,1.6456,1.6536,1
3.2403,1.6488,1.6456,1.6552,1
3.2403,1.6488,1.6456,1.6560,1
3.2403,1.6488,1.6456,1.6552,1
3.2403,1.6496,1.6448,1.6544,1
3.2403,1.6496,1.6440,1.6520,1
3.2403,1.6496,1.6432,1.6512,1
3.2403,1.6472,1.6423,1.6504,1
3.2403,1.6464,1.6423,1.6504,1
3.2403,1.6456,1.6423,1.6488,1
3.2403,1.6464,1.6432,1.6448,1
3.2403,1.6464,1.6448,1.6440,1
3.2403,1.6456,1.6432,1.6423,1
3.2403,1.6456,1.6432,1.6407,1
3.2403,1.6440,1.6440,1.6407,1
3.2403,1.6456,1.6440,1.6407,1
3.2403,1.6448,1.6456,1.6415,1
3.2403,1.6415,1.6456,1.6415,1
3.2403,1.6432,1.6440,1.6407,1
3.2403,1.6423,1.6440,1.6415,1
3.2403,1.6415,1.6440,1.6423,1
3.2403,1.6432,1.6415,1.6423,1
3.2403,1.6440,1.6423,1.6432,1
3.2403,1.6456,1.6423,1.6432,1
3.2403,1.6456,1.6432,1.6432,1
3.2403,1.6440,1.6423,1.6432,1
3.2403,1.6456,1.6423,1.6432,1
3.2403,1.6496,1.6415,1.6423,1
3.2403,1.6472,1.6423,1.6415,1
3.2403,1.6464,1.6432,1.6415,1
3.2403,1.6456,1.6440,1.6415,1
3.2403,1.6448,1.6440,1.6399,1
3.2403,1.6456,1.6448,1.6407,1
3.2403,1.6472,1.6456,1.6407,1
3.2403,1.6472,1.6448,1.6415,1
3.2403,1.6472,1.6448,1.6432,1
3.2403,1.6448,1.6432,1.6423,1
3.2403,1.6456,1.6440,1.6423,1
3.2403,1.6464,1.6440,1.6432,1
3.2403,1.6391,1.6440,1.6432,1
3.2403,1.6399,1.6423,1.6423,1
3.2403,1.6399,1.6415,1.6432,1
3.2403,1.6407,1.6407,1.6423,1
3.2403,1.6391,1.6407,1.6440,1
3.2403,1.6407,1.6415,1.6448,1
3.2403,1.6407,1.6415,1.6448,1
3.2403,1.6407,1.6423,1.6464,1
3.2403,1.6440,1.6423,1.6480,1
3.2403,1.6448,1.6432,1.6464,1
3.2403,1.6528,1.6432,1.6480,1
3.2403,1.6536,1.6432,1.6488,1
3.2403,1.6528,1.6432,1.6480,1
3.2403,1.6528,1.6432,1.6480,1
3.2403,1.6520,1.6432,1.6464,1
3.2403,1.6520,1.6440,1.6464,1
3.2403,1.6520,1.6440,1.6456,1
3.2403,1.6512,1.6456,1.6456,1
3.2403,1.6488,1.6456,1.6448,1
3.2403,1.6488,1.6440,1.6456,1
3.2403,1.6480,1.6440,1.6456,1
3.2403,1.6464,1.6440,1.6456,1
3.2403,1.6480,1.6440,1.6480,1
3.2403,1.6488,1.6440,1.6488,1
3.2403,1.6488,1.6440,1.6496,1
3.2403,1.6488,1.6432,1.6496,1
3.2403,1.6488,1.6432,1.6512,1
3.2403,1.6496,1.6423,1.6512,1
3.2882,1.6488,1.6432,1.6528,1
3.2882,1.6480,1.6440,1.6544,1
3.2882,1.6488,1.6448,1.6544,1
3.2882,1.6496,1.6448,1.6560,1
3.2882,1.6496,1.6456,1.6560,1
3.2882,1.6488,1.6464,1.6552,1
3.2882,1.6488,1.6464,1.6560,1
3.2882,1.6488,1.6464,1.6552,1
3.2882,1.6488,1.6464,1.6544,1
3.2882,1.6480,1.6464,1.6544,1
3.2882,1.6496,1.6456,1.6520,1
3.2882,1.6496,1.6456,1.6512,1
3.2882,1.6649,1.6456,1.6504,1
3.2882,1.6633,1.6464,1.6504,1
3.2882,1.6641,1.6472,1.6488,1
3.2882,1.6633,1.6472,1.6480,1
3.2882,1.6609,1.6480,1.6488,1
3.2882,1.6593,1.6488,1.6488,1
3.2882,1.6577,1.6488,1.6496,1
3.2882,1.6577,1.6488,1.6512,1
3.2882,1.6552,1.6496,1.6544,1
3.2882,1.6568,1.6496,1.6528,1
3.2882,1.6383,1.6488,1.6536,1
3.2882,1.6407,1.6496,1.6544,1
3.2882,1.6399,1.6472,1.6552,1
3.2882,1.6407,1.6472,1.6577,1
3.2882,1.6423,1.6464,1.6585,1
3.2882,1.6448,1.6464,1.6593,1
3.2882,1.6480,1.6464,1.6593,1
3.2882,1.6488,1.6464,1.6593,1
3.2882,1.6512,1.6448,1.6585,1
3.2882,1.6512,1.6456,1.6593,1
3.2882,1.6512,1.6472,1.6585,1
3.2882,1.6504,1.6472,1.6585,1
3.2882,1.6512,1.6480,1.6577,1
3.2882,1.6520,1.6488,1.6585,1
3.2882,1.6456,1.6488,1.6568,1
3.2882,1.6464,1.6488,1.6560,1
3.2882,1.6448,1.6480,1.6560,1
3.2882,1.6448,1.6472,1.6552,1
3.2882,1.6464,1.6488,1.6528,1
3.2890,1.6448,1.6480,1.6536,1
3.2890,1.6472,1.6456,1.6544,1
3.2890,1.6464,1.6440,1.6552,1
3.2890,1.6448,1.6432,1.6552,1
3.2890,1.6440,1.6432,1.6552,1
3.2890,1.6512,1.6432,1.6560,1
3.2890,1.6480,1.6432,1.6560,1
3.2890,1.6472,1.6432,1.6560,1
3.2890,1.6456,1.6440,1.6568,1
3.2890,1.6423,1.6440,1.6585,1
3.2890,1.6432,1.6448,1.6568,1
3.2890,1.6343,1.6472,1.6568,1
3.2890,1.6125,1.6488,1.6568,1
3.2890,1.6166,1.6496,1.6560,1
3.2890,1.6045,1.6496,1.6560,1
3.2890,1.6077,1.6496,1.6544,1
3.2890,1.6117,1.6488,1.6544,1
3.2890,1.6149,1.6480,1.6536,1
3.2890,1.6190,1.6472,1.6536,1
3.2890,1.6214,1.6456,1.6528,1
3.2890,1.6230,1.6456,1.6544,1
3.2890,1.6319,1.6440,1.6544,1
3.2890,1.6577,1.6432,1.6528,1
3.2890,1.6528,1.6440,1.6512,1
3.2890,1.6641,1.6432,1.6512,1
3.2890,1.6585,1.6440,1.6520,1
3.2890,1.6528,1.6448,1.6504,1
3.2890,1.6496,1.6456,1.6488,1
3.2890,1.6448,1.6456,1.6496,1
3.2890,1.6488,1.6448,1.6488,1
3.2890,1.6464,1.6440,1.6480,1
3.2890,1.6448,1.6448,1.6488,1
3.2890,1.6399,1.6440,1.6488,1
3.2890,1.6399,1.6440,1.6504,1
3.2890,1.6375,1.6448,1.6496,1
3.2890,1.6383,1.6440,1.6504,1
3.2890,1.6399,1.6472,1.6496,1
3.2890,1.6399,1.6464,1.6504,1
3.2890,1.6415,1.6472,1.6504,1
3.2890,1.6375,1.6480,1.6520,1
3.2890,1.6383,1.6496,1.6520,1
3.2890,1.6399,1.6496,1.6512,1
3.2890,1.6423,1.6496,1.6528,1
3.2890,1.6440,1.6488,1.6528,1
3.2890,1.6472,1.6480,1.6520,1
3.2890,1.6504,1.6472,1.6512,1
3.2890,1.6504,1.6440,1.6512,1
3.2890,1.6528,1.6448,1.6512,1
3.2890,1.6552,1.6440,1.6512,1
3.2890,1.6552,1.6432,1.6504,1
3.2890,1.6585,1.6432,1.6512,1
3.2890,1.6601,1.6432,1.6488,1
3.2890,1.6665,1.6456,1.6488,1
3.2890,1.6665,1.6464,1.6472,1
3.2890,1.6665,1.6472,1.6480,1
3.3355,1.6649,1.6480,1.6472,1
3.3355,1.6641,1.6472,1.6496,1
3.3355,1.6552,1.6480,1.6480,1
3.3355,1.6536,1.6488,1.6472,1
3.3355,1.6544,1.6488,1.6480,1
3.3355,1.6520,1.6480,1.6472,1
3.3355,1.6448,1.6464,1.6488,1
3.3355,1.6367,1.6448,1.6488,1
3.3355,1.6359,1.6448,1.6512,1
3.3355,1.6391,1.6456,1.6504,1
3.3355,1.6383,1.6464,1.6512,1
3.3355,1.6399,1.6472,1.6512,1
3.3355,1.6472,1.6440,1.6528,1
3.3355,1.6472,1.6440,1.6536,1
3.3355,1.6399,1.6440,1.6520,1
3.3355,1.6423,1.6448,1.6520,1
3.3355,1.6432,1.6480,1.6528,1
3.3355,1.6851,1.6472,1.6504,1
3.3355,1.6834,1.6472,1.6488,1
3.3355,1.6762,1.6464,1.6488,1
3.3355,1.6730,1.6448,1.6480,1
3.3355,1.6697,1.6456,1.6488,1
3.3355,1.6665,1.6480,1.6472,1
3.3355,1.6593,1.6480,1.6480,1
3.3355,1.6633,1.6504,1.6488,1
3.3355,1.6593,1.6488,1.6488,1
3.3355,1.6641,1.6464,1.6488,1
3.3355,1.6222,1.6464,1.6504,1
3.3355,1.6246,1.6464,1.6520,1
3.3355,1.6254,1.6472,1.6536,1
3.3355,1.6303,1.6464,1.6520,1
3.3355,1.6343,1.6464,1.6512,1
3.3355,1.6391,1.6456,1.6520,1
3.3355,1.6464,1.6456,1.6520,1
3.3355,1.6504,1.6423,1.6520,1
3.3355,1.6512,1.6415,1.6520,1
3.3355,1.6520,1.6432,1.6512,1
3.3355,1.6536,1.6432,1.6512,1
3.3355,1.6528,1.6432,1.6512,1
3.3355,1.6560,1.6423,1.6512,1
3.3355,1.6552,1.6448,1.6536,1
3.3355,1.6544,1.6440,1.6536,1
3.3355,1.6536,1.6456,1.6536,1
3.3355,1.6536,1.6472,1.6528,1
3.3355,1.6520,1.6496,1.6536,1
3.3355,1.6528,1.6520,1.6536,1
3.3355,1.6520,1.6504,1.6528,1
3.3355,1.6504,1.6512,1.6528,1
3.3355,1.6496,1.6512,1.6528,1
3.3355,1.6480,1.6512,1.6528,1
3.3355,1.6472,1.6496,1.6520,1
3.3355,1.6448,1.6496,1.6520,1
3.3355,1.6423,1.6488,1.6520,1
3.3355,1.6391,1.6472,1.6528,1
3.3355,1.6383,1.6448,1.6544,1
3.3355,1.6359,1.6448,1.6544,1
3.3355,1.6343,1.6456,1.6560,1
3.3355,1.6351,1.6464,1.6544,1
3.3355,1.6351,1.6472,1.6544,1
3.3355,1.6367,1.6472,1.6536,1
3.3355,1.6367,1.6480,1.6552,1
3.3355,1.6375,1.6464,1.6536,1
3.3355,1.6407,1.6464,1.6544,1
3.3355,1.6432,1.6472,1.6544,1
3.3355,1.6423,1.6472,1.6536,1
3.3355,1.6440,1.6464,1.6536,1
3.3355,1.6448,1.6472,1.6536,1
3.3355,1.6456,1.6472,1.6552,1
3.3355,1.6456,1.6464,1.6544,1
3.3355,1.6464,1.6464,1.6544,1
3.3355,1.6480,1.6464,1.6544,1
3.3355,1.6480,1.6472,1.6552,1
3.3355,1.6480,1.6472,1.6544,1
3.3355,1.6480,1.6472,1.6544,1
3.3355,1.6512,1.6464,1.6528,1
3.3355,1.6432,1.6480,1.6536,1
3.3355,1.6456,1.6464,1.6536,1
3.3355,1.6464,1.6456,1.6536,1
3.3355,1.6472,1.6440,1.6544,1
3.3355,1.6472,1.6448,1.6544,1
3.3355,1.6448,1.6480,1.6528,1
3.3355,1.6464,1.6480,1.6544,1
3.3355,1.6383,1.6480,1.6544,1
3.3355,1.6391,1.6480,1.6544,1
3.3355,1.6367,1.6496,1.6552,1
3.3355,1.6440,1.6480,1.6552,1
3.3355,1.6432,1.6480,1.6552,1
3.3355,1.6423,1.6480,1.6536,1
3.3355,1.6415,1.6480,1.6528,1
3.3355,1.6407,1.6472,1.6520,1
3.3355,1.6415,1.6456,1.6528,1
3.3355,1.6399,1.6448,1.6504,1
3.3355,1.6464,1.6448,1.6504,1
3.3355,1.6456,1.6448,1.6488,1
3.3355,1.6448,1.6440,1.6480,1
3.3826,1.6448,1.6448,1.6488,1
3.3826,1.6440,1.6456,1.6496,1
3.3826,1.6440,1.6472,1.6512,1
3.3826,1.6432,1.6472,1.6528,1
3.3826,1.6423,1.6488,1.6528,1
3.3826,1.6432,1.6472,1.6552,1
3.3826,1.6432,1.6472,1.6560,1
3.3826,1.6423,1.6480,1.6560,1
3.3826,1.6407,1.6480,1.6560,1
3.3826,1.6407,1.6480,1.6568,1
3.3826,1.6375,1.6480,1.6528,1
3.3826,1.6375,1.6472,1.6504,1
3.3826,1.6367,1.6456,1.6496,1
3.3826,1.6367,1.6472,1.6480,1
3.3826,1.6391,1.6456,1.6456,1
3.3826,1.6407,1.6456,1.6440,1
3.3826,1.6415,1.6456,1.6423,1
3.3826,1.6432,1.6448,1.6415,1
3.3826,1.6448,1.6456,1.6423,1
3.3826,1.6456,1.6456,1.6432,1
3.3826,1.6480,1.6448,1.6464,1
3.3826,1.6480,1.6456,1.6464,1
3.3826,1.6480,1.6464,1.6472,1
3.3826,1.6472,1.6448,1.6464,1
3.3826,1.6464,1.6464,1.6480,1
3.3826,1.6415,1.6464,1.6536,1
3.3826,1.6472,1.6464,1.6528,1
3.3826,1.6472,1.6472,1.6544,1
3.3826,1.6472,1.6456,1.6528,1
3.3826,1.6480,1.6464,1.6520,1
3.3826,1.6480,1.6464,1.6504,1
3.3826,1.6480,1.6448,1.6504,1
3.3826,1.6496,1.6440,1.6496,1
3.3826,1.6504,1.6440,1.6496,1
3.3826,1.6504,1.6440,1.6480,1
3.3826,1.6528,1.6440,1.6432,1
3.3826,1.6472,1.6432,1.6432,1
3.3826,1.6480,1.6423,1.6432,1
3.3826,1.6472,1.6432,1.6440,1
3.3826,1.6456,1.6423,1.6432,1
3.3826,1.6456,1.6415,1.6440,1
3.3826,1.6464,1.6423,1.6448,1
3.3826,1.6464,1.6423,1.6448,1
3.3826,1.6464,1.6423,1.6464,1
3.3826,1.6472,1.6423,1.6456,1
3.3826,1.6488,1.6432,1.6456,1
3.3826,1.6488,1.6432,1.6472,1
3.3826,1.6472,1.6432,1.6464,1
3.3826,1.6472,1.6432,1.6480,1
3.3826,1.6488,1.6440,1.6472,1
3.3826,1.6504,1.6432,1.6456,1
3.3826,1.6504,1.6432,1.6472,1
3.3826,1.6504,1.6432,1.6472,1
3.3826,1.6504,1.6423,1.6472,1
3.3826,1.6504,1.6423,1.6488,1
3.3826,1.6504,1.6415,1.6496,1
3.3826,1.6512,1.6415,1.6504,1
3.3826,1.6512,1.6415,1.6504,1
3.3826,1.6544,1.6415,1.6496,1
3.3826,1.6528,1.6415,1.6504,1
3.3826,1.6528,1.6415,1.6520,1
3.3826,1.6528,1.6415,1.6512,1
3.3826,1.6520,1.6423,1.6512,1
3.3826,1.6512,1.6423,1.6520,1
3.3826,1.6512,1.6423,1.6504,1
3.3826,1.6504,1.6423,1.6504,1
3.3826,1.6504,1.6423,1.6480,1
3.3826,1.6496,1.6432,1.6488,1
3.3826,1.6464,1.6432,1.6480,1
3.3826,1.6464,1.6432,1.6472,1
3.3826,1.6472,1.6432,1.6480,1
3.3826,1.6472,1.6423,1.6472,1
3.3826,1.6464,1.6423,1.6480,1
3.3826,1.6464,1.6415,1.6464,1
3.3826,1.6472,1.6407,1.6480,1
3.3826,1.6472,1.6415,1.6488,1
3.3826,1.6480,1.6415,1.6504,1
3.3826,1.6488,1.6407,1.6504,1
3.3826,1.6512,1.6407,1.6504,1
3.3826,1.6512,1.6415,1.6520,1
3.3826,1.6512,1.6423,1.6520,1
3.3826,1.6496,1.6423,1.6520,1
3.3826,1.6504,1.6407,1.6512,1
3.3826,1.6536,1.6415,1.6504,1
3.3826,1.6528,1.6407,1.6496,1
3.3826,1.6528,1.6407,1.6496,1
3.3826,1.6512,1.6415,1.6480,1
3.3826,1.6512,1.6415,1.6480,1
3.3826,1.6512,1.6423,1.6496,1
3.3826,1.6520,1.6423,1.6496,1
3.3826,1.6512,1.6432,1.6480,1
3.3826,1.6512,1.6432,1.6472,1
3.3826,1.6504,1.6448,1.6464,1
3.3826,1.6472,1.6456,1.6464,1
3.4301,1.6480,1.6456,1.6464,1
3.4301,1.6448,1.6464,1.6456,1
3.4301,1.6464,1.6464,1.6456,1
3.4301,1.6464,1.6472,1.6432,1
3.4301,1.6464,1.6464,1.6415,1
3.4301,1.6472,1.6448,1.6391,1
3.4301,1.6480,1.6440,1.6383,1
3.4301,1.6488,1.6440,1.6383,1
3.4301,1.6488,1.6440,1.6399,1
3.4301,1.6504,1.6440,1.6415,1
3.4301,1.6512,1.6448,1.6423,1
3.4301,1.6593,1.6448,1.6415,1
3.4301,1.6585,1.6440,1.6432,1
3.4301,1.6568,1.6432,1.6440,1
3.4301,1.6552,1.6423,1.6440,1
3.4301,1.6552,1.6432,1.6448,1
3.4301,1.6544,1.6440,1.6456,1
3.4301,1.6528,1.6448,1.6456,1
3.4301,1.6544,1.6448,1.6456,1
3.4301,1.6536,1.6448,1.6464,1
3.4301,1.6520,1.6448,1.6456,1
3.4301,1.6448,1.6448,1.6448,1
3.4301,1.6448,1.6472,1.6448,1
3.4301,1.6464,1.6472,1.6448,1
3.4301,1.6480,1.6480,1.6448,1
3.4301,1.6472,1.6480,1.6448,1
3.4301,1.6480,1.6496,1.6464,1
3.4301,1.6504,1.6488,1.6464,1
3.4301,1.6504,1.6496,1.6464,1
3.4301,1.6512,1.6488,1.6448,1
3.4301,1.6528,1.6496,1.6456,1
3.4301,1.6544,1.6488,1.6456,1
3.4301,1.6536,1.6464,1.6456,1
3.4301,1.6544,1.6472,1.6464,1
3.4301,1.6536,1.6472,1.6472,1
3.4301,1.6544,1.6464,1.6472,1
3.4301,1.6536,1.6448,1.6472,1
3.4301,1.6536,1.6448,1.6488,1
3.4301,1.6520,1.6448,1.6472,1
3.4301,1.6528,1.6448,1.6480,1
3.4301,1.6512,1.6440,1.6480,1
3.4301,1.6504,1.6440,1.6488,1
3.4301,1.6512,1.6448,1.6480,1
3.4301,1.6520,1.6464,1.6488,1
3.4301,1.6512,1.6480,1.6496,1
3.4301,1.6496,1.6480,1.6488,1
3.4301,1.6504,1.6496,1.6488,1
3.4301,1.6488,1.6512,1.6496,1
3.4301,1.6367,1.6512,1.6496,1
3.4301,1.6367,1.6504,1.6488,1
3.4301,1.6391,1.6504,1.6488,1
3.4301,1.6407,1.6504,1.6512,1
3.4301,1.6432,1.6504,1.6512,1
3.4301,1.6367,1.6480,1.6512,1
3.4301,1.6391,1.6480,1.6504,1
3.4301,1.6407,1.6480,1.6520,1
3.4301,1.6399,1.6464,1.6520,1
3.4301,1.6415,1.6456,1.6520,1
3.4301,1.6544,1.6456,1.6528,1
3.4301,1.6520,1.6464,1.6512,1
3.4301,1.6504,1.6472,1.6512,1
3.4301,1.6480,1.6472,1.6512,1
3.4301,1.6456,1.6472,1.6512,1
3.4301,1.6504,1.6472,1.6496,1
3.4301,1.6480,1.6472,1.6496,1
3.4301,1.6488,1.6472,1.6488,1
3.4301,1.6504,1.6472,1.6472,1
3.4301,1.6496,1.6480,1.6456,1
3.4301,1.6496,1.6504,1.6456,1
3.4301,1.6488,1.6488,1.6448,1
3.4301,1.6480,1.6480,1.6456,1
3.4301,1.6472,1.6488,1.6448,1
3.4301,1.6472,1.6480,1.6432,1
3.4301,1.6456,1.6488,1.6440,1
3.4301,1.6456,1.6488,1.6432,1
3.4301,1.6440,1.6472,1.6448,1
3.4301,1.6432,1.6480,1.6472,1
3.4301,1.6423,1.6464,1.6496,1
3.4301,1.6383,1.6448,1.6488,1
3.4301,1.6746,1.6456,1.6496,1
3.4301,1.6730,1.6464,1.6472,1
3.4301,1.6697,1.6456,1.6472,1
3.4301,1.6577,1.6456,1.6456,1
3.4301,1.6577,1.6456,1.6472,1
3.4301,1.6560,1.6456,1.6464,1
3.4301,1.6577,1.6456,1.6448,1
3.4301,1.6568,1.6456,1.6440,1
3.4301,1.6641,1.6464,1.6415,1
3.4301,1.6681,1.6456,1.6415,1
3.4301,1.6335,1.6448,1.6423,1
3.4301,1.6367,1.6440,1.6440,1
3.4301,1.6415,1.6440,1.6440,1
3.4301,1.6568,1.6448,1.6448,1
3.4301,1.6577,1.6448,1.6423,1
3.4301,1.6609,1.6448,1.6448,1
3.4776,1.6520,1.6456,1.6464,1
3.4776,1.6536,1.6456,1.6456,1
3.4776,1.6480,1.6456,1.6472,1
3.4776,1.6496,1.6456,1.6480,1
3.4776,1.6568,1.6456,1.6480,1
3.4776,1.6568,1.6456,1.6480,1
3.4776,1.6568,1.6448,1.6480,1
3.4776,1.6560,1.6448,1.6496,1
3.4776,1.6496,1.6456,1.6496,1
3.4776,1.6488,1.6456,1.6496,1
3.4776,1.6552,1.6448,1.6496,1
3.4776,1.6544,1.6440,1.6480,1
3.4776,1.6544,1.6448,1.6472,1
3.4776,1.6528,1.6440,1.6488,1
3.4776,1.6440,1.6440,1.6504,1
3.4776,1.6440,1.6448,1.6504,1
3.4776,1.6423,1.6464,1.6504,1
3.4776,1.6415,1.6383,1.6504,1
3.4776,1.6440,1.6391,1.6512,1
3.4776,1.6432,1.6407,1.6504,1
3.4776,1.6432,1.6407,1.6504,1
3.4776,1.6423,1.6423,1.6512,1
3.4776,1.6415,1.6415,1.6504,1
3.4776,1.6448,1.6440,1.6504,1
3.4776,1.6456,1.6440,1.6480,1
3.4776,1.6440,1.6440,1.6472,1
3.4776,1.6440,1.6440,1.6496,1
3.4776,1.6440,1.6512,1.6488,1
3.4776,1.6456,1.6496,1.6480,1
3.4776,1.6464,1.6488,1.6480,1
3.4776,1.6464,1.6480,1.6464,1
3.4776,1.6456,1.6496,1.6472,1
3.4776,1.6464,1.6496,1.6472,1
3.4776,1.6423,1.6488,1.6464,1
3.4776,1.6383,1.6488,1.6480,1
3.4776,1.6399,1.6488,1.6480,1
3.4776,1.6391,1.6472,1.6472,1
3.4776,1.6335,1.6488,1.6472,1
3.4776,1.6375,1.6504,1.6472,1
3.4776,1.6391,1.6504,1.6472,1
3.4776,1.6399,1.6520,1.6472,1
3.4776,1.6415,1.6512,1.6488,1
3.4776,1.6415,1.6520,1.6496,1
3.4776,1.6440,1.6512,1.6504,1
3.4776,1.6480,1.6520,1.6472,1
3.4776,1.6472,1.6512,1.6464,1
3.4776,1.6472,1.6544,1.6448,1
3.4776,1.6528,1.6528,1.6423,1
3.4776,1.6472,1.6520,1.6423,1
3.4776,1.6440,1.6520,1.6407,1
3.4776,1.6440,1.6536,1.6407,1
3.4776,1.6423,1.6512,1.6399,1
3.4776,1.6407,1.6512,1.6399,1
3.4776,1.6391,1.6528,1.6391,1
3.4776,1.6327,1.6528,1.6415,1
3.4776,1.6327,1.6536,1.6440,1
3.4776,1.6343,1.6504,1.6440,1
3.4776,1.6343,1.6528,1.6456,1
3.4776,1.6367,1.6520,1.6464,1
3.4776,1.6327,1.6528,1.6480,1
3.4776,1.6327,1.6520,1.6480,1
3.4776,1.6423,1.6528,1.6472,1
3.4776,1.6423,1.6528,1.6472,1
3.4776,1.6423,1.6544,1.6480,1
3.4776,1.6480,1.6544,1.6464,1
3.4776,1.6472,1.6544,1.6448,1
3.4776,1.6456,1.6536,1.6456,1
3.4776,1.6456,1.6528,1.6432,1
3.4776,1.6456,1.6520,1.6432,1
3.4776,1.6528,1.6512,1.6423,1
3.4776,1.6520,1.6496,1.6423,1
3.4776,1.6423,1.6480,1.6415,1
3.4776,1.6440,1.6472,1.6407,1
3.4776,1.6456,1.6456,1.6391,1
3.4776,1.6448,1.6448,1.6399,1
3.4776,1.6464,1.6440,1.6399,1
3.4776,1.6456,1.6448,1.6407,1
3.4776,1.6464,1.6448,1.6415,1
3.4776,1.6464,1.6448,1.6407,1
3.4776,1.6448,1.6448,1.6407,1
3.4776,1.6464,1.6456,1.6407,1
3.4776,1.6423,1.6464,1.6415,1
3.4776,1.6448,1.6464,1.6415,1
3.4776,1.6448,1.6464,1.6415,1
3.4776,1.6456,1.6448,1.6415,1
3.4776,1.6472,1.6456,1.6407,1
3.4776,1.6480,1.6448,1.6407,1
3.4776,1.6480,1.6456,1.6399,1
3.4776,1.6585,1.6464,1.6399,1
3.4776,1.6577,1.6456,1.6391,1
3.4776,1.6625,1.6456,1.6391,1
3.4776,1.6665,1.6464,1.6391,1
3.4776,1.6633,1.6456,1.6399,1
3.4776,1.6609,1.6432,1.6415,1
3.4776,1.6601,1.6448,1.6432,1
3.5254,1.6585,1.6456,1.6415,1
3.5254,1.6585,1.6440,1.6432,1
3.5254,1.6577,1.6448,1.6448,1
3.5254,1.6472,1.6423,1.6448,1
3.5254,1.6448,1.6423,1.6440,1
3.5254,1.6391,1.6423,1.6432,1
3.5254,1.6399,1.6423,1.6432,1
3.5254,1.6407,1.6423,1.6407,1
3.5254,1.6383,1.6448,1.6383,1
3.5254,1.6407,1.6456,1.6367,1
3.5254,1.6432,1.6448,1.6383,1
3.5254,1.6440,1.6440,1.6375,1
3.5254,1.6440,1.6432,1.6359,1
3.5254,1.6456,1.6448,1.6367,1
3.5254,1.6496,1.6456,1.6375,1
3.5254,1.6504,1.6440,1.6391,1
3.5254,1.6488,1.6448,1.6391,1
3.5254,1.6496,1.6448,1.6407,1
3.5254,1.6536,1.6440,1.6423,1
3.5254,1.6528,1.6432,1.6432,1
3.5254,1.6512,1.6432,1.6423,1
3.5254,1.6504,1.6448,1.6423,1
3.5254,1.6504,1.6448,1.6423,1
3.5254,1.6504,1.6456,1.6415,1
3.5254,1.6488,1.6464,1.6407,1
3.5254,1.6464,1.6472,1.6407,1
3.5254,1.6423,1.6456,1.6407,1
3.5254,1.6423,1.6440,1.6391,1
3.5254,1.6423,1.6440,1.6383,1
3.5254,1.6432,1.6440,1.6375,1
3.5254,1.6423,1.6432,1.6383,1
3.5254,1.6432,1.6440,1.6367,1
3.5254,1.6423,1.6440,1.6359,1
3.5254,1.6423,1.6440,1.6367,1
3.5254,1.6440,1.6423,1.6367,1
3.5254,1.6456,1.6432,1.6359,1
3.5254,1.6496,1.6423,1.6375,1
3.5254,1.6480,1.6448,1.6391,1
3.5254,1.6472,1.6423,1.6407,1
3.5254,1.6464,1.6432,1.6407,1
3.5254,1.6480,1.6432,1.6399,1
3.5254,1.6472,1.6448,1.6407,1
3.5254,1.6488,1.6456,1.6407,1
3.5254,1.6472,1.6456,1.6423,1
3.5254,1.6472,1.6464,1.6423,1
3.5254,1.6480,1.6464,1.6440,1
3.5254,1.6480,1.6456,1.6432,1
3.5254,1.6496,1.6448,1.6415,1
3.5254,1.6496,1.6480,1.6407,1
3.5254,1.6496,1.6480,1.6407,1
3.5254,1.6504,1.6480,1.6407,1
3.5254,1.6512,1.6464,1.6432,1
3.5254,1.6520,1.6456,1.6448,1
3.5254,1.6552,1.6440,1.6423,1
3.5254,1.6552,1.6432,1.6448,1
3.5254,1.6552,1.6423,1.6432,1
3.5254,1.6560,1.6440,1.6423,1
3.5254,1.6536,1.6448,1.6432,1
3.5254,1.6544,1.6448,1.6423,1
3.5254,1.6577,1.6440,1.6440,1
3.5254,1.6568,1.6432,1.6440,1
3.5254,1.6560,1.6432,1.6432,1
3.5254,1.6544,1.6440,1.6440,1
3.5254,1.6512,1.6448,1.6456,1
3.5254,1.6504,1.6456,1.6440,1
3.5254,1.6504,1.6456,1.6456,1
3.5254,1.6504,1.6448,1.6456,1
3.5254,1.6528,1.6440,1.6472,1
3.5254,1.6520,1.6432,1.6472,1
3.5254,1.6488,1.6423,1.6472,1
3.5254,1.6488,1.6448,1.6472,1
3.5254,1.6504,1.6456,1.6472,1
3.5254,1.6504,1.6448,1.6472,1
3.5254,1.6512,1.6440,1.6456,1
3.5254,1.6528,1.6432,1.6464,1
3.5254,1.6520,1.6407,1.6464,1
3.5254,1.6520,1.6415,1.6480,1
3.5254,1.6512,1.6415,1.6472,1
3.5254,1.6520,1.6423,1.6480,1
3.5254,1.6520,1.6440,1.6480,1
3.5254,1.6528,1.6423,1.6472,1
3.5254,1.6512,1.6423,1.6488,1
3.5254,1.6512,1.6432,1.6464,1
3.5254,1.6520,1.6432,1.6464,1
3.5254,1.6512,1.6432,1.6456,1
3.5254,1.6520,1.6456,1.6440,1
3.5254,1.6504,1.6448,1.6432,1
3.5254,1.6504,1.6448,1.6423,1
3.5254,1.6496,1.6448,1.6407,1
3.5254,1.6488,1.6448,1.6415,1
3.5254,1.6488,1.6472,1.6415,1
3.5254,1.6480,1.6472,1.6423,1
3.5254,1.6488,1.6472,1.6432,1
3.5254,1.6496,1.6472,1.6440,1
3.5254,1.6512,1.6472,1.6448,1
3.5254,1.6496,1.6472,1.6448,1
3.5731,1.6520,1.6488,1.6464,1
3.5731,1.6520,1.6488,1.6472,1
3.5731,1.6520,1.6488,1.6480,1
3.5731,1.6520,1.6480,1.6480,1
3.5731,1.6512,1.6456,1.6496,1
3.5731,1.6512,1.6456,1.6480,1
3.5731,1.6520,1.6456,1.6496,1
3.5737,1.6504,1.6448,1.6488,1
3.5737,1.6496,1.6456,1.6504,1
3.5737,1.6496,1.6448,1.6504,1
3.5737,1.6480,1.6448,1.6504,1
3.5737,1.6488,1.6448,1.6472,1
3.5737,1.6488,1.6456,1.6488,1
3.5737,1.6496,1.6472,1.6480,1
3.5737,1.6504,1.6480,1.6472,1
3.5737,1.6504,1.6480,1.6480,1
3.5737,1.6488,1.6480,1.6472,1
3.5737,1.6480,1.6496,1.6472,1
3.5737,1.6472,1.6488,1.6464,1
3.5737,1.6488,1.6496,1.6456,1
3.5737,1.6504,1.6504,1.6448,1
3.5737,1.6496,1.6496,1.6464,1
3.5737,1.6512,1.6504,1.6464,1
3.5737,1.6504,1.6496,1.6464,1
3.5737,1.6504,1.6488,1.6448,1
3.5737,1.6504,1.6496,1.6456,1
3.5737,1.6512,1.6488,1.6448,1
3.5737,1.6504,1.6488,1.6472,1
3.5737,1.6504,1.6480,1.6480,1
3.5737,1.6488,1.6480,1.6488,1
3.5737,1.6464,1.6472,1.6488,1
3.5737,1.6552,1.6472,1.6496,1
3.5737,1.6520,1.6456,1.6488,1
3.5737,1.6504,1.6456,1.6504,1
3.5737,1.6504,1.6456,1.6520,1
3.5737,1.6504,1.6440,1.6520,1
3.5737,1.6504,1.6456,1.6528,1
3.5737,1.6512,1.6448,1.6520,1
3.5737,1.6512,1.6456,1.6520,1
3.5737,1.6520,1.6456,1.6512,1
3.5737,1.6536,1.6464,1.6520,1
3.5737,1.6456,1.6472,1.6512,1
3.5737,1.6472,1.6480,1.6520,1
3.5737,1.6480,1.6488,1.6520,1
3.5737,1.6488,1.6480,1.6520,1
3.5737,1.6440,1.6488,1.6512,1
3.5737,1.6448,1.6480,1.6504,1
3.5737,1.6714,1.6480,1.6504,1
3.5737,1.6705,1.6464,1.6488,1
3.5737,1.6786,1.6472,1.6488,1
3.5737,1.6762,1.6472,1.6472,1
3.5737,1.6738,1.6464,1.6472,1
3.5737,1.6722,1.6456,1.6480,1
3.5737,1.6705,1.6448,1.6480,1
3.5737,1.6722,1.6448,1.6480,1
3.5737,1.6770,1.6456,1.6480,1
3.5737,1.6754,1.6464,1.6464,1
3.5737,1.6480,1.6472,1.6464,1
3.5737,1.6496,1.6480,1.6472,1
3.5737,1.6423,1.6480,1.6480,1
3.5737,1.6456,1.6480,1.6480,1
3.5737,1.6488,1.6472,1.6480,1
3.5737,1.6528,1.6472,1.6464,1
3.5737,1.6568,1.6480,1.6456,1
3.5737,1.6577,1.6480,1.6432,1
3.5737,1.6552,1.6472,1.6440,1
3.5737,1.6577,1.6472,1.6456,1
3.5737,1.6617,1.6472,1.6472,1
3.5737,1.6633,1.6464,1.6480,1
3.5737,1.6625,1.6464,1.6472,1
3.5737,1.6617,1.6456,1.6480,1
3.5737,1.6609,1.6464,1.6472,1
3.5737,1.6593,1.6464,1.6480,1
3.5737,1.6568,1.6464,1.6496,1
3.5737,1.6568,1.6456,1.6496,1
3.5737,1.6585,1.6456,1.6504,1
3.5737,1.6568,1.6448,1.6480,1
3.5737,1.6536,1.6456,1.6456,1
3.5737,1.6544,1.6448,1.6448,1
3.5737,1.6528,1.6448,1.6464,1
3.5737,1.6528,1.6448,1.6464,1
3.5737,1.6512,1.6448,1.6488,1
3.5737,1.6496,1.6456,1.6464,1
3.5737,1.6496,1.6456,1.6464,1
3.5737,1.6464,1.6456,1.6464,1
3.5737,1.6464,1.6456,1.6448,1
3.5737,1.6448,1.6456,1.6448,1
3.5737,1.6440,1.6448,1.6456,1
3.5737,1.6423,1.6456,1.6456,1
3.5737,1.6432,1.6464,1.6448,1
3.5737,1.6415,1.6472,1.6456,1
3.5737,1.6423,1.6488,1.6456,1
3.5737,1.6423,1.6480,1.6480,1
3.5737,1.6423,1.6480,1.6488,1
3.5737,1.6464,1.6480,1.6496,1
3.6048,1.6448,1.6480,1.6496,1
3.6048,1.6456,1.6480,1.6504,1
3.6048,1.6464,1.6472,1.6512,1
3.6048,1.6472,1.6480,1.6528,1
3.6048,1.6472,1.6472,1.6536,1
3.6048,1.6480,1.6464,1.6512,1
3.6048,1.6488,1.6456,1.6496,1
3.6048,1.6488,1.6448,1.6480,1
3.6048,1.6577,1.6456,1.6464,1
3.6048,1.6536,1.6456,1.6448,1
3.6048,1.6544,1.6456,1.6456,1
3.6048,1.6528,1.6464,1.6448,1
3.6048,1.6528,1.6464,1.6448,1
3.6048,1.6512,1.6456,1.6432,1
3.6048,1.6512,1.6472,1.6432,1
3.6048,1.6504,1.6472,1.6448,1
3.6048,1.6504,1.6464,1.6448,1
3.6048,1.6504,1.6472,1.6456,1
3.6048,1.6391,1.6488,1.6472,1
3.6048,1.6415,1.6480,1.6480,1
3.6048,1.6423,1.6488,1.6472,1
3.6048,1.6448,1.6496,1.6472,1
3.6048,1.6456,1.6488,1.6464,1
3.6048,1.6472,1.6488,1.6456,1
3.6048,1.6496,1.6488,1.6448,1
3.6048,1.6504,1.6480,1.6432,1
3.6048,1.6512,1.6480,1.6448,1
3.6048,1.6496,1.6480,1.6432,1
3.6048,1.6520,1.6464,1.6415,1
3.6048,1.6504,1.6472,1.6407,1
3.6048,1.6504,1.6456,1.6415,1
3.6048,1.6496,1.6448,1.6415,1
3.6048,1.6472,1.6456,1.6415,1
3.6048,1.6472,1.6448,1.6407,1
3.6048,1.6448,1.6440,1.6407,1
3.6048,1.6278,1.6440,1.6407,1
3.6048,1.6278,1.6456,1.6391,1
3.6048,1.6319,1.6448,1.6399,1
3.6048,1.6399,1.6456,1.6399,1
3.6048,1.6391,1.6464,1.6399,1
3.6048,1.6399,1.6456,1.6399,1
3.6048,1.6399,1.6472,1.6399,1
3.6048,1.6415,1.6464,1.6399,1
3.6048,1.6399,1.6464,1.6407,1
3.6048,1.6407,1.6480,1.6399,1
3.6048,1.6552,1.6480,1.6407,1
3.6048,1.6544,1.6480,1.6399,1
3.6048,1.6802,1.6488,1.6391,1
3.6048,1.6697,1.6472,1.6391,1
3.6048,1.6673,1.6472,1.6391,1
3.6048,1.6601,1.6480,1.6415,1
3.6048,1.6568,1.6472,1.6407,1
3.6048,1.6560,1.6464,1.6407,1
3.6048,1.6504,1.6472,1.6423,1
3.6048,1.6504,1.6464,1.6432,1
3.6048,1.6520,1.6472,1.6415,1
3.6048,1.6520,1.6472,1.6432,1
3.6048,1.6254,1.6456,1.6432,1
3.6048,1.6295,1.6464,1.6432,1
3.6048,1.6335,1.6488,1.6423,1
3.6048,1.6407,1.6496,1.6399,1
3.6048,1.6448,1.6504,1.6415,1
3.6048,1.6472,1.6520,1.6432,1
3.6519,1.6552,1.6520,1.6407,1
3.6519,1.6568,1.6520,1.6407,1
3.6519,1.6577,1.6512,1.6415,1
3.6519,1.6585,1.6512,1.6423,1
3.6519,1.6568,1.6520,1.6440,1
3.6519,1.6560,1.6512,1.6448,1
3.6519,1.6552,1.6488,1.6456,1
3.6519,1.6552,1.6488,1.6488,1
3.6519,1.6512,1.6488,1.6464,1
3.6519,1.6504,1.6496,1.6448,1
3.6519,1.6496,1.6496,1.6448,1
3.6519,1.6488,1.6496,1.6456,1
3.6519,1.6472,1.6496,1.6456,1
3.6519,1.6472,1.6496,1.6456,1
3.6519,1.6472,1.6504,1.6456,1
3.6519,1.6472,1.6512,1.6448,1
3.6519,1.6456,1.6512,1.6464,1
3.6519,1.6440,1.6520,1.6440,1
3.6519,1.6464,1.6512,1.6464,1
3.6519,1.6440,1.6496,1.6488,1
3.6519,1.6448,1.6496,1.6496,1
3.6519,1.6448,1.6496,1.6496,1
3.6519,1.6440,1.6496,1.6512,1
3.6519,1.6456,1.6496,1.6520,1
3.6519,1.6448,1.6496,1.6520,1
3.6519,1.6448,1.6488,1.6536,1
3.6519,1.6448,1.6488,1.6528,1
3.6519,1.6448,1.6488,1.6536,1
3.6519,1.6456,1.6496,1.6520,1
3.6519,1.6472,1.6504,1.6504,1
3.6519,1.6448,1.6496,1.6488,1
3.6519,1.6440,1.6496,1.6488,1
3.6519,1.6448,1.6528,1.6464,1
3.6519,1.6423,1.6528,1.6456,1
3.6519,1.6383,1.6528,1.6440,1
3.6519,1.6383,1.6528,1.6432,1
3.6519,1.6391,1.6512,1.6440,1
3.6519,1.6415,1.6512,1.6440,1
3.6519,1.6415,1.6504,1.6448,1
3.6519,1.6432,1.6520,1.6448,1
3.6519,1.6448,1.6528,1.6480,1
3.6519,1.6464,1.6520,1.6496,1
3.6519,1.6480,1.6488,1.6496,1
3.6519,1.6488,1.6488,1.6504,1
3.6519,1.6536,1.6488,1.6504,1
3.6519,1.6536,1.6496,1.6504,1
3.6519,1.6528,1.6488,1.6504,1
3.6519,1.6512,1.6488,1.6504,1
3.6519,1.6512,1.6488,1.6512,1
3.6519,1.6480,1.6472,1.6512,1
3.6519,1.6464,1.6456,1.6504,1
3.6519,1.6681,1.6464,1.6480,1
3.6519,1.6641,1.6464,1.6480,1
3.6519,1.6625,1.6472,1.6480,1
3.6519,1.6568,1.6480,1.6472,1
3.6519,1.6568,1.6488,1.6464,1
3.6519,1.6577,1.6496,1.6448,1
3.6519,1.6528,1.6488,1.6440,1
3.6519,1.6939,1.6488,1.6448,1
3.6519,1.6883,1.6488,1.6448,1
3.6519,1.6851,1.6488,1.6432,1
3.6519,1.6593,1.6488,1.6448,1
3.6519,1.6609,1.6480,1.6472,1
3.6519,1.6609,1.6472,1.6480,1
3.6519,1.6609,1.6472,1.6496,1
3.6519,1.6609,1.6472,1.6496,1
3.6519,1.6625,1.6472,1.6496,1
3.6519,1.6673,1.6480,1.6496,1
3.6519,1.6270,1.6488,1.6480,1
3.6519,1.6359,1.6480,1.6480,1
3.6519,1.6407,1.6472,1.6496,1
3.6519,1.6456,1.6472,1.6504,1
3.6519,1.6496,1.6480,1.6480,1
3.6519,1.6536,1.6480,1.6480,1
3.6519,1.6633,1.6488,1.6464,1
3.6519,1.6641,1.6488,1.6464,1
3.6519,1.6649,1.6488,1.6464,1
3.6519,1.6657,1.6488,1.6464,1
3.6519,1.6625,1.6472,1.6472,1
3.6519,1.6633,1.6472,1.6464,1
3.6519,1.6649,1.6472,1.6456,1
3.6519,1.6899,1.6480,1.6440,1
3.6519,1.6851,1.6472,1.6448,1
3.6519,1.6794,1.6472,1.6432,1
3.6519,1.6746,1.6456,1.6440,1
3.6519,1.6480,1.6448,1.6440,1
3.6519,1.6472,1.6432,1.6440,1
3.6519,1.6456,1.6423,1.6440,1
3.6519,1.6472,1.6440,1.6440,1
3.6519,1.6448,1.6488,1.6440,1
3.6519,1.6440,1.6488,1.6432,1
3.6519,1.6182,1.6488,1.6423,1
3.6519,1.6206,1.6488,1.6423,1
3.6519,1.6254,1.6504,1.6440,1
3.6995,1.6278,1.6504,1.6440,1
3.6995,1.6536,1.6512,1.6432,1
3.6995,1.6528,1.6520,1.6432,1
3.6995,1.6528,1.6544,1.6432,1
3.6995,1.6520,1.6536,1.6432,1
3.6995,1.6512,1.6504,1.6432,1
3.6995,1.6504,1.6512,1.6415,1
3.6995,1.6504,1.6504,1.6407,1
3.6995,1.6504,1.6512,1.6407,1
3.6995,1.6480,1.6512,1.6383,1
3.6995,1.6464,1.6496,1.6383,1
3.6995,1.6456,1.6488,1.6391,1
3.6995,1.6456,1.6488,1.6399,1
3.6995,1.6448,1.6480,1.6391,1
3.6995,1.6448,1.6472,1.6391,1
3.6995,1.6464,1.6464,1.6383,1
3.6995,1.6456,1.6464,1.6399,1
3.6995,1.6456,1.6472,1.6407,1
3.6995,1.6456,1.6456,1.6407,1
3.6995,1.6448,1.6464,1.6415,1
3.6995,1.6448,1.6480,1.6407,1
3.6995,1.6448,1.6496,1.6407,1
3.6995,1.6448,1.6496,1.6391,1
3.6995,1.6464,1.6496,1.6399,1
3.6995,1.6472,1.6512,1.6399,1
3.6995,1.6472,1.6512,1.6423,1
3.6995,1.6480,1.6520,1.6432,1
3.6995,1.6480,1.6520,1.6448,1
3.6995,1.6504,1.6544,1.6464,1
3.6995,1.6512,1.6536,1.6480,1
3.6995,1.6504,1.6520,1.6496,1
3.6995,1.6512,1.6512,1.6504,1
3.6995,1.6512,1.6504,1.6512,1
3.6995,1.6496,1.6504,1.6504,1
3.6995,1.6496,1.6504,1.6512,1
3.6995,1.6496,1.6520,1.6488,1
3.6995,1.6472,1.6512,1.6464,1
3.6995,1.6472,1.6504,1.6448,1
3.6995,1.6448,1.6488,1.6432,1
3.6995,1.6448,1.6504,1.6423,1
3.6995,1.6488,1.6512,1.6415,1
3.6995,1.6472,1.6512,1.6399,1
3.6995,1.6472,1.6528,1.6407,1
3.6995,1.6472,1.6528,1.6440,1
3.6995,1.6472,1.6528,1.6440,1
3.6995,1.6464,1.6520,1.6448,1
3.6995,1.6472,1.6520,1.6456,1
3.6995,1.6480,1.6528,1.6480,1
3.6995,1.6488,1.6512,1.6488,1
3.6995,1.6488,1.6496,1.6488,1
3.6995,1.6456,1.6488,1.6488,1
3.6995,1.6480,1.6488,1.6488,1
3.6995,1.6488,1.6480,1.6504,1
3.6995,1.6528,1.6480,1.6480,1
3.6995,1.6520,1.6480,1.6480,1
3.6995,1.6536,1.6480,1.6472,1
3.6995,1.6528,1.6472,1.6488,1
3.6995,1.6528,1.6480,1.6480,1
3.6995,1.6520,1.6488,1.6480,1
3.6995,1.6512,1.6512,1.6480,1
3.6995,1.6512,1.6512,1.6480,1
3.6995,1.6504,1.6520,1.6496,1
3.6995,1.6496,1.6520,1.6488,1
3.6995,1.6464,1.6512,1.6496,1
3.6995,1.6472,1.6512,1.6504,1
3.6995,1.6472,1.6496,1.6520,1
3.6995,1.6464,1.6496,1.6512,1
3.6995,1.6480,1.6488,1.6512,1
3.6995,1.6496,1.6488,1.6512,1
3.6995,1.6496,1.6464,1.6504,1
3.6995,1.6504,1.6464,1.6504,1
3.6995,1.6496,1.6464,1.6504,1
3.6995,1.6504,1.6464,1.6496,1
3.6995,1.6496,1.6480,1.6480,1
3.6995,1.6496,1.6488,1.6480,1
3.6995,1.6512,1.6480,1.6464,1
3.6995,1.6512,1.6480,1.6456,1
3.6995,1.6512,1.6472,1.6464,1
3.6995,1.6496,1.6472,1.6464,1
3.6995,1.6512,1.6472,1.6480,1
3.6995,1.6512,1.6480,1.6472,1
3.6995,1.6512,1.6472,1.6472,1
3.6995,1.6504,1.6488,1.6472,1
3.6995,1.6520,1.6480,1.6480,1
3.6995,1.6512,1.6480,1.6480,1
3.6995,1.6488,1.6480,1.6480,1
3.6995,1.6496,1.6480,1.6488,1
3.6995,1.6480,1.6496,1.6472,1
3.6995,1.6480,1.6520,1.6472,1
3.6995,1.6464,1.6528,1.6464,1
3.6995,1.6456,1.6544,1.6472,1
3.6995,1.6448,1.6544,1.6488,1
3.6995,1.6448,1.6520,1.6496,1
3.6995,1.6456,1.6520,1.6488,1
3.6995,1.6464,1.6512,1.6496,1
3.6995,1.6230,1.6512,1.6480,1
3.7473,1.6262,1.6512,1.6472,1
3.7473,1.6286,1.6504,1.6472,1
3.7473,1.6311,1.6504,1.6464,1
3.7473,1.6319,1.6496,1.6464,1
3.7473,1.6343,1.6488,1.6448,1
3.7473,1.6343,1.6496,1.6440,1
3.7473,1.6351,1.6496,1.6432,1
3.7473,1.6343,1.6512,1.6448,1
3.7473,1.6343,1.6528,1.6440,1
3.7473,1.6552,1.6520,1.6456,1
3.7473,1.6520,1.6528,1.6472,1
3.7473,1.6496,1.6536,1.6464,1
3.7473,1.6456,1.6528,1.6464,1
3.7473,1.6448,1.6528,1.6464,1
3.7473,1.6432,1.6536,1.6464,1
3.7473,1.6407,1.6528,1.6456,1
3.7473,1.6391,1.6536,1.6464,1
3.7473,1.6391,1.6528,1.6440,1
3.7473,1.6383,1.6520,1.6456,1
3.7473,1.6383,1.6528,1.6456,1
3.7473,1.6383,1.6544,1.6448,1
3.7473,1.6367,1.6536,1.6456,1
3.7473,1.6391,1.6520,1.6464,1
3.7473,1.6383,1.6512,1.6456,1
3.7473,1.6440,1.6512,1.6480,1
3.7473,1.6456,1.6504,1.6488,1
3.7473,1.6472,1.6512,1.6488,1
3.7473,1.6472,1.6504,1.6496,1
3.7473,1.6480,1.6504,1.6480,1
3.7473,1.6488,1.6496,1.6456,1
3.7473,1.6504,1.6488,1.6456,1
3.7473,1.6520,1.6496,1.6480,1
3.7473,1.6520,1.6496,1.6480,1
3.7473,1.6536,1.6496,1.6488,1
3.7473,1.6496,1.6496,1.6456,1
3.7473,1.6504,1.6488,1.6456,1
3.7473,1.6504,1.6480,1.6440,1
3.7473,1.6496,1.6488,1.6448,1
3.7473,1.6512,1.6496,1.6448,1
3.7473,1.6512,1.6496,1.6448,1
3.7473,1.6520,1.6496,1.6448,1
3.7473,1.6512,1.6496,1.6423,1
3.7473,1.6520,1.6504,1.6423,1
3.7473,1.6512,1.6520,1.6432,1
3.7473,1.6504,1.6520,1.6440,1
3.7473,1.6504,1.6544,1.6456,1
3.7473,1.6504,1.6544,1.6464,1
3.7473,1.6520,1.6536,1.6464,1
3.7473,1.6520,1.6528,1.6456,1
3.7473,1.6520,1.6520,1.6464,1
3.7473,1.6520,1.6512,1.6472,1
3.7473,1.6512,1.6504,1.6472,1
3.7473,1.6504,1.6504,1.6464,1
3.7473,1.6496,1.6480,1.6472,1
3.7473,1.6504,1.6480,1.6464,1
3.7473,1.6496,1.6472,1.6464,1
3.7473,1.6488,1.6472,1.6456,1
3.7473,1.6488,1.6472,1.6440,1
3.7473,1.6488,1.6472,1.6448,1
3.7473,1.6488,1.6488,1.6456,1
3.7473,1.6456,1.6488,1.6440,1
3.7473,1.6456,1.6496,1.6432,1
3.7473,1.6464,1.6496,1.6448,1
3.7473,1.6456,1.6512,1.6432,1
3.7473,1.6448,1.6512,1.6423,1
3.7473,1.6456,1.6512,1.6415,1
3.7473,1.6448,1.6512,1.6423,1
3.7473,1.6440,1.6512,1.6432,1
3.7473,1.6415,1.6528,1.6432,1
3.7473,1.6415,1.6528,1.6423,1
3.7473,1.6440,1.6520,1.6440,1
3.7473,1.6359,1.6528,1.6440,1
3.7473,1.6367,1.6528,1.6440,1
3.7473,1.6375,1.6528,1.6440,1
3.7473,1.6383,1.6520,1.6440,1
3.7473,1.6407,1.6512,1.6432,1
3.7473,1.6415,1.6504,1.6423,1
3.7473,1.6432,1.6496,1.6423,1
3.7473,1.6456,1.6504,1.6407,1
3.7473,1.6472,1.6504,1.6407,1
3.7473,1.6456,1.6504,1.6399,1
3.7473,1.6544,1.6496,1.6391,1
3.7473,1.6536,1.6496,1.6391,1
3.7473,1.6520,1.6488,1.6391,1
3.7473,1.6496,1.6496,1.6391,1
3.7473,1.6359,1.6504,1.6375,1
3.7473,1.6367,1.6512,1.6383,1
3.7473,1.6359,1.6512,1.6383,1
3.7473,1.6359,1.6488,1.6383,1
3.7473,1.6359,1.6488,1.6383,1
3.7473,1.6359,1.6480,1.6383,1
3.7473,1.6375,1.6472,1.6383,1
3.7473,1.6383,1.6472,1.6375,1
3.7473,1.6391,1.6480,1.6383,1
3.7473,1.6399,1.6488,1.6383,1
3.7947,1.6383,1.6480,1.6391,1
3.7947,1.6391,1.6480,1.6391,1
3.7947,1.6383,1.6488,1.6391,1
3.7947,1.6375,1.6496,1.6391,1
3.7947,1.6383,1.6488,1.6399,1
3.7947,1.6367,1.6488,1.6399,1
3.7947,1.6367,1.6496,1.6415,1
3.7947,1.6359,1.6496,1.6415,1
3.7947,1.6359,1.6488,1.6399,1
3.7947,1.6367,1.6488,1.6407,1
3.7947,1.6480,1.6480,1.6407,1
3.7947,1.6456,1.6480,1.6407,1
3.7947,1.6440,1.6464,1.6415,1
3.7947,1.6423,1.6456,1.6423,1
3.7947,1.6407,1.6456,1.6415,1
3.7947,1.6423,1.6464,1.6432,1
3.7947,1.6415,1.6472,1.6423,1
3.7947,1.6399,1.6464,1.6423,1
3.7947,1.6391,1.6464,1.6423,1
3.7947,1.6383,1.6472,1.6432,1
3.7947,1.6383,1.6472,1.6440,1
3.7947,1.6383,1.6472,1.6440,1
3.7947,1.6432,1.6472,1.6440,1
3.7947,1.6440,1.6464,1.6432,1
3.7947,1.6440,1.6464,1.6432,1
3.7947,1.6448,1.6456,1.6432,1
3.7947,1.6456,1.6448,1.6423,1
3.7947,1.6464,1.6448,1.6432,1
3.7947,1.6464,1.6456,1.6432,1
3.7947,1.6464,1.6415,1.6432,1
3.7947,1.6480,1.6399,1.6432,1
3.7947,1.6504,1.6399,1.6432,1
3.7947,1.6472,1.6407,1.6432,1
3.7947,1.6480,1.6415,1.6448,1
3.7947,1.6480,1.6423,1.6440,1
3.7947,1.6480,1.6415,1.6440,1
3.7947,1.6512,1.6423,1.6448,1
3.7947,1.6520,1.6423,1.6440,1
3.7947,1.6520,1.6415,1.6448,1
3.7947,1.6520,1.6448,1.6456,1
3.7947,1.6512,1.6456,1.6472,1
3.7947,1.6496,1.6464,1.6464,1
3.7947,1.6577,1.6456,1.6464,1
3.7947,1.6568,1.6448,1.6448,1
3.7947,1.6520,1.6448,1.6456,1
3.7947,1.6520,1.6440,1.6456,1
3.7947,1.6496,1.6440,1.6448,1
3.7947,1.6504,1.6432,1.6448,1
3.7947,1.6504,1.6423,1.6440,1
3.7947,1.6520,1.6423,1.6448,1
3.7947,1.6536,1.6423,1.6432,1
3.7947,1.6536,1.6432,1.6448,1
3.7947,1.6472,1.6432,1.6472,1
3.7947,1.6472,1.6432,1.6464,1
3.7947,1.6560,1.6423,1.6456,1
3.7947,1.6536,1.6440,1.6480,1
3.7947,1.6528,1.6440,1.6480,1
3.7947,1.6528,1.6423,1.6488,1
3.7947,1.6536,1.6440,1.6488,1
3.7947,1.6536,1.6440,1.6472,1
3.7947,1.6536,1.6440,1.6472,1
3.7947,1.6536,1.6432,1.6480,1
3.7947,1.6528,1.6440,1.6464,1
3.7947,1.6528,1.6440,1.6464,1
3.7947,1.6496,1.6448,1.6464,1
3.7947,1.6512,1.6440,1.6448,1
3.7947,1.6536,1.6448,1.6448,1
3.7947,1.6528,1.6415,1.6456,1
3.7947,1.6504,1.6423,1.6448,1
3.7947,1.6496,1.6423,1.6448,1
3.7947,1.6448,1.6423,1.6448,1
3.7947,1.6448,1.6432,1.6440,1
3.7947,1.6448,1.6432,1.6440,1
3.7947,1.6464,1.6432,1.6440,1
3.7947,1.6456,1.6440,1.6448,1
3.7947,1.6456,1.6440,1.6456,1
3.7947,1.6407,1.6440,1.6456,1
3.7947,1.6415,1.6480,1.6464,1
3.7947,1.6432,1.6440,1.6472,1
3.7947,1.6432,1.6432,1.6472,1
3.7947,1.6504,1.6440,1.6488,1
3.7947,1.6496,1.6432,1.6488,1
3.7947,1.6488,1.6423,1.6480,1
3.7947,1.6472,1.6423,1.6488,1
3.7947,1.6440,1.6415,1.6488,1
3.7947,1.6448,1.6415,1.6480,1
3.7947,1.6456,1.6415,1.6488,1
3.7947,1.6456,1.6423,1.6488,1
3.7947,1.6448,1.6440,1.6472,1
3.7947,1.6456,1.6432,1.6464,1
3.7947,1.6415,1.6432,1.6456,1
3.7947,1.6415,1.6432,1.6448,1
3.7947,1.6415,1.6448,1.6456,1
3.7947,1.6407,1.6440,1.6448,1
3.7947,1.6440,1.6440,1.6440,1
3.8422,1.6423,1.6432,1.6440,1
3.8422,1.6456,1.6432,1.6440,1
3.8422,1.6456,1.6415,1.6432,1
3.8422,1.6456,1.6423,1.6448,1
3.8422,1.6456,1.6423,1.6456,1
3.8422,1.6456,1.6423,1.6456,1
3.8422,1.6456,1.6423,1.6448,1
3.8422,1.6448,1.6432,1.6456,1
3.8422,1.6448,1.6432,1.6472,1
3.8422,1.6456,1.6440,1.6472,1
3.8422,1.6456,1.6440,1.6472,1
3.8422,1.6456,1.6456,1.6488,1
3.8422,1.6464,1.6464,1.6496,1
3.8422,1.6456,1.6472,1.6504,1
3.8422,1.6464,1.6472,1.6512,1
3.8422,1.6464,1.6480,1.6512,1
3.8422,1.6472,1.6464,1.6512,1
3.8422,1.6472,1.6456,1.6520,1
3.8422,1.6480,1.6464,1.6504,1
3.8422,1.6480,1.6464,1.6496,1
3.8422,1.6496,1.6383,1.6488,1
3.8422,1.6488,1.6383,1.6464,1
3.8422,1.6480,1.6399,1.6440,1
3.8422,1.6488,1.6399,1.6448,1
3.8422,1.6488,1.6407,1.6432,1
3.8422,1.6512,1.6407,1.6423,1
3.8422,1.6512,1.6423,1.6423,1
3.8422,1.6504,1.6423,1.6415,1
3.8422,1.6520,1.6415,1.6423,1
3.8422,1.6520,1.6415,1.6432,1
3.8422,1.6512,1.6496,1.6432,1
3.8422,1.6496,1.6480,1.6423,1
3.8422,1.6504,1.6464,1.6440,1
3.8422,1.6488,1.6488,1.6423,1
3.8422,1.6488,1.6480,1.6448,1
3.8422,1.6472,1.6464,1.6464,1
3.8422,1.6472,1.6456,1.6480,1
3.8422,1.6504,1.6456,1.6496,1
3.8422,1.6504,1.6440,1.6496,1
3.8422,1.6504,1.6432,1.6496,1
3.8422,1.6504,1.6423,1.6496,1
3.8422,1.6504,1.6423,1.6512,1
3.8422,1.6504,1.6423,1.6520,1
3.8422,1.6504,1.6391,1.6528,1
3.8422,1.6496,1.6399,1.6528,1
3.8422,1.6504,1.6399,1.6536,1
3.8422,1.6504,1.6407,1.6520,1
3.8422,1.6480,1.6415,1.6512,1
3.8422,1.6472,1.6432,1.6520,1
3.8422,1.6480,1.6448,1.6520,1
3.8422,1.6480,1.6448,1.6520,1
3.8422,1.6496,1.6456,1.6504,1
3.8422,1.6504,1.6464,1.6520,1
3.8422,1.6504,1.6464,1.6504,1
3.8422,1.6504,1.6464,1.6496,1
3.8422,1.6464,1.6472,1.6496,1
3.8422,1.6472,1.6480,1.6504,1
3.8422,1.6480,1.6480,1.6504,1
3.8422,1.6488,1.6472,1.6512,1
3.8422,1.6480,1.6472,1.6536,1
3.8422,1.6488,1.6472,1.6536,1
3.8422,1.6488,1.6472,1.6544,1
3.8422,1.6472,1.6480,1.6520,1
3.8422,1.6480,1.6480,1.6536,1
3.8422,1.6480,1.6472,1.6528,1
3.8422,1.6504,1.6472,1.6512,1
3.8422,1.6488,1.6472,1.6512,1
3.8422,1.6480,1.6464,1.6504,1
3.8422,1.6472,1.6464,1.6504,1
3.8422,1.6432,1.6472,1.6512,1
3.8422,1.6432,1.6448,1.6496,1
3.8422,1.6448,1.6448,1.6512,1
3.8422,1.6448,1.6448,1.6520,1
3.8422,1.6448,1.6464,1.6520,1
3.8422,1.6456,1.6464,1.6512,1
3.8422,1.6407,1.6472,1.6528,1
3.8422,1.6423,1.6480,1.6520,1
3.8422,1.6440,1.6480,1.6544,1
3.8422,1.6440,1.6488,1.6520,1
3.8422,1.6488,1.6488,1.6496,1
3.8422,1.6480,1.6496,1.6512,1
3.8422,1.6456,1.6504,1.6512,1
3.8422,1.6448,1.6496,1.6512,1
3.8422,1.6448,1.6496,1.6496,1
3.8422,1.6432,1.6480,1.6520,1
3.8422,1.6496,1.6464,1.6512,1
3.8422,1.6480,1.6456,1.6520,1
3.8422,1.6464,1.6504,1.6496,1
3.8422,1.6456,1.6496,1.6512,1
3.8422,1.6472,1.6496,1.6512,1
3.8422,1.6456,1.6504,1.6504,1
3.8422,1.6448,1.6496,1.6488,1
3.8422,1.6448,1.6488,1.6488,1
3.8422,1.6456,1.6496,1.6496,1
3.8422,1.6448,1.6496,1.6480,1
3.8896,1.6440,1.6504,1.6464,1
3.8896,1.6456,1.6512,1.6472,1
3.8896,1.6464,1.6464,1.6488,1
3.8896,1.6480,1.6464,1.6472,1
3.8896,1.6440,1.6464,1.6472,1
3.8896,1.6472,1.6464,1.6472,1
3.8896,1.6480,1.6423,1.6480,1
3.8896,1.6488,1.6440,1.6464,1
3.8896,1.6496,1.6448,1.6472,1
3.8896,1.6504,1.6448,1.6472,1
3.8896,1.6520,1.6456,1.6448,1
3.8896,1.6512,1.6448,1.6440,1
3.8896,1.6496,1.6464,1.6432,1
3.8896,1.6488,1.6464,1.6440,1
3.8896,1.6504,1.6464,1.6440,1
3.8896,1.6496,1.6456,1.6440,1
3.8896,1.6504,1.6512,1.6440,1
3.8896,1.6496,1.6504,1.6432,1
3.8896,1.6480,1.6488,1.6432,1
3.8896,1.6480,1.6496,1.6432,1
3.8896,1.6480,1.6488,1.6456,1
3.8896,1.6472,1.6488,1.6448,1
3.8896,1.6480,1.6480,1.6440,1
3.8896,1.6488,1.6488,1.6423,1
3.8896,1.6488,1.6488,1.6415,1
3.8896,1.6488,1.6488,1.6415,1
3.8896,1.6496,1.6464,1.6399,1
3.8896,1.6488,1.6464,1.6399,1
3.8896,1.6496,1.6464,1.6399,1
3.8896,1.6488,1.6448,1.6391,1
3.8896,1.6488,1.6448,1.6375,1
3.8896,1.6480,1.6448,1.6367,1
3.8896,1.6448,1.6448,1.6367,1
3.8896,1.6448,1.6440,1.6375,1
3.8896,1.6456,1.6448,1.6375,1
3.8896,1.6448,1.6448,1.6375,1
3.8896,1.6246,1.6456,1.6375,1
3.8896,1.6270,1.6456,1.6375,1
3.8896,1.6278,1.6440,1.6383,1
3.8896,1.6311,1.6448,1.6383,1
3.8896,1.6319,1.6448,1.6399,1
3.8896,1.6351,1.6440,1.6407,1
3.8896,1.6391,1.6448,1.6407,1
3.8896,1.6383,1.6448,1.6432,1
3.8896,1.6399,1.6464,1.6448,1
3.8896,1.6391,1.6464,1.6456,1
3.8896,1.6593,1.6448,1.6480,1
3.8896,1.6560,1.6472,1.6488,1
3.8896,1.6480,1.6504,1.6504,1
3.8896,1.6432,1.6520,1.6496,1
3.8896,1.6415,1.6520,1.6504,1
3.8896,1.6383,1.6536,1.6512,1
3.8896,1.6367,1.6520,1.6520,1
3.8896,1.6359,1.6520,1.6496,1
3.8896,1.6327,1.6520,1.6480,1
3.8896,1.6335,1.6536,1.6464,1
3.8896,1.6335,1.6552,1.6456,1
3.8896,1.6335,1.6520,1.6448,1
3.8896,1.6407,1.6496,1.6440,1
3.8896,1.6440,1.6480,1.6456,1
3.8896,1.6432,1.6472,1.6448,1
3.8896,1.6440,1.6464,1.6440,1
3.8896,1.6456,1.6472,1.6448,1
3.8896,1.6456,1.6464,1.6456,1
3.8896,1.6464,1.6456,1.6464,1
3.8896,1.6472,1.6440,1.6480,1
3.8896,1.6480,1.6440,1.6488,1
3.8896,1.6472,1.6448,1.6488,1
3.8896,1.6472,1.6456,1.6496,1
3.8896,1.6464,1.6464,1.6496,1
3.8896,1.6488,1.6480,1.6512,1
3.8896,1.6480,1.6480,1.6512,1
3.8896,1.6464,1.6496,1.6512,1
3.8896,1.6464,1.6504,1.6504,1
3.8896,1.6480,1.6512,1.6504,1
3.8896,1.6488,1.6520,1.6504,1
3.8896,1.6488,1.6512,1.6528,1
3.8896,1.6504,1.6520,1.6528,1
3.8896,1.6528,1.6520,1.6528,1
3.8896,1.6528,1.6528,1.6528,1
3.8896,1.6520,1.6512,1.6520,1
3.8896,1.6528,1.6512,1.6504,1
3.8896,1.6544,1.6512,1.6504,1
3.8896,1.6536,1.6504,1.6496,1
3.8896,1.6520,1.6496,1.6488,1
3.8896,1.6520,1.6488,1.6488,1
3.8896,1.6496,1.6496,1.6464,1
3.8896,1.6488,1.6488,1.6440,1
3.8896,1.6472,1.6488,1.6456,1
3.8896,1.6480,1.6480,1.6464,1
3.8896,1.6480,1.6480,1.6464,1
3.8896,1.6480,1.6480,1.6488,1
3.8896,1.6480,1.6472,1.6504,1
3.8896,1.6488,1.6472,1.6520,1
3.8896,1.6488,1.6464,1.6528,1
3.9376,1.6480,1.6464,1.6520,1
3.9376,1.6488,1.6488,1.6528,1
3.9376,1.6496,1.6480,1.6552,1
3.9376,1.6496,1.6472,1.6552,1
3.9376,1.6472,1.6472,1.6560,1
3.9376,1.6456,1.6480,1.6544,1
3.9376,1.6440,1.6472,1.6536,1
3.9376,1.6456,1.6472,1.6520,1
3.9376,1.6440,1.6480,1.6512,1
3.9376,1.6440,1.6480,1.6528,1
3.9376,1.6440,1.6488,1.6512,1
3.9376,1.6440,1.6464,1.6528,1
3.9376,1.6440,1.6472,1.6528,1
3.9376,1.6440,1.6472,1.6520,1
3.9376,1.6456,1.6472,1.6520,1
3.9376,1.6480,1.6480,1.6536,1
3.9376,1.6488,1.6480,1.6544,1
3.9376,1.6472,1.6472,1.6552,1
3.9376,1.6472,1.6472,1.6536,1
3.9376,1.6480,1.6472,1.6536,1
3.9376,1.6480,1.6472,1.6536,1
3.9376,1.6456,1.6472,1.6528,1
3.9376,1.6448,1.6464,1.6520,1
3.9376,1.6440,1.6464,1.6504,1
3.9376,1.6415,1.6464,1.6504,1
3.9376,1.6415,1.6464,1.6496,1
3.9376,1.6423,1.6464,1.6504,1
3.9376,1.6448,1.6456,1.6496,1
3.9376,1.6448,1.6456,1.6496,1
3.9376,1.6448,1.6456,1.6488,1
3.9376,1.6440,1.6448,1.6504,1
3.9376,1.6472,1.6496,1.6496,1
3.9376,1.6480,1.6488,1.6496,1
3.9376,1.6488,1.6480,1.6520,1
3.9376,1.6464,1.6472,1.6496,1
3.9376,1.6448,1.6464,1.6480,1
3.9376,1.6440,1.6472,1.6472,1
3.9376,1.6198,1.6464,1.6480,1
3.9376,1.6222,1.6480,1.6488,1
3.9376,1.6367,1.6480,1.6488,1
3.9376,1.6327,1.6488,1.6480,1
3.9376,1.6335,1.6448,1.6496,1
3.9376,1.6335,1.6456,1.6504,1
3.9376,1.6319,1.6464,1.6488,1
3.9376,1.6230,1.6472,1.6504,1
3.9376,1.6254,1.6472,1.6512,1
3.9376,1.6262,1.6472,1.6520,1
3.9376,1.6488,1.6488,1.6520,1
3.9376,1.6826,1.6480,1.6512,1
3.9376,1.6649,1.6480,1.6512,1
3.9376,1.6657,1.6480,1.6520,1
3.9376,1.6609,1.6488,1.6496,1
3.9376,1.6585,1.6480,1.6496,1
3.9376,1.6552,1.6488,1.6504,1
3.9376,1.6673,1.6488,1.6488,1
3.9376,1.6641,1.6488,1.6488,1
3.9376,1.6609,1.6488,1.6480,1
3.9376,1.6568,1.6496,1.6488,1
3.9376,1.6085,1.6496,1.6504,1
3.9376,1.6141,1.6496,1.6512,1
3.9376,1.6174,1.6496,1.6504,1
3.9376,1.6238,1.6496,1.6504,1
3.9376,1.6286,1.6504,1.6504,1
3.9376,1.6335,1.6504,1.6512,1
3.9376,1.6327,1.6504,1.6528,1
3.9376,1.6343,1.6504,1.6520,1
3.9376,1.6391,1.6504,1.6536,1
3.9376,1.6448,1.6488,1.6536,1
3.9376,1.6528,1.6480,1.6528,1
3.9376,1.6528,1.6464,1.6528,1
3.9376,1.6480,1.6472,1.6536,1
3.9376,1.6383,1.6472,1.6528,1
3.9376,1.6375,1.6464,1.6536,1
3.9376,1.6383,1.6464,1.6536,1
3.9376,1.6198,1.6464,1.6528,1
3.9376,1.6230,1.6464,1.6544,1
3.9376,1.6238,1.6472,1.6536,1
3.9376,1.6246,1.6472,1.6536,1
3.9376,1.6077,1.6480,1.6536,1
3.9376,1.6085,1.6488,1.6520,1
3.9376,1.6158,1.6480,1.6520,1
3.9376,1.6238,1.6472,1.6528,1
3.9376,1.6238,1.6472,1.6496,1
3.9376,1.6222,1.6480,1.6480,1
3.9376,1.6432,1.6472,1.6472,1
3.9376,1.6391,1.6480,1.6496,1
3.9376,1.6351,1.6472,1.6488,1
3.9376,1.6303,1.6472,1.6472,1
3.9376,1.6496,1.6472,1.6472,1
3.9376,1.6432,1.6472,1.6480,1
3.9376,1.6415,1.6480,1.6464,1
3.9376,1.6383,1.6480,1.6472,1
3.9376,1.6343,1.6472,1.6488,1
3.9376,1.6311,1.6464,1.6496,1
3.9376,1.6295,1.6472,1.6512,1
3.9376,1.6166,1.6472,1.6480,1
3.9858,1.6166,1.6472,1.6480,1
3.9858,1.6182,1.6472,1.6480,1
3.9858,1.6230,1.6464,1.6480,1
3.9858,1.6262,1.6464,1.6472,1
3.9858,1.6246,1.6464,1.6464,1
3.9858,1.6278,1.6472,1.6464,1
3.9858,1.6311,1.6480,1.6448,1
3.9858,1.6262,1.6504,1.6448,1
3.9858,1.6295,1.6512,1.6448,1
3.9858,1.6448,1.6512,1.6456,1
3.9858,1.6464,1.6512,1.6464,1
3.9858,1.6480,1.6512,1.6464,1
3.9858,1.6480,1.6512,1.6464,1
3.9858,1.6488,1.6512,1.6456,1
3.9858,1.6520,1.6504,1.6472,1
3.9858,1.6520,1.6496,1.6464,1
3.9858,1.6520,1.6496,1.6464,1
3.9858,1.6609,1.6480,1.6480,1
3.9858,1.6601,1.6464,1.6456,1
3.9858,1.6593,1.6480,1.6432,1
3.9858,1.6544,1.6480,1.6440,1
3.9858,1.6536,1.6480,1.6448,1
3.9858,1.6512,1.6496,1.6456,1
3.9858,1.6303,1.6496,1.6464,1
3.9858,1.6278,1.6504,1.6472,1
3.9858,1.6278,1.6512,1.6472,1
3.9858,1.6254,1.6504,1.6496,1
3.9858,1.6278,1.6504,1.6512,1
3.9858,1.6303,1.6496,1.6528,1
3.9858,1.6311,1.6488,1.6544,1
3.9858,1.6351,1.6496,1.6544,1
3.9858,1.6359,1.6512,1.6528,1
3.9858,1.6327,1.6512,1.6520,1
3.9858,1.6528,1.6512,1.6528,1
3.9858,1.6536,1.6520,1.6528,1
3.9858,1.6520,1.6520,1.6528,1
3.9858,1.6544,1.6536,1.6520,1
3.9858,1.6504,1.6544,1.6488,1
3.9858,1.6432,1.6552,1.6488,1
3.9858,1.6415,1.6544,1.6480,1
3.9858,1.6415,1.6528,1.6480,1
3.9858,1.6383,1.6504,1.6496,1
3.9858,1.6415,1.6504,1.6504,1
3.9858,1.6415,1.6496,1.6496,1
3.9858,1.6407,1.6496,1.6488,1
3.9858,1.6415,1.6488,1.6512,1
3.9858,1.6415,1.6472,1.6504,1
3.9858,1.6415,1.6456,1.6512,1
3.9858,1.6448,1.6456,1.6496,1
3.9858,1.6456,1.6464,1.6504,1
3.9858,1.6456,1.6480,1.6512,1
3.9858,1.6472,1.6480,1.6496,1
3.9858,1.6496,1.6480,1.6488,1
3.9858,1.6504,1.6480,1.6480,1
3.9858,1.6512,1.6480,1.6480,1
3.9858,1.6528,1.6480,1.6456,1
3.9858,1.6528,1.6488,1.6456,1
3.9858,1.6552,1.6488,1.6448,1
3.9858,1.6568,1.6496,1.6448,1
3.9858,1.6568,1.6488,1.6432,1
3.9858,1.6568,1.6480,1.6432,1
3.9858,1.6585,1.6464,1.6432,1
3.9858,1.6560,1.6464,1.6440,1
3.9858,1.6577,1.6464,1.6440,1
3.9858,1.6512,1.6496,1.6440,1
3.9858,1.6520,1.6496,1.6448,1
3.9858,1.6528,1.6488,1.6448,1
3.9858,1.6528,1.6488,1.6440,1
3.9858,1.6423,1.6488,1.6432,1
3.9858,1.6448,1.6488,1.6432,1
3.9858,1.6440,1.6488,1.6423,1
3.9858,1.6407,1.6496,1.6423,1
3.9858,1.6496,1.6488,1.6432,1
3.9858,1.6464,1.6504,1.6432,1
3.9858,1.6528,1.6480,1.6423,1
3.9858,1.6528,1.6472,1.6407,1
3.9858,1.6512,1.6464,1.6407,1
3.9858,1.6520,1.6480,1.6399,1
3.9858,1.6568,1.6472,1.6407,1
3.9858,1.6520,1.6464,1.6407,1
3.9858,1.6528,1.6472,1.6399,1
3.9858,1.6552,1.6488,1.6415,1
3.9858,1.6456,1.6496,1.6407,1
3.9858,1.6415,1.6480,1.6407,1
3.9858,1.6351,1.6480,1.6391,1
3.9858,1.6335,1.6488,1.6399,1
3.9858,1.6286,1.6496,1.6391,1
3.9858,1.6262,1.6488,1.6399,1
3.9858,1.6335,1.6504,1.6415,1
3.9858,1.6359,1.6504,1.6423,1
3.9858,1.6286,1.6488,1.6448,1
3.9858,1.6303,1.6488,1.6440,1
3.9858,1.6335,1.6480,1.6456,1
3.9858,1.6391,1.6488,1.6456,1
3.9858,1.6391,1.6528,1.6480,1
3.9858,1.6407,1.6528,1.6480,1
4.0332,1.6464,1.6520,1.6504,1
4.0332,1.6472,1.6520,1.6512,1
4.0332,1.6440,1.6504,1.6512,1
4.0332,1.6423,1.6504,1.6504,1
4.0332,1.6504,1.6512,1.6496,1
4.0332,1.6480,1.6504,1.6496,1
4.0332,1.6472,1.6528,1.6472,1
4.0332,1.6440,1.6520,1.6472,1
4.0332,1.6488,1.6480,1.6456,1
4.0332,1.6472,1.6480,1.6464,1
4.0332,1.6464,1.6480,1.6464,1
4.0332,1.6456,1.6488,1.6464,1
4.0332,1.6456,1.6496,1.6464,1
4.0332,1.6456,1.6504,1.6480,1
4.0332,1.6432,1.6504,1.6480,1
4.0332,1.6432,1.6504,1.6496,1
4.0332,1.6432,1.6488,1.6496,1
4.0332,1.6440,1.6488,1.6504,1
4.0332,1.6464,1.6472,1.6528,1
4.0332,1.6456,1.6464,1.6520,1
4.0332,1.6456,1.6464,1.6520,1
4.0332,1.6456,1.6464,1.6512,1
4.0332,1.6472,1.6472,1.6512,1
4.0332,1.6480,1.6472,1.6512,1
4.0332,1.6496,1.6472,1.6512,1
4.0332,1.6520,1.6488,1.6512,1
4.0332,1.6520,1.6488,1.6520,1
4.0332,1.6520,1.6488,1.6520,1
4.0332,1.6528,1.6496,1.6512,1
4.0332,1.6528,1.6504,1.6520,1
4.0332,1.6552,1.6496,1.6512,1
4.0332,1.6568,1.6496,1.6520,1
4.0332,1.6560,1.6488,1.6496,1
4.0332,1.6560,1.6496,1.6504,1
4.0332,1.6544,1.6480,1.6512,1
4.0332,1.6528,1.6472,1.6504,1
4.0332,1.6536,1.6472,1.6496,1
4.0332,1.6552,1.6472,1.6504,1
4.0332,1.6528,1.6464,1.6504,1
4.0332,1.6528,1.6464,1.6512,1
4.0332,1.6480,1.6448,1.6512,1
4.0332,1.6488,1.6456,1.6504,1
4.0332,1.6496,1.6448,1.6512,1
4.0332,1.6496,1.6423,1.6504,1
4.0332,1.6488,1.6423,1.6504,1
4.0332,1.6432,1.6423,1.6504,1
4.0332,1.6448,1.6423,1.6512,1
4.0332,1.6440,1.6432,1.6512,1
4.0332,1.6432,1.6440,1.6496,1
4.0332,1.6496,1.6448,1.6488,1
4.0332,1.6520,1.6464,1.6504,1
4.0332,1.6496,1.6464,1.6512,1
4.0332,1.6480,1.6472,1.6512,1
4.0332,1.6488,1.6488,1.6512,1
4.0332,1.6512,1.6488,1.6512,1
4.0332,1.6560,1.6488,1.6512,1
4.0332,1.6536,1.6488,1.6504,1
4.0332,1.6528,1.6488,1.6512,1
4.0332,1.6528,1.6488,1.6512,1
4.0332,1.6456,1.6480,1.6520,1
4.0332,1.6423,1.6480,1.6512,1
4.0332,1.6423,1.6480,1.6512,1
4.0332,1.6423,1.6480,1.6512,1
4.0332,1.6407,1.6472,1.6504,1
4.0332,1.6407,1.6480,1.6504,1
4.0332,1.6407,1.6504,1.6488,1
4.0332,1.6415,1.6488,1.6488,1
4.0332,1.6415,1.6488,1.6488,1
4.0332,1.6423,1.6488,1.6488,1
4.0332,1.6407,1.6496,1.6480,1
4.0332,1.6440,1.6496,1.6480,1
4.0332,1.6464,1.6504,1.6464,1
4.0332,1.6448,1.6496,1.6472,1
4.0332,1.6456,1.6504,1.6464,1
4.0332,1.6464,1.6496,1.6448,1
4.0332,1.6456,1.6504,1.6456,1
4.0332,1.6456,1.6512,1.6472,1
4.0332,1.6456,1.6504,1.6464,1
4.0332,1.6456,1.6504,1.6464,1
4.0332,1.6480,1.6512,1.6472,1
4.0332,1.6472,1.6504,1.6480,1
4.0332,1.6512,1.6512,1.6480,1
4.0332,1.6512,1.6528,1.6488,1
4.0332,1.6504,1.6528,1.6488,1
4.0332,1.6496,1.6528,1.6504,1
4.0332,1.6504,1.6512,1.6512,1
4.0332,1.6504,1.6520,1.6480,1
4.0332,1.6504,1.6520,1.6496,1
4.0332,1.6488,1.6520,1.6496,1
4.0332,1.6480,1.6520,1.6488,1
4.0332,1.6496,1.6520,1.6496,1
4.0332,1.6448,1.6520,1.6504,1
4.0332,1.6448,1.6512,1.6496,1
4.0332,1.6456,1.6512,1.6488,1
4.0332,1.6448,1.6504,1.6496,1
4.0332,1.6448,1.6512,1.6480,1
4.0806,1.6464,1.6512,1.6504,1
4.0806,1.6480,1.6504,1.6488,1
4.0806,1.6496,1.6512,1.6504,1
4.0806,1.6496,1.6512,1.6504,1
4.0806,1.6496,1.6536,1.6496,1
4.0806,1.6496,1.6520,1.6496,1
4.0806,1.6504,1.6544,1.6504,1
4.0806,1.6496,1.6560,1.6536,1
4.0806,1.6480,1.6552,1.6536,1
4.0806,1.6512,1.6552,1.6544,1
4.0806,1.6552,1.6544,1.6528,1
4.0806,1.6544,1.6544,1.6544,1
4.0806,1.6528,1.6536,1.6520,1
4.0806,1.6528,1.6528,1.6512,1
4.0806,1.6536,1.6520,1.6520,1
4.0806,1.6536,1.6520,1.6520,1
4.0806,1.6520,1.6512,1.6512,1
4.0806,1.6472,1.6504,1.6496,1
4.0806,1.6496,1.6504,1.6488,1
4.0806,1.6464,1.6496,1.6488,1
4.0806,1.6399,1.6504,1.6480,1
4.0806,1.6407,1.6464,1.6472,1
4.0806,1.6407,1.6496,1.6488,1
4.0806,1.6415,1.6496,1.6488,1
4.0806,1.6423,1.6504,1.6480,1
4.0806,1.6432,1.6504,1.6480,1
4.0806,1.6448,1.6496,1.6496,1
4.0806,1.6496,1.6496,1.6504,1
4.0806,1.6488,1.6512,1.6496,1
4.0806,1.6472,1.6512,1.6488,1
4.0806,1.6512,1.6504,1.6504,1
4.0806,1.6488,1.6560,1.6496,1
4.0806,1.6472,1.6528,1.6504,1
4.0806,1.6464,1.6520,1.6496,1
4.0806,1.6456,1.6520,1.6496,1
4.0806,1.6440,1.6520,1.6496,1
4.0806,1.6448,1.6504,1.6472,1
4.0806,1.6448,1.6496,1.6464,1
4.0806,1.6440,1.6488,1.6456,1
4.0806,1.6464,1.6480,1.6456,1
4.0806,1.6472,1.6488,1.6440,1
4.0806,1.6480,1.6480,1.6440,1
4.0806,1.6488,1.6472,1.6423,1
4.0806,1.6496,1.6480,1.6432,1
4.0806,1.6504,1.6480,1.6440,1
4.0806,1.6520,1.6472,1.6432,1
4.0806,1.6504,1.6488,1.6440,1
4.0806,1.6496,1.6504,1.6432,1
4.0806,1.6520,1.6512,1.6440,1
4.0806,1.6520,1.6504,1.6440,1
4.0806,1.6536,1.6504,1.6448,1
4.0806,1.6544,1.6512,1.6448,1
4.0806,1.6560,1.6512,1.6456,1
4.0806,1.6544,1.6512,1.6464,1
4.0806,1.6528,1.6512,1.6448,1
4.0806,1.6544,1.6520,1.6456,1
4.0806,1.6544,1.6520,1.6456,1
4.0806,1.6536,1.6512,1.6464,1
4.0806,1.6528,1.6504,1.6456,1
4.0806,1.6528,1.6520,1.6456,1
4.0806,1.6488,1.6520,1.6456,1
4.0806,1.6488,1.6520,1.6448,1
4.0806,1.6480,1.6528,1.6448,1
4.0806,1.6504,1.6528,1.6432,1
4.0806,1.6520,1.6536,1.6432,1
4.0806,1.6496,1.6528,1.6432,1
4.0806,1.6512,1.6528,1.6423,1
4.0806,1.6528,1.6528,1.6399,1
4.0806,1.6536,1.6528,1.6399,1
4.0806,1.6536,1.6528,1.6399,1
4.0806,1.6536,1.6528,1.6399,1
4.0806,1.6544,1.6528,1.6399,1
4.0806,1.6552,1.6528,1.6391,1
4.0806,1.6544,1.6536,1.6399,1
4.0806,1.6552,1.6544,1.6391,1
4.0806,1.6609,1.6552,1.6391,1
4.0806,1.6593,1.6544,1.6415,1
4.0806,1.6585,1.6544,1.6415,1
4.0806,1.6585,1.6536,1.6415,1
4.0806,1.6585,1.6536,1.6415,1
4.0806,1.6568,1.6536,1.6407,1
4.0806,1.6568,1.6528,1.6407,1
4.0806,1.6568,1.6528,1.6423,1
4.0806,1.6568,1.6520,1.6423,1
4.0806,1.6552,1.6520,1.6440,1
4.0806,1.6504,1.6520,1.6432,1
4.0806,1.6504,1.6528,1.6415,1
4.0806,1.6512,1.6528,1.6415,1
4.0806,1.6528,1.6544,1.6423,1
4.0806,1.6528,1.6536,1.6456,1
4.0806,1.6544,1.6528,1.6472,1
4.0806,1.6528,1.6528,1.6488,1
4.0806,1.6528,1.6520,1.6480,1
4.0806,1.6528,1.6520,1.6488,1
4.1276,1.6528,1.6512,1.6496,1
4.1276,1.6536,1.6512,1.6488,1
4.1276,1.6536,1.6504,1.6488,1
4.1276,1.6536,1.6512,1.6488,1
4.1276,1.6528,1.6496,1.6488,1
4.1276,1.6528,1.6496,1.6464,1
4.1276,1.6528,1.6512,1.6456,1
4.1276,1.6536,1.6504,1.6448,1
4.1276,1.6536,1.6520,1.6440,1
4.1276,1.6552,1.6512,1.6432,1
4.1276,1.6560,1.6512,1.6423,1
4.1276,1.6536,1.6504,1.6440,1
4.1276,1.6544,1.6512,1.6456,1
4.1276,1.6536,1.6520,1.6472,1
4.1276,1.6528,1.6528,1.6488,1
4.1276,1.6512,1.6528,1.6488,1
4.1276,1.6512,1.6520,1.6496,1
4.1276,1.6714,1.6528,1.6496,1
4.1276,1.6697,1.6520,1.6496,1
4.1276,1.6673,1.6528,1.6512,1
4.1276,1.6641,1.6520,1.6512,1
4.1276,1.6633,1.6528,1.6512,1
4.1276,1.6625,1.6520,1.6512,1
4.1276,1.6633,1.6504,1.6504,1
4.1276,1.6625,1.6504,1.6504,1
4.1276,1.6641,1.6488,1.6520,1
4.1276,1.6625,1.6488,1.6520,1
4.1276,1.6415,1.6472,1.6528,1
4.1276,1.6432,1.6472,1.6544,1
4.1276,1.6448,1.6472,1.6536,1
4.1276,1.6472,1.6472,1.6520,1
4.1276,1.6512,1.6480,1.6504,1
4.1276,1.6520,1.6496,1.6512,1
4.1276,1.6536,1.6488,1.6496,1
4.1276,1.6536,1.6496,1.6480,1
4.1276,1.6568,1.6504,1.6472,1
4.1276,1.6585,1.6504,1.6464,1
4.1276,1.6593,1.6544,1.6448,1
4.1276,1.6593,1.6552,1.6432,1
4.1276,1.6609,1.6536,1.6440,1
4.1276,1.6609,1.6528,1.6456,1
4.1276,1.6609,1.6520,1.6464,1
4.1276,1.6593,1.6496,1.6456,1
4.1276,1.6593,1.6488,1.6464,1
4.1276,1.6601,1.6496,1.6496,1
4.1276,1.6577,1.6504,1.6504,1
4.1276,1.6577,1.6496,1.6504,1
4.1276,1.6585,1.6472,1.6504,1
4.1276,1.6577,1.6480,1.6504,1
4.1276,1.6577,1.6496,1.6504,1
4.1276,1.6568,1.6528,1.6496,1
4.1276,1.6399,1.6520,1.6488,1
4.1276,1.6407,1.6528,1.6488,1
4.1276,1.6415,1.6544,1.6488,1
4.1276,1.6432,1.6528,1.6464,1
4.1276,1.6432,1.6536,1.6448,1
4.1276,1.6440,1.6552,1.6456,1
4.1276,1.6423,1.6544,1.6456,1
4.1276,1.6432,1.6544,1.6448,1
4.1276,1.6440,1.6536,1.6448,1
4.1276,1.6440,1.6512,1.6448,1
4.1276,1.6585,1.6512,1.6456,1
4.1276,1.6577,1.6512,1.6448,1
4.1276,1.6544,1.6512,1.6440,1
4.1276,1.6528,1.6520,1.6448,1
4.1276,1.6512,1.6504,1.6432,1
4.1276,1.6504,1.6504,1.6432,1
4.1276,1.6496,1.6520,1.6432,1
4.1276,1.6472,1.6528,1.6423,1
4.1276,1.6480,1.6528,1.6423,1
4.1276,1.6480,1.6544,1.6423,1
4.1276,1.6472,1.6552,1.6415,1
4.1276,1.6472,1.6552,1.6415,1
4.1276,1.6488,1.6568,1.6432,1
4.1276,1.6488,1.6577,1.6432,1
4.1276,1.6496,1.6577,1.6432,1
4.1276,1.6504,1.6585,1.6448,1
4.1276,1.6520,1.6585,1.6440,1
4.1276,1.6536,1.6585,1.6440,1
4.1276,1.6472,1.6577,1.6440,1
4.1276,1.6472,1.6568,1.6432,1
4.1276,1.6488,1.6568,1.6432,1
4.1276,1.6480,1.6560,1.6440,1
4.1276,1.6488,1.6544,1.6440,1
4.1276,1.6488,1.6520,1.6440,1
4.1276,1.6496,1.6520,1.6440,1
4.1276,1.6496,1.6512,1.6440,1
4.1276,1.6496,1.6504,1.6448,1
4.1276,1.6504,1.6488,1.6448,1
4.1276,1.6536,1.6496,1.6456,1
4.1276,1.6544,1.6504,1.6464,1
4.1276,1.6560,1.6512,1.6464,1
4.1276,1.6568,1.6520,1.6456,1
4.1276,1.6552,1.6520,1.6440,1
4.1754,1.6560,1.6528,1.6440,1
4.1754,1.6552,1.6536,1.6464,1
4.1754,1.6544,1.6536,1.6448,1
4.1754,1.6528,1.6568,1.6448,1
4.1754,1.6520,1.6577,1.6448,1
4.1754,1.6512,1.6560,1.6448,1
4.1754,1.6512,1.6560,1.6464,1
4.1754,1.6504,1.6552,1.6464,1
4.1754,1.6504,1.6552,1.6464,1
4.1754,1.6504,1.6544,1.6464,1
4.1754,1.6496,1.6552,1.6464,1
4.1754,1.6512,1.6536,1.6448,1
4.1754,1.6512,1.6528,1.6440,1
4.1754,1.6512,1.6512,1.6464,1
4.1754,1.6520,1.6496,1.6480,1
4.1754,1.6520,1.6504,1.6480,1
4.1754,1.6520,1.6488,1.6456,1
4.1754,1.6520,1.6512,1.6480,1
4.1754,1.6520,1.6528,1.6496,1
4.1754,1.6544,1.6528,1.6504,1
4.1754,1.6552,1.6520,1.6520,1
4.1754,1.6528,1.6536,1.6528,1
4.1754,1.6520,1.6552,1.6536,1
4.1754,1.6536,1.6552,1.6512,1
4.1754,1.6528,1.6544,1.6512,1
4.1754,1.6528,1.6544,1.6520,1
4.1754,1.6520,1.6560,1.6528,1
4.1754,1.6528,1.6536,1.6528,1
4.1754,1.6544,1.6536,1.6512,1
4.1754,1.6520,1.6536,1.6512,1
4.1754,1.6520,1.6552,1.6512,1
4.1754,1.6520,1.6544,1.6496,1
4.1754,1.6544,1.6544,1.6504,1
4.1754,1.6536,1.6536,1.6512,1
4.1754,1.6552,1.6560,1.6512,1
4.1754,1.6585,1.6560,1.6520,1
4.1754,1.6585,1.6560,1.6536,1
4.1754,1.6577,1.6585,1.6528,1
4.1754,1.6568,1.6585,1.6544,1
4.1754,1.6568,1.6593,1.6552,1
4.1754,1.6552,1.6593,1.6544,1
4.1754,1.6552,1.6577,1.6568,1
4.1754,1.6552,1.6577,1.6577,1
4.1754,1.6544,1.6577,1.6568,1
4.1754,1.6528,1.6552,1.6585,1
4.1754,1.6504,1.6552,1.6560,1
4.1754,1.6512,1.6552,1.6560,1
4.1754,1.6512,1.6536,1.6568,1
4.1754,1.6512,1.6528,1.6577,1
4.1754,1.6512,1.6528,1.6568,1
4.1754,1.6520,1.6520,1.6552,1
4.1754,1.6520,1.6520,1.6536,1
4.1754,1.6528,1.6520,1.6528,1
4.1754,1.6536,1.6528,1.6544,1
4.1754,1.6552,1.6528,1.6512,1
4.1754,1.6552,1.6536,1.6520,1
4.1754,1.6552,1.6536,1.6504,1
4.1754,1.6560,1.6528,1.6496,1
4.1754,1.6560,1.6528,1.6480,1
4.1754,1.6552,1.6528,1.6488,1
4.1754,1.6560,1.6520,1.6488,1
4.1754,1.6512,1.6536,1.6488,1
4.1754,1.6520,1.6528,1.6488,1
4.1754,1.6512,1.6520,1.6480,1
4.1754,1.6448,1.6528,1.6480,1
4.1754,1.6464,1.6528,1.6496,1
4.1754,1.6472,1.6520,1.6496,1
4.1754,1.6464,1.6520,1.6496,1
4.1754,1.6415,1.6512,1.6496,1
4.1754,1.6432,1.6520,1.6480,1
4.1754,1.6440,1.6528,1.6480,1
4.1754,1.6464,1.6496,1.6480,1
4.1754,1.6456,1.6496,1.6480,1
4.1754,1.6464,1.6512,1.6496,1
4.1754,1.6512,1.6504,1.6504,1
4.1754,1.6496,1.6496,1.6480,1
4.1754,1.6488,1.6496,1.6472,1
4.1754,1.6488,1.6496,1.6488,1
4.1754,1.6528,1.6504,1.6488,1
4.1754,1.6536,1.6488,1.6496,1
4.1754,1.6520,1.6472,1.6496,1
4.1754,1.6528,1.6480,1.6488,1
4.1754,1.6512,1.6472,1.6480,1
4.1754,1.6496,1.6456,1.6456,1
4.1754,1.6504,1.6456,1.6448,1
4.1754,1.6504,1.6448,1.6448,1
4.1754,1.6512,1.6456,1.6456,1
4.1754,1.6496,1.6456,1.6456,1
4.1754,1.6504,1.6464,1.6448,1
4.1754,1.6488,1.6472,1.6448,1
4.1754,1.6367,1.6480,1.6440,1
4.1754,1.6375,1.6496,1.6448,1
4.1754,1.6391,1.6512,1.6448,1
4.1754,1.6407,1.6512,1.6472,1
4.1754,1.6415,1.6504,1.6480,1
4.2143,1.6448,1.6520,1.6496,1
4.2143,1.6464,1.6512,1.6488,1
4.2143,1.6480,1.6504,1.6480,1
4.2143,1.6480,1.6496,1.6472,1
4.2143,1.6472,1.6480,1.6480,1
4.2143,1.6601,1.6472,1.6480,1
4.2143,1.6577,1.6456,1.6488,1
4.2143,1.6577,1.6464,1.6496,1
4.2143,1.6560,1.6456,1.6480,1
4.2143,1.6544,1.6464,1.6464,1
4.2143,1.6504,1.6464,1.6472,1
4.2143,1.6472,1.6464,1.6480,1
4.2143,1.6456,1.6472,1.6488,1
4.2143,1.6472,1.6472,1.6504,1
4.2143,1.6464,1.6512,1.6488,1
4.2143,1.6488,1.6528,1.6488,1
4.2143,1.6488,1.6544,1.6488,1
4.2143,1.6496,1.6544,1.6480,1
4.2143,1.6496,1.6560,1.6480,1
4.2143,1.6504,1.6560,1.6472,1
4.2143,1.6504,1.6560,1.6456,1
4.2143,1.6520,1.6552,1.6456,1
4.2143,1.6520,1.6560,1.6440,1
4.2143,1.6544,1.6560,1.6415,1
4.2143,1.6544,1.6544,1.6423,1
4.2143,1.6520,1.6536,1.6448,1
4.2143,1.6520,1.6512,1.6440,1
4.2143,1.6512,1.6504,1.6448,1
4.2143,1.6512,1.6504,1.6464,1
4.2143,1.6496,1.6504,1.6472,1
4.2143,1.6496,1.6504,1.6488,1
4.2143,1.6496,1.6512,1.6488,1
4.2143,1.6488,1.6512,1.6496,1
4.2143,1.6464,1.6520,1.6496,1
4.2143,1.6464,1.6528,1.6504,1
4.2143,1.6480,1.6520,1.6496,1
4.2143,1.6472,1.6520,1.6488,1
4.2143,1.6488,1.6520,1.6488,1
4.2143,1.6504,1.6536,1.6464,1
4.2143,1.6512,1.6536,1.6456,1
4.2143,1.6520,1.6536,1.6448,1
4.2143,1.6512,1.6536,1.6440,1
4.2143,1.6520,1.6528,1.6440,1
4.2143,1.6512,1.6520,1.6448,1
4.2143,1.6512,1.6512,1.6448,1
4.2143,1.6512,1.6504,1.6440,1
4.2143,1.6528,1.6512,1.6456,1
4.2143,1.6520,1.6496,1.6464,1
4.2143,1.6520,1.6488,1.6472,1
4.2143,1.6512,1.6488,1.6488,1
4.2143,1.6504,1.6488,1.6488,1
4.2143,1.6504,1.6480,1.6496,1
4.2143,1.6488,1.6472,1.6488,1
4.2143,1.6504,1.6472,1.6496,1
4.2143,1.6504,1.6472,1.6488,1
4.2143,1.6504,1.6472,1.6480,1
4.2143,1.6496,1.6472,1.6472,1
4.2143,1.6488,1.6480,1.6472,1
4.2143,1.6480,1.6480,1.6480,1
4.2143,1.6480,1.6464,1.6480,1
4.2143,1.6488,1.6472,1.6480,1
4.2143,1.6480,1.6464,1.6480,1
4.2143,1.6504,1.6464,1.6488,1
4.2143,1.6496,1.6456,1.6480,1
4.2143,1.6488,1.6456,1.6496,1
4.2143,1.6488,1.6456,1.6488,1
4.2143,1.6488,1.6456,1.6504,1
4.2143,1.6480,1.6440,1.6504,1
4.2143,1.6472,1.6440,1.6488,1
4.2143,1.6488,1.6440,1.6472,1
4.2143,1.6496,1.6432,1.6464,1
4.2143,1.6512,1.6432,1.6488,1
4.2143,1.6520,1.6432,1.6488,1
4.2143,1.6520,1.6432,1.6496,1
4.2143,1.6512,1.6432,1.6488,1
4.2143,1.6512,1.6440,1.6496,1
4.2143,1.6520,1.6440,1.6488,1
4.2143,1.6528,1.6448,1.6480,1
4.2694,1.6536,1.6448,1.6480,1
4.2694,1.6536,1.6456,1.6488,1
4.2694,1.6528,1.6472,1.6512,1
4.2694,1.6520,1.6488,1.6504,1
4.2694,1.6464,1.6480,1.6496,1
4.2694,1.6480,1.6480,1.6504,1
4.2694,1.6488,1.6488,1.6504,1
4.2694,1.6480,1.6480,1.6520,1
4.2694,1.6488,1.6472,1.6512,1
4.2694,1.6496,1.6472,1.6512,1
4.2694,1.6480,1.6464,1.6504,1
4.2694,1.6480,1.6464,1.6504,1
4.2694,1.6488,1.6456,1.6504,1
4.2694,1.6464,1.6440,1.6488,1
4.2694,1.6496,1.6448,1.6504,1
4.2694,1.6480,1.6440,1.6496,1
4.2694,1.6472,1.6432,1.6488,1
4.2694,1.6488,1.6432,1.6488,1
4.2694,1.6472,1.6440,1.6488,1
4.2694,1.6472,1.6432,1.6488,1
4.2694,1.6480,1.6432,1.6496,1
4.2694,1.6464,1.6432,1.6480,1
4.2694,1.6448,1.6440,1.6472,1
4.2694,1.6448,1.6456,1.6488,1
4.2694,1.6456,1.6456,1.6480,1
4.2694,1.6456,1.6456,1.6496,1
4.2694,1.6472,1.6464,1.6520,1
4.2694,1.6448,1.6464,1.6504,1
4.2694,1.6456,1.6472,1.6512,1
4.2694,1.6448,1.6472,1.6528,1
4.2694,1.6448,1.6480,1.6536,1
4.2694,1.6480,1.6488,1.6536,1
4.2694,1.6480,1.6504,1.6528,1
4.2694,1.6520,1.6504,1.6528,1
4.2694,1.6536,1.6520,1.6512,1
4.2694,1.6536,1.6512,1.6512,1
4.2694,1.6520,1.6520,1.6512,1
4.2694,1.6520,1.6512,1.6512,1
4.2694,1.6512,1.6504,1.6520,1
4.2694,1.6528,1.6504,1.6504,1
4.2694,1.6528,1.6488,1.6504,1
4.2694,1.6496,1.6480,1.6520,1
4.2694,1.6504,1.6472,1.6520,1
4.2694,1.6488,1.6456,1.6520,1
4.2694,1.6456,1.6432,1.6528,1
4.2694,1.6448,1.6440,1.6512,1
4.2694,1.6448,1.6440,1.6496,1
4.2694,1.6440,1.6448,1.6496,1
4.2694,1.6448,1.6456,1.6496,1
4.2694,1.6440,1.6456,1.6496,1
4.2694,1.6456,1.6464,1.6488,1
4.2694,1.6488,1.6472,1.6472,1
4.2694,1.6496,1.6472,1.6472,1
4.2694,1.6480,1.6472,1.6472,1
4.2694,1.6488,1.6488,1.6464,1
4.2694,1.6488,1.6480,1.6464,1
4.2694,1.6496,1.6480,1.6472,1
4.2694,1.6520,1.6480,1.6480,1
4.2694,1.6520,1.6480,1.6464,1
4.2694,1.6520,1.6472,1.6464,1
4.2694,1.6512,1.6472,1.6464,1
4.2694,1.6496,1.6464,1.6456,1
4.2694,1.6488,1.6464,1.6456,1
4.2694,1.6504,1.6472,1.6456,1
4.2694,1.6496,1.6472,1.6456,1
4.2694,1.6512,1.6480,1.6448,1
4.2694,1.6496,1.6472,1.6432,1
4.2694,1.6504,1.6464,1.6415,1
4.2694,1.6496,1.6456,1.6407,1
4.2694,1.6472,1.6472,1.6415,1
4.2694,1.6464,1.6480,1.6407,1
4.2694,1.6480,1.6472,1.6407,1
4.2694,1.6480,1.6472,1.6399,1
4.2694,1.6472,1.6464,1.6399,1
4.2694,1.6480,1.6456,1.6391,1
4.2694,1.6472,1.6456,1.6399,1
4.2694,1.6464,1.6456,1.6407,1
4.2694,1.6464,1.6456,1.6407,1
4.2694,1.6496,1.6464,1.6407,1
4.2694,1.6512,1.6456,1.6399,1
4.2694,1.6504,1.6448,1.6391,1
4.2694,1.6488,1.6456,1.6391,1
4.2694,1.6488,1.6456,1.6399,1
4.2694,1.6504,1.6456,1.6399,1
4.2694,1.6496,1.6456,1.6399,1
4.2694,1.6496,1.6456,1.6391,1
4.2694,1.6504,1.6464,1.6391,1
4.2694,1.6520,1.6464,1.6391,1
4.2694,1.6504,1.6464,1.6399,1
4.2694,1.6512,1.6472,1.6399,1
4.2694,1.6560,1.6480,1.6407,1
4.2694,1.6552,1.6480,1.6415,1
4.2694,1.6544,1.6504,1.6407,1
4.2694,1.6536,1.6504,1.6415,1
4.2694,1.6512,1.6496,1.6407,1
4.2694,1.6504,1.6488,1.6415,1
4.2694,1.6448,1.6480,1.6423,1
4.2694,1.6432,1.6496,1.6432,1
4.2694,1.6432,1.6488,1.6440,1
4.2694,1.6423,1.6504,1.6456,1
4.2694,1.6391,1.6488,1.6456,1
4.2694,1.6415,1.6488,1.6456,1
4.2694,1.6440,1.6464,1.6456,1
4.2694,1.6440,1.6464,1.6448,1
4.2694,1.6480,1.6472,1.6472,1
4.2694,1.6472,1.6464,1.6464,1
4.2694,1.6520,1.6472,1.6472,1
4.2694,1.6512,1.6456,1.6464,1
4.2694,1.6496,1.6472,1.6448,1
4.2694,1.6480,1.6448,1.6440,1
4.3165,1.6456,1.6488,1.6440,1
4.3165,1.6448,1.6488,1.6432,1
4.3165,1.6432,1.6480,1.6456,1
4.3165,1.6423,1.6480,1.6472,1
4.3165,1.6423,1.6488,1.6456,1
4.3165,1.6423,1.6496,1.6472,1
4.3165,1.6375,1.6488,1.6480,1
4.3165,1.6375,1.6488,1.6480,1
4.3165,1.6391,1.6472,1.6480,1
4.3165,1.6399,1.6472,1.6504,1
4.3165,1.6407,1.6440,1.6520,1
4.3165,1.6407,1.6440,1.6520,1
4.3165,1.6415,1.6448,1.6504,1
4.3165,1.6407,1.6456,1.6488,1
4.3165,1.6407,1.6440,1.6496,1
4.3165,1.6415,1.6432,1.6496,1
4.3165,1.6456,1.6432,1.6480,1
4.3165,1.6456,1.6423,1.6488,1
4.3165,1.6448,1.6432,1.6488,1
4.3165,1.6464,1.6440,1.6472,1
4.3165,1.6464,1.6440,1.6464,1
4.3165,1.6456,1.6432,1.6480,1
4.3165,1.6464,1.6440,1.6480,1
4.3165,1.6464,1.6432,1.6480,1
4.3165,1.6464,1.6440,1.6480,1
4.3165,1.6456,1.6448,1.6472,1
4.3165,1.6472,1.6456,1.6472,1
4.3165,1.6480,1.6456,1.6464,1
4.3165,1.6456,1.6456,1.6464,1
4.3165,1.6448,1.6456,1.6464,1
4.3165,1.6456,1.6456,1.6456,1
4.3165,1.6464,1.6456,1.6448,1
4.3165,1.6335,1.6456,1.6448,1
4.3165,1.6343,1.6448,1.6456,1
4.3165,1.6359,1.6448,1.6472,1
4.3165,1.6375,1.6448,1.6472,1
4.3165,1.6375,1.6432,1.6464,1
4.3165,1.6383,1.6440,1.6464,1
4.3165,1.6415,1.6440,1.6456,1
4.3165,1.6432,1.6448,1.6456,1
4.3165,1.6415,1.6440,1.6448,1
4.3165,1.6407,1.6448,1.6464,1
4.3165,1.6528,1.6448,1.6456,1
4.3165,1.6512,1.6464,1.6456,1
4.3165,1.6488,1.6464,1.6440,1
4.3165,1.6472,1.6488,1.6440,1
4.3165,1.6456,1.6488,1.6440,1
4.3165,1.6448,1.6496,1.6440,1
4.3165,1.6432,1.6488,1.6440,1
4.3165,1.6415,1.6472,1.6464,1
4.3165,1.6407,1.6472,1.6472,1
4.3165,1.6407,1.6480,1.6472,1
4.3165,1.6407,1.6488,1.6488,1
4.3165,1.6399,1.6488,1.6488,1
4.3165,1.6399,1.6488,1.6480,1
4.3165,1.6407,1.6472,1.6480,1
4.3165,1.6383,1.6472,1.6464,1
4.3165,1.6383,1.6464,1.6464,1
4.3165,1.6391,1.6480,1.6480,1
4.3165,1.6399,1.6496,1.6464,1
4.3165,1.6399,1.6504,1.6472,1
4.3165,1.6407,1.6504,1.6448,1
4.3165,1.6407,1.6496,1.6448,1
4.3165,1.6432,1.6496,1.6448,1
4.3165,1.6456,1.6504,1.6472,1
4.3165,1.6464,1.6504,1.6472,1
4.3165,1.6496,1.6496,1.6512,1
4.3165,1.6496,1.6504,1.6512,1
4.3165,1.6520,1.6496,1.6488,1
4.3165,1.6512,1.6496,1.6496,1
4.3165,1.6512,1.6496,1.6488,1
4.3165,1.6520,1.6488,1.6488,1
4.3165,1.6528,1.6504,1.6496,1
4.3165,1.6520,1.6520,1.6520,1
4.3165,1.6504,1.6512,1.6512,1
4.3165,1.6496,1.6504,1.6496,1
4.3165,1.6496,1.6512,1.6496,1
4.3165,1.6504,1.6496,1.6496,1
4.3165,1.6488,1.6488,1.6496,1
4.3165,1.6504,1.6488,1.6512,1
4.3165,1.6512,1.6480,1.6496,1
4.3165,1.6512,1.6480,1.6496,1
4.3165,1.6512,1.6464,1.6496,1
4.3165,1.6520,1.6448,1.6480,1
4.3165,1.6536,1.6448,1.6480,1
4.3165,1.6528,1.6464,1.6512,1
4.3165,1.6528,1.6456,1.6504,1
4.3165,1.6536,1.6472,1.6520,1
4.3165,1.6536,1.6488,1.6512,1
4.3165,1.6536,1.6504,1.6512,1
4.3165,1.6536,1.6504,1.6520,1
4.3165,1.6528,1.6504,1.6520,1
4.3165,1.6528,1.6504,1.6504,1
4.3165,1.6528,1.6512,1.6512,1
4.3165,1.6520,1.6504,1.6504,1
4.3599,1.6520,1.6504,1.6496,1
4.3599,1.6512,1.6520,1.6488,1
4.3599,1.6512,1.6520,1.6488,1
4.3599,1.6512,1.6512,1.6488,1
4.3599,1.6512,1.6520,1.6480,1
4.3599,1.6520,1.6512,1.6464,1
4.3599,1.6504,1.6512,1.6488,1
4.3599,1.6512,1.6504,1.6480,1
4.3599,1.6504,1.6496,1.6464,1
4.3599,1.6504,1.6504,1.6472,1
4.3599,1.6504,1.6512,1.6472,1
4.3599,1.6520,1.6512,1.6472,1
4.3599,1.6504,1.6504,1.6464,1
4.3599,1.6504,1.6504,1.6464,1
4.3599,1.6496,1.6488,1.6464,1
4.3599,1.6504,1.6512,1.6464,1
4.3599,1.6520,1.6512,1.6448,1
4.3599,1.6512,1.6520,1.6456,1
4.3599,1.6528,1.6528,1.6464,1
4.3599,1.6536,1.6536,1.6464,1
4.3599,1.6536,1.6528,1.6456,1
4.3599,1.6512,1.6520,1.6456,1
4.3599,1.6512,1.6528,1.6456,1
4.3599,1.6520,1.6528,1.6448,1
4.3599,1.6512,1.6504,1.6448,1
4.3599,1.6504,1.6504,1.6440,1
4.3599,1.6504,1.6512,1.6480,1
4.3599,1.6496,1.6528,1.6456,1
4.3599,1.6496,1.6536,1.6448,1
4.3599,1.6480,1.6520,1.6440,1
4.3599,1.6488,1.6528,1.6432,1
4.3599,1.6512,1.6528,1.6432,1
4.3599,1.6520,1.6528,1.6415,1
4.3599,1.6585,1.6544,1.6415,1
4.3599,1.6585,1.6568,1.6415,1
4.3599,1.6528,1.6560,1.6423,1
4.3599,1.6512,1.6544,1.6391,1
4.3599,1.6528,1.6544,1.6423,1
4.3599,1.6520,1.6528,1.6440,1
4.3599,1.6544,1.6528,1.6432,1
4.3599,1.6544,1.6528,1.6432,1
4.3599,1.6536,1.6544,1.6423,1
4.3599,1.6528,1.6536,1.6440,1
4.3599,1.6464,1.6512,1.6440,1
4.3599,1.6480,1.6488,1.6440,1
4.3599,1.6528,1.6488,1.6448,1
4.3599,1.6544,1.6488,1.6448,1
4.3599,1.6528,1.6480,1.6440,1
4.3599,1.6536,1.6496,1.6423,1
4.3599,1.6520,1.6496,1.6423,1
4.3599,1.6512,1.6488,1.6423,1
4.3599,1.6512,1.6472,1.6432,1
4.3599,1.6520,1.6480,1.6432,1
4.3599,1.6512,1.6480,1.6432,1
4.3599,1.6512,1.6480,1.6391,1
4.3599,1.6520,1.6488,1.6383,1
4.3599,1.6512,1.6488,1.6383,1
4.3599,1.6512,1.6480,1.6383,1
4.3599,1.6512,1.6480,1.6391,1
4.3599,1.6512,1.6464,1.6399,1
4.3599,1.6520,1.6480,1.6399,1
4.3599,1.6512,1.6472,1.6391,1
4.3599,1.6520,1.6464,1.6391,1
4.3599,1.6536,1.6480,1.6391,1
4.3599,1.6528,1.6480,1.6432,1
4.3599,1.6520,1.6480,1.6432,1
4.3599,1.6520,1.6488,1.6432,1
4.3599,1.6512,1.6488,1.6423,1
4.3599,1.6512,1.6488,1.6415,1
4.3599,1.6504,1.6488,1.6415,1
4.3599,1.6504,1.6488,1.6407,1
4.3599,1.6512,1.6480,1.6415,1
4.3599,1.6504,1.6480,1.6423,1
4.3599,1.6488,1.6472,1.6423,1
4.3599,1.6496,1.6472,1.6423,1
4.3599,1.6488,1.6464,1.6432,1
4.3599,1.6488,1.6464,1.6432,1
4.3599,1.6488,1.6448,1.6432,1
4.3599,1.6480,1.6464,1.6432,1
4.3599,1.6496,1.6488,1.6448,1
4.3599,1.6504,1.6480,1.6464,1
4.3599,1.6496,1.6480,1.6480,1
4.3599,1.6488,1.6488,1.6480,1
4.3599,1.6504,1.6504,1.6464,1
4.3599,1.6488,1.6504,1.6464,1
4.3599,1.6440,1.6512,1.6456,1
4.3599,1.6440,1.6512,1.6464,1
4.4113,1.6448,1.6528,1.6464,1
4.4113,1.6464,1.6512,1.6488,1
4.4113,1.6472,1.6496,1.6472,1
4.4113,1.6456,1.6504,1.6464,1
4.4113,1.6448,1.6504,1.6472,1
4.4113,1.6448,1.6504,1.6472,1
4.4113,1.6432,1.6488,1.6512,1
4.4113,1.6432,1.6488,1.6512,1
4.4113,1.6496,1.6480,1.6512,1
4.4113,1.6488,1.6488,1.6512,1
4.4113,1.6488,1.6496,1.6520,1
4.4113,1.6488,1.6496,1.6504,1
4.4113,1.6472,1.6496,1.6528,1
4.4113,1.6480,1.6488,1.6536,1
4.4113,1.6480,1.6504,1.6528,1
4.4113,1.6472,1.6504,1.6512,1
4.4113,1.6472,1.6504,1.6512,1
4.4113,1.6488,1.6504,1.6512,1
4.4113,1.6472,1.6520,1.6528,1
4.4113,1.6464,1.6520,1.6528,1
4.4113,1.6456,1.6512,1.6544,1
4.4113,1.6456,1.6512,1.6552,1
4.4113,1.6464,1.6504,1.6528,1
4.4113,1.6464,1.6512,1.6536,1
4.4113,1.6464,1.6512,1.6512,1
4.4113,1.6456,1.6512,1.6512,1
4.4113,1.6448,1.6512,1.6496,1
4.4113,1.6440,1.6504,1.6496,1
4.4113,1.6448,1.6472,1.6480,1
4.4113,1.6472,1.6472,1.6480,1
4.4113,1.6456,1.6504,1.6464,1
4.4113,1.6448,1.6504,1.6448,1
4.4113,1.6440,1.6504,1.6472,1
4.4113,1.6440,1.6496,1.6464,1
4.4113,1.6448,1.6488,1.6464,1
4.4113,1.6472,1.6488,1.6472,1
4.4113,1.6472,1.6488,1.6472,1
4.4113,1.6480,1.6488,1.6472,1
4.4113,1.6480,1.6488,1.6472,1
4.4113,1.6472,1.6488,1.6472,1
4.4113,1.6504,1.6448,1.6472,1
4.4113,1.6504,1.6456,1.6472,1
4.4113,1.6504,1.6456,1.6456,1
4.4113,1.6504,1.6456,1.6456,1
4.4113,1.6488,1.6464,1.6448,1
4.4113,1.6480,1.6464,1.6440,1
4.4113,1.6488,1.6472,1.6432,1
4.4113,1.6480,1.6488,1.6432,1
4.4113,1.6480,1.6488,1.6440,1
4.4113,1.6472,1.6496,1.6440,1
4.4113,1.6464,1.6496,1.6432,1
4.4113,1.6464,1.6496,1.6432,1
4.4113,1.6472,1.6480,1.6432,1
4.4113,1.6472,1.6480,1.6423,1
4.4113,1.6480,1.6480,1.6440,1
4.4113,1.6472,1.6488,1.6440,1
4.4113,1.6472,1.6472,1.6440,1
4.4113,1.6464,1.6456,1.6440,1
4.4113,1.6440,1.6464,1.6440,1
4.4113,1.6448,1.6456,1.6432,1
4.4113,1.6440,1.6448,1.6432,1
4.4113,1.6456,1.6456,1.6423,1
4.4113,1.6456,1.6456,1.6415,1
4.4113,1.6464,1.6472,1.6423,1
4.4113,1.6480,1.6472,1.6407,1
4.4113,1.6488,1.6464,1.6407,1
4.4113,1.6488,1.6472,1.6407,1
4.4113,1.6488,1.6480,1.6415,1
4.4113,1.6528,1.6480,1.6415,1
4.4113,1.6528,1.6480,1.6415,1
4.4113,1.6528,1.6528,1.6423,1
4.4113,1.6528,1.6520,1.6432,1
4.4113,1.6512,1.6520,1.6432,1
4.4113,1.6496,1.6504,1.6432,1
4.4113,1.6496,1.6496,1.6440,1
4.4113,1.6504,1.6496,1.6464,1
4.4113,1.6512,1.6504,1.6464,1
4.4113,1.6512,1.6504,1.6456,1
4.4113,1.6504,1.6504,1.6464,1
4.4113,1.6496,1.6512,1.6480,1
4.4113,1.6480,1.6472,1.6496,1
4.4113,1.6464,1.6488,1.6512,1
4.4113,1.6464,1.6488,1.6520,1
4.4113,1.6464,1.6488,1.6520,1
4.4113,1.6464,1.6512,1.6536,1
4.4113,1.6448,1.6528,1.6512,1
4.4113,1.6448,1.6520,1.6520,1
4.4113,1.6448,1.6512,1.6536,1
4.4113,1.6440,1.6520,1.6528,1
4.4113,1.6448,1.6512,1.6504,1
4.4113,1.6464,1.6560,1.6488,1
4.4113,1.6464,1.6560,1.6480,1
4.4113,1.6472,1.6560,1.6488,1
4.4113,1.6480,1.6552,1.6480,1
4.4113,1.6472,1.6552,1.6480,1
4.4113,1.6480,1.6536,1.6488,1
4.4113,1.6472,1.6552,1.6480,1
4.4113,1.6480,1.6577,1.6464,1
4.4113,1.6504,1.6568,1.6464,1
4.4113,1.6496,1.6568,1.6472,1
4.4113,1.6488,1.6528,1.6480,1
4.4113,1.6488,1.6512,1.6472,1
4.4591,1.6480,1.6520,1.6472,1
4.4591,1.6480,1.6528,1.6464,1
4.4591,1.6472,1.6544,1.6464,1
4.4591,1.6464,1.6560,1.6464,1
4.4591,1.6456,1.6544,1.6456,1
4.4591,1.6440,1.6520,1.6464,1
4.4591,1.6415,1.6520,1.6472,1
4.4591,1.6423,1.6528,1.6488,1
4.4591,1.6415,1.6536,1.6488,1
4.4591,1.6423,1.6544,1.6488,1
4.4591,1.6415,1.6544,1.6480,1
4.4591,1.6423,1.6560,1.6480,1
4.4591,1.6423,1.6536,1.6464,1
4.4591,1.6440,1.6528,1.6448,1
4.4591,1.6448,1.6520,1.6448,1
4.4591,1.6448,1.6528,1.6440,1
4.4591,1.6432,1.6520,1.6432,1
4.4591,1.6440,1.6528,1.6399,1
4.4591,1.6456,1.6528,1.6415,1
4.4591,1.6448,1.6520,1.6407,1
4.4591,1.6448,1.6512,1.6407,1
4.4591,1.6440,1.6496,1.6407,1
4.4591,1.6448,1.6520,1.6432,1
4.4591,1.6448,1.6520,1.6432,1
4.4591,1.6440,1.6528,1.6432,1
4.4591,1.6448,1.6528,1.6432,1
4.4591,1.6464,1.6552,1.6440,1
4.4591,1.6456,1.6544,1.6464,1
4.4591,1.6456,1.6528,1.6448,1
4.4591,1.6456,1.6528,1.6448,1
4.4591,1.6456,1.6528,1.6464,1
4.4591,1.6456,1.6512,1.6480,1
4.4591,1.6440,1.6480,1.6472,1
4.4591,1.6448,1.6504,1.6472,1
4.4591,1.6456,1.6496,1.6480,1
4.4591,1.6456,1.6504,1.6480,1
4.4591,1.6448,1.6464,1.6496,1
4.4591,1.6464,1.6472,1.6480,1
4.4591,1.6464,1.6488,1.6488,1
4.4591,1.6472,1.6496,1.6488,1
4.4591,1.6464,1.6496,1.6480,1
4.4591,1.6472,1.6512,1.6472,1
4.4591,1.6480,1.6528,1.6464,1
4.4591,1.6472,1.6504,1.6472,1
4.4591,1.6472,1.6496,1.6480,1
4.4591,1.6464,1.6496,1.6480,1
4.4591,1.6480,1.6504,1.6472,1
4.4591,1.6472,1.6504,1.6496,1
4.4591,1.6464,1.6504,1.6504,1
4.4591,1.6456,1.6512,1.6520,1
4.4591,1.6472,1.6512,1.6520,1
4.4591,1.6464,1.6496,1.6520,1
4.4591,1.6464,1.6480,1.6512,1
4.4591,1.6472,1.6488,1.6512,1
4.4591,1.6456,1.6488,1.6504,1
4.4591,1.6472,1.6480,1.6504,1
4.4591,1.6472,1.6480,1.6496,1
4.4591,1.6456,1.6480,1.6472,1
4.4591,1.6472,1.6480,1.6472,1
4.4591,1.6472,1.6464,1.6456,1
4.4591,1.6472,1.6472,1.6440,1
4.4591,1.6480,1.6480,1.6440,1
4.4591,1.6423,1.6488,1.6415,1
4.4591,1.6423,1.6496,1.6415,1
4.4591,1.6456,1.6504,1.6432,1
4.4591,1.6448,1.6512,1.6432,1
4.4591,1.6456,1.6512,1.6432,1
4.4591,1.6472,1.6512,1.6432,1
4.4591,1.6464,1.6520,1.6432,1
4.4591,1.6472,1.6512,1.6456,1
4.4591,1.6504,1.6520,1.6448,1
4.4591,1.6488,1.6520,1.6423,1
4.4591,1.6842,1.6512,1.6456,1
4.4591,1.6802,1.6520,1.6448,1
4.4591,1.6754,1.6512,1.6440,1
4.4591,1.6722,1.6504,1.6432,1
4.4591,1.6681,1.6512,1.6448,1
4.4591,1.6657,1.6512,1.6440,1
4.4591,1.6520,1.6504,1.6456,1
4.4591,1.6504,1.6496,1.6432,1
4.4591,1.6504,1.6480,1.6432,1
4.4591,1.6520,1.6496,1.6456,1
4.4591,1.6246,1.6496,1.6448,1
4.4591,1.6295,1.6496,1.6472,1
4.4591,1.6335,1.6496,1.6472,1
4.4591,1.6383,1.6496,1.6472,1
4.4591,1.6423,1.6504,1.6448,1
4.4591,1.6456,1.6504,1.6464,1
4.4591,1.6593,1.6504,1.6440,1
4.4591,1.6609,1.6512,1.6456,1
4.4591,1.6601,1.6512,1.6472,1
4.4591,1.6593,1.6496,1.6480,1
4.4591,1.6560,1.6496,1.6488,1
4.4591,1.6552,1.6496,1.6472,1
4.4591,1.6536,1.6512,1.6480,1
4.4591,1.6528,1.6512,1.6480,1
4.5066,1.6512,1.6504,1.6496,1
4.5066,1.6520,1.6504,1.6488,1
4.5066,1.6520,1.6504,1.6496,1
4.5066,1.6504,1.6464,1.6512,1
4.5066,1.6488,1.6464,1.6512,1
4.5066,1.6480,1.6480,1.6512,1
4.5066,1.6488,1.6480,1.6520,1
4.5066,1.6472,1.6480,1.6536,1
4.5066,1.6496,1.6472,1.6552,1
4.5066,1.6488,1.6464,1.6568,1
4.5066,1.6488,1.6480,1.6568,1
4.5066,1.6472,1.6472,1.6560,1
4.5066,1.6464,1.6472,1.6544,1
4.5066,1.6456,1.6504,1.6544,1
4.5066,1.6456,1.6512,1.6528,1
4.5066,1.6456,1.6520,1.6528,1
4.5066,1.6456,1.6512,1.6504,1
4.5066,1.6440,1.6504,1.6504,1
4.5066,1.6423,1.6496,1.6512,1
4.5066,1.6423,1.6488,1.6480,1
4.5066,1.6415,1.6472,1.6464,1
4.5066,1.6423,1.6464,1.6488,1
4.5066,1.6448,1.6472,1.6496,1
4.5066,1.6448,1.6472,1.6496,1
4.5066,1.6464,1.6464,1.6512,1
4.5066,1.6472,1.6520,1.6512,1
4.5066,1.6480,1.6520,1.6512,1
4.5066,1.6496,1.6520,1.6504,1
4.5066,1.6520,1.6528,1.6504,1
4.5066,1.6520,1.6528,1.6536,1
4.5066,1.6520,1.6520,1.6544,1
4.5066,1.6512,1.6544,1.6552,1
4.5066,1.6520,1.6544,1.6552,1
4.5066,1.6520,1.6536,1.6520,1
4.5066,1.6512,1.6536,1.6504,1
4.5066,1.6520,1.6496,1.6504,1
4.5066,1.6528,1.6504,1.6496,1
4.5066,1.6528,1.6512,1.6496,1
4.5066,1.6528,1.6528,1.6472,1
4.5066,1.6528,1.6552,1.6456,1
4.5066,1.6577,1.6568,1.6440,1
4.5066,1.6568,1.6552,1.6423,1
4.5066,1.6520,1.6552,1.6415,1
4.5066,1.6520,1.6552,1.6423,1
4.5066,1.6536,1.6552,1.6432,1
4.5066,1.6504,1.6536,1.6432,1
4.5066,1.6496,1.6536,1.6440,1
4.5066,1.6480,1.6536,1.6448,1
4.5066,1.6480,1.6512,1.6456,1
4.5066,1.6480,1.6504,1.6456,1
4.5066,1.6504,1.6512,1.6464,1
4.5066,1.6504,1.6528,1.6464,1
4.5066,1.6536,1.6528,1.6464,1
4.5066,1.6520,1.6536,1.6464,1
4.5066,1.6504,1.6528,1.6448,1
4.5066,1.6520,1.6528,1.6440,1
4.5066,1.6560,1.6520,1.6440,1
4.5066,1.6552,1.6520,1.6432,1
4.5066,1.6552,1.6536,1.6432,1
4.5066,1.6552,1.6520,1.6432,1
4.5066,1.6472,1.6496,1.6432,1
4.5066,1.6488,1.6488,1.6432,1
4.5066,1.6480,1.6488,1.6432,1
4.5066,1.6488,1.6488,1.6423,1
4.5066,1.6496,1.6488,1.6456,1
4.5066,1.6504,1.6488,1.6456,1
4.5066,1.6480,1.6488,1.6448,1
4.5066,1.6504,1.6480,1.6448,1
4.5066,1.6504,1.6480,1.6456,1
4.5066,1.6504,1.6488,1.6456,1
4.5066,1.6520,1.6488,1.6464,1
4.5066,1.6512,1.6488,1.6480,1
4.5066,1.6528,1.6488,1.6480,1
4.5066,1.6552,1.6488,1.6488,1
4.5066,1.6544,1.6520,1.6488,1
4.5066,1.6536,1.6504,1.6496,1
4.5066,1.6536,1.6512,1.6496,1
4.5066,1.6528,1.6512,1.6496,1
4.5066,1.6528,1.6496,1.6480,1
4.5066,1.6528,1.6496,1.6472,1
4.5066,1.6536,1.6496,1.6456,1
4.5066,1.6520,1.6488,1.6448,1
4.5066,1.6520,1.6472,1.6448,1
4.5066,1.6504,1.6480,1.6440,1
4.5066,1.6528,1.6448,1.6448,1
4.5066,1.6536,1.6456,1.6456,1
4.5066,1.6528,1.6472,1.6472,1
4.5066,1.6536,1.6464,1.6496,1
4.5066,1.6528,1.6480,1.6512,1
4.5066,1.6520,1.6472,1.6536,1
4.5066,1.6496,1.6480,1.6544,1
4.5066,1.6504,1.6480,1.6593,1
4.5066,1.6512,1.6488,1.6585,1
4.5066,1.6520,1.6488,1.6585,1
4.5066,1.6504,1.6504,1.6593,1
4.5481,1.6512,1.6488,1.6560,1
4.5481,1.6512,1.6480,1.6552,1
4.5481,1.6504,1.6488,1.6528,1
4.5481,1.6504,1.6488,1.6544,1
4.5481,1.6512,1.6496,1.6536,1
4.5481,1.6528,1.6496,1.6528,1
4.5481,1.6520,1.6512,1.6472,1
4.5481,1.6512,1.6496,1.6480,1
4.5481,1.6496,1.6496,1.6480,1
4.5481,1.6496,1.6480,1.6472,1
4.5481,1.6496,1.6488,1.6480,1
4.5481,1.6488,1.6480,1.6480,1
4.5481,1.6496,1.6488,1.6488,1
4.5481,1.6504,1.6488,1.6472,1
4.5481,1.6504,1.6488,1.6496,1
4.5481,1.6512,1.6488,1.6496,1
4.5481,1.6512,1.6496,1.6512,1
4.5481,1.6536,1.6512,1.6520,1
4.5481,1.6528,1.6512,1.6520,1
4.5481,1.6512,1.6504,1.6528,1
4.5481,1.6496,1.6496,1.6536,1
4.5481,1.6512,1.6504,1.6536,1
4.5481,1.6512,1.6504,1.6528,1
4.5481,1.6504,1.6504,1.6528,1
4.5481,1.6504,1.6504,1.6504,1
4.5481,1.6504,1.6496,1.6520,1
4.5481,1.6496,1.6480,1.6520,1
4.5481,1.6472,1.6480,1.6528,1
4.5481,1.6480,1.6488,1.6528,1
4.5481,1.6504,1.6496,1.6520,1
4.5481,1.6504,1.6496,1.6520,1
4.5481,1.6488,1.6504,1.6528,1
4.5481,1.6488,1.6496,1.6520,1
4.5481,1.6480,1.6504,1.6504,1
4.5481,1.6472,1.6504,1.6528,1
4.5481,1.6472,1.6512,1.6512,1
4.5481,1.6480,1.6512,1.6512,1
4.5481,1.6488,1.6520,1.6496,1
4.5481,1.6488,1.6520,1.6504,1
4.5481,1.6464,1.6520,1.6512,1
4.5481,1.6472,1.6512,1.6512,1
4.5481,1.6472,1.6512,1.6520,1
4.5481,1.6456,1.6528,1.6528,1
4.5481,1.6472,1.6520,1.6528,1
4.5481,1.6472,1.6536,1.6512,1
4.5481,1.6472,1.6536,1.6520,1
4.5481,1.6464,1.6536,1.6512,1
4.5481,1.6432,1.6552,1.6528,1
4.5481,1.6432,1.6544,1.6536,1
4.5481,1.6464,1.6536,1.6528,1
4.5481,1.6464,1.6536,1.6536,1
4.5481,1.6456,1.6536,1.6528,1
4.5481,1.6464,1.6504,1.6536,1
4.5481,1.6472,1.6512,1.6536,1
4.5481,1.6456,1.6496,1.6536,1
4.5481,1.6464,1.6504,1.6552,1
4.5481,1.6464,1.6512,1.6552,1
4.5481,1.6488,1.6496,1.6560,1
4.5481,1.6488,1.6528,1.6552,1
4.5481,1.6464,1.6544,1.6560,1
4.5481,1.6464,1.6544,1.6560,1
4.5481,1.6480,1.6560,1.6560,1
4.5481,1.6472,1.6585,1.6552,1
4.5481,1.6456,1.6585,1.6560,1
4.5481,1.6472,1.6593,1.6560,1
4.5481,1.6480,1.6593,1.6560,1
4.5481,1.6496,1.6601,1.6544,1
4.5481,1.6496,1.6593,1.6544,1
4.5481,1.6488,1.6568,1.6544,1
4.5481,1.6496,1.6552,1.6544,1
4.5481,1.6496,1.6560,1.6544,1
4.5481,1.6496,1.6560,1.6528,1
4.5481,1.6496,1.6560,1.6544,1
4.5481,1.6512,1.6568,1.6528,1
4.5481,1.6512,1.6568,1.6544,1
4.5481,1.6496,1.6552,1.6536,1
4.5481,1.6496,1.6560,1.6544,1
4.5481,1.6488,1.6552,1.6544,1
4.5481,1.6496,1.6577,1.6528,1
4.5481,1.6496,1.6577,1.6536,1
4.5481,1.6496,1.6593,1.6544,1
4.5481,1.6496,1.6593,1.6544,1
4.5481,1.6512,1.6593,1.6536,1
4.5481,1.6496,1.6585,1.6544,1
4.6015,1.6504,1.6593,1.6536,1
4.6015,1.6512,1.6593,1.6536,1
4.6015,1.6512,1.6568,1.6552,1
4.6015,1.6536,1.6601,1.6536,1
4.6015,1.6528,1.6585,1.6536,1
4.6015,1.6528,1.6593,1.6536,1
4.6015,1.6520,1.6577,1.6528,1
4.6015,1.6520,1.6577,1.6544,1
4.6015,1.6512,1.6577,1.6528,1
4.6015,1.6520,1.6601,1.6536,1
4.6015,1.6512,1.6585,1.6544,1
4.6015,1.6504,1.6585,1.6536,1
4.6015,1.6496,1.6601,1.6512,1
4.6015,1.6496,1.6601,1.6520,1
4.6015,1.6496,1.6617,1.6536,1
4.6015,1.6496,1.6601,1.6544,1
4.6015,1.6496,1.6617,1.6544,1
4.6015,1.6512,1.6593,1.6520,1
4.6015,1.6504,1.6577,1.6536,1
4.6015,1.6504,1.6560,1.6520,1
4.6015,1.6520,1.6560,1.6504,1
4.6015,1.6512,1.6560,1.6504,1
4.6015,1.6520,1.6560,1.6512,1
4.6015,1.6504,1.6552,1.6496,1
4.6015,1.6488,1.6536,1.6472,1
4.6015,1.6488,1.6536,1.6456,1
4.6015,1.6480,1.6520,1.6440,1
4.6015,1.6448,1.6512,1.6456,1
4.6015,1.6456,1.6504,1.6456,1
4.6015,1.6456,1.6512,1.6464,1
4.6015,1.6464,1.6528,1.6472,1
4.6015,1.6456,1.6528,1.6480,1
4.6015,1.6464,1.6512,1.6496,1
4.6015,1.6472,1.6512,1.6496,1
4.6015,1.6496,1.6512,1.6504,1
4.6015,1.6496,1.6528,1.6504,1
4.6015,1.6512,1.6536,1.6512,1
4.6015,1.6528,1.6536,1.6496,1
4.6015,1.6528,1.6536,1.6480,1
4.6015,1.6528,1.6544,1.6480,1
4.6015,1.6504,1.6544,1.6488,1
4.6015,1.6504,1.6536,1.6488,1
4.6015,1.6504,1.6552,1.6488,1
4.6015,1.6504,1.6536,1.6480,1
4.6015,1.6496,1.6536,1.6480,1
4.6015,1.6480,1.6512,1.6472,1
4.6015,1.6480,1.6512,1.6472,1
4.6015,1.6472,1.6528,1.6480,1
4.6015,1.6480,1.6528,1.6480,1
4.6015,1.6472,1.6512,1.6488,1
4.6015,1.6480,1.6496,1.6472,1
4.6015,1.6480,1.6496,1.6472,1
4.6015,1.6488,1.6488,1.6456,1
4.6015,1.6496,1.6488,1.6456,1
4.6015,1.6488,1.6504,1.6464,1
4.6015,1.6496,1.6512,1.6456,1
4.6015,1.6488,1.6520,1.6456,1
4.6015,1.6488,1.6512,1.6448,1
4.6015,1.6480,1.6528,1.6448,1
4.6015,1.6488,1.6528,1.6440,1
4.6015,1.6496,1.6544,1.6440,1
4.6015,1.6488,1.6536,1.6440,1
4.6015,1.6488,1.6536,1.6432,1
4.6015,1.6480,1.6552,1.6440,1
4.6015,1.6472,1.6528,1.6440,1
4.6015,1.6464,1.6536,1.6448,1
4.6015,1.6480,1.6536,1.6440,1
4.6015,1.6488,1.6552,1.6440,1
4.6015,1.6480,1.6536,1.6440,1
4.6015,1.6480,1.6552,1.6448,1
4.6015,1.6480,1.6544,1.6456,1
4.6015,1.6472,1.6560,1.6448,1
4.6015,1.6472,1.6568,1.6440,1
4.6015,1.6464,1.6544,1.6440,1
4.6015,1.6472,1.6552,1.6440,1
4.6015,1.6480,1.6552,1.6440,1
4.6015,1.6472,1.6544,1.6448,1
4.6015,1.6480,1.6536,1.6448,1
4.6015,1.6480,1.6528,1.6448,1
4.6015,1.6327,1.6512,1.6432,1
4.6015,1.6343,1.6520,1.6423,1
4.6015,1.6367,1.6520,1.6432,1
4.6015,1.6375,1.6536,1.6440,1
4.6015,1.6383,1.6560,1.6448,1
4.6015,1.6383,1.6544,1.6440,1
4.6015,1.6375,1.6544,1.6432,1
4.6015,1.6391,1.6544,1.6432,1
4.6015,1.6391,1.6544,1.6432,1
4.6015,1.6399,1.6568,1.6432,1
4.6015,1.6544,1.6577,1.6440,1
4.6015,1.6520,1.6585,1.6440,1
4.6015,1.6488,1.6577,1.6440,1
4.6015,1.6472,1.6544,1.6423,1
4.6015,1.6472,1.6528,1.6407,1
4.6015,1.6456,1.6544,1.6407,1
4.6015,1.6504,1.6552,1.6415,1
4.6015,1.6488,1.6560,1.6423,1
4.6015,1.6343,1.6560,1.6423,1
4.6015,1.6335,1.6544,1.6423,1
4.6015,1.6343,1.6552,1.6432,1
4.6015,1.6359,1.6528,1.6432,1
4.6015,1.6327,1.6520,1.6432,1
4.6015,1.6343,1.6536,1.6440,1
4.6015,1.6343,1.6536,1.6448,1
4.6015,1.6367,1.6536,1.6456,1
4.6015,1.6319,1.6528,1.6448,1
4.6482,1.6335,1.6520,1.6448,1
4.6482,1.6472,1.6512,1.6456,1
4.6482,1.6480,1.6536,1.6448,1
4.6482,1.6456,1.6520,1.6464,1
4.6482,1.6448,1.6528,1.6480,1
4.6482,1.6496,1.6536,1.6488,1
4.6482,1.6472,1.6552,1.6488,1
4.6482,1.6464,1.6552,1.6496,1
4.6482,1.6464,1.6552,1.6488,1
4.6482,1.6383,1.6544,1.6496,1
4.6482,1.6399,1.6536,1.6496,1
4.6482,1.6407,1.6536,1.6504,1
4.6482,1.6407,1.6528,1.6504,1
4.6482,1.6303,1.6528,1.6496,1
4.6482,1.6319,1.6560,1.6496,1
4.6482,1.6351,1.6560,1.6480,1
4.6482,1.6375,1.6536,1.6480,1
4.6482,1.6375,1.6552,1.6480,1
4.6482,1.6375,1.6560,1.6488,1
4.6482,1.6448,1.6544,1.6480,1
4.6482,1.6440,1.6552,1.6472,1
4.6482,1.6423,1.6544,1.6456,1
4.6482,1.6407,1.6520,1.6464,1
4.6482,1.6536,1.6536,1.6456,1
4.6482,1.6512,1.6488,1.6448,1
4.6482,1.6472,1.6488,1.6464,1
4.6482,1.6448,1.6496,1.6472,1
4.6482,1.6440,1.6488,1.6464,1
4.6482,1.6440,1.6496,1.6472,1
4.6482,1.6432,1.6512,1.6480,1
4.6482,1.6423,1.6520,1.6496,1
4.6482,1.6432,1.6528,1.6504,1
4.6482,1.6440,1.6536,1.6504,1
4.6482,1.6440,1.6544,1.6512,1
4.6482,1.6456,1.6560,1.6504,1
4.6482,1.6456,1.6577,1.6496,1
4.6482,1.6456,1.6577,1.6496,1
4.6482,1.6464,1.6568,1.6496,1
4.6482,1.6464,1.6552,1.6496,1
4.6482,1.6464,1.6560,1.6496,1
4.6482,1.6480,1.6560,1.6472,1
4.6482,1.6464,1.6560,1.6464,1
4.6482,1.6480,1.6544,1.6464,1
4.6482,1.6593,1.6552,1.6448,1
4.6482,1.6568,1.6552,1.6464,1
4.6482,1.6552,1.6552,1.6464,1
4.6482,1.6560,1.6560,1.6456,1
4.6482,1.6568,1.6577,1.6432,1
4.6482,1.6568,1.6577,1.6415,1
4.6482,1.6577,1.6577,1.6423,1
4.6482,1.6577,1.6560,1.6423,1
4.6482,1.6585,1.6577,1.6432,1
4.6482,1.6577,1.6593,1.6432,1
4.6482,1.6456,1.6585,1.6440,1
4.6482,1.6480,1.6552,1.6423,1
4.6482,1.6504,1.6560,1.6440,1
4.6482,1.6496,1.6560,1.6456,1
4.6482,1.6480,1.6544,1.6464,1
4.6482,1.6488,1.6536,1.6480,1
4.6482,1.6512,1.6544,1.6488,1
4.6482,1.6496,1.6568,1.6480,1
4.6482,1.6496,1.6560,1.6480,1
4.6482,1.6504,1.6552,1.6480,1
4.6482,1.6504,1.6560,1.6464,1
4.6482,1.6512,1.6593,1.6464,1
4.6482,1.6512,1.6577,1.6456,1
4.6482,1.6536,1.6577,1.6456,1
4.6482,1.6544,1.6593,1.6456,1
4.6482,1.6536,1.6528,1.6448,1
4.6482,1.6536,1.6544,1.6440,1
4.6482,1.6544,1.6544,1.6440,1
4.6482,1.6536,1.6560,1.6456,1
4.6482,1.6528,1.6560,1.6456,1
4.6482,1.6528,1.6560,1.6464,1
4.6482,1.6512,1.6560,1.6456,1
4.6482,1.6504,1.6568,1.6456,1
4.6482,1.6488,1.6568,1.6456,1
4.6482,1.6488,1.6577,1.6448,1
4.6482,1.6496,1.6641,1.6448,1
4.6482,1.6464,1.6617,1.6448,1
4.6482,1.6472,1.6593,1.6448,1
4.6482,1.6448,1.6593,1.6432,1
4.6482,1.6448,1.6601,1.6432,1
4.6482,1.6472,1.6577,1.6432,1
4.6482,1.6488,1.6560,1.6440,1
4.6482,1.6496,1.6552,1.6440,1
4.6482,1.6504,1.6536,1.6472,1
4.6482,1.6512,1.6512,1.6472,1
4.6482,1.6512,1.6528,1.6472,1
4.6482,1.6528,1.6528,1.6472,1
4.6482,1.6520,1.6544,1.6456,1
4.6482,1.6552,1.6552,1.6464,1
4.6482,1.6552,1.6528,1.6464,1
4.6941,1.6544,1.6528,1.6456,1
4.6941,1.6528,1.6528,1.6456,1
4.6941,1.6520,1.6536,1.6464,1
4.6941,1.6520,1.6560,1.6440,1
4.6941,1.6585,1.6568,1.6440,1
4.6941,1.6568,1.6552,1.6440,1
4.6941,1.6568,1.6560,1.6432,1
4.6941,1.6560,1.6552,1.6440,1
4.6941,1.6560,1.6536,1.6448,1
4.6941,1.6552,1.6536,1.6448,1
4.6941,1.6552,1.6544,1.6432,1
4.6941,1.6552,1.6536,1.6440,1
4.6941,1.6568,1.6512,1.6440,1
4.6941,1.6560,1.6496,1.6440,1
4.6941,1.6488,1.6504,1.6448,1
4.6941,1.6504,1.6512,1.6456,1
4.6941,1.6528,1.6504,1.6480,1
4.6941,1.6512,1.6504,1.6496,1
4.6941,1.6536,1.6504,1.6504,1
4.6941,1.6536,1.6520,1.6520,1
4.6941,1.6528,1.6512,1.6544,1
4.6941,1.6528,1.6536,1.6552,1
4.6941,1.6536,1.6544,1.6552,1
4.6941,1.6552,1.6552,1.6544,1
4.6941,1.6560,1.6536,1.6560,1
4.6941,1.6552,1.6536,1.6560,1
4.6941,1.6528,1.6528,1.6552,1
4.6941,1.6536,1.6528,1.6536,1
4.6941,1.6520,1.6520,1.6536,1
4.6941,1.6520,1.6512,1.6544,1
4.6941,1.6504,1.6512,1.6544,1
4.6941,1.6520,1.6512,1.6544,1
4.6941,1.6496,1.6496,1.6528,1
4.6941,1.6480,1.6496,1.6536,1
4.6941,1.6472,1.6496,1.6536,1
4.6941,1.6472,1.6496,1.6536,1
4.6941,1.6488,1.6504,1.6528,1
4.6941,1.6488,1.6504,1.6544,1
4.6941,1.6496,1.6520,1.6552,1
4.6941,1.6496,1.6536,1.6560,1
4.6941,1.6512,1.6552,1.6568,1
4.6941,1.6504,1.6528,1.6585,1
4.6941,1.6504,1.6544,1.6609,1
4.6941,1.6488,1.6528,1.6609,1
4.6941,1.6480,1.6552,1.6609,1
4.6941,1.6472,1.6552,1.6601,1
4.6941,1.6496,1.6560,1.6617,1
4.6941,1.6496,1.6568,1.6625,1
4.6941,1.6504,1.6568,1.6601,1
4.6941,1.6512,1.6568,1.6585,1
4.6941,1.6512,1.6577,1.6560,1
4.6941,1.6512,1.6577,1.6544,1
4.6941,1.6512,1.6585,1.6520,1
4.6941,1.6536,1.6585,1.6512,1
4.6941,1.6544,1.6568,1.6504,1
4.6941,1.6544,1.6585,1.6512,1
4.6941,1.6512,1.6577,1.6504,1
4.6941,1.6512,1.6577,1.6504,1
4.6941,1.6488,1.6568,1.6512,1
4.6941,1.6488,1.6568,1.6512,1
4.6941,1.6480,1.6568,1.6512,1
4.6941,1.6496,1.6585,1.6512,1
4.6941,1.6496,1.6568,1.6512,1
4.6941,1.6496,1.6593,1.6528,1
4.6941,1.6472,1.6609,1.6528,1
4.6941,1.6472,1.6609,1.6504,1
4.6941,1.6488,1.6617,1.6504,1
4.6941,1.6488,1.6617,1.6480,1
4.6941,1.6448,1.6625,1.6472,1
4.6941,1.6456,1.6617,1.6464,1
4.6941,1.6464,1.6617,1.6464,1
4.6941,1.6456,1.6617,1.6480,1
4.6941,1.6456,1.6633,1.6488,1
4.6941,1.6456,1.6617,1.6464,1
4.6941,1.6480,1.6617,1.6472,1
4.6941,1.6480,1.6601,1.6464,1
4.6941,1.6415,1.6585,1.6464,1
4.6941,1.6415,1.6585,1.6472,1
4.6941,1.6456,1.6585,1.6480,1
4.6941,1.6440,1.6585,1.6488,1
4.6941,1.6423,1.6585,1.6504,1
4.6941,1.6415,1.6560,1.6488,1
4.6941,1.6415,1.6552,1.6496,1
4.6941,1.6399,1.6560,1.6496,1
4.6941,1.6391,1.6560,1.6496,1
4.6941,1.6391,1.6560,1.6512,1
4.6941,1.6448,1.6585,1.6512,1
4.6941,1.6440,1.6577,1.6528,1
4.6941,1.6456,1.6568,1.6536,1
4.6941,1.6464,1.6568,1.6544,1
4.6941,1.6464,1.6568,1.6552,1
4.6941,1.6456,1.6593,1.6552,1
4.7434,1.6456,1.6585,1.6544,1
4.7434,1.6456,1.6585,1.6544,1
4.7434,1.6464,1.6593,1.6536,1
4.7434,1.6456,1.6593,1.6528,1
4.7434,1.6440,1.6585,1.6544,1
4.7434,1.6432,1.6568,1.6520,1
4.7434,1.6423,1.6568,1.6528,1
4.7434,1.6423,1.6560,1.6512,1
4.7434,1.6432,1.6544,1.6496,1
4.7434,1.6440,1.6536,1.6504,1
4.7434,1.6440,1.6552,1.6496,1
4.7434,1.6456,1.6544,1.6504,1
4.7434,1.6464,1.6520,1.6520,1
4.7434,1.6480,1.6528,1.6528,1
4.7434,1.6496,1.6520,1.6528,1
4.7434,1.6512,1.6528,1.6552,1
4.7434,1.6520,1.6544,1.6577,1
4.7434,1.6528,1.6536,1.6585,1
4.7434,1.6520,1.6544,1.6601,1
4.7434,1.6528,1.6528,1.6593,1
4.7434,1.6528,1.6536,1.6593,1
4.7434,1.6528,1.6544,1.6601,1
4.7434,1.6528,1.6560,1.6585,1
4.7434,1.6528,1.6560,1.6593,1
4.7434,1.6528,1.6568,1.6593,1
4.7434,1.6528,1.6560,1.6585,1
4.7434,1.6520,1.6544,1.6577,1
4.7434,1.6520,1.6560,1.6568,1
4.7434,1.6520,1.6560,1.6560,1
4.7434,1.6512,1.6568,1.6560,1
4.7434,1.6512,1.6560,1.6552,1
4.7434,1.6512,1.6552,1.6552,1
4.7434,1.6512,1.6552,1.6560,1
4.7434,1.6504,1.6544,1.6536,1
4.7434,1.6488,1.6536,1.6528,1
4.7434,1.6496,1.6544,1.6528,1
4.7434,1.6496,1.6544,1.6512,1
4.7434,1.6504,1.6544,1.6504,1
4.7434,1.6488,1.6544,1.6496,1
4.7434,1.6504,1.6544,1.6520,1
4.7434,1.6504,1.6544,1.6528,1
4.7434,1.6496,1.6536,1.6520,1
4.7434,1.6504,1.6528,1.6520,1
4.7434,1.6504,1.6536,1.6536,1
4.7434,1.6520,1.6552,1.6552,1
4.7434,1.6512,1.6552,1.6552,1
4.7434,1.6496,1.6560,1.6568,1
4.7434,1.6496,1.6560,1.6577,1
4.7434,1.6496,1.6568,1.6577,1
4.7434,1.6504,1.6552,1.6568,1
4.7434,1.6496,1.6552,1.6568,1
4.7434,1.6496,1.6544,1.6577,1
4.7434,1.6496,1.6544,1.6568,1
4.7434,1.6496,1.6528,1.6560,1
4.7434,1.6488,1.6536,1.6536,1
4.7434,1.6472,1.6512,1.6528,1
4.7434,1.6480,1.6520,1.6520,1
4.7434,1.6480,1.6504,1.6528,1
4.7434,1.6496,1.6512,1.6544,1
4.7434,1.6480,1.6520,1.6560,1
4.7434,1.6480,1.6528,1.6568,1
4.7434,1.6496,1.6536,1.6577,1
4.7434,1.6504,1.6528,1.6585,1
4.7434,1.6496,1.6528,1.6577,1
4.7434,1.6512,1.6512,1.6585,1
4.7434,1.6528,1.6528,1.6593,1
4.7434,1.6528,1.6512,1.6593,1
4.7434,1.6528,1.6520,1.6585,1
4.7434,1.6520,1.6496,1.6577,1
4.7434,1.6528,1.6504,1.6560,1
4.7434,1.6528,1.6504,1.6544,1
4.7434,1.6512,1.6528,1.6528,1
4.7434,1.6520,1.6528,1.6528,1
4.7434,1.6520,1.6528,1.6520,1
4.7434,1.6512,1.6520,1.6520,1
4.7434,1.6504,1.6504,1.6512,1
4.7434,1.6504,1.6504,1.6512,1
4.7434,1.6504,1.6504,1.6504,1
4.7434,1.6512,1.6504,1.6504,1
4.7434,1.6512,1.6496,1.6504,1
4.7434,1.6512,1.6496,1.6512,1
4.7434,1.6512,1.6472,1.6520,1
4.7434,1.6504,1.6512,1.6528,1
4.7434,1.6504,1.6512,1.6536,1
4.7434,1.6512,1.6512,1.6528,1
4.7434,1.6512,1.6512,1.6528,1
4.7434,1.6504,1.6512,1.6520,1
4.7434,1.6504,1.6512,1.6520,1
4.7434,1.6496,1.6512,1.6520,1
4.7434,1.6496,1.6504,1.6504,1
4.7434,1.6464,1.6496,1.6496,1
4.7434,1.6464,1.6496,1.6488,1
4.7434,1.6472,1.6472,1.6464,1
4.7434,1.6464,1.6472,1.6464,1
4.7434,1.6464,1.6480,1.6456,1
4.7434,1.6456,1.6488,1.6448,1
4.7434,1.6464,1.6480,1.6440,1
4.7434,1.6472,1.6480,1.6448,1
4.7434,1.6480,1.6488,1.6448,1
4.7911,1.6488,1.6496,1.6448,1
4.7911,1.6528,1.6512,1.6440,1
4.7911,1.6528,1.6512,1.6432,1
4.7911,1.6520,1.6512,1.6432,1
4.7911,1.6520,1.6528,1.6432,1
4.7911,1.6528,1.6528,1.6423,1
4.7911,1.6512,1.6528,1.6423,1
4.7911,1.6504,1.6520,1.6440,1
4.7911,1.6504,1.6520,1.6423,1
4.7911,1.6480,1.6512,1.6423,1
4.7911,1.6472,1.6512,1.6423,1
4.7911,1.6448,1.6504,1.6423,1
4.7911,1.6456,1.6504,1.6448,1
4.7911,1.6448,1.6496,1.6448,1
4.7911,1.6448,1.6496,1.6448,1
4.7911,1.6440,1.6504,1.6448,1
4.7911,1.6456,1.6520,1.6456,1
4.7911,1.6456,1.6528,1.6440,1
4.7911,1.6448,1.6528,1.6440,1
4.7911,1.6448,1.6544,1.6456,1
4.7911,1.6448,1.6544,1.6456,1
4.7911,1.6456,1.6544,1.6464,1
4.7911,1.6464,1.6544,1.6448,1
4.7911,1.6488,1.6560,1.6456,1
4.7911,1.6480,1.6552,1.6456,1
4.7911,1.6488,1.6552,1.6472,1
4.7911,1.6480,1.6528,1.6472,1
4.7911,1.6504,1.6520,1.6464,1
4.7911,1.6512,1.6520,1.6464,1
4.7911,1.6496,1.6512,1.6464,1
4.7911,1.6496,1.6512,1.6464,1
4.7911,1.6488,1.6496,1.6456,1
4.7911,1.6488,1.6504,1.6456,1
4.7911,1.6480,1.6488,1.6456,1
4.7911,1.6488,1.6488,1.6448,1
4.7911,1.6472,1.6496,1.6456,1
4.7911,1.6472,1.6504,1.6472,1
4.7911,1.6448,1.6504,1.6488,1
4.7911,1.6440,1.6504,1.6480,1
4.7911,1.6464,1.6512,1.6496,1
4.7911,1.6464,1.6512,1.6512,1
4.7911,1.6552,1.6528,1.6528,1
4.7911,1.6536,1.6520,1.6536,1
4.7911,1.6520,1.6528,1.6528,1
4.7911,1.6520,1.6536,1.6520,1
4.7911,1.6512,1.6536,1.6512,1
4.7911,1.6512,1.6544,1.6496,1
4.7911,1.6520,1.6536,1.6480,1
4.7911,1.6512,1.6528,1.6480,1
4.7911,1.6520,1.6512,1.6488,1
4.7911,1.6528,1.6528,1.6488,1
4.7911,1.6375,1.6520,1.6480,1
4.7911,1.6391,1.6520,1.6472,1
4.7911,1.6415,1.6496,1.6496,1
4.7911,1.6423,1.6488,1.6504,1
4.7911,1.6440,1.6472,1.6504,1
4.7911,1.6464,1.6480,1.6512,1
4.7911,1.6496,1.6480,1.6520,1
4.7911,1.6504,1.6504,1.6528,1
4.7911,1.6496,1.6512,1.6512,1
4.7911,1.6488,1.6496,1.6504,1
4.7911,1.6552,1.6496,1.6496,1
4.7911,1.6544,1.6496,1.6504,1
4.7911,1.6536,1.6512,1.6528,1
4.7911,1.6528,1.6496,1.6528,1
4.7911,1.6512,1.6496,1.6512,1
4.7911,1.6504,1.6488,1.6512,1
4.7911,1.6472,1.6504,1.6512,1
4.7911,1.6464,1.6488,1.6504,1
4.7911,1.6472,1.6480,1.6544,1
4.7911,1.6456,1.6488,1.6552,1
4.7911,1.6464,1.6496,1.6536,1
4.7911,1.6488,1.6496,1.6552,1
4.7911,1.6472,1.6504,1.6496,1
4.7911,1.6472,1.6520,1.6504,1
4.7911,1.6472,1.6512,1.6504,1
4.7911,1.6464,1.6504,1.6512,1
4.7911,1.6472,1.6480,1.6528,1
4.7911,1.6472,1.6480,1.6544,1
4.7911,1.6480,1.6488,1.6512,1
4.7911,1.6480,1.6488,1.6496,1
4.7911,1.6488,1.6496,1.6512,1
4.7911,1.6472,1.6512,1.6512,1
4.7911,1.6399,1.6504,1.6520,1
4.7911,1.6415,1.6496,1.6512,1
4.7911,1.6375,1.6496,1.6512,1
4.7911,1.6391,1.6504,1.6496,1
4.7911,1.6383,1.6504,1.6480,1
4.7911,1.6383,1.6496,1.6472,1
4.7911,1.6383,1.6480,1.6464,1
4.7911,1.6391,1.6480,1.6488,1
4.7911,1.6166,1.6464,1.6488,1
4.7911,1.6198,1.6456,1.6480,1
4.7911,1.6311,1.6456,1.6488,1
4.7911,1.6319,1.6472,1.6496,1
4.8388,1.6375,1.6504,1.6488,1
4.8388,1.6375,1.6504,1.6496,1
4.8388,1.6367,1.6496,1.6496,1
4.8388,1.6375,1.6496,1.6496,1
4.8388,1.6367,1.6512,1.6488,1
4.8388,1.6359,1.6512,1.6472,1
4.8388,1.6544,1.6504,1.6472,1
4.8388,1.6512,1.6504,1.6464,1
4.8388,1.6472,1.6504,1.6464,1
4.8388,1.6440,1.6488,1.6480,1
4.8388,1.6415,1.6456,1.6488,1
4.8388,1.6391,1.6432,1.6504,1
4.8388,1.6375,1.6488,1.6496,1
4.8388,1.6359,1.6496,1.6512,1
4.8388,1.6367,1.6480,1.6504,1
4.8388,1.6359,1.6488,1.6496,1
4.8388,1.6391,1.6488,1.6488,1
4.8388,1.6383,1.6488,1.6488,1
4.8388,1.6407,1.6480,1.6496,1
4.8388,1.6407,1.6496,1.6472,1
4.8388,1.6423,1.6504,1.6456,1
4.8388,1.6423,1.6520,1.6456,1
4.8388,1.6423,1.6472,1.6472,1
4.8388,1.6448,1.6488,1.6480,1
4.8388,1.6440,1.6496,1.6488,1
4.8388,1.6432,1.6512,1.6512,1
4.8388,1.6456,1.6528,1.6536,1
4.8388,1.6456,1.6528,1.6528,1
4.8388,1.6440,1.6528,1.6528,1
4.8388,1.6456,1.6512,1.6528,1
4.8388,1.6464,1.6504,1.6544,1
4.8388,1.6472,1.6512,1.6544,1
4.8388,1.6496,1.6520,1.6544,1
4.8388,1.6496,1.6504,1.6544,1
4.8388,1.6520,1.6496,1.6544,1
4.8388,1.6536,1.6496,1.6544,1
4.8388,1.6536,1.6480,1.6536,1
4.8388,1.6536,1.6488,1.6560,1
4.8388,1.6552,1.6504,1.6568,1
4.8388,1.6544,1.6512,1.6593,1
4.8388,1.6552,1.6520,1.6593,1
4.8388,1.6544,1.6520,1.6593,1
4.8388,1.6496,1.6512,1.6601,1
4.8388,1.6496,1.6512,1.6601,1
4.8388,1.6496,1.6504,1.6593,1
4.8388,1.6488,1.6480,1.6560,1
4.8388,1.6472,1.6488,1.6560,1
4.8388,1.6464,1.6480,1.6560,1
4.8388,1.6464,1.6472,1.6568,1
4.8388,1.6472,1.6456,1.6568,1
4.8388,1.6456,1.6448,1.6577,1
4.8388,1.6456,1.6456,1.6577,1
4.8388,1.6496,1.6480,1.6585,1
4.8388,1.6480,1.6488,1.6568,1
4.8388,1.6496,1.6512,1.6585,1
4.8388,1.6496,1.6504,1.6617,1
4.8388,1.6496,1.6504,1.6625,1
4.8388,1.6512,1.6504,1.6633,1
4.8388,1.6512,1.6504,1.6625,1
4.8388,1.6504,1.6512,1.6617,1
4.8388,1.6504,1.6512,1.6609,1
4.8388,1.6504,1.6504,1.6601,1
4.8388,1.6504,1.6488,1.6601,1
4.8388,1.6504,1.6496,1.6593,1
4.8388,1.6488,1.6480,1.6568,1
4.8388,1.6488,1.6488,1.6552,1
4.8388,1.6488,1.6480,1.6552,1
4.8388,1.6504,1.6480,1.6536,1
4.8388,1.6496,1.6472,1.6536,1
4.8388,1.6488,1.6464,1.6520,1
4.8388,1.6496,1.6472,1.6504,1
4.8388,1.6512,1.6456,1.6488,1
4.8388,1.6504,1.6472,1.6480,1
4.8388,1.6512,1.6472,1.6488,1
4.8388,1.6520,1.6464,1.6512,1
4.8388,1.6520,1.6464,1.6520,1
4.8388,1.6520,1.6464,1.6512,1
4.8388,1.6512,1.6472,1.6512,1
4.8388,1.6528,1.6488,1.6504,1
4.8388,1.6536,1.6504,1.6520,1
4.8388,1.6536,1.6504,1.6528,1
4.8388,1.6544,1.6512,1.6520,1
4.8388,1.6544,1.6504,1.6560,1
4.8388,1.6544,1.6488,1.6552,1
4.8388,1.6560,1.6496,1.6528,1
4.8388,1.6552,1.6496,1.6504,1
4.8388,1.6552,1.6496,1.6504,1
4.8388,1.6536,1.6488,1.6504,1
4.8388,1.6528,1.6480,1.6504,1
4.8388,1.6528,1.6472,1.6488,1
4.8388,1.6512,1.6472,1.6496,1
4.8388,1.6504,1.6472,1.6504,1
4.8388,1.6512,1.6464,1.6464,1
4.8388,1.6520,1.6456,1.6480,1
4.8388,1.6520,1.6456,1.6504,1
4.8710,1.6544,1.6464,1.6504,1
4.8710,1.6552,1.6456,1.6512,1
4.8710,1.6560,1.6472,1.6504,1
4.8710,1.6544,1.6464,1.6512,1
4.8710,1.6544,1.6464,1.6520,1
4.8710,1.6552,1.6456,1.6520,1
4.8710,1.6568,1.6464,1.6512,1
4.8710,1.6552,1.6488,1.6520,1
4.8710,1.6552,1.6488,1.6528,1
4.8710,1.6520,1.6496,1.6504,1
4.8710,1.6512,1.6480,1.6504,1
4.8710,1.6496,1.6480,1.6512,1
4.8710,1.6504,1.6496,1.6520,1
4.8710,1.6520,1.6488,1.6528,1
4.8710,1.6528,1.6488,1.6536,1
4.8710,1.6528,1.6488,1.6520,1
4.8710,1.6536,1.6504,1.6536,1
4.8710,1.6528,1.6480,1.6544,1
4.8710,1.6528,1.6472,1.6552,1
4.8710,1.6544,1.6472,1.6520,1
4.8710,1.6544,1.6472,1.6544,1
4.8710,1.6544,1.6464,1.6544,1
4.8710,1.6544,1.6440,1.6560,1
4.8710,1.6544,1.6440,1.6560,1
4.8710,1.6544,1.6448,1.6560,1
4.8710,1.6544,1.6456,1.6577,1
4.8710,1.6520,1.6464,1.6585,1
4.8710,1.6512,1.6496,1.6568,1
4.8710,1.6496,1.6520,1.6560,1
4.8710,1.6472,1.6536,1.6609,1
4.8710,1.6456,1.6560,1.6601,1
4.8710,1.6448,1.6568,1.6585,1
4.8710,1.6440,1.6568,1.6577,1
4.8710,1.6423,1.6577,1.6577,1
4.8710,1.6423,1.6568,1.6577,1
4.8710,1.6415,1.6544,1.6568,1
4.8710,1.6432,1.6520,1.6560,1
4.8710,1.6440,1.6496,1.6568,1
4.8710,1.6464,1.6480,1.6568,1
4.8710,1.6480,1.6464,1.6568,1
4.8710,1.6480,1.6456,1.6552,1
4.8710,1.6504,1.6480,1.6552,1
4.8710,1.6504,1.6488,1.6544,1
4.8710,1.6512,1.6496,1.6552,1
4.8710,1.6512,1.6496,1.6536,1
4.8710,1.6496,1.6512,1.6552,1
4.8710,1.6488,1.6520,1.6544,1
4.8710,1.6496,1.6512,1.6536,1
4.8710,1.6480,1.6512,1.6536,1
4.8710,1.6472,1.6512,1.6528,1
4.8710,1.6488,1.6512,1.6536,1
4.8710,1.6472,1.6480,1.6528,1
4.8710,1.6464,1.6480,1.6536,1
4.8710,1.6464,1.6472,1.6520,1
4.8710,1.6456,1.6480,1.6520,1
4.8710,1.6399,1.6472,1.6512,1
4.8710,1.6423,1.6472,1.6520,1
4.8710,1.6432,1.6472,1.6536,1
4.8710,1.6448,1.6480,1.6528,1
4.8710,1.6456,1.6472,1.6528,1
4.8710,1.6464,1.6472,1.6512,1
4.8710,1.6456,1.6472,1.6528,1
4.8710,1.6472,1.6472,1.6520,1
4.8710,1.6472,1.6464,1.6528,1
4.8710,1.6480,1.6448,1.6520,1
4.8710,1.6544,1.6448,1.6504,1
4.9184,1.6536,1.6440,1.6504,1
4.9184,1.6544,1.6440,1.6488,1
4.9184,1.6536,1.6440,1.6496,1
4.9184,1.6536,1.6440,1.6488,1
4.9184,1.6544,1.6448,1.6480,1
4.9184,1.6552,1.6448,1.6464,1
4.9184,1.6552,1.6448,1.6472,1
4.9184,1.6544,1.6448,1.6480,1
4.9184,1.6544,1.6448,1.6480,1
4.9184,1.6552,1.6448,1.6480,1
4.9184,1.6552,1.6448,1.6456,1
4.9184,1.6536,1.6448,1.6472,1
4.9184,1.6536,1.6440,1.6472,1
4.9184,1.6536,1.6440,1.6472,1
4.9184,1.6512,1.6432,1.6504,1
4.9184,1.6520,1.6423,1.6504,1
4.9184,1.6528,1.6423,1.6496,1
4.9184,1.6536,1.6423,1.6488,1
4.9184,1.6528,1.6432,1.6488,1
4.9184,1.6520,1.6440,1.6488,1
4.9184,1.6520,1.6440,1.6496,1
4.9184,1.6528,1.6440,1.6480,1
4.9184,1.6536,1.6432,1.6464,1
4.9184,1.6536,1.6440,1.6480,1
4.9184,1.6552,1.6448,1.6456,1
4.9184,1.6552,1.6456,1.6472,1
4.9184,1.6552,1.6456,1.6488,1
4.9184,1.6657,1.6464,1.6480,1
4.9184,1.6657,1.6472,1.6480,1
4.9184,1.6641,1.6464,1.6480,1
4.9184,1.6633,1.6472,1.6480,1
4.9184,1.6625,1.6480,1.6480,1
4.9184,1.6617,1.6480,1.6480,1
4.9184,1.6609,1.6480,1.6472,1
4.9184,1.6601,1.6472,1.6464,1
4.9184,1.6601,1.6464,1.6456,1
4.9184,1.6585,1.6464,1.6432,1
4.9184,1.6238,1.6464,1.6432,1
4.9184,1.6270,1.6448,1.6432,1
4.9184,1.6303,1.6440,1.6423,1
4.9184,1.6351,1.6423,1.6423,1
4.9184,1.6343,1.6432,1.6440,1
4.9184,1.6367,1.6440,1.6440,1
4.9184,1.6383,1.6440,1.6456,1
4.9184,1.6399,1.6440,1.6480,1
4.9184,1.6754,1.6448,1.6472,1
4.9184,1.6730,1.6464,1.6480,1
4.9184,1.6931,1.6456,1.6472,1
4.9184,1.6883,1.6472,1.6480,1
4.9184,1.6826,1.6488,1.6472,1
4.9184,1.6778,1.6488,1.6464,1
4.9184,1.6762,1.6488,1.6448,1
4.9184,1.6714,1.6480,1.6440,1
4.9184,1.6689,1.6472,1.6415,1
4.9184,1.6665,1.6496,1.6407,1
4.9184,1.6319,1.6512,1.6415,1
4.9184,1.6351,1.6504,1.6432,1
4.9184,1.6375,1.6504,1.6440,1
4.9184,1.6407,1.6504,1.6440,1
4.9184,1.6440,1.6496,1.6440,1
4.9184,1.6472,1.6512,1.6456,1
4.9184,1.6496,1.6528,1.6464,1
4.9184,1.6536,1.6544,1.6464,1
4.9184,1.6552,1.6544,1.6472,1
4.9184,1.6568,1.6520,1.6456,1
4.9184,1.6568,1.6520,1.6456,1
4.9184,1.6577,1.6512,1.6440,1
4.9184,1.6585,1.6512,1.6440,1
4.9184,1.6585,1.6512,1.6448,1
4.9184,1.6601,1.6520,1.6456,1
4.9184,1.6593,1.6504,1.6448,1
4.9184,1.6601,1.6512,1.6456,1
4.9184,1.6593,1.6496,1.6456,1
4.9184,1.6585,1.6512,1.6456,1
4.9184,1.6577,1.6544,1.6456,1
4.9184,1.6560,1.6544,1.6480,1
4.9184,1.6560,1.6568,1.6496,1
4.9184,1.6560,1.6593,1.6504,1
4.9184,1.6560,1.6609,1.6512,1
4.9184,1.6552,1.6617,1.6512,1
4.9184,1.6536,1.6633,1.6504,1
4.9184,1.6520,1.6601,1.6520,1
4.9184,1.6512,1.6609,1.6512,1
4.9184,1.6496,1.6609,1.6504,1
4.9184,1.6496,1.6585,1.6504,1
4.9184,1.6496,1.6568,1.6488,1
4.9184,1.6480,1.6577,1.6472,1
4.9184,1.6480,1.6552,1.6464,1
4.9184,1.6472,1.6536,1.6464,1
4.9184,1.6472,1.6528,1.6456,1
4.9184,1.6472,1.6536,1.6464,1
4.9184,1.6472,1.6568,1.6456,1
4.9184,1.6464,1.6568,1.6456,1
4.9184,1.6472,1.6560,1.6464,1
4.9661,1.6464,1.6577,1.6472,1
4.9661,1.6472,1.6577,1.6480,1
4.9661,1.6480,1.6577,1.6504,1
4.9661,1.6480,1.6577,1.6512,1
4.9661,1.6480,1.6585,1.6504,1
4.9661,1.6448,1.6593,1.6520,1
4.9661,1.6440,1.6585,1.6528,1
4.9661,1.6448,1.6585,1.6520,1
4.9661,1.6464,1.6585,1.6520,1
4.9661,1.6464,1.6585,1.6520,1
4.9661,1.6464,1.6560,1.6512,1
4.9661,1.6488,1.6577,1.6512,1
4.9661,1.6488,1.6577,1.6488,1
4.9661,1.6472,1.6585,1.6496,1
4.9661,1.6480,1.6593,1.6488,1
4.9661,1.6504,1.6585,1.6488,1
4.9661,1.6512,1.6568,1.6488,1
4.9661,1.6520,1.6552,1.6488,1
4.9661,1.6504,1.6560,1.6488,1
4.9661,1.6512,1.6552,1.6496,1
4.9661,1.6520,1.6585,1.6512,1
4.9661,1.6488,1.6552,1.6512,1
4.9661,1.6496,1.6552,1.6512,1
4.9661,1.6520,1.6560,1.6480,1
4.9661,1.6504,1.6560,1.6472,1
4.9661,1.6504,1.6568,1.6464,1
4.9661,1.6496,1.6560,1.6456,1
4.9661,1.6488,1.6568,1.6456,1
4.9661,1.6480,1.6568,1.6480,1
4.9661,1.6472,1.6593,1.6488,1
4.9661,1.6472,1.6568,1.6488,1
4.9661,1.6472,1.6601,1.6488,1
4.9661,1.6480,1.6601,1.6488,1
4.9661,1.6456,1.6601,1.6512,1
4.9661,1.6464,1.6601,1.6520,1
4.9661,1.6367,1.6609,1.6512,1
4.9661,1.6391,1.6609,1.6512,1
4.9661,1.6415,1.6625,1.6520,1
4.9661,1.6415,1.6617,1.6488,1
4.9661,1.6432,1.6609,1.6480,1
4.9661,1.6432,1.6609,1.6464,1
4.9661,1.6448,1.6609,1.6464,1
4.9661,1.6440,1.6601,1.6464,1
4.9661,1.6440,1.6601,1.6448,1
4.9661,1.6423,1.6593,1.6448,1
4.9661,1.6520,1.6593,1.6456,1
4.9661,1.6496,1.6609,1.6456,1
4.9661,1.6480,1.6609,1.6472,1
4.9661,1.6488,1.6617,1.6480,1
4.9661,1.6480,1.6609,1.6496,1
4.9661,1.6464,1.6609,1.6504,1
4.9661,1.6448,1.6601,1.6496,1
4.9661,1.6456,1.6601,1.6496,1
4.9661,1.6448,1.6568,1.6512,1
4.9661,1.6480,1.6560,1.6504,1
4.9661,1.6472,1.6560,1.6504,1
4.9661,1.6472,1.6568,1.6512,1
4.9661,1.6472,1.6552,1.6504,1
4.9661,1.6456,1.6552,1.6504,1
4.9661,1.6488,1.6560,1.6496,1
4.9661,1.6496,1.6577,1.6480,1
4.9661,1.6512,1.6585,1.6488,1
4.9661,1.6496,1.6585,1.6480,1
4.9661,1.6488,1.6617,1.6464,1
4.9661,1.6480,1.6633,1.6472,1
4.9661,1.6472,1.6625,1.6472,1
4.9661,1.6480,1.6601,1.6456,1
4.9661,1.6432,1.6601,1.6456,1
4.9661,1.6440,1.6585,1.6456,1
4.9661,1.6423,1.6585,1.6464,1
4.9661,1.6432,1.6577,1.6472,1
4.9661,1.6440,1.6560,1.6456,1
4.9661,1.6456,1.6544,1.6464,1
4.9661,1.6480,1.6536,1.6472,1
4.9661,1.6480,1.6544,1.6520,1
4.9661,1.6512,1.6544,1.6528,1
4.9661,1.6520,1.6552,1.6528,1
4.9661,1.6560,1.6568,1.6536,1
4.9661,1.6568,1.6585,1.6544,1
4.9661,1.6568,1.6585,1.6544,1
4.9661,1.6568,1.6617,1.6536,1
4.9661,1.6520,1.6617,1.6536,1
4.9661,1.6528,1.6657,1.6528,1
4.9661,1.6512,1.6657,1.6536,1
4.9661,1.6520,1.6649,1.6496,1
4.9661,1.6440,1.6625,1.6480,1
4.9661,1.6423,1.6641,1.6480,1
4.9661,1.6440,1.6633,1.6464,1
4.9661,1.6432,1.6609,1.6456,1
4.9661,1.6415,1.6601,1.6456,1
4.9661,1.6415,1.6552,1.6480,1
4.9661,1.6440,1.6568,1.6488,1
4.9661,1.6432,1.6552,1.6496,1
4.9661,1.6448,1.6544,1.6480,1
4.9661,1.6432,1.6552,1.6496,1
5.0136,1.6552,1.6577,1.6520,1
5.0136,1.6568,1.6560,1.6520,1
5.0136,1.6560,1.6568,1.6520,1
5.0136,1.6552,1.6577,1.6528,1
5.0136,1.6544,1.6585,1.6520,1
5.0136,1.6536,1.6593,1.6504,1
5.0136,1.6536,1.6577,1.6504,1
5.0136,1.6528,1.6577,1.6504,1
5.0136,1.6577,1.6593,1.6528,1
5.0136,1.6568,1.6593,1.6528,1
5.0136,1.6504,1.6593,1.6504,1
5.0136,1.6488,1.6609,1.6512,1
5.0136,1.6496,1.6617,1.6528,1
5.0136,1.6504,1.6625,1.6520,1
5.0136,1.6496,1.6609,1.6520,1
5.0136,1.6504,1.6593,1.6520,1
5.0136,1.6512,1.6585,1.6512,1
5.0136,1.6520,1.6568,1.6512,1
5.0136,1.6480,1.6560,1.6512,1
5.0136,1.6496,1.6544,1.6496,1
5.0136,1.6488,1.6536,1.6496,1
5.0136,1.6504,1.6520,1.6488,1
5.0136,1.6520,1.6512,1.6488,1
5.0136,1.6528,1.6496,1.6528,1
5.0136,1.6544,1.6512,1.6544,1
5.0136,1.6552,1.6536,1.6536,1
5.0136,1.6544,1.6536,1.6536,1
5.0136,1.6544,1.6528,1.6520,1
5.0136,1.6512,1.6528,1.6496,1
5.0136,1.6520,1.6528,1.6512,1
5.0136,1.6528,1.6520,1.6504,1
5.0136,1.6536,1.6528,1.6504,1
5.0136,1.6528,1.6512,1.6488,1
5.0136,1.6520,1.6504,1.6440,1
5.0136,1.6504,1.6496,1.6432,1
5.0136,1.6512,1.6504,1.6456,1
5.0136,1.6512,1.6496,1.6464,1
5.0136,1.6512,1.6520,1.6464,1
5.0136,1.6512,1.6512,1.6472,1
5.0136,1.6504,1.6504,1.6480,1
5.0136,1.6496,1.6512,1.6488,1
5.0136,1.6480,1.6520,1.6488,1
5.0136,1.6464,1.6512,1.6488,1
5.0136,1.6464,1.6520,1.6488,1
5.0136,1.6464,1.6528,1.6504,1
5.0136,1.6464,1.6520,1.6480,1
5.0136,1.6464,1.6536,1.6472,1
5.0136,1.6456,1.6512,1.6472,1
5.0136,1.6464,1.6520,1.6472,1
5.0136,1.6456,1.6520,1.6456,1
5.0136,1.6472,1.6504,1.6472,1
5.0136,1.6472,1.6504,1.6464,1
5.0136,1.6440,1.6528,1.6456,1
5.0136,1.6432,1.6544,1.6456,1
5.0136,1.6432,1.6528,1.6432,1
5.0136,1.6440,1.6512,1.6432,1
5.0136,1.6391,1.6496,1.6440,1
5.0136,1.6391,1.6496,1.6432,1
5.0136,1.6407,1.6488,1.6440,1
5.0136,1.6415,1.6504,1.6432,1
5.0136,1.6423,1.6528,1.6423,1
5.0136,1.6432,1.6520,1.6423,1
5.0136,1.6472,1.6520,1.6423,1
5.0136,1.6488,1.6520,1.6432,1
5.0136,1.6512,1.6536,1.6448,1
5.0136,1.6496,1.6536,1.6456,1
5.0136,1.6536,1.6536,1.6448,1
5.0136,1.6520,1.6544,1.6472,1
5.0136,1.6504,1.6536,1.6464,1
5.0136,1.6512,1.6520,1.6472,1
5.0136,1.6480,1.6504,1.6464,1
5.0136,1.6472,1.6504,1.6464,1
5.0136,1.6448,1.6504,1.6464,1
5.0136,1.6440,1.6504,1.6456,1
5.0136,1.6399,1.6496,1.6440,1
5.0136,1.6407,1.6504,1.6423,1
5.0136,1.6383,1.6528,1.6423,1
5.0136,1.6415,1.6544,1.6415,1
5.0136,1.6415,1.6560,1.6415,1
5.0136,1.6407,1.6568,1.6423,1
5.0136,1.6415,1.6577,1.6423,1
5.0136,1.6415,1.6577,1.6440,1
5.0136,1.6440,1.6560,1.6456,1
5.0136,1.6440,1.6560,1.6464,1
5.0136,1.6456,1.6568,1.6464,1
5.0136,1.6456,1.6577,1.6472,1
5.0136,1.6488,1.6568,1.6488,1
5.0136,1.6464,1.6560,1.6480,1
5.0136,1.6472,1.6568,1.6488,1
5.0136,1.6472,1.6560,1.6480,1
5.0136,1.6480,1.6560,1.6480,1
5.0136,1.6480,1.6552,1.6464,1
5.0136,1.6496,1.6560,1.6440,1
5.0136,1.6488,1.6568,1.6440,1
5.0136,1.6480,1.6560,1.6440,1
5.0608,1.6488,1.6568,1.6456,1
5.0608,1.6472,1.6568,1.6440,1
5.0608,1.6464,1.6552,1.6440,1
5.0608,1.6448,1.6536,1.6440,1
5.0608,1.6448,1.6536,1.6448,1
5.0608,1.6448,1.6528,1.6456,1
5.0608,1.6448,1.6536,1.6472,1
5.0608,1.6440,1.6544,1.6480,1
5.0608,1.6432,1.6544,1.6496,1
5.0608,1.6407,1.6560,1.6496,1
5.0608,1.6407,1.6552,1.6480,1
5.0608,1.6415,1.6552,1.6480,1
5.0608,1.6423,1.6552,1.6480,1
5.0608,1.6448,1.6585,1.6496,1
5.0608,1.6456,1.6585,1.6496,1
5.0608,1.6448,1.6601,1.6488,1
5.0608,1.6456,1.6593,1.6480,1
5.0608,1.6423,1.6585,1.6472,1
5.0608,1.6423,1.6577,1.6456,1
5.0608,1.6448,1.6552,1.6464,1
5.0608,1.6464,1.6544,1.6464,1
5.0608,1.6448,1.6528,1.6464,1
5.0608,1.6448,1.6536,1.6472,1
5.0608,1.6440,1.6512,1.6464,1
5.0608,1.6432,1.6504,1.6456,1
5.0608,1.6456,1.6496,1.6472,1
5.0608,1.6448,1.6496,1.6472,1
5.0608,1.6472,1.6488,1.6488,1
5.0608,1.6472,1.6480,1.6504,1
5.0608,1.6464,1.6480,1.6496,1
5.0608,1.6448,1.6496,1.6496,1
5.0608,1.6440,1.6512,1.6496,1
5.0608,1.6440,1.6504,1.6488,1
5.0608,1.6432,1.6496,1.6480,1
5.0608,1.6423,1.6496,1.6480,1
5.0608,1.6391,1.6488,1.6480,1
5.0608,1.6399,1.6504,1.6480,1
5.0608,1.6415,1.6512,1.6472,1
5.0608,1.6415,1.6504,1.6464,1
5.0608,1.6415,1.6496,1.6472,1
5.0608,1.6415,1.6488,1.6472,1
5.0608,1.6423,1.6472,1.6488,1
5.0608,1.6423,1.6472,1.6496,1
5.0608,1.6423,1.6472,1.6496,1
5.0608,1.6448,1.6488,1.6512,1
5.0608,1.6472,1.6496,1.6512,1
5.0608,1.6456,1.6488,1.6504,1
5.0608,1.6440,1.6488,1.6504,1
5.0608,1.6448,1.6504,1.6504,1
5.0608,1.6456,1.6528,1.6496,1
5.0608,1.6472,1.6520,1.6496,1
5.0608,1.6480,1.6536,1.6504,1
5.0608,1.6480,1.6528,1.6504,1
5.0608,1.6480,1.6544,1.6520,1
5.0608,1.6472,1.6544,1.6520,1
5.0608,1.6456,1.6544,1.6520,1
5.0608,1.6456,1.6536,1.6544,1
5.0608,1.6456,1.6536,1.6560,1
5.0608,1.6448,1.6504,1.6552,1
5.0608,1.6432,1.6488,1.6577,1
5.0608,1.6440,1.6496,1.6593,1
5.0608,1.6423,1.6488,1.6560,1
5.0608,1.6440,1.6496,1.6568,1
5.0608,1.6440,1.6496,1.6552,1
5.0608,1.6448,1.6504,1.6552,1
5.0608,1.6448,1.6504,1.6552,1
5.0608,1.6456,1.6520,1.6552,1
5.0608,1.6440,1.6536,1.6560,1
5.0608,1.6464,1.6568,1.6544,1
5.0608,1.6480,1.6577,1.6544,1
5.0608,1.6464,1.6577,1.6552,1
5.0608,1.6472,1.6585,1.6552,1
5.0608,1.6480,1.6585,1.6560,1
5.0608,1.6480,1.6577,1.6577,1
5.0608,1.6480,1.6577,1.6585,1
5.0608,1.6464,1.6577,1.6577,1
5.0608,1.6472,1.6577,1.6577,1
5.0608,1.6480,1.6560,1.6568,1
5.0608,1.6464,1.6552,1.6568,1
5.0608,1.6456,1.6544,1.6552,1
5.0608,1.6456,1.6544,1.6560,1
5.0608,1.6456,1.6536,1.6577,1
5.0608,1.6456,1.6528,1.6552,1
5.0608,1.6456,1.6528,1.6560,1
5.0608,1.6448,1.6536,1.6528,1
5.0608,1.6472,1.6520,1.6528,1
5.0608,1.6456,1.6520,1.6512,1
5.0608,1.6464,1.6528,1.6504,1
5.0608,1.6464,1.6528,1.6504,1
5.0608,1.6440,1.6536,1.6512,1
5.0608,1.6448,1.6536,1.6512,1
5.0608,1.6222,1.6536,1.6488,1
5.0608,1.6238,1.6544,1.6504,1
5.0608,1.6254,1.6544,1.6480,1
5.1076,1.6270,1.6528,1.6488,1
5.1076,1.6270,1.6528,1.6488,1
5.1076,1.6303,1.6520,1.6496,1
5.1076,1.6303,1.6520,1.6488,1
5.1076,1.6319,1.6520,1.6488,1
5.1076,1.6343,1.6528,1.6480,1
5.1076,1.6351,1.6528,1.6472,1
5.1076,1.6568,1.6536,1.6472,1
5.1076,1.6544,1.6520,1.6464,1
5.1076,1.6520,1.6520,1.6488,1
5.1076,1.6488,1.6536,1.6504,1
5.1076,1.6504,1.6544,1.6512,1
5.1076,1.6480,1.6544,1.6496,1
5.1076,1.6448,1.6560,1.6496,1
5.1076,1.6423,1.6552,1.6496,1
5.1076,1.6423,1.6552,1.6512,1
5.1076,1.6407,1.6560,1.6520,1
5.1076,1.6399,1.6560,1.6520,1
5.1076,1.6399,1.6577,1.6520,1
5.1076,1.6399,1.6593,1.6504,1
5.1076,1.6407,1.6577,1.6496,1
5.1076,1.6375,1.6560,1.6480,1
5.1076,1.6383,1.6568,1.6488,1
5.1076,1.6399,1.6568,1.6480,1
5.1076,1.6415,1.6560,1.6488,1
5.1076,1.6423,1.6560,1.6480,1
5.1076,1.6440,1.6560,1.6472,1
5.1076,1.6456,1.6544,1.6472,1
5.1076,1.6472,1.6536,1.6472,1
5.1076,1.6504,1.6520,1.6472,1
5.1076,1.6512,1.6520,1.6480,1
5.1076,1.6528,1.6520,1.6488,1
5.1076,1.6536,1.6528,1.6496,1
5.1076,1.6520,1.6528,1.6512,1
5.1076,1.6536,1.6536,1.6512,1
5.1076,1.6536,1.6536,1.6520,1
5.1076,1.6520,1.6536,1.6520,1
5.1076,1.6472,1.6544,1.6520,1
5.1076,1.6464,1.6544,1.6528,1
5.1076,1.6456,1.6544,1.6536,1
5.1076,1.6448,1.6560,1.6512,1
5.1076,1.6448,1.6585,1.6512,1
5.1076,1.6448,1.6585,1.6520,1
5.1076,1.6440,1.6568,1.6520,1
5.1076,1.6456,1.6560,1.6512,1
5.1076,1.6464,1.6568,1.6512,1
5.1076,1.6480,1.6560,1.6520,1
5.1076,1.6528,1.6568,1.6528,1
5.1076,1.6520,1.6568,1.6496,1
5.1076,1.6488,1.6577,1.6488,1
5.1076,1.6480,1.6568,1.6488,1
5.1076,1.6480,1.6536,1.6504,1
5.1076,1.6472,1.6528,1.6496,1
5.1076,1.6488,1.6520,1.6496,1
5.1076,1.6456,1.6520,1.6496,1
5.1076,1.6456,1.6496,1.6488,1
5.1076,1.6440,1.6496,1.6496,1
5.1076,1.6423,1.6480,1.6504,1
5.1076,1.6415,1.6472,1.6520,1
5.1076,1.6456,1.6472,1.6528,1
5.1076,1.6464,1.6480,1.6528,1
5.1076,1.6464,1.6488,1.6512,1
5.1076,1.6456,1.6496,1.6504,1
5.1076,1.6464,1.6504,1.6520,1
5.1076,1.6472,1.6520,1.6544,1
5.1076,1.6440,1.6544,1.6544,1
5.1076,1.6440,1.6552,1.6536,1
5.1076,1.6432,1.6568,1.6520,1
5.1076,1.6440,1.6593,1.6528,1
5.1076,1.6423,1.6593,1.6536,1
5.1076,1.6440,1.6585,1.6552,1
5.1076,1.6448,1.6601,1.6568,1
5.1076,1.6456,1.6585,1.6568,1
5.1076,1.6448,1.6593,1.6560,1
5.1076,1.6440,1.6585,1.6560,1
5.1076,1.6480,1.6577,1.6544,1
5.1076,1.6480,1.6577,1.6536,1
5.1076,1.6488,1.6544,1.6536,1
5.1076,1.6504,1.6528,1.6528,1
5.1076,1.6512,1.6528,1.6520,1
5.1076,1.6512,1.6520,1.6528,1
5.1076,1.6504,1.6520,1.6504,1
5.1076,1.6496,1.6544,1.6504,1
5.1076,1.6504,1.6528,1.6496,1
5.1076,1.6512,1.6536,1.6480,1
5.1076,1.6504,1.6528,1.6504,1
5.1076,1.6536,1.6544,1.6520,1
5.1076,1.6472,1.6577,1.6536,1
5.1076,1.6472,1.6577,1.6544,1
5.1076,1.6456,1.6577,1.6552,1
5.1076,1.6448,1.6593,1.6536,1
5.1076,1.6464,1.6585,1.6544,1
5.1076,1.6472,1.6560,1.6552,1
5.1076,1.6464,1.6560,1.6568,1
5.1551,1.6464,1.6536,1.6560,1
5.1551,1.6448,1.6528,1.6544,1
5.1551,1.6448,1.6512,1.6528,1
5.1551,1.6456,1.6504,1.6512,1
5.1551,1.6440,1.6496,1.6512,1
5.1551,1.6440,1.6496,1.6496,1
5.1551,1.6448,1.6504,1.6496,1
5.1551,1.6432,1.6488,1.6488,1
5.1551,1.6440,1.6512,1.6472,1
5.1551,1.6440,1.6520,1.6456,1
5.1551,1.6448,1.6512,1.6464,1
5.1551,1.6440,1.6496,1.6464,1
5.1551,1.6423,1.6496,1.6472,1
5.1551,1.6480,1.6504,1.6480,1
5.1551,1.6480,1.6504,1.6488,1
5.1551,1.6488,1.6512,1.6488,1
5.1551,1.6496,1.6504,1.6504,1
5.1551,1.6480,1.6504,1.6504,1
5.1551,1.6480,1.6480,1.6504,1
5.1551,1.6480,1.6480,1.6512,1
5.1551,1.6472,1.6480,1.6512,1
5.1551,1.6464,1.6496,1.6504,1
5.1551,1.6456,1.6512,1.6512,1
5.1551,1.6464,1.6496,1.6488,1
5.1551,1.6464,1.6512,1.6488,1
5.1551,1.6456,1.6496,1.6488,1
5.1551,1.6456,1.6472,1.6472,1
5.1551,1.6480,1.6472,1.6488,1
5.1551,1.6472,1.6464,1.6488,1
5.1551,1.6423,1.6464,1.6472,1
5.1551,1.6440,1.6464,1.6488,1
5.1551,1.6480,1.6480,1.6496,1
5.1551,1.6488,1.6456,1.6496,1
5.1551,1.6488,1.6456,1.6504,1
5.1551,1.6488,1.6432,1.6504,1
5.1551,1.6496,1.6440,1.6520,1
5.1551,1.6488,1.6448,1.6520,1
5.1551,1.6480,1.6472,1.6496,1
5.1551,1.6480,1.6480,1.6512,1
5.1551,1.6520,1.6480,1.6528,1
5.1551,1.6520,1.6496,1.6536,1
5.1551,1.6504,1.6504,1.6544,1
5.1551,1.6496,1.6504,1.6536,1
5.1551,1.6496,1.6512,1.6544,1
5.1551,1.6504,1.6528,1.6544,1
5.1551,1.6504,1.6536,1.6528,1
5.1551,1.6504,1.6520,1.6496,1
5.1551,1.6504,1.6488,1.6512,1
5.1551,1.6512,1.6488,1.6512,1
5.1551,1.6528,1.6472,1.6520,1
5.1551,1.6520,1.6456,1.6504,1
5.1551,1.6641,1.6448,1.6480,1
5.1551,1.6633,1.6456,1.6496,1
5.1551,1.6641,1.6448,1.6480,1
5.1551,1.6633,1.6488,1.6488,1
5.1551,1.6617,1.6472,1.6504,1
5.1551,1.6601,1.6472,1.6544,1
5.1551,1.6593,1.6480,1.6552,1
5.1551,1.6577,1.6480,1.6560,1
5.1551,1.6585,1.6480,1.6552,1
5.1551,1.6601,1.6472,1.6568,1
5.1551,1.6480,1.6464,1.6585,1
5.1551,1.6488,1.6472,1.6577,1
5.1551,1.6496,1.6480,1.6593,1
5.1551,1.6504,1.6440,1.6560,1
5.1551,1.6528,1.6440,1.6577,1
5.1551,1.6544,1.6440,1.6577,1
5.1551,1.6568,1.6448,1.6544,1
5.1551,1.6568,1.6456,1.6536,1
5.1551,1.6488,1.6464,1.6544,1
5.1551,1.6488,1.6472,1.6544,1
5.1551,1.6496,1.6464,1.6544,1
5.1551,1.6512,1.6472,1.6536,1
5.1551,1.6456,1.6472,1.6544,1
5.1551,1.6456,1.6464,1.6568,1
5.1551,1.6456,1.6464,1.6568,1
5.1551,1.6472,1.6480,1.6568,1
5.1551,1.6472,1.6488,1.6601,1
5.1551,1.6488,1.6480,1.6593,1
5.1551,1.6552,1.6480,1.6585,1
5.1551,1.6536,1.6456,1.6585,1
5.1551,1.6528,1.6464,1.6601,1
5.1551,1.6512,1.6456,1.6601,1
5.1551,1.6568,1.6456,1.6585,1
5.1551,1.6552,1.6456,1.6593,1
5.1551,1.6536,1.6456,1.6601,1
5.1551,1.6528,1.6448,1.6601,1
5.1551,1.6504,1.6448,1.6585,1
5.1551,1.6480,1.6456,1.6568,1
5.1551,1.6480,1.6456,1.6577,1
5.1551,1.6472,1.6464,1.6585,1
5.1551,1.6456,1.6464,1.6560,1
5.1551,1.6440,1.6472,1.6568,1
5.1551,1.6432,1.6480,1.6585,1
5.1551,1.6440,1.6480,1.6585,1
5.2026,1.6335,1.6472,1.6577,1
5.2026,1.6343,1.6464,1.6585,1
5.2026,1.6359,1.6456,1.6601,1
5.2026,1.6383,1.6464,1.6609,1
5.2026,1.6399,1.6464,1.6593,1
5.2026,1.6415,1.6472,1.6568,1
5.2026,1.6432,1.6480,1.6593,1
5.2026,1.6448,1.6488,1.6585,1
5.2026,1.6448,1.6488,1.6577,1
5.2026,1.6448,1.6472,1.6577,1
5.2026,1.6528,1.6496,1.6568,1
5.2026,1.6520,1.6496,1.6568,1
5.2026,1.6504,1.6496,1.6568,1
5.2026,1.6496,1.6496,1.6568,1
5.2026,1.6504,1.6488,1.6593,1
5.2031,1.6488,1.6496,1.6609,1
5.2031,1.6480,1.6480,1.6593,1
5.2031,1.6472,1.6472,1.6601,1
5.2031,1.6472,1.6464,1.6593,1
5.2031,1.6464,1.6472,1.6593,1
5.2031,1.6464,1.6456,1.6593,1
5.2031,1.6472,1.6456,1.6585,1
5.2031,1.6480,1.6448,1.6577,1
5.2031,1.6464,1.6464,1.6577,1
5.2031,1.6456,1.6480,1.6585,1
5.2031,1.6456,1.6472,1.6585,1
5.2031,1.6456,1.6480,1.6577,1
5.2031,1.6456,1.6496,1.6577,1
5.2031,1.6448,1.6488,1.6560,1
5.2031,1.6448,1.6504,1.6560,1
5.2031,1.6464,1.6504,1.6552,1
5.2031,1.6456,1.6520,1.6560,1
5.2031,1.6448,1.6520,1.6568,1
5.2031,1.6464,1.6520,1.6577,1
5.2031,1.6464,1.6512,1.6577,1
5.2031,1.6480,1.6520,1.6593,1
5.2031,1.6480,1.6512,1.6601,1
5.2031,1.6472,1.6520,1.6585,1
5.2031,1.6472,1.6512,1.6601,1
5.2031,1.6472,1.6504,1.6593,1
5.2031,1.6480,1.6552,1.6593,1
5.2031,1.6480,1.6536,1.6577,1
5.2031,1.6480,1.6552,1.6568,1
5.2031,1.6472,1.6536,1.6552,1
5.2031,1.6464,1.6544,1.6552,1
5.2031,1.6464,1.6536,1.6544,1
5.2031,1.6488,1.6536,1.6528,1
5.2031,1.6496,1.6512,1.6536,1
5.2031,1.6520,1.6528,1.6528,1
5.2031,1.6520,1.6520,1.6536,1
5.2031,1.6512,1.6488,1.6552,1
5.2031,1.6504,1.6488,1.6552,1
5.2031,1.6480,1.6496,1.6552,1
5.2031,1.6488,1.6520,1.6560,1
5.2031,1.6488,1.6528,1.6536,1
5.2031,1.6488,1.6536,1.6528,1
5.2031,1.6472,1.6544,1.6536,1
5.2031,1.6472,1.6552,1.6544,1
5.2031,1.6464,1.6544,1.6552,1
5.2031,1.6464,1.6544,1.6544,1
5.2031,1.6488,1.6560,1.6544,1
5.2031,1.6496,1.6560,1.6552,1
5.2031,1.6512,1.6552,1.6552,1
5.2031,1.6520,1.6528,1.6544,1
5.2031,1.6504,1.6528,1.6552,1
5.2031,1.6488,1.6520,1.6544,1
5.2031,1.6480,1.6520,1.6536,1
5.2031,1.6464,1.6528,1.6536,1
5.2031,1.6464,1.6528,1.6536,1
5.2031,1.6464,1.6544,1.6544,1
5.2031,1.6440,1.6512,1.6528,1
5.2031,1.6448,1.6504,1.6536,1
5.2031,1.6448,1.6488,1.6520,1
5.2031,1.6440,1.6504,1.6528,1
5.2031,1.6448,1.6488,1.6528,1
5.2031,1.6464,1.6488,1.6520,1
5.2031,1.6472,1.6488,1.6536,1
5.2031,1.6480,1.6480,1.6536,1
5.2031,1.6488,1.6480,1.6536,1
5.2031,1.6496,1.6480,1.6528,1
5.2031,1.6504,1.6480,1.6520,1
5.2031,1.6504,1.6488,1.6512,1
5.2031,1.6512,1.6496,1.6536,1
5.2031,1.6520,1.6480,1.6528,1
5.2031,1.6512,1.6480,1.6552,1
5.2031,1.6512,1.6488,1.6544,1
5.2031,1.6496,1.6488,1.6536,1
5.2031,1.6512,1.6480,1.6544,1
5.2031,1.6504,1.6472,1.6544,1
5.2031,1.6504,1.6464,1.6536,1
5.2031,1.6496,1.6480,1.6544,1
5.2031,1.6488,1.6488,1.6544,1
5.2031,1.6496,1.6480,1.6520,1
5.2031,1.6504,1.6472,1.6504,1
5.2031,1.6512,1.6488,1.6480,1
5.2491,1.6512,1.6480,1.6480,1
5.2491,1.6528,1.6472,1.6480,1
5.2491,1.6512,1.6480,1.6456,1
5.2491,1.6520,1.6480,1.6440,1
5.2491,1.6536,1.6480,1.6440,1
5.2491,1.6528,1.6480,1.6440,1
5.2491,1.6536,1.6464,1.6456,1
5.2491,1.6512,1.6464,1.6472,1
5.2491,1.6512,1.6464,1.6480,1
5.2491,1.6512,1.6448,1.6480,1
5.2491,1.6512,1.6456,1.6480,1
5.2491,1.6504,1.6456,1.6488,1
5.2491,1.6504,1.6456,1.6488,1
5.2491,1.6512,1.6464,1.6488,1
5.2491,1.6512,1.6464,1.6496,1
5.2491,1.6536,1.6456,1.6488,1
5.2491,1.6528,1.6464,1.6464,1
5.2491,1.6544,1.6472,1.6464,1
5.2491,1.6544,1.6472,1.6480,1
5.2491,1.6536,1.6472,1.6480,1
5.2491,1.6536,1.6480,1.6488,1
5.2491,1.6544,1.6496,1.6480,1
5.2491,1.6544,1.6512,1.6488,1
5.2491,1.6536,1.6504,1.6488,1
5.2491,1.6528,1.6496,1.6496,1
5.2491,1.6520,1.6496,1.6496,1
5.2491,1.6520,1.6496,1.6504,1
5.2491,1.6520,1.6496,1.6488,1
5.2491,1.6512,1.6488,1.6472,1
5.2491,1.6456,1.6496,1.6472,1
5.2491,1.6480,1.6480,1.6464,1
5.2491,1.6448,1.6472,1.6448,1
5.2491,1.6440,1.6456,1.6464,1
5.2491,1.6448,1.6464,1.6464,1
5.2491,1.6464,1.6488,1.6456,1
5.2491,1.6456,1.6480,1.6456,1
5.2491,1.6464,1.6480,1.6472,1
5.2491,1.6480,1.6480,1.6488,1
5.2491,1.6480,1.6464,1.6496,1
5.2491,1.6528,1.6464,1.6512,1
5.2491,1.6512,1.6480,1.6528,1
5.2491,1.6536,1.6472,1.6544,1
5.2491,1.6544,1.6464,1.6536,1
5.2491,1.6552,1.6464,1.6536,1
5.2491,1.6544,1.6456,1.6528,1
5.2491,1.6536,1.6448,1.6544,1
5.2491,1.6528,1.6448,1.6520,1
5.2491,1.6504,1.6464,1.6520,1
5.2491,1.6504,1.6472,1.6528,1
5.2491,1.6512,1.6464,1.6504,1
5.2491,1.6512,1.6464,1.6488,1
5.2491,1.6512,1.6472,1.6480,1
5.2491,1.6496,1.6480,1.6464,1
5.2491,1.6496,1.6488,1.6480,1
5.2491,1.6480,1.6504,1.6480,1
5.2491,1.6472,1.6512,1.6472,1
5.2491,1.6472,1.6520,1.6496,1
5.2491,1.6456,1.6512,1.6480,1
5.2491,1.6472,1.6520,1.6472,1
5.2491,1.6464,1.6520,1.6480,1
5.2491,1.6464,1.6528,1.6488,1
5.2491,1.6464,1.6512,1.6504,1
5.2491,1.6472,1.6512,1.6504,1
5.2491,1.6496,1.6504,1.6512,1
5.2491,1.6504,1.6488,1.6528,1
5.2491,1.6512,1.6488,1.6536,1
5.2491,1.6512,1.6480,1.6528,1
5.2491,1.6536,1.6472,1.6528,1
5.2491,1.6528,1.6448,1.6520,1
5.2491,1.6504,1.6456,1.6528,1
5.2491,1.6504,1.6440,1.6536,1
5.2491,1.6512,1.6448,1.6520,1
5.2491,1.6520,1.6440,1.6536,1
5.2501,1.6496,1.6440,1.6520,1
5.2501,1.6488,1.6448,1.6496,1
5.2501,1.6520,1.6456,1.6488,1
5.2501,1.6512,1.6472,1.6472,1
5.2501,1.6512,1.6480,1.6464,1
5.2501,1.6504,1.6488,1.6472,1
5.2501,1.6512,1.6488,1.6464,1
5.2501,1.6512,1.6496,1.6464,1
5.2501,1.6496,1.6504,1.6464,1
5.2501,1.6496,1.6504,1.6456,1
5.2501,1.6488,1.6512,1.6464,1
5.2501,1.6512,1.6504,1.6472,1
5.2501,1.6480,1.6496,1.6472,1
5.2501,1.6496,1.6480,1.6480,1
5.2501,1.6488,1.6480,1.6480,1
5.2501,1.6496,1.6480,1.6488,1
5.2501,1.6512,1.6480,1.6480,1
5.2501,1.6512,1.6456,1.6464,1
5.2501,1.6504,1.6440,1.6480,1
5.2501,1.6512,1.6448,1.6488,1
5.2976,1.6504,1.6432,1.6496,1
5.2976,1.6504,1.6432,1.6488,1
5.2976,1.6504,1.6423,1.6488,1
5.2976,1.6504,1.6440,1.6488,1
5.2976,1.6512,1.6440,1.6480,1
5.2976,1.6504,1.6440,1.6472,1
5.2976,1.6504,1.6432,1.6464,1
5.2976,1.6496,1.6432,1.6464,1
5.2976,1.6512,1.6448,1.6456,1
5.2976,1.6512,1.6440,1.6448,1
5.2976,1.6504,1.6448,1.6432,1
5.2976,1.6480,1.6448,1.6448,1
5.2976,1.6488,1.6448,1.6464,1
5.2976,1.6472,1.6464,1.6480,1
5.2976,1.6488,1.6464,1.6480,1
5.2976,1.6512,1.6448,1.6480,1
5.2976,1.6512,1.6464,1.6480,1
5.2976,1.6520,1.6488,1.6472,1
5.2976,1.6520,1.6488,1.6480,1
5.2976,1.6512,1.6488,1.6464,1
5.2976,1.6536,1.6488,1.6472,1
5.2976,1.6544,1.6496,1.6464,1
5.2976,1.6577,1.6496,1.6456,1
5.2976,1.6577,1.6480,1.6440,1
5.2976,1.6633,1.6480,1.6464,1
5.2976,1.6609,1.6496,1.6488,1
5.2976,1.6633,1.6504,1.6488,1
5.2976,1.6617,1.6496,1.6488,1
5.2976,1.6593,1.6480,1.6464,1
5.2976,1.6577,1.6480,1.6488,1
5.2976,1.6560,1.6488,1.6488,1
5.2976,1.6577,1.6472,1.6496,1
5.2976,1.6536,1.6512,1.6496,1
5.2976,1.6536,1.6512,1.6488,1
5.2976,1.6456,1.6504,1.6472,1
5.2976,1.6464,1.6504,1.6472,1
5.2976,1.6456,1.6496,1.6472,1
5.2976,1.6472,1.6496,1.6472,1
5.2976,1.6504,1.6488,1.6480,1
5.2976,1.6528,1.6488,1.6464,1
5.2976,1.6528,1.6488,1.6464,1
5.2976,1.6528,1.6488,1.6456,1
5.2976,1.6536,1.6456,1.6456,1
5.2976,1.6560,1.6456,1.6464,1
5.2976,1.6568,1.6464,1.6464,1
5.2976,1.6577,1.6480,1.6440,1
5.2976,1.6568,1.6480,1.6464,1
5.2976,1.6577,1.6480,1.6464,1
5.2976,1.6625,1.6488,1.6464,1
5.2976,1.6601,1.6488,1.6456,1
5.2976,1.6585,1.6496,1.6456,1
5.2976,1.6577,1.6496,1.6456,1
5.2976,1.6560,1.6512,1.6456,1
5.2976,1.6544,1.6504,1.6448,1
5.2976,1.6536,1.6488,1.6448,1
5.2976,1.6520,1.6472,1.6448,1
5.2976,1.6415,1.6464,1.6432,1
5.2976,1.6415,1.6456,1.6448,1
5.2976,1.6359,1.6456,1.6448,1
5.2976,1.6383,1.6456,1.6464,1
5.2976,1.6407,1.6432,1.6472,1
5.2976,1.6423,1.6432,1.6464,1
5.2976,1.6432,1.6423,1.6472,1
5.2976,1.6440,1.6423,1.6488,1
5.2976,1.6440,1.6432,1.6480,1
5.2976,1.6432,1.6432,1.6496,1
5.2976,1.6536,1.6432,1.6504,1
5.2976,1.6536,1.6432,1.6496,1
5.2976,1.6536,1.6440,1.6496,1
5.2976,1.6520,1.6432,1.6496,1
5.2976,1.6520,1.6456,1.6496,1
5.2976,1.6504,1.6448,1.6512,1
5.2976,1.6488,1.6464,1.6496,1
5.2976,1.6488,1.6464,1.6496,1
5.2976,1.6488,1.6472,1.6512,1
5.2976,1.6496,1.6472,1.6496,1
5.2976,1.6480,1.6472,1.6488,1
5.2976,1.6472,1.6480,1.6480,1
5.2976,1.6464,1.6480,1.6496,1
5.2976,1.6472,1.6472,1.6496,1
5.2976,1.6472,1.6464,1.6520,1
5.2976,1.6472,1.6464,1.6520,1
5.2976,1.6480,1.6440,1.6520,1
5.2976,1.6488,1.6440,1.6520,1
5.2976,1.6496,1.6456,1.6520,1
5.2976,1.6496,1.6464,1.6536,1
5.2976,1.6512,1.6383,1.6560,1
5.2976,1.6512,1.6407,1.6568,1
5.2976,1.6480,1.6423,1.6568,1
5.2976,1.6488,1.6448,1.6552,1
5.2976,1.6488,1.6464,1.6536,1
5.2976,1.6488,1.6488,1.6528,1
5.2976,1.6488,1.6504,1.6544,1
5.2976,1.6480,1.6423,1.6544,1
5.2976,1.6496,1.6448,1.6536,1
5.2976,1.6488,1.6415,1.6536,1
5.2976,1.6488,1.6520,1.6512,1
5.3449,1.6480,1.6520,1.6520,1
5.3449,1.6512,1.6504,1.6528,1
5.3449,1.6520,1.6488,1.6528,1
5.3449,1.6528,1.6496,1.6536,1
5.3449,1.6512,1.6472,1.6544,1
5.3449,1.6520,1.6472,1.6544,1
5.3449,1.6520,1.6544,1.6528,1
5.3449,1.6512,1.6520,1.6544,1
5.3449,1.6504,1.6552,1.6536,1
5.3449,1.6496,1.6544,1.6560,1
5.3449,1.6488,1.6520,1.6536,1
5.3449,1.6488,1.6528,1.6512,1
5.3449,1.6488,1.6512,1.6504,1
5.3449,1.6415,1.6488,1.6512,1
5.3449,1.6440,1.6496,1.6512,1
5.3449,1.6440,1.6480,1.6504,1
5.3449,1.6440,1.6488,1.6496,1
5.3449,1.6448,1.6496,1.6488,1
5.3449,1.6456,1.6488,1.6488,1
5.3449,1.6472,1.6480,1.6488,1
5.3449,1.6472,1.6480,1.6488,1
5.3449,1.6464,1.6472,1.6496,1
5.3449,1.6464,1.6488,1.6512,1
5.3449,1.6536,1.6496,1.6496,1
5.3449,1.6512,1.6512,1.6496,1
5.3449,1.6504,1.6528,1.6520,1
5.3449,1.6512,1.6544,1.6536,1
5.3449,1.6512,1.6544,1.6536,1
5.3449,1.6520,1.6552,1.6528,1
5.3449,1.6512,1.6568,1.6504,1
5.3449,1.6512,1.6560,1.6520,1
5.3449,1.6520,1.6577,1.6536,1
5.3449,1.6520,1.6585,1.6512,1
5.3449,1.6496,1.6593,1.6512,1
5.3449,1.6504,1.6585,1.6496,1
5.3449,1.6504,1.6568,1.6480,1
5.3449,1.6496,1.6544,1.6480,1
5.3449,1.6488,1.6552,1.6488,1
5.3449,1.6488,1.6536,1.6496,1
5.3449,1.6488,1.6512,1.6528,1
5.3449,1.6496,1.6512,1.6528,1
5.3449,1.6504,1.6512,1.6528,1
5.3449,1.6496,1.6520,1.6528,1
5.3449,1.6504,1.6512,1.6520,1
5.3449,1.6504,1.6504,1.6520,1
5.3449,1.6520,1.6528,1.6512,1
5.3449,1.6520,1.6552,1.6520,1
5.3449,1.6512,1.6536,1.6512,1
5.3449,1.6504,1.6536,1.6504,1
5.3449,1.6496,1.6544,1.6496,1
5.3449,1.6488,1.6568,1.6480,1
5.3449,1.6472,1.6552,1.6480,1
5.3449,1.6488,1.6528,1.6488,1
5.3449,1.6496,1.6528,1.6504,1
5.3449,1.6504,1.6544,1.6528,1
5.3449,1.6488,1.6528,1.6544,1
5.3449,1.6480,1.6512,1.6520,1
5.3449,1.6480,1.6512,1.6512,1
5.3449,1.6488,1.6512,1.6512,1
5.3449,1.6480,1.6512,1.6496,1
5.3449,1.6488,1.6496,1.6496,1
5.3449,1.6472,1.6488,1.6488,1
5.3449,1.6480,1.6496,1.6480,1
5.3449,1.6472,1.6488,1.6472,1
5.3449,1.6464,1.6488,1.6464,1
5.3449,1.6472,1.6496,1.6456,1
5.3449,1.6480,1.6504,1.6472,1
5.3449,1.6480,1.6504,1.6472,1
5.3449,1.6472,1.6496,1.6472,1
5.3449,1.6472,1.6496,1.6472,1
5.3449,1.6464,1.6496,1.6472,1
5.3449,1.6472,1.6504,1.6464,1
5.3449,1.6472,1.6504,1.6464,1
5.3449,1.6432,1.6512,1.6456,1
5.3449,1.6440,1.6488,1.6440,1
5.3449,1.6448,1.6472,1.6432,1
5.3449,1.6456,1.6456,1.6423,1
5.3449,1.6456,1.6448,1.6440,1
5.3449,1.6464,1.6448,1.6464,1
5.3449,1.6448,1.6448,1.6464,1
5.3449,1.6448,1.6448,1.6464,1
5.3449,1.6456,1.6440,1.6472,1
5.3449,1.6440,1.6440,1.6480,1
5.3449,1.6472,1.6440,1.6488,1
5.3449,1.6472,1.6448,1.6488,1
5.3449,1.6448,1.6448,1.6496,1
5.3449,1.6440,1.6448,1.6480,1
5.3449,1.6432,1.6464,1.6464,1
5.3449,1.6423,1.6472,1.6440,1
5.3449,1.6456,1.6464,1.6456,1
5.3449,1.6464,1.6456,1.6464,1
5.3449,1.6480,1.6464,1.6464,1
5.3449,1.6496,1.6456,1.6464,1
5.3449,1.6496,1.6448,1.6480,1
5.3449,1.6496,1.6448,1.6488,1
5.3920,1.6496,1.6448,1.6488,1
5.3920,1.6480,1.6440,1.6488,1
5.3920,1.6488,1.6432,1.6504,1
5.3920,1.6488,1.6432,1.6528,1
5.3920,1.6488,1.6432,1.6512,1
5.3920,1.6488,1.6440,1.6512,1
5.3920,1.6480,1.6423,1.6528,1
5.3920,1.6464,1.6423,1.6528,1
5.3920,1.6480,1.6432,1.6512,1
5.3920,1.6472,1.6432,1.6504,1
5.3920,1.6488,1.6448,1.6496,1
5.3920,1.6504,1.6464,1.6520,1
5.3920,1.6512,1.6472,1.6528,1
5.3920,1.6520,1.6456,1.6528,1
5.3920,1.6512,1.6456,1.6544,1
5.3920,1.6512,1.6448,1.6544,1
5.3920,1.6520,1.6464,1.6528,1
5.3920,1.6528,1.6472,1.6520,1
5.3920,1.6528,1.6480,1.6520,1
5.3920,1.6528,1.6480,1.6520,1
5.3920,1.6520,1.6440,1.6520,1
5.3920,1.6528,1.6423,1.6504,1
5.3920,1.6488,1.6432,1.6488,1
5.3920,1.6472,1.6432,1.6480,1
5.3920,1.6464,1.6448,1.6480,1
5.3920,1.6464,1.6448,1.6472,1
5.3920,1.6464,1.6440,1.6480,1
5.3920,1.6464,1.6456,1.6496,1
5.3920,1.6456,1.6440,1.6496,1
5.3920,1.6464,1.6448,1.6504,1
5.3920,1.6480,1.6464,1.6504,1
5.3920,1.6472,1.6472,1.6512,1
5.3920,1.6585,1.6464,1.6504,1
5.3920,1.6585,1.6480,1.6512,1
5.3920,1.6601,1.6480,1.6480,1
5.3920,1.6585,1.6472,1.6496,1
5.3920,1.6568,1.6496,1.6480,1
5.3920,1.6560,1.6480,1.6472,1
5.3920,1.6560,1.6480,1.6464,1
5.3920,1.6560,1.6472,1.6464,1
5.3920,1.6536,1.6472,1.6472,1
5.3920,1.6544,1.6464,1.6488,1
5.3920,1.6440,1.6464,1.6496,1
5.3920,1.6456,1.6464,1.6488,1
5.3920,1.6464,1.6464,1.6504,1
5.3920,1.6472,1.6464,1.6480,1
5.3920,1.6488,1.6456,1.6496,1
5.3920,1.6480,1.6456,1.6520,1
5.3920,1.6480,1.6448,1.6536,1
5.3920,1.6480,1.6448,1.6528,1
5.3920,1.6480,1.6448,1.6512,1
5.3920,1.6504,1.6440,1.6512,1
5.3920,1.6536,1.6432,1.6504,1
5.3920,1.6536,1.6432,1.6504,1
5.3920,1.6528,1.6432,1.6496,1
5.3920,1.6528,1.6423,1.6504,1
5.3920,1.6544,1.6423,1.6512,1
5.3920,1.6544,1.6407,1.6512,1
5.3920,1.6536,1.6407,1.6512,1
5.3920,1.6528,1.6415,1.6528,1
5.3920,1.6544,1.6415,1.6552,1
5.3920,1.6528,1.6423,1.6528,1
5.3920,1.6512,1.6423,1.6520,1
5.3920,1.6512,1.6432,1.6520,1
5.3920,1.6512,1.6423,1.6528,1
5.3920,1.6520,1.6432,1.6520,1
5.3920,1.6496,1.6423,1.6504,1
5.3920,1.6504,1.6432,1.6488,1
5.3920,1.6512,1.6432,1.6480,1
5.3920,1.6520,1.6432,1.6488,1
5.3920,1.6520,1.6440,1.6480,1
5.3920,1.6520,1.6432,1.6504,1
5.3920,1.6520,1.6440,1.6512,1
5.3920,1.6520,1.6432,1.6512,1
5.3920,1.6528,1.6423,1.6496,1
5.3920,1.6528,1.6423,1.6496,1
5.3920,1.6520,1.6423,1.6488,1
5.3920,1.6520,1.6423,1.6488,1
5.3920,1.6520,1.6432,1.6472,1
5.3920,1.6520,1.6440,1.6456,1
5.3920,1.6528,1.6423,1.6440,1
5.3920,1.6520,1.6432,1.6423,1
5.3920,1.6528,1.6432,1.6423,1
5.3920,1.6512,1.6440,1.6423,1
5.3920,1.6504,1.6456,1.6432,1
5.3920,1.6512,1.6464,1.6432,1
5.3920,1.6512,1.6464,1.6423,1
5.3920,1.6504,1.6456,1.6432,1
5.3920,1.6504,1.6456,1.6432,1
5.3920,1.6504,1.6456,1.6448,1
5.3920,1.6504,1.6464,1.6448,1
5.3920,1.6512,1.6464,1.6448,1
5.3920,1.6496,1.6464,1.6464,1
5.3920,1.6520,1.6464,1.6464,1
5.4395,1.6528,1.6464,1.6472,1
5.4395,1.6512,1.6464,1.6464,1
5.4395,1.6520,1.6464,1.6480,1
5.4395,1.6512,1.6464,1.6472,1
5.4395,1.6512,1.6464,1.6464,1
5.4395,1.6504,1.6472,1.6456,1
5.4395,1.6488,1.6480,1.6464,1
5.4395,1.6488,1.6480,1.6472,1
5.4395,1.6480,1.6488,1.6472,1
5.4395,1.6464,1.6480,1.6464,1
5.4395,1.6456,1.6472,1.6464,1
5.4395,1.6456,1.6472,1.6464,1
5.4395,1.6456,1.6383,1.6472,1
5.4395,1.6464,1.6399,1.6488,1
5.4395,1.6464,1.6407,1.6504,1
5.4395,1.6464,1.6399,1.6504,1
5.4395,1.6456,1.6399,1.6488,1
5.4395,1.6448,1.6399,1.6472,1
5.4395,1.6456,1.6391,1.6488,1
5.4395,1.6456,1.6407,1.6496,1
5.4395,1.6464,1.6407,1.6488,1
5.4395,1.6464,1.6407,1.6488,1
5.4395,1.6472,1.6488,1.6472,1
5.4395,1.6480,1.6472,1.6472,1
5.4395,1.6440,1.6472,1.6472,1
5.4395,1.6448,1.6464,1.6472,1
5.4395,1.6480,1.6448,1.6480,1
5.4395,1.6480,1.6440,1.6488,1
5.4395,1.6472,1.6423,1.6464,1
5.4395,1.6472,1.6415,1.6464,1
5.4395,1.6464,1.6407,1.6464,1
5.4395,1.6464,1.6407,1.6464,1
5.4395,1.6456,1.6399,1.6464,1
5.4395,1.6448,1.6399,1.6464,1
5.4395,1.6472,1.6391,1.6456,1
5.4395,1.6464,1.6383,1.6448,1
5.4395,1.6456,1.6383,1.6448,1
5.4395,1.6448,1.6391,1.6440,1
5.4395,1.6456,1.6399,1.6440,1
5.4395,1.6464,1.6383,1.6432,1
5.4395,1.6440,1.6399,1.6432,1
5.4395,1.6464,1.6407,1.6432,1
5.4395,1.6464,1.6415,1.6423,1
5.4395,1.6472,1.6423,1.6415,1
5.4395,1.6488,1.6440,1.6407,1
5.4395,1.6496,1.6448,1.6399,1
5.4395,1.6504,1.6456,1.6399,1
5.4395,1.6512,1.6448,1.6399,1
5.4395,1.6512,1.6456,1.6391,1
5.4395,1.6512,1.6488,1.6391,1
5.4395,1.6560,1.6480,1.6391,1
5.4395,1.6544,1.6472,1.6399,1
5.4395,1.6544,1.6488,1.6399,1
5.4395,1.6536,1.6480,1.6399,1
5.4395,1.6520,1.6464,1.6391,1
5.4395,1.6504,1.6504,1.6399,1
5.4395,1.6504,1.6504,1.6399,1
5.4395,1.6496,1.6496,1.6399,1
5.4395,1.6504,1.6488,1.6407,1
5.4395,1.6512,1.6464,1.6415,1
5.4395,1.6496,1.6448,1.6423,1
5.4395,1.6504,1.6464,1.6415,1
5.4395,1.6496,1.6448,1.6432,1
5.4395,1.6496,1.6456,1.6440,1
5.4395,1.6504,1.6480,1.6440,1
5.4395,1.6512,1.6440,1.6440,1
5.4395,1.6504,1.6448,1.6432,1
5.4395,1.6512,1.6456,1.6432,1
5.4395,1.6504,1.6472,1.6432,1
5.4395,1.6496,1.6472,1.6415,1
5.4395,1.6448,1.6496,1.6415,1
5.4395,1.6448,1.6496,1.6423,1
5.4395,1.6456,1.6488,1.6399,1
5.4395,1.6464,1.6488,1.6399,1
5.4395,1.6472,1.6472,1.6407,1
5.4395,1.6464,1.6472,1.6415,1
5.4395,1.6367,1.6472,1.6423,1
5.4395,1.6367,1.6440,1.6423,1
5.4395,1.6456,1.6448,1.6423,1
5.4395,1.6440,1.6464,1.6432,1
5.4395,1.6496,1.6456,1.6432,1
5.4395,1.6496,1.6456,1.6440,1
5.4395,1.6496,1.6456,1.6440,1
5.4395,1.6480,1.6448,1.6456,1
5.4395,1.6464,1.6480,1.6448,1
5.4395,1.6464,1.6480,1.6448,1
5.4395,1.6560,1.6496,1.6448,1
5.4395,1.6528,1.6528,1.6440,1
5.4395,1.6472,1.6512,1.6456,1
5.4395,1.6472,1.6504,1.6480,1
5.4395,1.6464,1.6496,1.6488,1
5.4395,1.6456,1.6512,1.6488,1
5.4395,1.6448,1.6496,1.6496,1
5.4395,1.6456,1.6496,1.6496,1
5.4395,1.6472,1.6464,1.6488,1
5.4870,1.6464,1.6456,1.6488,1
5.4870,1.6472,1.6440,1.6504,1
5.4870,1.6496,1.6432,1.6520,1
5.4870,1.6440,1.6432,1.6504,1
5.4870,1.6448,1.6440,1.6496,1
5.4870,1.6456,1.6448,1.6496,1
5.4870,1.6472,1.6480,1.6496,1
5.4870,1.6472,1.6488,1.6504,1
5.4870,1.6488,1.6496,1.6512,1
5.4870,1.6488,1.6496,1.6528,1
5.4870,1.6496,1.6504,1.6552,1
5.4870,1.6496,1.6512,1.6544,1
5.4870,1.6504,1.6528,1.6552,1
5.4870,1.6472,1.6520,1.6560,1
5.4870,1.6472,1.6528,1.6577,1
5.4870,1.6480,1.6520,1.6577,1
5.4870,1.6480,1.6480,1.6585,1
5.4870,1.6488,1.6488,1.6585,1
5.4870,1.6480,1.6496,1.6585,1
5.4870,1.6488,1.6496,1.6585,1
5.4870,1.6472,1.6504,1.6585,1
5.4870,1.6480,1.6512,1.6593,1
5.4870,1.6480,1.6496,1.6577,1
5.4870,1.6520,1.6496,1.6560,1
5.4870,1.6520,1.6496,1.6560,1
5.4870,1.6520,1.6472,1.6560,1
5.4870,1.6504,1.6472,1.6552,1
5.4870,1.6440,1.6480,1.6560,1
5.4870,1.6432,1.6472,1.6544,1
5.4870,1.6423,1.6472,1.6544,1
5.4870,1.6440,1.6464,1.6552,1
5.4870,1.6440,1.6456,1.6552,1
5.4870,1.6423,1.6456,1.6560,1
5.4870,1.6448,1.6456,1.6560,1
5.4870,1.6448,1.6464,1.6568,1
5.4870,1.6448,1.6488,1.6568,1
5.4870,1.6448,1.6496,1.6577,1
5.4870,1.6504,1.6480,1.6577,1
5.4870,1.6496,1.6480,1.6585,1
5.4870,1.6520,1.6488,1.6593,1
5.4870,1.6504,1.6480,1.6568,1
5.4870,1.6448,1.6480,1.6568,1
5.4870,1.6448,1.6472,1.6544,1
5.4870,1.6432,1.6480,1.6536,1
5.4870,1.6432,1.6472,1.6528,1
5.4870,1.6440,1.6464,1.6520,1
5.4870,1.6448,1.6456,1.6512,1
5.4870,1.6448,1.6456,1.6504,1
5.4870,1.6456,1.6464,1.6496,1
5.4870,1.6432,1.6464,1.6480,1
5.4870,1.6432,1.6488,1.6504,1
5.4870,1.6504,1.6488,1.6520,1
5.4870,1.6512,1.6488,1.6528,1
5.4870,1.6504,1.6488,1.6544,1
5.4870,1.6504,1.6496,1.6544,1
5.4870,1.6488,1.6512,1.6536,1
5.4870,1.6496,1.6520,1.6536,1
5.4870,1.6496,1.6528,1.6528,1
5.4870,1.6496,1.6528,1.6536,1
5.4870,1.6512,1.6528,1.6528,1
5.4870,1.6504,1.6504,1.6520,1
5.4870,1.6488,1.6512,1.6520,1
5.4870,1.6472,1.6504,1.6528,1
5.4870,1.6504,1.6520,1.6512,1
5.4870,1.6504,1.6504,1.6512,1
5.4870,1.6520,1.6488,1.6512,1
5.4870,1.6520,1.6488,1.6520,1
5.4870,1.6512,1.6480,1.6504,1
5.4870,1.6512,1.6480,1.6512,1
5.4870,1.6504,1.6472,1.6528,1
5.4870,1.6504,1.6464,1.6520,1
5.4870,1.6512,1.6464,1.6504,1
5.4870,1.6520,1.6480,1.6496,1
5.4870,1.6504,1.6464,1.6512,1
5.4870,1.6496,1.6464,1.6504,1
5.4870,1.6504,1.6480,1.6504,1
5.4870,1.6504,1.6472,1.6496,1
5.4870,1.6504,1.6464,1.6496,1
5.4870,1.6504,1.6464,1.6496,1
5.4870,1.6504,1.6480,1.6496,1
5.4870,1.6512,1.6488,1.6496,1
5.4870,1.6512,1.6504,1.6496,1
5.4870,1.6512,1.6520,1.6504,1
5.4870,1.6512,1.6512,1.6488,1
5.4870,1.6512,1.6504,1.6488,1
5.4870,1.6512,1.6496,1.6504,1
5.4870,1.6496,1.6504,1.6504,1
5.4870,1.6504,1.6536,1.6496,1
5.4870,1.6504,1.6512,1.6480,1
5.4870,1.6520,1.6496,1.6480,1
5.4870,1.6520,1.6488,1.6488,1
5.4870,1.6456,1.6464,1.6480,1
5.4870,1.6456,1.6432,1.6480,1
5.4870,1.6456,1.6440,1.6496,1
5.4870,1.6464,1.6432,1.6496,1
5.5347,1.6399,1.6432,1.6472,1
5.5347,1.6407,1.6423,1.6480,1
5.5347,1.6391,1.6391,1.6496,1
5.5347,1.6407,1.6423,1.6512,1
5.5347,1.6391,1.6440,1.6496,1
5.5347,1.6407,1.6448,1.6504,1
5.5347,1.6456,1.6464,1.6512,1
5.5347,1.6456,1.6480,1.6488,1
5.5347,1.6464,1.6488,1.6472,1
5.5347,1.6472,1.6496,1.6480,1
5.5347,1.6536,1.6504,1.6488,1
5.5347,1.6528,1.6504,1.6480,1
5.5347,1.6536,1.6520,1.6480,1
5.5347,1.6520,1.6528,1.6488,1
5.5347,1.6496,1.6520,1.6488,1
5.5347,1.6480,1.6512,1.6472,1
5.5347,1.6464,1.6496,1.6472,1
5.5347,1.6464,1.6504,1.6496,1
5.5347,1.6448,1.6488,1.6488,1
5.5347,1.6432,1.6488,1.6504,1
5.5347,1.6432,1.6480,1.6504,1
5.5347,1.6423,1.6488,1.6504,1
5.5347,1.6432,1.6472,1.6488,1
5.5347,1.6432,1.6456,1.6464,1
5.5347,1.6520,1.6464,1.6472,1
5.5347,1.6536,1.6472,1.6472,1
5.5347,1.6544,1.6472,1.6456,1
5.5347,1.6536,1.6464,1.6456,1
5.5347,1.6536,1.6488,1.6456,1
5.5347,1.6544,1.6488,1.6456,1
5.5347,1.6528,1.6496,1.6456,1
5.5347,1.6544,1.6512,1.6472,1
5.5347,1.6552,1.6520,1.6464,1
5.5347,1.6552,1.6512,1.6488,1
5.5347,1.6488,1.6528,1.6480,1
5.5347,1.6496,1.6520,1.6480,1
5.5347,1.6520,1.6520,1.6488,1
5.5347,1.6528,1.6512,1.6480,1
5.5347,1.6544,1.6488,1.6496,1
5.5347,1.6536,1.6488,1.6496,1
5.5347,1.6552,1.6488,1.6488,1
5.5347,1.6568,1.6472,1.6464,1
5.5347,1.6577,1.6472,1.6480,1
5.5347,1.6568,1.6488,1.6472,1
5.5347,1.6568,1.6472,1.6488,1
5.5347,1.6560,1.6472,1.6480,1
5.5347,1.6552,1.6464,1.6472,1
5.5347,1.6552,1.6456,1.6480,1
5.5347,1.6552,1.6464,1.6456,1
5.5347,1.6544,1.6464,1.6464,1
5.5347,1.6544,1.6456,1.6488,1
5.5347,1.6528,1.6456,1.6488,1
5.5347,1.6512,1.6456,1.6504,1
5.5347,1.6512,1.6448,1.6504,1
5.5347,1.6504,1.6456,1.6512,1
5.5347,1.6496,1.6456,1.6528,1
5.5347,1.6504,1.6480,1.6552,1
5.5347,1.6512,1.6488,1.6560,1
5.5347,1.6496,1.6488,1.6577,1
5.5347,1.6512,1.6488,1.6577,1
5.5347,1.6520,1.6480,1.6577,1
5.5347,1.6520,1.6480,1.6585,1
5.5347,1.6528,1.6472,1.6577,1
5.5347,1.6528,1.6472,1.6585,1
5.5347,1.6528,1.6464,1.6577,1
5.5347,1.6536,1.6464,1.6568,1
5.5347,1.6528,1.6440,1.6560,1
5.5347,1.6512,1.6440,1.6568,1
5.5347,1.6536,1.6448,1.6552,1
5.5347,1.6536,1.6448,1.6544,1
5.5347,1.6520,1.6448,1.6552,1
5.5347,1.6520,1.6456,1.6568,1
5.5347,1.6504,1.6456,1.6577,1
5.5347,1.6504,1.6464,1.6552,1
5.5347,1.6504,1.6456,1.6560,1
5.5347,1.6504,1.6456,1.6560,1
5.5347,1.6512,1.6464,1.6544,1
5.5347,1.6520,1.6456,1.6528,1
5.5347,1.6496,1.6456,1.6552,1
5.5347,1.6496,1.6464,1.6544,1
5.5347,1.6496,1.6464,1.6552,1
5.5347,1.6504,1.6456,1.6528,1
5.5347,1.6520,1.6464,1.6536,1
5.5347,1.6536,1.6456,1.6544,1
5.5347,1.6528,1.6464,1.6528,1
5.5347,1.6536,1.6464,1.6544,1
5.5347,1.6536,1.6464,1.6560,1
5.5347,1.6536,1.6472,1.6552,1
5.5347,1.6544,1.6472,1.6544,1
5.5347,1.6552,1.6488,1.6544,1
5.5347,1.6552,1.6480,1.6528,1
5.5347,1.6536,1.6472,1.6544,1
5.5347,1.7076,1.6472,1.6536,1
5.5347,1.7012,1.6472,1.6536,1
5.5347,1.6963,1.6480,1.6544,1
5.5733,1.6915,1.6472,1.6520,1
5.5733,1.6867,1.6464,1.6512,1
5.5733,1.6826,1.6472,1.6528,1
5.5733,1.6802,1.6472,1.6528,1
5.5733,1.6794,1.6448,1.6520,1
5.5733,1.6794,1.6448,1.6520,1
5.5733,1.6786,1.6448,1.6504,1
5.5733,1.6246,1.6456,1.6488,1
5.5733,1.6319,1.6456,1.6488,1
5.5733,1.6383,1.6456,1.6512,1
5.5733,1.6456,1.6448,1.6512,1
5.5733,1.6504,1.6456,1.6504,1
5.5733,1.6552,1.6464,1.6512,1
5.5733,1.6609,1.6464,1.6512,1
5.5733,1.6625,1.6464,1.6520,1
5.5733,1.6657,1.6480,1.6528,1
5.5733,1.6681,1.6488,1.6528,1
5.5733,1.6697,1.6488,1.6520,1
5.5733,1.6689,1.6496,1.6504,1
5.5733,1.6681,1.6504,1.6504,1
5.5733,1.6665,1.6496,1.6504,1
5.5733,1.6673,1.6496,1.6528,1
5.5733,1.6665,1.6488,1.6512,1
5.5733,1.6633,1.6488,1.6504,1
5.5733,1.6633,1.6488,1.6496,1
5.5733,1.6593,1.6480,1.6488,1
5.5733,1.6577,1.6472,1.6512,1
5.5733,1.6625,1.6472,1.6520,1
5.5733,1.6593,1.6464,1.6512,1
5.5733,1.6593,1.6448,1.6496,1
5.5733,1.6568,1.6456,1.6512,1
5.5733,1.6544,1.6464,1.6504,1
5.5733,1.6528,1.6456,1.6504,1
5.5733,1.6536,1.6472,1.6520,1
5.5733,1.6512,1.6472,1.6528,1
5.5733,1.6520,1.6480,1.6528,1
5.5733,1.6504,1.6488,1.6504,1
5.5733,1.6440,1.6488,1.6496,1
5.5733,1.6440,1.6488,1.6496,1
5.5733,1.6440,1.6488,1.6496,1
5.5733,1.6448,1.6488,1.6480,1
5.5733,1.6440,1.6488,1.6464,1
5.5733,1.6440,1.6496,1.6472,1
5.5733,1.6432,1.6496,1.6472,1
5.5733,1.6456,1.6504,1.6472,1
5.5733,1.6464,1.6496,1.6464,1
5.5733,1.6480,1.6496,1.6464,1
5.5733,1.6488,1.6496,1.6456,1
5.5733,1.6512,1.6504,1.6472,1
5.5733,1.6520,1.6528,1.6472,1
5.5733,1.6512,1.6536,1.6472,1
5.5733,1.6520,1.6528,1.6488,1
5.5733,1.6536,1.6520,1.6496,1
5.5733,1.6544,1.6528,1.6488,1
5.5733,1.6544,1.6520,1.6488,1
5.5733,1.6536,1.6512,1.6496,1
5.5733,1.6536,1.6512,1.6512,1
5.5733,1.6536,1.6504,1.6536,1
5.5733,1.6536,1.6504,1.6520,1
5.5733,1.6552,1.6480,1.6520,1
5.5733,1.6568,1.6480,1.6528,1
5.5733,1.6552,1.6488,1.6520,1
5.5733,1.6552,1.6496,1.6504,1
5.5733,1.6536,1.6464,1.6480,1
5.5733,1.6528,1.6472,1.6464,1
5.5733,1.6512,1.6480,1.6464,1
5.5733,1.6520,1.6488,1.6448,1
5.5733,1.6504,1.6488,1.6448,1
5.5733,1.6488,1.6488,1.6464,1
5.5733,1.6480,1.6512,1.6464,1
5.5733,1.6472,1.6496,1.6456,1
5.5733,1.6472,1.6496,1.6448,1
5.5733,1.6472,1.6496,1.6456,1
5.5733,1.6480,1.6504,1.6464,1
5.5733,1.6488,1.6504,1.6472,1
5.5733,1.6488,1.6448,1.6472,1
5.5733,1.6472,1.6448,1.6472,1
5.5733,1.6488,1.6456,1.6472,1
5.5733,1.6480,1.6472,1.6456,1
5.6305,1.6464,1.6448,1.6456,1
5.6305,1.6464,1.6456,1.6448,1
5.6305,1.6464,1.6448,1.6448,1
5.6305,1.6456,1.6448,1.6440,1
5.6305,1.6464,1.6456,1.6448,1
5.6305,1.6448,1.6448,1.6448,1
5.6305,1.6456,1.6496,1.6440,1
5.6305,1.6472,1.6488,1.6440,1
5.6305,1.6472,1.6480,1.6432,1
5.6305,1.6480,1.6464,1.6432,1
5.6305,1.6504,1.6480,1.6432,1
5.6305,1.6496,1.6472,1.6423,1
5.6305,1.6512,1.6488,1.6423,1
5.6305,1.6512,1.6480,1.6423,1
5.6305,1.6464,1.6464,1.6432,1
5.6305,1.6488,1.6464,1.6432,1
5.6305,1.6488,1.6488,1.6423,1
5.6305,1.6488,1.6480,1.6440,1
5.6305,1.6488,1.6496,1.6448,1
5.6305,1.6496,1.6488,1.6448,1
5.6305,1.6496,1.6472,1.6448,1
5.6305,1.6504,1.6480,1.6448,1
5.6305,1.6496,1.6456,1.6448,1
5.6305,1.6488,1.6480,1.6440,1
5.6305,1.6536,1.6488,1.6423,1
5.6305,1.6504,1.6488,1.6432,1
5.6305,1.6512,1.6488,1.6432,1
5.6305,1.6488,1.6504,1.6415,1
5.6305,1.6440,1.6496,1.6407,1
5.6305,1.6448,1.6496,1.6415,1
5.6305,1.6391,1.6520,1.6440,1
5.6305,1.6399,1.6528,1.6440,1
5.6305,1.6399,1.6528,1.6464,1
5.6305,1.6432,1.6512,1.6472,1
5.6305,1.6423,1.6512,1.6472,1
5.6305,1.6448,1.6520,1.6488,1
5.6305,1.6456,1.6496,1.6480,1
5.6305,1.6456,1.6480,1.6504,1
5.6305,1.6504,1.6496,1.6512,1
5.6305,1.6488,1.6504,1.6504,1
5.6305,1.6528,1.6496,1.6496,1
5.6305,1.6520,1.6496,1.6496,1
5.6305,1.6520,1.6512,1.6488,1
5.6305,1.6504,1.6512,1.6488,1
5.6305,1.6464,1.6504,1.6480,1
5.6305,1.6448,1.6504,1.6480,1
5.6305,1.6432,1.6536,1.6496,1
5.6305,1.6440,1.6536,1.6496,1
5.6305,1.6440,1.6512,1.6480,1
5.6305,1.6440,1.6496,1.6480,1
5.6305,1.6464,1.6488,1.6480,1
5.6305,1.6472,1.6480,1.6464,1
5.6305,1.6456,1.6464,1.6464,1
5.6305,1.6448,1.6456,1.6472,1
5.6305,1.6432,1.6448,1.6480,1
5.6305,1.6440,1.6440,1.6488,1
5.6305,1.6826,1.6432,1.6480,1
5.6305,1.6786,1.6415,1.6472,1
5.6305,1.6786,1.6440,1.6480,1
5.6305,1.6746,1.6448,1.6480,1
5.6305,1.6714,1.6456,1.6488,1
5.6305,1.6697,1.6464,1.6488,1
5.6305,1.6705,1.6496,1.6504,1
5.6305,1.6697,1.6512,1.6512,1
5.6305,1.6705,1.6520,1.6512,1
5.6305,1.6697,1.6520,1.6488,1
5.6305,1.6319,1.6528,1.6496,1
5.6305,1.6367,1.6552,1.6504,1
5.6305,1.6383,1.6536,1.6528,1
5.6305,1.6432,1.6536,1.6536,1
5.6305,1.6456,1.6528,1.6528,1
5.6305,1.6488,1.6528,1.6528,1
5.6305,1.6504,1.6512,1.6528,1
5.6305,1.6528,1.6496,1.6528,1
5.6305,1.6609,1.6504,1.6536,1
5.6305,1.6633,1.6504,1.6536,1
5.6305,1.6657,1.6496,1.6536,1
5.6305,1.6665,1.6480,1.6512,1
5.6305,1.6665,1.6488,1.6496,1
5.6305,1.6657,1.6488,1.6480,1
5.6305,1.6649,1.6496,1.6488,1
5.6305,1.6633,1.6504,1.6504,1
5.6305,1.6625,1.6488,1.6488,1
5.6305,1.6617,1.6504,1.6496,1
5.6305,1.6585,1.6520,1.6480,1
5.6305,1.6568,1.6544,1.6496,1
5.6305,1.6577,1.6552,1.6504,1
5.6305,1.6568,1.6552,1.6504,1
5.6305,1.6552,1.6544,1.6520,1
5.6305,1.6536,1.6560,1.6544,1
5.6305,1.6488,1.6552,1.6544,1
5.6305,1.6504,1.6544,1.6528,1
5.6305,1.6504,1.6568,1.6544,1
5.6305,1.6504,1.6536,1.6528,1
5.6305,1.6520,1.6512,1.6520,1
5.6305,1.6528,1.6488,1.6520,1
5.6305,1.6504,1.6472,1.6496,1
5.6305,1.6512,1.6464,1.6512,1
5.6305,1.6512,1.6464,1.6512,1
5.6305,1.6520,1.6456,1.6488,1
5.6305,1.6560,1.6464,1.6512,1
5.6305,1.6552,1.6456,1.6520,1
5.6305,1.6552,1.6472,1.6504,1
5.6305,1.6544,1.6504,1.6512,1
5.6305,1.6528,1.6512,1.6528,1
5.6305,1.6536,1.6536,1.6528,1
5.6305,1.6544,1.6544,1.6544,1
5.6305,1.6528,1.6544,1.6544,1
5.6305,1.6528,1.6560,1.6528,1
5.6305,1.6536,1.6552,1.6544,1
5.6305,1.6552,1.6560,1.6536,1
5.6305,1.6536,1.6568,1.6520,1
5.6305,1.6544,1.6560,1.6528,1
5.6783,1.6552,1.6552,1.6528,1
5.6783,1.6560,1.6536,1.6512,1
5.6783,1.6552,1.6520,1.6512,1
5.6783,1.6560,1.6512,1.6512,1
5.6783,1.6552,1.6504,1.6496,1
5.6783,1.6560,1.6512,1.6512,1
5.6783,1.6560,1.6512,1.6512,1
5.6783,1.6560,1.6496,1.6520,1
5.6783,1.6577,1.6407,1.6544,1
5.6783,1.6577,1.6407,1.6560,1
5.6783,1.6568,1.6472,1.6560,1
5.6783,1.6552,1.6496,1.6585,1
5.6783,1.6536,1.6520,1.6585,1
5.6783,1.6536,1.6528,1.6577,1
5.6783,1.6536,1.6528,1.6577,1
5.6783,1.6552,1.6520,1.6577,1
5.6783,1.6544,1.6528,1.6560,1
5.6783,1.6552,1.6528,1.6560,1
5.6783,1.6552,1.6617,1.6552,1
5.6783,1.6536,1.6601,1.6552,1
5.6783,1.6536,1.6512,1.6560,1
5.6783,1.6544,1.6496,1.6560,1
5.6783,1.6560,1.6496,1.6560,1
5.6783,1.6552,1.6488,1.6552,1
5.6783,1.6552,1.6472,1.6577,1
5.6783,1.6593,1.6472,1.6568,1
5.6783,1.6593,1.6472,1.6593,1
5.6783,1.6544,1.6472,1.6585,1
5.6783,1.6544,1.6456,1.6568,1
5.6783,1.6560,1.6456,1.6568,1
5.6783,1.6560,1.6464,1.6552,1
5.6783,1.6568,1.6464,1.6552,1
5.6783,1.6568,1.6440,1.6528,1
5.6783,1.6593,1.6448,1.6536,1
5.6783,1.6593,1.6456,1.6544,1
5.6783,1.6512,1.6440,1.6544,1
5.6783,1.6520,1.6432,1.6528,1
5.6783,1.6568,1.6432,1.6536,1
5.6783,1.6577,1.6423,1.6544,1
5.6783,1.6568,1.6423,1.6528,1
5.6783,1.6577,1.6415,1.6560,1
5.6783,1.6585,1.6407,1.6536,1
5.6783,1.6593,1.6415,1.6552,1
5.6783,1.6577,1.6407,1.6560,1
5.6783,1.6593,1.6407,1.6536,1
5.6783,1.6609,1.6407,1.6536,1
5.6783,1.6617,1.6407,1.6528,1
5.6783,1.6593,1.6399,1.6528,1
5.6783,1.6585,1.6383,1.6520,1
5.6783,1.6577,1.6391,1.6520,1
5.6783,1.6568,1.6391,1.6504,1
5.6783,1.6568,1.6391,1.6504,1
5.6783,1.6568,1.6391,1.6504,1
5.6783,1.6851,1.6391,1.6496,1
5.6783,1.6810,1.6391,1.6488,1
5.6783,1.6786,1.6383,1.6480,1
5.6783,1.6762,1.6375,1.6496,1
5.6783,1.6730,1.6383,1.6496,1
5.6783,1.6705,1.6399,1.6496,1
5.6783,1.6705,1.6399,1.6512,1
5.6783,1.6697,1.6407,1.6496,1
5.6783,1.6689,1.6399,1.6504,1
5.6783,1.6665,1.6399,1.6488,1
5.6783,1.6383,1.6383,1.6472,1
5.6783,1.6415,1.6383,1.6496,1
5.6783,1.6448,1.6391,1.6504,1
5.6783,1.6472,1.6399,1.6512,1
5.6783,1.6512,1.6399,1.6512,1
5.6783,1.6552,1.6391,1.6528,1
5.6783,1.6577,1.6391,1.6528,1
5.6783,1.6593,1.6391,1.6528,1
5.6783,1.6955,1.6391,1.6536,1
5.6783,1.6947,1.6399,1.6552,1
5.6783,1.6915,1.6407,1.6577,1
5.6783,1.6891,1.6407,1.6568,1
5.6783,1.6883,1.6415,1.6544,1
5.6783,1.6859,1.6415,1.6544,1
5.6783,1.6834,1.6415,1.6552,1
5.6783,1.6810,1.6415,1.6544,1
5.6783,1.6762,1.6415,1.6544,1
5.6783,1.6754,1.6407,1.6552,1
5.6783,1.6399,1.6407,1.6528,1
5.6783,1.6432,1.6415,1.6544,1
5.6783,1.6415,1.6415,1.6552,1
5.6783,1.6448,1.6423,1.6552,1
5.6783,1.6448,1.6415,1.6568,1
5.6783,1.6480,1.6423,1.6577,1
5.6783,1.6512,1.6432,1.6568,1
5.6783,1.6528,1.6448,1.6585,1
5.6783,1.6601,1.6464,1.6577,1
5.6783,1.6609,1.6488,1.6585,1
5.6783,1.6617,1.6496,1.6601,1
5.6783,1.6609,1.6488,1.6585,1
5.6783,1.6673,1.6488,1.6568,1
5.6783,1.6673,1.6488,1.6560,1
5.6783,1.6681,1.6496,1.6568,1
5.7239,1.6649,1.6496,1.6577,1
5.7239,1.6633,1.6488,1.6568,1
5.7239,1.6625,1.6472,1.6577,1
5.7239,1.6601,1.6464,1.6568,1
5.7239,1.6585,1.6480,1.6568,1
5.7239,1.6480,1.6472,1.6568,1
5.7239,1.6480,1.6480,1.6585,1
5.7239,1.6456,1.6480,1.6609,1
5.7239,1.6448,1.6480,1.6625,1
5.7239,1.6407,1.6488,1.6617,1
5.7239,1.6415,1.6488,1.6601,1
5.7239,1.6399,1.6496,1.6609,1
5.7239,1.6391,1.6504,1.6601,1
5.7239,1.6383,1.6520,1.6617,1
5.7239,1.6391,1.6504,1.6617,1
5.7239,1.6472,1.6504,1.6609,1
5.7239,1.6472,1.6512,1.6601,1
5.7239,1.6456,1.6528,1.6601,1
5.7239,1.6464,1.6544,1.6593,1
5.7239,1.6488,1.6536,1.6585,1
5.7239,1.6488,1.6544,1.6585,1
5.7239,1.6488,1.6536,1.6577,1
5.7239,1.6480,1.6528,1.6577,1
5.7239,1.6432,1.6520,1.6585,1
5.7239,1.6440,1.6520,1.6585,1
5.7239,1.6448,1.6520,1.6593,1
5.7239,1.6448,1.6504,1.6585,1
5.7239,1.6762,1.6504,1.6568,1
5.7239,1.6730,1.6488,1.6577,1
5.7239,1.6705,1.6496,1.6577,1
5.7239,1.6689,1.6496,1.6568,1
5.7239,1.6681,1.6496,1.6552,1
5.7239,1.6689,1.6512,1.6560,1
5.7239,1.6681,1.6520,1.6568,1
5.7239,1.6665,1.6512,1.6577,1
5.7239,1.6649,1.6512,1.6577,1
5.7239,1.6641,1.6512,1.6577,1
5.7239,1.6359,1.6496,1.6568,1
5.7239,1.6399,1.6488,1.6568,1
5.7239,1.6415,1.6480,1.6577,1
5.7239,1.6448,1.6472,1.6593,1
5.7239,1.6496,1.6472,1.6609,1
5.7239,1.6536,1.6456,1.6601,1
5.7239,1.6593,1.6440,1.6593,1
5.7239,1.6601,1.6448,1.6585,1
5.7239,1.6609,1.6440,1.6585,1
5.7239,1.6617,1.6448,1.6593,1
5.7239,1.6609,1.6464,1.6609,1
5.7239,1.6609,1.6472,1.6601,1
5.7239,1.6633,1.6480,1.6585,1
5.7239,1.6625,1.6480,1.6577,1
5.7239,1.6593,1.6488,1.6568,1
5.7239,1.6585,1.6488,1.6560,1
5.7239,1.6593,1.6488,1.6560,1
5.7239,1.6593,1.6472,1.6552,1
5.7239,1.6601,1.6472,1.6544,1
5.7239,1.6593,1.6456,1.6544,1
5.7239,1.6585,1.6464,1.6544,1
5.7239,1.6568,1.6456,1.6544,1
5.7239,1.6552,1.6440,1.6544,1
5.7239,1.6552,1.6440,1.6544,1
5.7239,1.6536,1.6432,1.6536,1
5.7239,1.6520,1.6440,1.6544,1
5.7239,1.6520,1.6440,1.6544,1
5.7239,1.6512,1.6448,1.6544,1
5.7239,1.6504,1.6464,1.6552,1
5.7239,1.6504,1.6472,1.6552,1
5.7239,1.6512,1.6456,1.6560,1
5.7239,1.6520,1.6456,1.6568,1
5.7239,1.6528,1.6464,1.6568,1
5.7239,1.6512,1.6472,1.6568,1
5.7239,1.6512,1.6488,1.6585,1
5.7239,1.6528,1.6480,1.6585,1
5.7239,1.6520,1.6464,1.6560,1
5.7239,1.6528,1.6456,1.6577,1
5.7239,1.6536,1.6448,1.6560,1
5.7239,1.6536,1.6448,1.6560,1
5.7239,1.6536,1.6448,1.6560,1
5.7239,1.6544,1.6464,1.6552,1
5.7239,1.6528,1.6472,1.6577,1
5.7239,1.6536,1.6496,1.6577,1
5.7239,1.6544,1.6472,1.6560,1
5.7239,1.6536,1.6480,1.6536,1
5.7239,1.6528,1.6488,1.6544,1
5.7239,1.6536,1.6496,1.6544,1
5.7239,1.6528,1.6496,1.6560,1
5.7239,1.6544,1.6488,1.6552,1
5.7239,1.6528,1.6488,1.6552,1
5.7239,1.6528,1.6504,1.6552,1
5.7239,1.6544,1.6504,1.6544,1
5.7239,1.6544,1.6488,1.6544,1
5.7612,1.6552,1.6488,1.6585,1
5.7612,1.6560,1.6488,1.6601,1
5.7612,1.6568,1.6488,1.6617,1
5.7612,1.6568,1.6488,1.6601,1
5.7612,1.6577,1.6480,1.6593,1
5.7612,1.6568,1.6504,1.6593,1
5.7612,1.6577,1.6504,1.6593,1
5.7612,1.6568,1.6504,1.6585,1
5.7612,1.6560,1.6496,1.6577,1
5.7612,1.6552,1.6496,1.6577,1
5.7612,1.6544,1.6496,1.6560,1
5.7612,1.6536,1.6488,1.6568,1
5.7612,1.6488,1.6496,1.6568,1
5.7612,1.6480,1.6496,1.6577,1
5.7612,1.6480,1.6520,1.6577,1
5.7612,1.6480,1.6504,1.6585,1
5.7612,1.6536,1.6512,1.6593,1
5.7612,1.6544,1.6512,1.6593,1
5.7612,1.6544,1.6488,1.6609,1
5.7612,1.6536,1.6488,1.6609,1
5.7612,1.6536,1.6480,1.6601,1
5.7612,1.6536,1.6480,1.6601,1
5.7612,1.6585,1.6488,1.6601,1
5.7612,1.6577,1.6480,1.6609,1
5.7612,1.6585,1.6464,1.6617,1
5.7612,1.6577,1.6464,1.6601,1
5.7612,1.6512,1.6472,1.6609,1
5.7612,1.6520,1.6456,1.6593,1
5.7612,1.6520,1.6496,1.6585,1
5.7612,1.6528,1.6488,1.6593,1
5.7612,1.6472,1.6488,1.6593,1
5.7612,1.6480,1.6496,1.6577,1
5.7612,1.6480,1.6504,1.6577,1
5.7612,1.6488,1.6496,1.6577,1
5.7612,1.6496,1.6512,1.6568,1
5.7612,1.6504,1.6512,1.6560,1
5.7612,1.6504,1.6504,1.6560,1
5.7612,1.6504,1.6496,1.6577,1
5.7612,1.6520,1.6472,1.6560,1
5.7612,1.6528,1.6496,1.6552,1
5.7612,1.6609,1.6504,1.6560,1
5.7612,1.6601,1.6504,1.6560,1
5.7612,1.6665,1.6488,1.6544,1
5.7612,1.6657,1.6504,1.6544,1
5.7612,1.6681,1.6488,1.6552,1
5.7612,1.6665,1.6488,1.6560,1
5.7612,1.6609,1.6496,1.6568,1
5.7612,1.6593,1.6496,1.6560,1
5.7612,1.6585,1.6496,1.6577,1
5.7612,1.6585,1.6480,1.6577,1
5.7612,1.6480,1.6488,1.6560,1
5.7612,1.6488,1.6488,1.6568,1
5.7612,1.6423,1.6488,1.6577,1
5.7612,1.6423,1.6472,1.6568,1
5.7612,1.6407,1.6472,1.6568,1
5.7612,1.6432,1.6464,1.6560,1
5.7612,1.6488,1.6456,1.6544,1
5.7612,1.6512,1.6464,1.6544,1
5.7612,1.6504,1.6472,1.6544,1
5.7612,1.6504,1.6480,1.6536,1
5.7612,1.6593,1.6488,1.6552,1
5.7612,1.6585,1.6480,1.6552,1
5.7612,1.6528,1.6480,1.6552,1
5.7612,1.6536,1.6488,1.6552,1
5.7612,1.6520,1.6504,1.6528,1
5.7612,1.6512,1.6528,1.6520,1
5.7612,1.6496,1.6520,1.6504,1
5.7612,1.6480,1.6512,1.6496,1
5.7612,1.6480,1.6504,1.6480,1
5.7612,1.6480,1.6496,1.6472,1
5.7612,1.6480,1.6480,1.6456,1
5.7612,1.6464,1.6504,1.6448,1
5.7612,1.6520,1.6512,1.6440,1
5.7612,1.6504,1.6480,1.6432,1
5.7612,1.6512,1.6472,1.6464,1
5.8210,1.6496,1.6456,1.6472,1
5.8210,1.6496,1.6472,1.6488,1
5.8210,1.6480,1.6480,1.6480,1
5.8210,1.6472,1.6480,1.6480,1
5.8210,1.6480,1.6504,1.6512,1
5.8210,1.6480,1.6504,1.6504,1
5.8210,1.6480,1.6488,1.6512,1
5.8210,1.6480,1.6480,1.6504,1
5.8210,1.6488,1.6504,1.6504,1
5.8210,1.6456,1.6496,1.6496,1
5.8210,1.6464,1.6496,1.6504,1
5.8210,1.6480,1.6488,1.6504,1
5.8210,1.6504,1.6504,1.6504,1
5.8210,1.6512,1.6520,1.6512,1
5.8210,1.6504,1.6520,1.6504,1
5.8210,1.6504,1.6528,1.6504,1
5.8210,1.6496,1.6520,1.6488,1
5.8210,1.6528,1.6536,1.6480,1
5.8210,1.6528,1.6544,1.6456,1
5.8210,1.6536,1.6560,1.6440,1
5.8210,1.6544,1.6544,1.6423,1
5.8210,1.6536,1.6552,1.6415,1
5.8210,1.6536,1.6552,1.6407,1
5.8210,1.6544,1.6536,1.6415,1
5.8210,1.6544,1.6512,1.6407,1
5.8210,1.6528,1.6512,1.6407,1
5.8210,1.6544,1.6512,1.6415,1
5.8210,1.6528,1.6512,1.6432,1
5.8210,1.6536,1.6512,1.6448,1
5.8210,1.6560,1.6504,1.6448,1
5.8210,1.6568,1.6512,1.6456,1
5.8210,1.6343,1.6512,1.6464,1
5.8210,1.6375,1.6504,1.6464,1
5.8210,1.6383,1.6512,1.6456,1
5.8210,1.6391,1.6520,1.6456,1
5.8210,1.6423,1.6504,1.6448,1
5.8210,1.6432,1.6504,1.6440,1
5.8210,1.6423,1.6496,1.6432,1
5.8210,1.6415,1.6504,1.6423,1
5.8210,1.6407,1.6496,1.6423,1
5.8210,1.6391,1.6488,1.6423,1
5.8210,1.6609,1.6488,1.6432,1
5.8210,1.6560,1.6504,1.6423,1
5.8210,1.6544,1.6504,1.6423,1
5.8210,1.6528,1.6496,1.6415,1
5.8210,1.6520,1.6480,1.6415,1
5.8210,1.6496,1.6496,1.6415,1
5.8210,1.6496,1.6488,1.6407,1
5.8210,1.6480,1.6472,1.6407,1
5.8210,1.6407,1.6480,1.6399,1
5.8210,1.6407,1.6472,1.6391,1
5.8210,1.6375,1.6472,1.6375,1
5.8210,1.6391,1.6448,1.6375,1
5.8210,1.6391,1.6440,1.6375,1
5.8210,1.6399,1.6440,1.6375,1
5.8210,1.6391,1.6472,1.6375,1
5.8210,1.6391,1.6448,1.6375,1
5.8210,1.6375,1.6456,1.6367,1
5.8210,1.6399,1.6448,1.6375,1
5.8210,1.6480,1.6464,1.6367,1
5.8210,1.6488,1.6472,1.6375,1
5.8210,1.6528,1.6480,1.6375,1
5.8210,1.6520,1.6496,1.6383,1
5.8210,1.6472,1.6504,1.6375,1
5.8210,1.6472,1.6496,1.6383,1
5.8210,1.6472,1.6480,1.6391,1
5.8210,1.6480,1.6488,1.6391,1
5.8210,1.6504,1.6488,1.6399,1
5.8210,1.6512,1.6504,1.6407,1
5.8210,1.6472,1.6480,1.6415,1
5.8210,1.6480,1.6488,1.6407,1
5.8210,1.6464,1.6472,1.6415,1
5.8210,1.6480,1.6448,1.6415,1
5.8210,1.6544,1.6472,1.6423,1
5.8210,1.6536,1.6464,1.6415,1
5.8210,1.6552,1.6464,1.6407,1
5.8210,1.6560,1.6464,1.6399,1
5.8210,1.6544,1.6464,1.6407,1
5.8210,1.6536,1.6448,1.6407,1
5.8210,1.6560,1.6464,1.6399,1
5.8210,1.6552,1.6456,1.6407,1
5.8210,1.6568,1.6464,1.6407,1
5.8210,1.6552,1.6456,1.6391,1
5.8210,1.6552,1.6448,1.6399,1
5.8210,1.6544,1.6472,1.6407,1
5.8210,1.6536,1.6472,1.6415,1
5.8210,1.6528,1.6488,1.6440,1
5.8210,1.6528,1.6496,1.6432,1
5.8210,1.6528,1.6496,1.6432,1
5.8210,1.6520,1.6504,1.6432,1
5.8210,1.6520,1.6512,1.6432,1
5.8210,1.6520,1.6504,1.6423,1
5.8210,1.6520,1.6512,1.6432,1
5.8210,1.6536,1.6504,1.6415,1
5.8210,1.6536,1.6488,1.6415,1
5.8210,1.6536,1.6512,1.6415,1
5.8210,1.6528,1.6488,1.6399,1
5.8210,1.6544,1.6480,1.6391,1
5.8210,1.6544,1.6488,1.6391,1
5.8210,1.6536,1.6480,1.6391,1
5.8210,1.6544,1.6480,1.6399,1
5.8210,1.6415,1.6480,1.6407,1
5.8210,1.6423,1.6472,1.6399,1
5.8210,1.6432,1.6488,1.6407,1
5.8210,1.6448,1.6488,1.6415,1
5.8210,1.6423,1.6472,1.6415,1
5.8210,1.6432,1.6472,1.6415,1
5.8210,1.6456,1.6480,1.6415,1
5.8210,1.6456,1.6464,1.6415,1
5.8210,1.6440,1.6472,1.6407,1
5.8210,1.6448,1.6480,1.6407,1
5.8210,1.6577,1.6504,1.6327,1
5.8210,1.6560,1.6528,1.6351,1
5.8210,1.6520,1.6536,1.6375,1
5.8210,1.6512,1.6536,1.6391,1
5.8210,1.6536,1.6560,1.6407,1
5.8210,1.6512,1.6552,1.6423,1
5.8210,1.6488,1.6544,1.6440,1
5.8210,1.6488,1.6544,1.6456,1
5.8685,1.6488,1.6560,1.6456,1
5.8685,1.6472,1.6536,1.6464,1
5.8685,1.6464,1.6496,1.6552,1
5.8685,1.6464,1.6488,1.6544,1
5.8685,1.6472,1.6472,1.6504,1
5.8685,1.6464,1.6480,1.6496,1
5.8685,1.6464,1.6480,1.6464,1
5.8685,1.6472,1.6496,1.6432,1
5.8685,1.6472,1.6504,1.6415,1
5.8685,1.6472,1.6512,1.6399,1
5.8685,1.6480,1.6504,1.6399,1
5.8685,1.6488,1.6512,1.6432,1
5.8685,1.6488,1.6536,1.6423,1
5.8685,1.6488,1.6528,1.6440,1
5.8685,1.6504,1.6520,1.6448,1
5.8685,1.6512,1.6504,1.6456,1
5.8685,1.6875,1.6496,1.6472,1
5.8685,1.6842,1.6496,1.6464,1
5.8685,1.6810,1.6496,1.6480,1
5.8685,1.6794,1.6488,1.6504,1
5.8685,1.6851,1.6488,1.6528,1
5.8685,1.6826,1.6472,1.6536,1
5.8685,1.6826,1.6464,1.6536,1
5.8685,1.6818,1.6480,1.6536,1
5.8685,1.6794,1.6488,1.6536,1
5.8685,1.6794,1.6512,1.6520,1
5.8685,1.6448,1.6496,1.6512,1
5.8685,1.6488,1.6496,1.6552,1
5.8685,1.6472,1.6504,1.6552,1
5.8685,1.6520,1.6520,1.6544,1
5.8685,1.6488,1.6512,1.6544,1
5.8685,1.6520,1.6512,1.6512,1
5.8685,1.6552,1.6520,1.6528,1
5.8685,1.6577,1.6504,1.6528,1
5.8685,1.6609,1.6496,1.6544,1
5.8685,1.6633,1.6488,1.6560,1
5.8685,1.6657,1.6488,1.6544,1
5.8685,1.6665,1.6488,1.6552,1
5.8685,1.6665,1.6496,1.6544,1
5.8685,1.6665,1.6488,1.6560,1
5.8685,1.6665,1.6496,1.6544,1
5.8685,1.6649,1.6504,1.6528,1
5.8685,1.6633,1.6504,1.6528,1
5.8685,1.6625,1.6512,1.6520,1
5.8685,1.6609,1.6528,1.6520,1
5.8685,1.6593,1.6528,1.6520,1
5.8685,1.6577,1.6544,1.6552,1
5.8685,1.6552,1.6544,1.6552,1
5.8685,1.6528,1.6544,1.6552,1
5.8685,1.6504,1.6552,1.6544,1
5.8685,1.6440,1.6560,1.6544,1
5.8685,1.6432,1.6552,1.6552,1
5.8685,1.6440,1.6560,1.6560,1
5.8685,1.6432,1.6560,1.6552,1
5.8685,1.6423,1.6544,1.6552,1
5.8685,1.6407,1.6536,1.6560,1
5.8685,1.6391,1.6520,1.6560,1
5.8685,1.6399,1.6520,1.6560,1
5.8685,1.6480,1.6520,1.6552,1
5.8685,1.6472,1.6512,1.6560,1
5.8685,1.6512,1.6504,1.6577,1
5.8685,1.6504,1.6528,1.6577,1
5.8685,1.6504,1.6520,1.6577,1
5.8685,1.6496,1.6504,1.6601,1
5.8685,1.6496,1.6512,1.6593,1
5.8685,1.6496,1.6536,1.6568,1
5.8685,1.6464,1.6536,1.6552,1
5.8685,1.6456,1.6536,1.6544,1
5.8685,1.6448,1.6528,1.6552,1
5.8685,1.6464,1.6520,1.6536,1
5.8685,1.6472,1.6512,1.6512,1
5.8685,1.6496,1.6504,1.6504,1
5.8685,1.6504,1.6504,1.6504,1
5.8685,1.6504,1.6528,1.6488,1
5.8685,1.6512,1.6528,1.6496,1
5.8685,1.6528,1.6512,1.6520,1
5.8685,1.6585,1.6512,1.6528,1
5.8685,1.6593,1.6512,1.6520,1
5.8685,1.6593,1.6512,1.6504,1
5.8685,1.6585,1.6528,1.6504,1
5.8685,1.6577,1.6528,1.6504,1
5.8685,1.6560,1.6544,1.6520,1
5.8685,1.6560,1.6536,1.6512,1
5.8685,1.6568,1.6520,1.6512,1
5.8685,1.6560,1.6504,1.6496,1
5.8685,1.6560,1.6496,1.6472,1
5.8685,1.6544,1.6488,1.6488,1
5.8685,1.6544,1.6496,1.6504,1
5.8685,1.6552,1.6496,1.6512,1
5.8685,1.6552,1.6472,1.6520,1
5.8685,1.6552,1.6488,1.6512,1
5.8685,1.6552,1.6488,1.6504,1
5.8685,1.6560,1.6488,1.6496,1
5.8685,1.6560,1.6512,1.6496,1
5.8685,1.6552,1.6520,1.6488,1
5.9030,1.6544,1.6544,1.6488,1
5.9030,1.6560,1.6544,1.6472,1
5.9030,1.6560,1.6528,1.6480,1
5.9030,1.6552,1.6520,1.6472,1
5.9030,1.6544,1.6536,1.6472,1
5.9030,1.6552,1.6496,1.6496,1
5.9030,1.6544,1.6496,1.6504,1
5.9030,1.6528,1.6496,1.6512,1
5.9030,1.6520,1.6480,1.6504,1
5.9030,1.6520,1.6488,1.6528,1
5.9030,1.6520,1.6480,1.6544,1
5.9030,1.6520,1.6520,1.6536,1
5.9030,1.6512,1.6520,1.6536,1
5.9030,1.6528,1.6528,1.6544,1
5.9030,1.6536,1.6520,1.6544,1
5.9030,1.6552,1.6544,1.6520,1
5.9030,1.6568,1.6528,1.6528,1
5.9030,1.6601,1.6552,1.6520,1
5.9030,1.6593,1.6552,1.6544,1
5.9030,1.6593,1.6560,1.6544,1
5.9030,1.6577,1.6552,1.6544,1
5.9030,1.6568,1.6512,1.6544,1
5.9030,1.6568,1.6512,1.6544,1
5.9030,1.6568,1.6504,1.6552,1
5.9030,1.6560,1.6496,1.6544,1
5.9030,1.6544,1.6496,1.6568,1
5.9030,1.6528,1.6496,1.6568,1
5.9030,1.6512,1.6488,1.6560,1
5.9030,1.6520,1.6496,1.6560,1
5.9030,1.6520,1.6496,1.6552,1
5.9030,1.6528,1.6496,1.6552,1
5.9030,1.6520,1.6504,1.6577,1
5.9030,1.6536,1.6496,1.6560,1
5.9030,1.6528,1.6504,1.6552,1
5.9030,1.6536,1.6504,1.6560,1
5.9030,1.6496,1.6432,1.6560,1
5.9030,1.6496,1.6432,1.6552,1
5.9030,1.6504,1.6448,1.6552,1
5.9030,1.6504,1.6456,1.6552,1
5.9030,1.6512,1.6448,1.6544,1
5.9030,1.6528,1.6448,1.6544,1
5.9030,1.6536,1.6456,1.6536,1
5.9030,1.6544,1.6456,1.6552,1
5.9030,1.6536,1.6448,1.6560,1
5.9030,1.6536,1.6440,1.6560,1
5.9030,1.6560,1.6504,1.6552,1
5.9030,1.6552,1.6496,1.6552,1
5.9030,1.6536,1.6480,1.6568,1
5.9030,1.6544,1.6456,1.6560,1
5.9030,1.6544,1.6464,1.6577,1
5.9030,1.6536,1.6480,1.6577,1
5.9030,1.6472,1.6464,1.6552,1
5.9030,1.6448,1.6464,1.6552,1
5.9030,1.6456,1.6472,1.6552,1
5.9030,1.6456,1.6472,1.6560,1
5.9030,1.6448,1.6480,1.6568,1
5.9030,1.6464,1.6480,1.6577,1
5.9030,1.6480,1.6472,1.6568,1
5.9030,1.6472,1.6464,1.6568,1
5.9030,1.6504,1.6448,1.6560,1
5.9030,1.6496,1.6432,1.6560,1
5.9030,1.6544,1.6440,1.6560,1
5.9030,1.6544,1.6448,1.6560,1
5.9030,1.6536,1.6464,1.6552,1
5.9030,1.6552,1.6480,1.6536,1
5.9030,1.6560,1.6480,1.6536,1
5.9030,1.6560,1.6480,1.6520,1
5.9030,1.6528,1.6496,1.6520,1
5.9030,1.6520,1.6504,1.6504,1
5.9030,1.6520,1.6504,1.6512,1
5.9030,1.6512,1.6528,1.6504,1
5.9030,1.6520,1.6544,1.6520,1
5.9030,1.6528,1.6560,1.6528,1
5.9030,1.6528,1.6536,1.6520,1
5.9030,1.6512,1.6536,1.6544,1
5.9030,1.6496,1.6536,1.6544,1
5.9030,1.6496,1.6552,1.6552,1
5.9483,1.6488,1.6544,1.6560,1
5.9483,1.6496,1.6544,1.6560,1
5.9483,1.6480,1.6536,1.6528,1
5.9483,1.6488,1.6512,1.6544,1
5.9483,1.6448,1.6504,1.6528,1
5.9483,1.6464,1.6512,1.6520,1
5.9483,1.6480,1.6520,1.6512,1
5.9483,1.6496,1.6512,1.6512,1
5.9483,1.6512,1.6520,1.6512,1
5.9483,1.6512,1.6504,1.6496,1
5.9483,1.6528,1.6520,1.6496,1
5.9483,1.6520,1.6504,1.6512,1
5.9483,1.6528,1.6520,1.6536,1
5.9483,1.6528,1.6536,1.6520,1
5.9483,1.6577,1.6552,1.6528,1
5.9483,1.6544,1.6544,1.6520,1
5.9483,1.6520,1.6528,1.6528,1
5.9483,1.6512,1.6544,1.6528,1
5.9483,1.6520,1.6544,1.6520,1
5.9483,1.6512,1.6552,1.6520,1
5.9483,1.6496,1.6560,1.6512,1
5.9483,1.6488,1.6568,1.6512,1
5.9483,1.6472,1.6560,1.6520,1
5.9483,1.6472,1.6560,1.6536,1
5.9483,1.6488,1.6536,1.6544,1
5.9483,1.6488,1.6544,1.6536,1
5.9483,1.6496,1.6560,1.6536,1
5.9483,1.6504,1.6536,1.6520,1
5.9483,1.6488,1.6536,1.6528,1
5.9483,1.6480,1.6528,1.6544,1
5.9483,1.6512,1.6528,1.6552,1
5.9483,1.6504,1.6520,1.6544,1
5.9483,1.6512,1.6520,1.6544,1
5.9483,1.6496,1.6520,1.6552,1
5.9483,1.6488,1.6512,1.6560,1
5.9483,1.6480,1.6504,1.6568,1
5.9483,1.6480,1.6488,1.6568,1
5.9483,1.6480,1.6512,1.6568,1
5.9483,1.6488,1.6520,1.6560,1
5.9483,1.6496,1.6536,1.6560,1
5.9483,1.6528,1.6520,1.6536,1
5.9483,1.6528,1.6536,1.6552,1
5.9483,1.6496,1.6544,1.6552,1
5.9483,1.6512,1.6552,1.6544,1
5.9483,1.6504,1.6552,1.6520,1
5.9494,1.6512,1.6560,1.6520,1
5.9494,1.6512,1.6568,1.6528,1
5.9494,1.6504,1.6560,1.6552,1
5.9494,1.6504,1.6568,1.6544,1
5.9494,1.6512,1.6560,1.6544,1
5.9494,1.6415,1.6560,1.6544,1
5.9494,1.6440,1.6560,1.6536,1
5.9494,1.6464,1.6568,1.6536,1
5.9494,1.6464,1.6560,1.6520,1
5.9494,1.6407,1.6568,1.6528,1
5.9494,1.6415,1.6544,1.6512,1
5.9494,1.6415,1.6512,1.6504,1
5.9494,1.6423,1.6512,1.6488,1
5.9494,1.6399,1.6512,1.6480,1
5.9494,1.6407,1.6520,1.6472,1
5.9494,1.6440,1.6520,1.6496,1
5.9494,1.6432,1.6504,1.6504,1
5.9494,1.6214,1.6504,1.6496,1
5.9494,1.6238,1.6504,1.6512,1
5.9494,1.6303,1.6496,1.6520,1
5.9494,1.6327,1.6504,1.6520,1
5.9494,1.6319,1.6552,1.6528,1
5.9494,1.6327,1.6536,1.6552,1
5.9494,1.6351,1.6528,1.6568,1
5.9494,1.6351,1.6512,1.6560,1
5.9494,1.6343,1.6528,1.6560,1
5.9494,1.6327,1.6528,1.6577,1
5.9494,1.6536,1.6552,1.6577,1
5.9494,1.6504,1.6552,1.6568,1
5.9494,1.6488,1.6568,1.6568,1
5.9494,1.6472,1.6560,1.6560,1
5.9494,1.6448,1.6560,1.6560,1
5.9494,1.6423,1.6568,1.6544,1
5.9494,1.6391,1.6560,1.6544,1
5.9494,1.6375,1.6552,1.6544,1
5.9494,1.6367,1.6560,1.6544,1
5.9494,1.6383,1.6568,1.6528,1
5.9957,1.6367,1.6544,1.6536,1
5.9957,1.6367,1.6536,1.6544,1
5.9957,1.6359,1.6520,1.6536,1
5.9957,1.6351,1.6536,1.6536,1
5.9957,1.6367,1.6520,1.6536,1
5.9957,1.6375,1.6512,1.6560,1
5.9957,1.6399,1.6520,1.6568,1
5.9957,1.6407,1.6536,1.6585,1
5.9957,1.6423,1.6536,1.6585,1
5.9957,1.6423,1.6520,1.6601,1
5.9957,1.6440,1.6512,1.6609,1
5.9957,1.6448,1.6528,1.6609,1
5.9957,1.6415,1.6536,1.6633,1
5.9957,1.6432,1.6528,1.6649,1
5.9957,1.6448,1.6528,1.6649,1
5.9957,1.6456,1.6544,1.6649,1
5.9957,1.6496,1.6552,1.6641,1
5.9957,1.6504,1.6536,1.6625,1
5.9957,1.6488,1.6536,1.6617,1
5.9957,1.6488,1.6544,1.6585,1
5.9957,1.6496,1.6560,1.6577,1
5.9957,1.6512,1.6560,1.6577,1
5.9957,1.6536,1.6560,1.6568,1
5.9957,1.6544,1.6552,1.6552,1
5.9957,1.6536,1.6560,1.6552,1
5.9957,1.6528,1.6544,1.6552,1
5.9957,1.6480,1.6536,1.6560,1
5.9957,1.6480,1.6536,1.6552,1
5.9957,1.6472,1.6544,1.6560,1
5.9957,1.6480,1.6536,1.6577,1
5.9957,1.6472,1.6520,1.6585,1
5.9957,1.6464,1.6520,1.6585,1
5.9957,1.6464,1.6512,1.6593,1
5.9957,1.6456,1.6528,1.6609,1
5.9957,1.6456,1.6512,1.6609,1
5.9957,1.6456,1.6512,1.6593,1
5.9957,1.6464,1.6512,1.6577,1
5.9957,1.6464,1.6520,1.6601,1
5.9957,1.6464,1.6504,1.6593,1
5.9957,1.6472,1.6520,1.6601,1
5.9957,1.6480,1.6520,1.6593,1
5.9957,1.6480,1.6504,1.6593,1
5.9957,1.6472,1.6512,1.6585,1
5.9957,1.6472,1.6520,1.6552,1
5.9957,1.6472,1.6520,1.6552,1
5.9957,1.6488,1.6512,1.6544,1
5.9957,1.6496,1.6512,1.6560,1
5.9957,1.6496,1.6512,1.6560,1
5.9957,1.6504,1.6512,1.6560,1
5.9957,1.6496,1.6504,1.6560,1
5.9957,1.6488,1.6488,1.6568,1
5.9957,1.6488,1.6488,1.6560,1
5.9957,1.6496,1.6480,1.6560,1
5.9957,1.6496,1.6464,1.6577,1
5.9957,1.6496,1.6464,1.6585,1
5.9957,1.6488,1.6472,1.6585,1
5.9957,1.6472,1.6480,1.6577,1
5.9957,1.6464,1.6480,1.6593,1
5.9957,1.6464,1.6472,1.6585,1
5.9957,1.6472,1.6472,1.6577,1
5.9957,1.6488,1.6496,1.6568,1
5.9957,1.6488,1.6488,1.6568,1
5.9957,1.6472,1.6496,1.6568,1
5.9957,1.6472,1.6504,1.6552,1
5.9957,1.6504,1.6504,1.6552,1
5.9957,1.6504,1.6496,1.6560,1
5.9957,1.6512,1.6504,1.6552,1
5.9957,1.6512,1.6512,1.6536,1
5.9957,1.6488,1.6512,1.6536,1
5.9957,1.6488,1.6520,1.6544,1
5.9957,1.6480,1.6512,1.6552,1
5.9957,1.6480,1.6536,1.6552,1
5.9957,1.6496,1.6544,1.6552,1
5.9957,1.6488,1.6544,1.6552,1
5.9957,1.6472,1.6544,1.6536,1
5.9957,1.6480,1.6560,1.6520,1
5.9957,1.6464,1.6560,1.6520,1
5.9957,1.6472,1.6560,1.6520,1
5.9957,1.6480,1.6560,1.6528,1
5.9957,1.6472,1.6560,1.6528,1
5.9957,1.6456,1.6560,1.6528,1
5.9957,1.6464,1.6544,1.6536,1
5.9957,1.6456,1.6536,1.6528,1
5.9957,1.6448,1.6528,1.6552,1
5.9957,1.6448,1.6536,1.6568,1
5.9957,1.6448,1.6536,1.6577,1
5.9957,1.6464,1.6536,1.6577,1
5.9957,1.6464,1.6520,1.6568,1
5.9957,1.6472,1.6544,1.6568,1
5.9957,1.6480,1.6560,1.6544,1
5.9957,1.6488,1.6560,1.6544,1
5.9957,1.6472,1.6568,1.6528,1
5.9957,1.6488,1.6577,1.6528,1
5.9957,1.6480,1.6577,1.6504,1
5.9957,1.6440,1.6585,1.6488,1
6.0436,1.6440,1.6577,1.6480,1
6.0436,1.6423,1.6593,1.6480,1
6.0436,1.6440,1.6609,1.6472,1
6.0436,1.6432,1.6593,1.6464,1
6.0436,1.6432,1.6585,1.6472,1
6.0436,1.6440,1.6577,1.6456,1
6.0436,1.6456,1.6593,1.6464,1
6.0436,1.6464,1.6601,1.6480,1
6.0436,1.6472,1.6601,1.6488,1
6.0436,1.6496,1.6593,1.6496,1
6.0436,1.6480,1.6601,1.6504,1
6.0436,1.6480,1.6568,1.6512,1
6.0436,1.6456,1.6560,1.6520,1
6.0436,1.6480,1.6577,1.6528,1
6.0436,1.6464,1.6568,1.6520,1
6.0436,1.6456,1.6560,1.6536,1
6.0436,1.6432,1.6560,1.6528,1
6.0436,1.6415,1.6560,1.6520,1
6.0436,1.6407,1.6560,1.6520,1
6.0436,1.6432,1.6568,1.6536,1
6.0436,1.6440,1.6568,1.6544,1
6.0436,1.6448,1.6585,1.6536,1
6.0436,1.6456,1.6560,1.6544,1
6.0436,1.6456,1.6560,1.6520,1
6.0436,1.6464,1.6568,1.6512,1
6.0436,1.6456,1.6560,1.6512,1
6.0436,1.6456,1.6544,1.6512,1
6.0436,1.6480,1.6536,1.6520,1
6.0436,1.6472,1.6528,1.6520,1
6.0436,1.6456,1.6520,1.6512,1
6.0436,1.6464,1.6504,1.6504,1
6.0436,1.6464,1.6504,1.6512,1
6.0436,1.6464,1.6520,1.6496,1
6.0436,1.6440,1.6528,1.6520,1
6.0436,1.6448,1.6512,1.6552,1
6.0436,1.6464,1.6520,1.6544,1
6.0436,1.6464,1.6520,1.6552,1
6.0436,1.6448,1.6536,1.6560,1
6.0436,1.6456,1.6528,1.6552,1
6.0436,1.6456,1.6528,1.6560,1
6.0436,1.6456,1.6552,1.6560,1
6.0436,1.6423,1.6544,1.6552,1
6.0436,1.6432,1.6552,1.6560,1
6.0436,1.6432,1.6544,1.6568,1
6.0436,1.6432,1.6528,1.6568,1
6.0436,1.6423,1.6528,1.6577,1
6.0436,1.6432,1.6528,1.6577,1
6.0436,1.6206,1.6512,1.6568,1
6.0436,1.6238,1.6504,1.6585,1
6.0436,1.6246,1.6504,1.6593,1
6.0436,1.6262,1.6504,1.6593,1
6.0436,1.6303,1.6496,1.6609,1
6.0436,1.6311,1.6488,1.6617,1
6.0436,1.6278,1.6472,1.6617,1
6.0436,1.6286,1.6480,1.6617,1
6.0436,1.6286,1.6488,1.6609,1
6.0436,1.6278,1.6496,1.6601,1
6.0436,1.6504,1.6488,1.6601,1
6.0436,1.6472,1.6496,1.6601,1
6.0436,1.6456,1.6496,1.6593,1
6.0436,1.6415,1.6496,1.6585,1
6.0436,1.6407,1.6496,1.6593,1
6.0436,1.6375,1.6480,1.6585,1
6.0436,1.6399,1.6496,1.6577,1
6.0436,1.6383,1.6512,1.6585,1
6.0436,1.6383,1.6520,1.6593,1
6.0436,1.6375,1.6512,1.6593,1
6.0436,1.6375,1.6528,1.6601,1
6.0436,1.6375,1.6520,1.6601,1
6.0436,1.6367,1.6512,1.6609,1
6.0436,1.6375,1.6528,1.6609,1
6.0436,1.6367,1.6544,1.6593,1
6.0436,1.6375,1.6544,1.6577,1
6.0436,1.6367,1.6552,1.6585,1
6.0436,1.6383,1.6552,1.6585,1
6.0436,1.6407,1.6544,1.6593,1
6.0436,1.6415,1.6544,1.6585,1
6.0436,1.6415,1.6536,1.6585,1
6.0436,1.6407,1.6536,1.6593,1
6.0436,1.6415,1.6536,1.6585,1
6.0436,1.6423,1.6520,1.6585,1
6.0436,1.6440,1.6496,1.6601,1
6.0436,1.6456,1.6504,1.6617,1
6.0436,1.6488,1.6480,1.6625,1
6.0436,1.6488,1.6464,1.6617,1
6.0436,1.6480,1.6464,1.6609,1
6.0436,1.6472,1.6488,1.6609,1
6.0436,1.6488,1.6512,1.6617,1
6.0436,1.6504,1.6512,1.6601,1
6.0436,1.6520,1.6512,1.6601,1
6.0436,1.6512,1.6512,1.6601,1
6.0436,1.6496,1.6512,1.6601,1
6.0436,1.6488,1.6520,1.6593,1
6.0436,1.6472,1.6536,1.6585,1
6.0436,1.6464,1.6536,1.6585,1
6.0436,1.6448,1.6536,1.6577,1
6.0906,1.6456,1.6504,1.6560,1
6.0906,1.6456,1.6480,1.6560,1
6.0906,1.6448,1.6488,1.6560,1
6.0906,1.6432,1.6488,1.6560,1
6.0906,1.6448,1.6488,1.6560,1
6.0906,1.6456,1.6480,1.6544,1
6.0906,1.6456,1.6488,1.6544,1
6.0906,1.6472,1.6480,1.6560,1
6.0906,1.6464,1.6480,1.6560,1
6.0906,1.6528,1.6480,1.6568,1
6.0906,1.6504,1.6480,1.6577,1
6.0906,1.6480,1.6472,1.6577,1
6.0906,1.6472,1.6472,1.6577,1
6.0906,1.6472,1.6472,1.6560,1
6.0906,1.6472,1.6472,1.6560,1
6.0906,1.6488,1.6480,1.6560,1
6.0906,1.6480,1.6464,1.6552,1
6.0906,1.6464,1.6464,1.6552,1
6.0906,1.6472,1.6464,1.6560,1
6.0906,1.6423,1.6456,1.6560,1
6.0906,1.6440,1.6480,1.6552,1
6.0906,1.6448,1.6480,1.6552,1
6.0906,1.6464,1.6472,1.6544,1
6.0906,1.6480,1.6464,1.6544,1
6.0906,1.6480,1.6464,1.6536,1
6.0906,1.6456,1.6456,1.6544,1
6.0906,1.6472,1.6448,1.6536,1
6.0906,1.6464,1.6448,1.6512,1
6.0906,1.6464,1.6440,1.6504,1
6.0906,1.6472,1.6448,1.6488,1
6.0906,1.6480,1.6440,1.6504,1
6.0906,1.6488,1.6448,1.6504,1
6.0906,1.6504,1.6456,1.6504,1
6.0906,1.6496,1.6456,1.6528,1
6.0906,1.6496,1.6440,1.6528,1
6.0906,1.6488,1.6448,1.6520,1
6.0906,1.6496,1.6440,1.6528,1
6.0906,1.6512,1.6448,1.6536,1
6.0906,1.6512,1.6448,1.6536,1
6.0906,1.6480,1.6440,1.6536,1
6.0906,1.6480,1.6423,1.6528,1
6.0906,1.6488,1.6423,1.6528,1
6.0906,1.6472,1.6415,1.6504,1
6.0906,1.6488,1.6423,1.6504,1
6.0906,1.6480,1.6423,1.6488,1
6.0906,1.6488,1.6423,1.6504,1
6.0906,1.6480,1.6432,1.6512,1
6.0906,1.6464,1.6432,1.6504,1
6.0906,1.6456,1.6432,1.6496,1
6.0906,1.6488,1.6440,1.6496,1
6.0906,1.6472,1.6448,1.6496,1
6.0906,1.6464,1.6456,1.6480,1
6.0906,1.6448,1.6464,1.6496,1
6.0906,1.6432,1.6472,1.6496,1
6.0906,1.6432,1.6480,1.6496,1
6.0906,1.6407,1.6488,1.6496,1
6.0906,1.6399,1.6480,1.6504,1
6.0906,1.6407,1.6480,1.6504,1
6.0906,1.6407,1.6496,1.6528,1
6.0906,1.6407,1.6488,1.6520,1
6.0906,1.6415,1.6504,1.6520,1
6.0906,1.6415,1.6504,1.6536,1
6.0906,1.6432,1.6520,1.6536,1
6.0906,1.6440,1.6512,1.6536,1
6.0906,1.6440,1.6528,1.6528,1
6.0906,1.6464,1.6512,1.6520,1
6.0906,1.6464,1.6512,1.6528,1
6.0906,1.6464,1.6512,1.6536,1
6.0906,1.6464,1.6488,1.6528,1
6.0906,1.6480,1.6504,1.6536,1
6.0906,1.6472,1.6488,1.6536,1
6.0906,1.6456,1.6488,1.6536,1
6.0906,1.6456,1.6480,1.6544,1
6.0906,1.6440,1.6464,1.6536,1
6.0906,1.6448,1.6464,1.6552,1
6.0906,1.6432,1.6488,1.6560,1
6.0906,1.6440,1.6504,1.6552,1
6.0906,1.6432,1.6504,1.6552,1
6.0906,1.6432,1.6520,1.6552,1
6.0906,1.6399,1.6504,1.6560,1
6.0906,1.6415,1.6528,1.6560,1
6.0906,1.6415,1.6520,1.6560,1
6.0906,1.6407,1.6520,1.6568,1
6.0906,1.6391,1.6536,1.6577,1
6.0906,1.6399,1.6536,1.6577,1
6.0906,1.6399,1.6528,1.6593,1
6.0906,1.6415,1.6512,1.6593,1
6.0906,1.6432,1.6512,1.6593,1
6.0906,1.6423,1.6504,1.6593,1
6.0906,1.6440,1.6512,1.6593,1
6.0906,1.6423,1.6488,1.6585,1
6.0906,1.6432,1.6480,1.6568,1
6.0906,1.6432,1.6496,1.6568,1
6.0906,1.6456,1.6480,1.6544,1
6.1377,1.6440,1.6480,1.6544,1
6.1377,1.6448,1.6464,1.6536,1
6.1377,1.6432,1.6480,1.6536,1
6.1377,1.6448,1.6488,1.6520,1
6.1377,1.6456,1.6504,1.6520,1
6.1377,1.6448,1.6512,1.6512,1
6.1377,1.6440,1.6528,1.6504,1
6.1377,1.6432,1.6544,1.6512,1
6.1377,1.6415,1.6520,1.6496,1
6.1377,1.6423,1.6520,1.6512,1
6.1377,1.6440,1.6528,1.6496,1
6.1377,1.6448,1.6528,1.6496,1
6.1377,1.6456,1.6528,1.6488,1
6.1377,1.6432,1.6512,1.6488,1
6.1377,1.6432,1.6496,1.6464,1
6.1377,1.6432,1.6496,1.6472,1
6.1377,1.6432,1.6496,1.6488,1
6.1382,1.6448,1.6504,1.6496,1
6.1382,1.6448,1.6512,1.6488,1
6.1382,1.6399,1.6520,1.6415,1
6.1382,1.6391,1.6512,1.6415,1
6.1382,1.6432,1.6520,1.6423,1
6.1382,1.6432,1.6512,1.6415,1
6.1382,1.6423,1.6528,1.6407,1
6.1382,1.6423,1.6552,1.6407,1
6.1382,1.6415,1.6568,1.6415,1
6.1382,1.6432,1.6552,1.6391,1
6.1382,1.6391,1.6552,1.6375,1
6.1382,1.6407,1.6552,1.6375,1
6.1382,1.6432,1.6568,1.6423,1
6.1382,1.6440,1.6560,1.6432,1
6.1382,1.6399,1.6560,1.6407,1
6.1382,1.6391,1.6552,1.6415,1
6.1382,1.6391,1.6552,1.6432,1
6.1382,1.6407,1.6528,1.6440,1
6.1382,1.6415,1.6504,1.6432,1
6.1382,1.6415,1.6520,1.6440,1
6.1382,1.6464,1.6504,1.6488,1
6.1382,1.6456,1.6504,1.6504,1
6.1382,1.6480,1.6488,1.6504,1
6.1382,1.6472,1.6488,1.6504,1
6.1382,1.6464,1.6512,1.6520,1
6.1382,1.6480,1.6528,1.6520,1
6.1382,1.6496,1.6520,1.6504,1
6.1382,1.6488,1.6528,1.6512,1
6.1382,1.6488,1.6552,1.6512,1
6.1382,1.6480,1.6528,1.6520,1
6.1382,1.6464,1.6528,1.6488,1
6.1382,1.6464,1.6528,1.6504,1
6.1382,1.6456,1.6512,1.6504,1
6.1382,1.6448,1.6528,1.6504,1
6.1382,1.6464,1.6512,1.6504,1
6.1382,1.6448,1.6512,1.6512,1
6.1382,1.6423,1.6504,1.6528,1
6.1382,1.6440,1.6504,1.6520,1
6.1382,1.6448,1.6496,1.6528,1
6.1382,1.6448,1.6488,1.6528,1
6.1382,1.6456,1.6488,1.6536,1
6.1382,1.6448,1.6488,1.6536,1
6.1382,1.6440,1.6496,1.6528,1
6.1382,1.6448,1.6496,1.6528,1
6.1382,1.6440,1.6488,1.6520,1
6.1382,1.6448,1.6472,1.6520,1
6.1382,1.6440,1.6472,1.6520,1
6.1382,1.6432,1.6464,1.6544,1
6.1382,1.6440,1.6472,1.6544,1
6.1382,1.6448,1.6480,1.6552,1
6.1382,1.6456,1.6504,1.6536,1
6.1382,1.6464,1.6504,1.6528,1
6.1382,1.6496,1.6504,1.6544,1
6.1382,1.6488,1.6480,1.6552,1
6.1382,1.6480,1.6472,1.6560,1
6.1382,1.6480,1.6480,1.6552,1
6.1382,1.6440,1.6488,1.6560,1
6.1382,1.6448,1.6480,1.6536,1
6.1382,1.6440,1.6480,1.6528,1
6.1382,1.6432,1.6480,1.6520,1
6.1382,1.6423,1.6456,1.6520,1
6.1382,1.6415,1.6448,1.6520,1
6.1382,1.6399,1.6464,1.6496,1
6.1382,1.6399,1.6472,1.6488,1
6.1382,1.6407,1.6496,1.6488,1
6.1382,1.6399,1.6496,1.6480,1
6.1382,1.6456,1.6512,1.6472,1
6.1382,1.6448,1.6528,1.6488,1
6.1382,1.6464,1.6528,1.6480,1
6.1382,1.6464,1.6528,1.6472,1
6.1382,1.6448,1.6536,1.6464,1
6.1382,1.6456,1.6536,1.6472,1
6.1382,1.6464,1.6528,1.6472,1
6.1382,1.6472,1.6544,1.6472,1
6.1382,1.6464,1.6536,1.6464,1
6.1382,1.6456,1.6544,1.6464,1
6.1382,1.6456,1.6544,1.6448,1
6.1849,1.6456,1.6528,1.6448,1
6.1849,1.6432,1.6528,1.6448,1
6.1849,1.6432,1.6544,1.6456,1
6.1849,1.6456,1.6528,1.6456,1
6.1849,1.6456,1.6552,1.6359,1
6.1849,1.6448,1.6577,1.6375,1
6.1849,1.6464,1.6577,1.6383,1
6.1849,1.6488,1.6585,1.6391,1
6.1849,1.6496,1.6593,1.6399,1
6.1849,1.6504,1.6560,1.6391,1
6.1849,1.6504,1.6577,1.6383,1
6.1849,1.6504,1.6577,1.6375,1
6.1849,1.6520,1.6577,1.6375,1
6.1849,1.6560,1.6601,1.6367,1
6.1849,1.6560,1.6601,1.6464,1
6.1849,1.6560,1.6585,1.6464,1
6.1849,1.6544,1.6593,1.6464,1
6.1849,1.6512,1.6593,1.6472,1
6.1849,1.6512,1.6593,1.6464,1
6.1849,1.6520,1.6601,1.6456,1
6.1849,1.6512,1.6609,1.6456,1
6.1849,1.6520,1.6609,1.6464,1
6.1849,1.6504,1.6593,1.6464,1
6.1849,1.6464,1.6593,1.6472,1
6.1849,1.6472,1.6593,1.6464,1
6.1849,1.6472,1.6609,1.6456,1
6.1849,1.6480,1.6609,1.6448,1
6.1849,1.6496,1.6585,1.6448,1
6.1849,1.6504,1.6577,1.6440,1
6.1849,1.6488,1.6577,1.6448,1
6.1849,1.6488,1.6577,1.6464,1
6.1849,1.6464,1.6585,1.6472,1
6.1849,1.6464,1.6585,1.6488,1
6.1849,1.6472,1.6568,1.6504,1
6.1849,1.6464,1.6560,1.6512,1
6.1849,1.6480,1.6560,1.6520,1
6.1849,1.6456,1.6560,1.6512,1
6.1849,1.6407,1.6560,1.6552,1
6.1849,1.6415,1.6568,1.6577,1
6.1849,1.6415,1.6585,1.6577,1
6.1849,1.6423,1.6585,1.6560,1
6.1849,1.6440,1.6568,1.6568,1
6.1849,1.6432,1.6552,1.6568,1
6.1849,1.6440,1.6552,1.6568,1
6.1849,1.6440,1.6560,1.6577,1
6.1849,1.6464,1.6560,1.6577,1
6.1849,1.6480,1.6552,1.6593,1
6.1849,1.6528,1.6568,1.6544,1
6.1849,1.6512,1.6568,1.6544,1
6.1849,1.6480,1.6552,1.6544,1
6.1849,1.6464,1.6544,1.6544,1
6.1849,1.6456,1.6560,1.6528,1
6.1849,1.6448,1.6577,1.6512,1
6.1849,1.6432,1.6593,1.6512,1
6.1849,1.6440,1.6593,1.6512,1
6.1849,1.6407,1.6577,1.6528,1
6.1849,1.6407,1.6577,1.6520,1
6.1849,1.6327,1.6568,1.6536,1
6.1849,1.6343,1.6577,1.6520,1
6.1849,1.6375,1.6585,1.6536,1
6.1849,1.6383,1.6593,1.6544,1
6.1849,1.6399,1.6585,1.6512,1
6.1849,1.6415,1.6577,1.6504,1
6.1849,1.6432,1.6568,1.6480,1
6.1849,1.6423,1.6568,1.6472,1
6.1849,1.6432,1.6568,1.6448,1
6.1849,1.6440,1.6577,1.6448,1
6.1849,1.6512,1.6560,1.6423,1
6.1849,1.6512,1.6560,1.6423,1
6.1849,1.6512,1.6544,1.6415,1
6.1849,1.6520,1.6552,1.6415,1
6.1849,1.6512,1.6552,1.6432,1
6.1849,1.6488,1.6552,1.6432,1
6.1849,1.6488,1.6560,1.6440,1
6.1849,1.6496,1.6544,1.6423,1
6.1849,1.6496,1.6568,1.6432,1
6.1849,1.6496,1.6560,1.6440,1
6.1849,1.6488,1.6560,1.6440,1
6.1849,1.6480,1.6568,1.6432,1
6.1849,1.6472,1.6585,1.6432,1
6.1849,1.6464,1.6577,1.6432,1
6.1849,1.6480,1.6585,1.6432,1
6.1849,1.6496,1.6585,1.6432,1
6.1849,1.6496,1.6585,1.6432,1
6.1849,1.6504,1.6593,1.6423,1
6.1849,1.6504,1.6568,1.6432,1
6.1849,1.6504,1.6585,1.6432,1
6.1849,1.6512,1.6568,1.6432,1
6.1849,1.6520,1.6552,1.6432,1
6.1849,1.6504,1.6552,1.6423,1
6.1849,1.6504,1.6536,1.6432,1
6.1849,1.6496,1.6528,1.6448,1
6.1849,1.6504,1.6528,1.6456,1
6.1849,1.6464,1.6536,1.6464,1
6.1849,1.6480,1.6536,1.6480,1
6.2325,1.6472,1.6560,1.6472,1
6.2325,1.6464,1.6560,1.6448,1
6.2325,1.6464,1.6585,1.6448,1
6.2325,1.6456,1.6593,1.6456,1
6.2325,1.6504,1.6585,1.6448,1
6.2325,1.6512,1.6601,1.6440,1
6.2325,1.6512,1.6617,1.6432,1
6.2325,1.6488,1.6609,1.6432,1
6.2325,1.6512,1.6601,1.6440,1
6.2325,1.6496,1.6593,1.6440,1
6.2325,1.6681,1.6593,1.6456,1
6.2325,1.6665,1.6593,1.6480,1
6.2325,1.6617,1.6601,1.6488,1
6.2325,1.6617,1.6601,1.6496,1
6.2325,1.6585,1.6585,1.6512,1
6.2325,1.6560,1.6585,1.6504,1
6.2325,1.6585,1.6585,1.6496,1
6.2325,1.6585,1.6593,1.6496,1
6.2325,1.6593,1.6585,1.6480,1
6.2325,1.6585,1.6585,1.6464,1
6.2325,1.6399,1.6593,1.6488,1
6.2325,1.6415,1.6593,1.6488,1
6.2325,1.6448,1.6593,1.6480,1
6.2325,1.6456,1.6585,1.6472,1
6.2325,1.6472,1.6585,1.6456,1
6.2325,1.6488,1.6585,1.6472,1
6.2325,1.6472,1.6585,1.6480,1
6.2325,1.6496,1.6577,1.6488,1
6.2325,1.6512,1.6593,1.6488,1
6.2325,1.6520,1.6593,1.6504,1
6.2325,1.6528,1.6577,1.6464,1
6.2325,1.6544,1.6577,1.6464,1
6.2325,1.6544,1.6577,1.6480,1
6.2325,1.6544,1.6585,1.6480,1
6.2325,1.6552,1.6601,1.6480,1
6.2325,1.6560,1.6601,1.6464,1
6.2325,1.6552,1.6601,1.6472,1
6.2325,1.6552,1.6601,1.6448,1
6.2325,1.6496,1.6609,1.6448,1
6.2325,1.6488,1.6601,1.6440,1
6.2325,1.6488,1.6609,1.6440,1
6.2325,1.6488,1.6601,1.6440,1
6.2325,1.6488,1.6577,1.6432,1
6.2325,1.6480,1.6560,1.6432,1
6.2325,1.6456,1.6560,1.6423,1
6.2325,1.6448,1.6568,1.6432,1
6.2325,1.6440,1.6560,1.6423,1
6.2325,1.6448,1.6560,1.6415,1
6.2325,1.6480,1.6552,1.6415,1
6.2325,1.6480,1.6552,1.6415,1
6.2325,1.6464,1.6560,1.6407,1
6.2325,1.6456,1.6560,1.6391,1
6.2325,1.6448,1.6577,1.6383,1
6.2325,1.6440,1.6593,1.6399,1
6.2325,1.6448,1.6577,1.6407,1
6.2325,1.6440,1.6568,1.6399,1
6.2325,1.6440,1.6585,1.6415,1
6.2325,1.6432,1.6585,1.6423,1
6.2325,1.6440,1.6585,1.6423,1
6.2325,1.6440,1.6568,1.6423,1
6.2325,1.6432,1.6560,1.6440,1
6.2325,1.6432,1.6544,1.6456,1
6.2325,1.6432,1.6536,1.6456,1
6.2325,1.6448,1.6528,1.6456,1
6.2325,1.6464,1.6536,1.6456,1
6.2325,1.6472,1.6528,1.6472,1
6.2325,1.6464,1.6512,1.6472,1
6.2325,1.6464,1.6520,1.6472,1
6.2325,1.6448,1.6520,1.6480,1
6.2325,1.6456,1.6536,1.6496,1
6.2325,1.6456,1.6552,1.6504,1
6.2325,1.6464,1.6560,1.6488,1
6.2325,1.6456,1.6552,1.6512,1
6.2325,1.6456,1.6560,1.6512,1
6.2325,1.6456,1.6560,1.6512,1
6.2325,1.6464,1.6568,1.6512,1
6.2325,1.6472,1.6585,1.6520,1
6.2325,1.6464,1.6577,1.6520,1
6.2325,1.6464,1.6568,1.6528,1
6.2325,1.6480,1.6560,1.6536,1
6.2325,1.6464,1.6536,1.6536,1
6.2325,1.6472,1.6536,1.6552,1
6.2325,1.6488,1.6560,1.6544,1
6.2325,1.6488,1.6552,1.6560,1
6.2325,1.6512,1.6560,1.6568,1
6.2325,1.6512,1.6560,1.6568,1
6.2325,1.6504,1.6544,1.6568,1
6.2325,1.6512,1.6552,1.6577,1
6.2325,1.6528,1.6552,1.6577,1
6.2325,1.6520,1.6552,1.6560,1
6.2325,1.6528,1.6577,1.6544,1
6.2325,1.6520,1.6560,1.6544,1
6.2325,1.6512,1.6552,1.6536,1
6.2325,1.6504,1.6552,1.6536,1
6.2325,1.6432,1.6560,1.6528,1
6.2800,1.6440,1.6560,1.6544,1
6.2800,1.6448,1.6560,1.6528,1
6.2800,1.6448,1.6568,1.6512,1
6.2800,1.6456,1.6577,1.6496,1
6.2800,1.6464,1.6585,1.6512,1
6.2800,1.6472,1.6593,1.6512,1
6.2800,1.6472,1.6593,1.6496,1
6.2800,1.6544,1.6617,1.6496,1
6.2800,1.6536,1.6601,1.6480,1
6.2800,1.6544,1.6593,1.6464,1
6.2800,1.6552,1.6601,1.6464,1
6.2800,1.6544,1.6601,1.6480,1
6.2800,1.6536,1.6585,1.6496,1
6.2800,1.6544,1.6577,1.6504,1
6.2800,1.6544,1.6577,1.6496,1
6.2800,1.6544,1.6560,1.6496,1
6.2800,1.6544,1.6560,1.6488,1
6.2800,1.6448,1.6552,1.6488,1
6.2800,1.6432,1.6560,1.6488,1
6.2800,1.6464,1.6552,1.6504,1
6.2800,1.6464,1.6552,1.6472,1
6.2800,1.6464,1.6552,1.6456,1
6.2800,1.6480,1.6552,1.6432,1
6.2800,1.6480,1.6552,1.6432,1
6.2800,1.6472,1.6552,1.6415,1
6.2800,1.6472,1.6544,1.6440,1
6.2800,1.6480,1.6552,1.6440,1
6.2800,1.6512,1.6560,1.6432,1
6.2800,1.6520,1.6560,1.6423,1
6.2800,1.6528,1.6577,1.6407,1
6.2800,1.6512,1.6568,1.6415,1
6.2800,1.6496,1.6560,1.6423,1
6.2800,1.6472,1.6560,1.6440,1
6.2800,1.6472,1.6536,1.6440,1
6.2800,1.6464,1.6536,1.6464,1
6.2800,1.6464,1.6560,1.6464,1
6.2800,1.6407,1.6560,1.6480,1
6.2800,1.6399,1.6560,1.6496,1
6.2800,1.6407,1.6552,1.6520,1
6.2800,1.6415,1.6552,1.6528,1
6.2800,1.6423,1.6552,1.6520,1
6.2800,1.6432,1.6544,1.6528,1
6.2800,1.6440,1.6552,1.6528,1
6.2800,1.6440,1.6577,1.6512,1
6.2800,1.6440,1.6568,1.6504,1
6.2800,1.6432,1.6552,1.6496,1
6.2800,1.6480,1.6544,1.6496,1
6.2800,1.6480,1.6536,1.6480,1
6.2800,1.6464,1.6544,1.6472,1
6.2800,1.6456,1.6536,1.6480,1
6.2800,1.6472,1.6536,1.6496,1
6.2800,1.6480,1.6552,1.6480,1
6.2800,1.6488,1.6552,1.6480,1
6.2800,1.6480,1.6544,1.6472,1
6.2800,1.6472,1.6560,1.6472,1
6.2800,1.6472,1.6577,1.6464,1
6.2800,1.6472,1.6593,1.6472,1
6.2800,1.6472,1.6593,1.6488,1
6.2800,1.6480,1.6593,1.6472,1
6.2800,1.6480,1.6601,1.6464,1
6.2800,1.6480,1.6601,1.6456,1
6.2800,1.6464,1.6601,1.6480,1
6.2800,1.6448,1.6593,1.6488,1
6.2800,1.6456,1.6593,1.6512,1
6.2800,1.6480,1.6593,1.6520,1
6.2800,1.6488,1.6585,1.6536,1
6.2800,1.6488,1.6577,1.6512,1
6.2800,1.6480,1.6577,1.6512,1
6.2800,1.6480,1.6577,1.6528,1
6.2800,1.6544,1.6577,1.6544,1
6.2800,1.6536,1.6585,1.6560,1
6.2800,1.6544,1.6593,1.6552,1
6.2800,1.6560,1.6593,1.6552,1
6.2800,1.6560,1.6609,1.6544,1
6.2800,1.6544,1.6617,1.6536,1
6.2800,1.6536,1.6617,1.6528,1
6.2800,1.6528,1.6617,1.6520,1
6.2800,1.6480,1.6617,1.6520,1
6.2800,1.6496,1.6617,1.6520,1
6.2800,1.6407,1.6617,1.6520,1
6.2800,1.6343,1.6593,1.6512,1
6.2800,1.6351,1.6585,1.6512,1
6.2800,1.6367,1.6585,1.6512,1
6.2800,1.6375,1.6577,1.6512,1
6.2800,1.6391,1.6568,1.6512,1
6.2800,1.6407,1.6577,1.6520,1
6.2800,1.6415,1.6585,1.6552,1
6.2800,1.6472,1.6585,1.6552,1
6.2800,1.6472,1.6593,1.6536,1
6.2800,1.6496,1.6568,1.6544,1
6.2800,1.6568,1.6568,1.6536,1
6.2800,1.6560,1.6585,1.6528,1
6.2800,1.6536,1.6585,1.6536,1
6.2800,1.6520,1.6577,1.6544,1
6.2800,1.6512,1.6577,1.6536,1
6.3276,1.6496,1.6577,1.6544,1
6.3276,1.6480,1.6568,1.6536,1
6.3276,1.6472,1.6568,1.6536,1
6.3276,1.6448,1.6568,1.6552,1
6.3276,1.6440,1.6593,1.6544,1
6.3276,1.6423,1.6609,1.6593,1
6.3276,1.6423,1.6609,1.6585,1
6.3276,1.6407,1.6601,1.6577,1
6.3276,1.6407,1.6609,1.6568,1
6.3276,1.6407,1.6593,1.6577,1
6.3276,1.6399,1.6552,1.6560,1
6.3276,1.6399,1.6544,1.6544,1
6.3276,1.6399,1.6520,1.6536,1
6.3276,1.6407,1.6520,1.6528,1
6.3276,1.6440,1.6520,1.6536,1
6.3276,1.6448,1.6520,1.6528,1
6.3276,1.6456,1.6520,1.6577,1
6.3276,1.6480,1.6512,1.6568,1
6.3276,1.6496,1.6528,1.6544,1
6.3276,1.6496,1.6536,1.6544,1
6.3276,1.6504,1.6568,1.6536,1
6.3276,1.6512,1.6577,1.6552,1
6.3276,1.6480,1.6593,1.6560,1
6.3276,1.6488,1.6601,1.6568,1
6.3276,1.6448,1.6593,1.6568,1
6.3276,1.6456,1.6593,1.6528,1
6.3276,1.6456,1.6593,1.6512,1
6.3276,1.6456,1.6585,1.6528,1
6.3276,1.6448,1.6568,1.6552,1
6.3276,1.6448,1.6560,1.6560,1
6.3276,1.6440,1.6560,1.6568,1
6.3276,1.6432,1.6560,1.6568,1
6.3276,1.6464,1.6536,1.6577,1
6.3276,1.6472,1.6536,1.6560,1
6.3276,1.6480,1.6544,1.6568,1
6.3276,1.6472,1.6552,1.6568,1
6.3276,1.6472,1.6536,1.6560,1
6.3276,1.6456,1.6560,1.6568,1
6.3276,1.6423,1.6568,1.6568,1
6.3276,1.6423,1.6577,1.6544,1
6.3276,1.6448,1.6560,1.6568,1
6.3276,1.6448,1.6568,1.6552,1
6.3276,1.6456,1.6577,1.6544,1
6.3276,1.6464,1.6577,1.6560,1
6.3276,1.6448,1.6568,1.6536,1
6.3276,1.6448,1.6568,1.6536,1
6.3276,1.6432,1.6577,1.6536,1
6.3276,1.6448,1.6568,1.6520,1
6.3276,1.6472,1.6568,1.6520,1
6.3276,1.6464,1.6568,1.6536,1
6.3276,1.6448,1.6585,1.6536,1
6.3276,1.6456,1.6585,1.6544,1
6.3276,1.6456,1.6577,1.6520,1
6.3276,1.6440,1.6577,1.6512,1
6.3276,1.6440,1.6552,1.6520,1
6.3276,1.6440,1.6544,1.6504,1
6.3276,1.6440,1.6544,1.6504,1
6.3276,1.6448,1.6544,1.6512,1
6.3276,1.6464,1.6544,1.6512,1
6.3276,1.6472,1.6544,1.6488,1
6.3276,1.6480,1.6552,1.6496,1
6.3276,1.6480,1.6552,1.6496,1
6.3276,1.6480,1.6577,1.6512,1
6.3276,1.6496,1.6577,1.6528,1
6.3276,1.6496,1.6593,1.6528,1
6.3276,1.6496,1.6593,1.6544,1
6.3276,1.6504,1.6577,1.6544,1
6.3276,1.6504,1.6568,1.6544,1
6.3276,1.6496,1.6577,1.6536,1
6.3276,1.6488,1.6560,1.6536,1
6.3276,1.6464,1.6560,1.6528,1
6.3276,1.6464,1.6544,1.6528,1
6.3276,1.6464,1.6536,1.6528,1
6.3276,1.6456,1.6544,1.6520,1
6.3276,1.6456,1.6536,1.6520,1
6.3276,1.6456,1.6528,1.6512,1
6.3276,1.6456,1.6552,1.6520,1
6.3276,1.6456,1.6568,1.6520,1
6.3276,1.6456,1.6552,1.6528,1
6.3276,1.6456,1.6568,1.6544,1
6.3276,1.6472,1.6560,1.6544,1
6.3276,1.6472,1.6560,1.6528,1
6.3276,1.6472,1.6577,1.6536,1
6.3276,1.6472,1.6577,1.6520,1
6.3276,1.6456,1.6585,1.6504,1
6.3276,1.6456,1.6585,1.6496,1
6.3276,1.6448,1.6585,1.6488,1
6.3276,1.6472,1.6568,1.6496,1
6.3276,1.6464,1.6568,1.6496,1
6.3276,1.6464,1.6560,1.6504,1
6.3276,1.6464,1.6560,1.6512,1
6.3276,1.6480,1.6544,1.6528,1
6.3276,1.6480,1.6544,1.6496,1
6.3276,1.6480,1.6544,1.6520,1
6.3276,1.6488,1.6544,1.6552,1
6.3750,1.6488,1.6544,1.6560,1
6.3750,1.6496,1.6544,1.6568,1
6.3750,1.6472,1.6552,1.6560,1
6.3750,1.6472,1.6568,1.6552,1
6.3750,1.6472,1.6568,1.6536,1
6.3750,1.6464,1.6568,1.6528,1
6.3750,1.6456,1.6593,1.6528,1
6.3750,1.6464,1.6585,1.6552,1
6.3750,1.6456,1.6593,1.6536,1
6.3750,1.6496,1.6593,1.6528,1
6.3750,1.6488,1.6593,1.6536,1
6.3750,1.6480,1.6577,1.6536,1
6.3750,1.6488,1.6568,1.6528,1
6.3750,1.6488,1.6568,1.6536,1
6.3750,1.6496,1.6577,1.6552,1
6.3750,1.6504,1.6577,1.6560,1
6.3750,1.6504,1.6577,1.6560,1
6.3750,1.6504,1.6568,1.6560,1
6.3750,1.6512,1.6577,1.6560,1
6.3750,1.6496,1.6568,1.6568,1
6.3750,1.6504,1.6577,1.6568,1
6.3750,1.6504,1.6577,1.6560,1
6.3750,1.6512,1.6577,1.6585,1
6.3750,1.6512,1.6577,1.6585,1
6.3750,1.6520,1.6585,1.6577,1
6.3750,1.6512,1.6585,1.6577,1
6.3750,1.6448,1.6585,1.6577,1
6.3750,1.6440,1.6585,1.6577,1
6.3750,1.6432,1.6585,1.6585,1
6.3750,1.6423,1.6593,1.6593,1
6.3750,1.6423,1.6585,1.6601,1
6.3750,1.6432,1.6593,1.6609,1
6.3750,1.6432,1.6593,1.6609,1
6.3750,1.6423,1.6568,1.6617,1
6.3750,1.6423,1.6552,1.6617,1
6.3750,1.6423,1.6536,1.6609,1
6.3750,1.6488,1.6520,1.6609,1
6.3750,1.6488,1.6512,1.6609,1
6.3750,1.6488,1.6512,1.6609,1
6.3750,1.6480,1.6504,1.6601,1
6.3750,1.6472,1.6504,1.6601,1
6.3750,1.6480,1.6520,1.6601,1
6.3750,1.6464,1.6520,1.6601,1
6.3750,1.6464,1.6536,1.6577,1
6.3750,1.6456,1.6552,1.6568,1
6.3750,1.6448,1.6568,1.6577,1
6.3750,1.6440,1.6585,1.6577,1
6.3750,1.6448,1.6601,1.6552,1
6.3750,1.6448,1.6593,1.6552,1
6.3750,1.6456,1.6601,1.6552,1
6.3750,1.6448,1.6617,1.6552,1
6.3750,1.6407,1.6617,1.6544,1
6.3750,1.6415,1.6601,1.6544,1
6.3750,1.6391,1.6609,1.6560,1
6.3750,1.6383,1.6601,1.6560,1
6.3750,1.6399,1.6601,1.6560,1
6.3750,1.6383,1.6593,1.6552,1
6.3750,1.6375,1.6585,1.6577,1
6.3750,1.6359,1.6585,1.6577,1
6.3750,1.6359,1.6577,1.6552,1
6.3750,1.6375,1.6560,1.6544,1
6.3750,1.6415,1.6560,1.6544,1
6.3750,1.6423,1.6568,1.6544,1
6.3750,1.6448,1.6560,1.6536,1
6.3750,1.6456,1.6560,1.6536,1
6.3750,1.6448,1.6552,1.6512,1
6.3750,1.6456,1.6568,1.6520,1
6.3750,1.6456,1.6577,1.6528,1
6.3750,1.6472,1.6585,1.6512,1
6.3750,1.6472,1.6593,1.6536,1
6.3750,1.6456,1.6601,1.6536,1
6.3750,1.6432,1.6601,1.6528,1
6.3750,1.6423,1.6593,1.6528,1
6.3750,1.6423,1.6609,1.6512,1
6.3750,1.6407,1.6609,1.6512,1
6.3750,1.6399,1.6617,1.6528,1
6.3750,1.6383,1.6617,1.6512,1
6.3750,1.6383,1.6609,1.6512,1
6.3750,1.6383,1.6609,1.6520,1
6.3750,1.6391,1.6601,1.6520,1
6.3750,1.6407,1.6577,1.6528,1
6.3750,1.6407,1.6577,1.6536,1
6.3750,1.6415,1.6585,1.6536,1
6.3750,1.6432,1.6577,1.6544,1
6.3750,1.6448,1.6577,1.6544,1
6.3750,1.6448,1.6577,1.6536,1
6.3750,1.6480,1.6577,1.6552,1
6.3750,1.6472,1.6568,1.6552,1
6.3750,1.6472,1.6577,1.6544,1
6.3750,1.6448,1.6552,1.6544,1
6.3750,1.6448,1.6568,1.6536,1
6.3750,1.6448,1.6568,1.6528,1
6.3750,1.6440,1.6552,1.6528,1
6.3750,1.6423,1.6536,1.6520,1
6.3750,1.6423,1.6536,1.6520,1
6.4224,1.6440,1.6536,1.6528,1
6.4224,1.6440,1.6544,1.6520,1
6.4224,1.6448,1.6544,1.6512,1
6.4224,1.6448,1.6536,1.6504,1
6.4224,1.6415,1.6552,1.6488,1
6.4224,1.6399,1.6560,1.6480,1
6.4224,1.6351,1.6568,1.6472,1
6.4224,1.6359,1.6585,1.6456,1
6.4224,1.6375,1.6593,1.6480,1
6.4224,1.6375,1.6593,1.6472,1
6.4224,1.6262,1.6593,1.6456,1
6.4224,1.6278,1.6593,1.6472,1
6.4224,1.6286,1.6585,1.6456,1
6.4224,1.6295,1.6593,1.6488,1
6.4224,1.6335,1.6585,1.6504,1
6.4224,1.6359,1.6577,1.6520,1
6.4224,1.6415,1.6577,1.6528,1
6.4224,1.6407,1.6577,1.6536,1
6.4224,1.6399,1.6585,1.6528,1
6.4224,1.6415,1.6585,1.6536,1
6.4224,1.6520,1.6585,1.6544,1
6.4224,1.6504,1.6593,1.6536,1
6.4224,1.6480,1.6593,1.6536,1
6.4224,1.6472,1.6593,1.6520,1
6.4224,1.6456,1.6601,1.6520,1
6.4224,1.6448,1.6609,1.6512,1
6.4224,1.6432,1.6609,1.6504,1
6.4224,1.6423,1.6609,1.6504,1
6.4224,1.6407,1.6601,1.6504,1
6.4224,1.6383,1.6601,1.6504,1
6.4224,1.6367,1.6601,1.6504,1
6.4224,1.6375,1.6593,1.6520,1
6.4224,1.6383,1.6593,1.6520,1
6.4224,1.6375,1.6593,1.6528,1
6.4224,1.6391,1.6577,1.6528,1
6.4224,1.6399,1.6577,1.6528,1
6.4224,1.6415,1.6577,1.6536,1
6.4224,1.6432,1.6585,1.6544,1
6.4224,1.6448,1.6585,1.6552,1
6.4224,1.6464,1.6585,1.6552,1
6.4224,1.6480,1.6585,1.6552,1
6.4224,1.6488,1.6585,1.6552,1
6.4224,1.6496,1.6585,1.6568,1
6.4224,1.6512,1.6593,1.6568,1
6.4224,1.6528,1.6617,1.6577,1
6.4224,1.6536,1.6609,1.6585,1
6.4224,1.6552,1.6609,1.6577,1
6.4224,1.6552,1.6609,1.6585,1
6.4224,1.6536,1.6601,1.6593,1
6.4224,1.6544,1.6601,1.6585,1
6.4224,1.6536,1.6609,1.6585,1
6.4224,1.6520,1.6601,1.6585,1
6.4224,1.6512,1.6601,1.6568,1
6.4224,1.6504,1.6601,1.6568,1
6.4224,1.6496,1.6593,1.6568,1
6.4224,1.6496,1.6585,1.6560,1
6.4224,1.6480,1.6617,1.6568,1
6.4224,1.6472,1.6601,1.6560,1
6.4224,1.6496,1.6585,1.6552,1
6.4224,1.6464,1.6577,1.6552,1
6.4224,1.6464,1.6577,1.6536,1
6.4224,1.6488,1.6560,1.6520,1
6.4224,1.6262,1.6560,1.6504,1
6.4224,1.6286,1.6552,1.6496,1
6.4224,1.6359,1.6568,1.6472,1
6.4224,1.6375,1.6577,1.6464,1
6.4224,1.6375,1.6552,1.6448,1
6.4224,1.6383,1.6577,1.6448,1
6.4224,1.6367,1.6593,1.6456,1
6.4224,1.6399,1.6601,1.6440,1
6.4224,1.6399,1.6601,1.6440,1
6.4224,1.6391,1.6617,1.6448,1
6.4224,1.6633,1.6617,1.6448,1
6.4224,1.6585,1.6617,1.6448,1
6.4224,1.6504,1.6609,1.6456,1
6.4224,1.6480,1.6601,1.6448,1
6.4224,1.6423,1.6593,1.6448,1
6.4224,1.6407,1.6593,1.6423,1
6.4224,1.6399,1.6585,1.6399,1
6.4224,1.6399,1.6585,1.6399,1
6.4224,1.6399,1.6593,1.6399,1
6.4224,1.6399,1.6593,1.6391,1
6.4224,1.6359,1.6593,1.6383,1
6.4224,1.6391,1.6625,1.6407,1
6.4224,1.6391,1.6609,1.6399,1
6.4224,1.6359,1.6585,1.6407,1
6.4224,1.6415,1.6585,1.6391,1
6.4224,1.6423,1.6568,1.6391,1
6.4224,1.6440,1.6568,1.6327,1
6.4224,1.6504,1.6552,1.6327,1
6.4224,1.6504,1.6552,1.6335,1
6.4224,1.6504,1.6552,1.6343,1
6.4224,1.6528,1.6552,1.6359,1
6.4224,1.6520,1.6520,1.6327,1
6.4224,1.6512,1.6544,1.6335,1
8.2000,1.6496,1.6585,1.6512,1
8.2000,1.6423,1.6488,1.6456,1
8.2000,1.6246,1.6230,1.6367,1
8.2000,1.6053,1.5859,1.6270,1
8.2000,1.5787,1.5424,1.6174,1
8.2000,1.5489,1.4973,1.6085,1
8.2000,1.5166,1.4522,1.6004,1
8.2000,1.4852,1.4095,1.5932,1
8.2000,1.4554,1.3684,1.5867,1
8.2000,1.4272,1.3297,1.5811,1
8.2000,1.4006,1.2845,1.5730,1
8.2000,1.3821,1.2579,1.5730,1
8.2000,1.3740,1.2499,1.5755,1
8.2000,1.3684,1.2507,1.5795,1
8.2000,1.3684,1.2571,1.5827,1
8.2000,1.3716,1.2652,1.5835,1
8.2000,1.3756,1.2692,1.5835,1
8.2000,1.3772,1.2700,1.5827,1
8.2000,1.3756,1.2668,1.5803,1
8.2000,1.3708,1.2579,1.5771,1
8.2000,1.3627,1.2434,1.5738,1
8.2000,1.3514,1.2281,1.5690,1
8.2000,1.3385,1.2080,1.5658,1
8.2000,1.3240,1.1870,1.5610,1
8.2000,1.3087,1.1637,1.5561,1
8.2000,1.2926,1.1403,1.5513,1
8.2000,1.2765,1.1177,1.5481,1
8.2000,1.2604,1.0952,1.5440,1
8.2000,1.2459,1.0734,1.5416,1
8.2000,1.2314,1.0541,1.5384,1
8.2000,1.2193,1.0363,1.5360,1
8.2000,1.2080,1.0202,1.5336,1
8.2000,1.1991,1.0073,1.5311,1
8.2000,1.1911,0.9977,1.5311,1
8.2000,1.1854,0.9904,1.5295,1
8.2000,1.1822,0.9856,1.5303,1
8.2000,1.1798,0.9823,1.5295,1
8.2000,1.1790,0.9823,1.5303,1
8.2000,1.1806,0.9848,1.5311,1
8.2000,1.1822,0.9888,1.5319,1
8.2000,1.1862,0.9944,1.5336,1
8.2000,1.1903,1.0009,1.5344,1
8.2000,1.1959,1.0089,1.5360,1
8.2000,1.2015,1.0178,1.5368,1
8.2000,1.2080,1.0267,1.5384,1
8.2000,1.2136,1.0347,1.5392,1
8.2000,1.2201,1.0444,1.5416,1
8.2000,1.2265,1.0533,1.5432,1
8.2000,1.2322,1.0605,1.5448,1
8.2000,1.2378,1.0686,1.5448,1
8.2000,1.2434,1.0750,1.5464,1
8.2000,1.2475,1.0807,1.5473,1
8.2000,1.2515,1.0863,1.5481,1
8.2000,1.2547,1.0895,1.5481,1
8.2000,1.2571,1.0927,1.5489,1
8.2000,1.2596,1.0952,1.5489,1
8.2000,1.2604,1.0976,1.5497,1
8.2000,1.2612,1.0992,1.5489,1
8.2000,1.2612,1.1000,1.5489,1
8.2000,1.2612,1.0992,1.5481,1
8.2000,1.2604,1.0984,1.5473,1
8.2000,1.2596,1.0968,1.5464,1
8.2000,1.2579,1.0952,1.5448,1
8.2000,1.2563,1.0936,1.5456,1
8.2000,1.2547,1.0911,1.5448,1
8.2000,1.2531,1.0887,1.5448,1
8.2000,1.2515,1.0863,1.5440,1
8.2000,1.2499,1.0847,1.5440,1
8.2000,1.2483,1.0823,1.5440,1
8.2000,1.2467,1.0790,1.5440,1
8.2000,1.2459,1.0782,1.5432,1
8.2000,1.2442,1.0766,1.5440,1
8.2000,1.2434,1.0750,1.5440,1
8.2000,1.2434,1.0742,1.5432,1
8.2000,1.2426,1.0734,1.5440,1
8.2000,1.2426,1.0718,1.5440,1
8.2000,1.2426,1.0726,1.5440,1
8.2000,1.2426,1.0718,1.5432,1
8.2000,1.2434,1.0726,1.5440,1
8.2000,1.2442,1.0750,1.5440,1
8.2000,1.2451,1.0758,1.5440,1
8.2000,1.2459,1.0774,1.5456,1
8.2000,1.2467,1.0790,1.5456,1
8.2000,1.2475,1.0799,1.5464,1
8.2000,1.2491,1.0823,1.5464,1
8.2000,1.2499,1.0847,1.5464,1
8.2000,1.2515,1.0863,1.5481,1
8.2000,1.2523,1.0879,1.5489,1
8.2000,1.2539,1.0895,1.5489,1
8.2000,1.2547,1.0903,1.5497,1
8.2000,1.2555,1.0911,1.5505,1
8.2000,1.2563,1.0936,1.5505,1
8.2000,1.2571,1.0952,1.5513,1
8.2000,1.2579,1.0960,1.5521,1
8.2000,1.2588,1.0960,1.5529,1
8.2000,1.2596,1.0968,1.5529,1
8.2000,1.2596,1.0976,1.5513,1
8.2000,1.2604,1.0976,1.5513,1
8.2000,1.2604,1.0968,1.5513,1
8.2000,1.2612,1.0984,1.5513,1
8.2000,1.2612,1.0992,1.5521,1
8.2000,1.2612,1.0976,1.5513,1
8.2000,1.2620,1.0992,1.5505,1
8.2000,1.2620,1.1000,1.5497,1
8.2000,1.2620,1.1008,1.5497,1
8.2000,1.2620,1.1008,1.5505,1
8.2000,1.2620,1.1008,1.5513,1
8.2000,1.2620,1.1008,1.5513,1
8.2000,1.2620,1.1016,1.5513,1
8.2000,1.2628,1.1016,1.5513,1
8.2000,1.2628,1.1024,1.5505,1
8.2000,1.2628,1.1024,1.5513,1
8.2000,1.2628,1.1024,1.5513,1
8.2000,1.2636,1.1024,1.5513,1
8.2000,1.2636,1.1024,1.5513,1
8.2000,1.2636,1.1032,1.5521,1
8.2000,1.2644,1.1032,1.5521,1
8.2000,1.2644,1.1048,1.5521,1
8.2000,1.2652,1.1056,1.5521,1
8.2000,1.2652,1.1064,1.5529,1
8.2000,1.2660,1.1064,1.5529,1
8.2000,1.2660,1.1081,1.5529,1
8.2000,1.2668,1.1089,1.5529,1
8.2000,1.2676,1.1089,1.5521,1
8.2000,1.2676,1.1089,1.5521,1
8.2000,1.2684,1.1097,1.5513,1
8.2000,1.2684,1.1097,1.5513,1
8.2000,1.2692,1.1097,1.5505,1
8.2000,1.2700,1.1097,1.5505,1
8.2000,1.2700,1.1097,1.5505,1
8.2000,1.2708,1.1097,1.5505,1
8.2000,1.2708,1.1105,1.5497,1
8.2000,1.2716,1.1113,1.5513,1
8.2000,1.2716,1.1121,1.5521,1
8.2000,1.2725,1.1137,1.5513,1
8.2000,1.2725,1.1137,1.5513,1
8.2000,1.2733,1.1145,1.5513,1
8.2000,1.2733,1.1153,1.5521,1
8.2000,1.2741,1.1161,1.5529,1
8.2000,1.2741,1.1169,1.5529,1
8.2000,1.2749,1.1177,1.5529,1
8.2000,1.2749,1.1177,1.5537,1
8.2000,1.2749,1.1185,1.5537,1
8.2000,1.2757,1.1185,1.5537,1
8.2000,1.2757,1.1193,1.5545,1
8.2000,1.2765,1.1201,1.5545,1
8.2000,1.2765,1.1210,1.5545,1
8.2000,1.2773,1.1210,1.5545,1
8.2000,1.2773,1.1218,1.5553,1
8.2000,1.2773,1.1234,1.5553,1
8.2000,1.2781,1.1234,1.5545,1
8.2000,1.2781,1.1242,1.5553,1
8.2000,1.2789,1.1242,1.5553,1
8.2000,1.2789,1.1242,1.5561,1
8.2000,1.2797,1.1250,1.5553,1
8.2000,1.2797,1.1258,1.5553,1
8.2000,1.2805,1.1258,1.5553,1
8.2000,1.2805,1.1266,1.5553,1
8.2000,1.2805,1.1274,1.5545,1
8.2000,1.2813,1.1266,1.5537,1
8.2000,1.2813,1.1274,1.5553,1
8.2000,1.2821,1.1282,1.5561,1
8.2000,1.2821,1.1282,1.5561,1
8.2000,1.2829,1.1298,1.5561,1
8.2000,1.2829,1.1298,1.5553,1
8.2000,1.2837,1.1314,1.5561,1
8.2000,1.2837,1.1322,1.5561,1
8.2000,1.2845,1.1330,1.5553,1
8.2000,1.2845,1.1338,1.5561,1
8.2000,1.2853,1.1338,1.5561,1
8.2000,1.2853,1.1338,1.5561,1
8.2000,1.2853,1.1347,1.5545,1
8.2000,1.2862,1.1347,1.5537,1
8.2000,1.2862,1.1355,1.5545,1
8.2000,1.2870,1.1355,1.5553,1
8.2000,1.2870,1.1355,1.5553,1
8.2000,1.2878,1.1363,1.5561,1
8.2000,1.2878,1.1363,1.5569,1
8.2000,1.2886,1.1363,1.5561,1
8.2000,1.2886,1.1371,1.5553,1
8.2000,1.2894,1.1379,1.5553,1
8.2000,1.2894,1.1379,1.5561,1
8.2000,1.2894,1.1387,1.5569,1
8.2000,1.2902,1.1395,1.5569,1
8.2000,1.2902,1.1403,1.5561,1
8.2000,1.2910,1.1411,1.5561,1
8.2000,1.2910,1.1411,1.5553,1
8.2000,1.2918,1.1419,1.5561,1
8.2000,1.2918,1.1419,1.5561,1
8.2000,1.2926,1.1419,1.5577,1
8.2000,1.2926,1.1419,1.5577,1
8.2000,1.2926,1.1427,1.5577,1
8.2000,1.2934,1.1427,1.5585,1
8.2000,1.2934,1.1435,1.5577,1
8.2000,1.2942,1.1427,1.5585,1
8.2000,1.2942,1.1427,1.5585,1
8.2000,1.2950,1.1443,1.5585,1
8.2000,1.2950,1.1443,1.5577,1
8.2000,1.2950,1.1459,1.5585,1
8.2000,1.2958,1.1467,1.5585,1
8.2000,1.2958,1.1475,1.5577,1
8.2000,1.2966,1.1475,1.5585,1
8.2000,1.2966,1.1484,1.5577,1
8.2000,1.2974,1.1484,1.5585,1
8.2000,1.2974,1.1492,1.5585,1
8.2000,1.2982,1.1508,1.5585,1
8.2000,1.2982,1.1508,1.5593,1
8.2000,1.2982,1.1524,1.5601,1
8.2000,1.2990,1.1524,1.5601,1
8.2000,1.2990,1.1524,1.5601,1
8.2000,1.2999,1.1532,1.5610,1
8.2000,1.2999,1.1540,1.5610,1
8.2000,1.3007,1.1540,1.5610,1
8.2476,1.3007,1.1556,1.5610,1
8.2476,1.3007,1.1564,1.5610,1
8.2476,1.3015,1.1564,1.5610,1
8.2476,1.3015,1.1564,1.5618,1
8.2476,1.3023,1.1572,1.5610,1
8.2476,1.3023,1.1572,1.5610,1
8.2476,1.3031,1.1580,1.5601,1
8.2476,1.3031,1.1588,1.5601,1
8.2476,1.3031,1.1596,1.5601,1
8.2476,1.3039,1.1604,1.5593,1
8.2476,1.3039,1.1604,1.5593,1
8.2476,1.3047,1.1612,1.5610,1
8.2476,1.3047,1.1621,1.5610,1
8.2476,1.3055,1.1621,1.5593,1
8.2476,1.3055,1.1629,1.5593,1
8.2476,1.3055,1.1629,1.5601,1
8.2476,1.3063,1.1629,1.5593,1
8.2476,1.3063,1.1637,1.5593,1
8.2476,1.3071,1.1645,1.5601,1
8.2476,1.3071,1.1645,1.5610,1
8.2476,1.3079,1.1645,1.5601,1
8.2476,1.3079,1.1653,1.5593,1
8.2476,1.3079,1.1661,1.5593,1
8.2476,1.3087,1.1669,1.5593,1
8.2476,1.3087,1.1669,1.5593,1
8.2476,1.3095,1.1677,1.5593,1
8.2476,1.3095,1.1693,1.5610,1
8.2476,1.3103,1.1701,1.5618,1
8.2476,1.3103,1.1717,1.5610,1
8.2476,1.3103,1.1709,1.5610,1
8.2476,1.3111,1.1709,1.5618,1
8.2476,1.3111,1.1709,1.5618,1
8.2476,1.3119,1.1725,1.5618,1
8.2476,1.3119,1.1733,1.5618,1
8.2476,1.3119,1.1733,1.5618,1
8.2476,1.3127,1.1725,1.5618,1
8.2476,1.3127,1.1733,1.5618,1
8.2476,1.3136,1.1733,1.5610,1
8.2476,1.3136,1.1717,1.5610,1
8.2476,1.3144,1.1725,1.5610,1
8.2476,1.3144,1.1741,1.5601,1
8.2476,1.3144,1.1741,1.5618,1
8.2476,1.3152,1.1733,1.5618,1
8.2476,1.3152,1.1733,1.5626,1
8.2476,1.3160,1.1749,1.5634,1
8.2476,1.3160,1.1758,1.5634,1
8.2476,1.3160,1.1774,1.5634,1
8.2476,1.3168,1.1782,1.5634,1
8.2476,1.3168,1.1790,1.5634,1
8.2476,1.3176,1.1798,1.5634,1
8.2476,1.3176,1.1806,1.5642,1
8.2476,1.3184,1.1814,1.5642,1
8.2476,1.3184,1.1822,1.5634,1
8.2476,1.3184,1.1822,1.5634,1
8.2476,1.3192,1.1822,1.5642,1
8.2476,1.3192,1.1830,1.5650,1
8.2476,1.3200,1.1830,1.5658,1
8.2476,1.3200,1.1822,1.5666,1
8.2476,1.3200,1.1830,1.5666,1
8.2476,1.3208,1.1838,1.5666,1
8.2476,1.3208,1.1846,1.5666,1
8.2476,1.3216,1.1846,1.5658,1
8.2476,1.3216,1.1846,1.5666,1
8.2476,1.3216,1.1846,1.5666,1
8.2476,1.3224,1.1846,1.5666,1
8.2476,1.3224,1.1854,1.5666,1
8.2476,1.3232,1.1854,1.5658,1
8.2476,1.3232,1.1862,1.5650,1
8.2476,1.3232,1.1862,1.5658,1
8.2476,1.3240,1.1862,1.5658,1
8.2476,1.3240,1.1870,1.5658,1
8.2476,1.3248,1.1878,1.5666,1
8.2476,1.3248,1.1903,1.5674,1
8.2476,1.3248,1.1911,1.5682,1
8.2476,1.3256,1.1919,1.5682,1
8.2476,1.3256,1.1927,1.5682,1
8.2476,1.3264,1.1935,1.5682,1
8.2476,1.3264,1.1927,1.5690,1
8.2476,1.3264,1.1935,1.5682,1
8.2476,1.3273,1.1943,1.5674,1
8.2476,1.3273,1.1951,1.5682,1
8.2476,1.3281,1.1959,1.5682,1
8.2476,1.3281,1.1943,1.5674,1
8.2476,1.3281,1.1943,1.5674,1
8.2476,1.3289,1.1951,1.5674,1
8.2476,1.3289,1.1959,1.5674,1
8.2476,1.3297,1.1959,1.5674,1
8.2476,1.3297,1.1959,1.5674,1
8.2476,1.3297,1.1975,1.5682,1
8.2476,1.3305,1.1959,1.5682,1
8.2476,1.3305,1.1975,1.5682,1
8.2476,1.3313,1.1967,1.5674,1
8.2476,1.3313,1.1967,1.5682,1
8.2476,1.3313,1.1975,1.5682,1
8.2476,1.3321,1.1975,1.5682,1
8.2476,1.3321,1.1975,1.5682,1
8.2476,1.3329,1.1991,1.5682,1
8.2476,1.3329,1.2007,1.5682,1
8.2476,1.3329,1.2007,1.5682,1
8.2476,1.3337,1.2040,1.5682,1
8.2476,1.3337,1.2040,1.5682,1
8.2476,1.3345,1.2040,1.5674,1
8.2476,1.3345,1.2040,1.5674,1
8.2476,1.3345,1.2040,1.5674,1
8.2476,1.3353,1.2048,1.5674,1
8.2476,1.3353,1.2056,1.5674,1
8.2476,1.3361,1.2056,1.5674,1
8.2476,1.3361,1.2056,1.5674,1
8.2476,1.3361,1.2056,1.5674,1
8.2476,1.3369,1.2048,1.5682,1
8.2476,1.3369,1.2048,1.5682,1
8.2476,1.3369,1.2064,1.5698,1
8.2476,1.3377,1.2072,1.5698,1
8.2476,1.3377,1.2080,1.5690,1
8.2476,1.3385,1.2080,1.5690,1
8.2476,1.3385,1.2088,1.5690,1
8.2476,1.3385,1.2088,1.5690,1
8.2476,1.3393,1.2096,1.5706,1
8.2476,1.3393,1.2096,1.5698,1
8.2476,1.3401,1.2104,1.5698,1
8.2476,1.3401,1.2112,1.5706,1
8.2476,1.3401,1.2112,1.5698,1
8.2476,1.3410,1.2120,1.5698,1
8.2476,1.3410,1.2136,1.5698,1
8.2476,1.3410,1.2136,1.5698,1
8.2476,1.3418,1.2144,1.5682,1
8.2476,1.3418,1.2144,1.5674,1
8.2476,1.3426,1.2144,1.5666,1
8.2476,1.3426,1.2152,1.5658,1
8.2476,1.3426,1.2152,1.5658,1
8.2476,1.3434,1.2168,1.5658,1
8.2476,1.3434,1.2177,1.5666,1
8.2476,1.3442,1.2177,1.5658,1
8.2476,1.3442,1.2185,1.5666,1
8.2476,1.3442,1.2193,1.5658,1
8.2476,1.3450,1.2193,1.5666,1
8.2476,1.3450,1.2201,1.5674,1
8.2476,1.3450,1.2209,1.5674,1
8.2476,1.3458,1.2209,1.5690,1
8.2476,1.3458,1.2209,1.5682,1
8.2476,1.3466,1.2193,1.5682,1
8.2476,1.3466,1.2201,1.5674,1
8.2476,1.3466,1.2193,1.5674,1
8.2476,1.3474,1.2209,1.5674,1
8.2476,1.3474,1.2209,1.5682,1
8.2476,1.3474,1.2209,1.5682,1
8.2476,1.3482,1.2217,1.5682,1
8.2476,1.3482,1.2217,1.5690,1
8.2476,1.3490,1.2225,1.5674,1
8.2476,1.3490,1.2225,1.5666,1
8.2476,1.3490,1.2241,1.5666,1
8.2476,1.3498,1.2241,1.5674,1
8.2476,1.3498,1.2249,1.5674,1
8.2476,1.3498,1.2241,1.5666,1
8.2476,1.3506,1.2241,1.5674,1
8.2476,1.3506,1.2249,1.5674,1
8.2476,1.3514,1.2249,1.5666,1
8.2476,1.3514,1.2265,1.5666,1
8.2476,1.3514,1.2265,1.5674,1
8.2476,1.3522,1.2265,1.5690,1
8.2476,1.3522,1.2257,1.5690,1
8.2476,1.3522,1.2273,1.5698,1
8.2476,1.3530,1.2281,1.5714,1
8.2476,1.3530,1.2281,1.5722,1
8.2476,1.3530,1.2289,1.5722,1
8.2476,1.3538,1.2297,1.5730,1
8.2476,1.3538,1.2289,1.5738,1
8.2476,1.3547,1.2289,1.5738,1
8.2476,1.3547,1.2297,1.5730,1
8.2476,1.3547,1.2297,1.5730,1
8.2476,1.3555,1.2305,1.5730,1
8.2476,1.3555,1.2305,1.5738,1
8.2476,1.3555,1.2314,1.5738,1
8.2476,1.3563,1.2314,1.5730,1
8.2476,1.3563,1.2322,1.5722,1
8.2476,1.3563,1.2322,1.5722,1
8.2476,1.3571,1.2330,1.5730,1
8.2476,1.3571,1.2338,1.5730,1
8.2476,1.3579,1.2338,1.5738,1
8.2476,1.3579,1.2346,1.5738,1
8.2476,1.3579,1.2346,1.5738,1
8.2476,1.3587,1.2354,1.5738,1
8.2476,1.3587,1.2354,1.5738,1
8.2476,1.3587,1.2354,1.5747,1
8.2476,1.3595,1.2362,1.5763,1
8.2476,1.3595,1.2370,1.5763,1
8.2476,1.3595,1.2370,1.5763,1
8.2476,1.3603,1.2370,1.5763,1
8.2476,1.3603,1.2378,1.5763,1
8.2476,1.3611,1.2386,1.5763,1
8.2476,1.3611,1.2394,1.5771,1
8.2476,1.3611,1.2394,1.5779,1
8.2476,1.3619,1.2402,1.5771,1
8.2476,1.3619,1.2410,1.5779,1
8.2476,1.3619,1.2410,1.5771,1
8.2476,1.3627,1.2410,1.5763,1
8.2476,1.3627,1.2418,1.5763,1
8.2476,1.3627,1.2426,1.5763,1
8.2476,1.3635,1.2426,1.5755,1
8.2476,1.3635,1.2426,1.5755,1
8.2476,1.3635,1.2434,1.5763,1
8.2476,1.3643,1.2442,1.5755,1
8.2476,1.3643,1.2442,1.5771,1
8.2476,1.3651,1.2451,1.5755,1
8.2476,1.3651,1.2459,1.5763,1
8.2476,1.3651,1.2459,1.5771,1
8.2476,1.3659,1.2467,1.5779,1
8.2476,1.3659,1.2467,1.5779,1
8.2476,1.3659,1.2475,1.5763,1
8.2476,1.3667,1.2467,1.5771,1
8.2476,1.3667,1.2475,1.5771,1
8.2476,1.3667,1.2475,1.5779,1
8.2476,1.3675,1.2483,1.5779,1
8.2476,1.3675,1.2491,1.5787,1
8.2476,1.3675,1.2499,1.5787,1
8.2476,1.3684,1.2499,1.5787,1
8.2476,1.3684,1.2499,1.5779,1
8.2476,1.3684,1.2499,1.5779,1
8.2476,1.3692,1.2507,1.5811,1
8.2476,1.3692,1.2507,1.5819,1
8.2476,1.3692,1.2499,1.5827,1
8.2476,1.3700,1.2507,1.5819,1
8.2476,1.3700,1.2507,1.5811,1
8.2476,1.3708,1.2515,1.5811,1
8.2476,1.3708,1.2515,1.5803,1
8.2476,1.3708,1.2531,1.5811,1
8.2476,1.3716,1.2531,1.5819,1
8.2476,1.3716,1.2547,1.5819,1
8.2476,1.3716,1.2547,1.5819,1
8.2950,1.3724,1.2563,1.5811,1
8.2950,1.3724,1.2579,1.5811,1
8.2950,1.3724,1.2571,1.5811,1
8.2950,1.3732,1.2588,1.5811,1
8.2950,1.3732,1.2579,1.5811,1
8.2950,1.3732,1.2588,1.5819,1
8.2950,1.3740,1.2588,1.5811,1
8.2950,1.3740,1.2588,1.5811,1
8.2950,1.3740,1.2579,1.5811,1
8.2950,1.3748,1.2596,1.5811,1
8.2950,1.3748,1.2596,1.5827,1
8.2950,1.3748,1.2588,1.5827,1
8.2950,1.3756,1.2596,1.5835,1
8.2950,1.3756,1.2596,1.5835,1
8.2950,1.3756,1.2596,1.5835,1
8.2950,1.3764,1.2596,1.5835,1
8.2950,1.3764,1.2612,1.5843,1
8.2950,1.3764,1.2612,1.5843,1
8.2950,1.3772,1.2612,1.5843,1
8.2950,1.3772,1.2612,1.5835,1
8.2950,1.3772,1.2628,1.5827,1
8.2950,1.3780,1.2636,1.5827,1
8.2950,1.3780,1.2636,1.5819,1
8.2950,1.3780,1.2644,1.5827,1
8.2950,1.3788,1.2644,1.5827,1
8.2950,1.3788,1.2660,1.5827,1
8.2950,1.3788,1.2660,1.5827,1
8.2950,1.3796,1.2668,1.5827,1
8.2950,1.3796,1.2668,1.5827,1
8.2950,1.3796,1.2676,1.5835,1
8.2950,1.3804,1.2684,1.5835,1
8.2950,1.3861,1.2853,1.5916,1
8.2950,1.3958,1.3079,1.6004,1
8.2950,1.4062,1.3329,1.6012,1
8.2950,1.4191,1.3571,1.6093,1
8.2950,1.4320,1.3788,1.6149,1
8.2950,1.4449,1.4022,1.6214,1
8.2950,1.4570,1.4232,1.6278,1
8.2950,1.4691,1.4457,1.6343,1
8.2950,1.4804,1.4651,1.6407,1
8.2950,1.4916,1.4852,1.6464,1
8.2950,1.4973,1.4876,1.6423,1
8.2950,1.5005,1.4868,1.6399,1
8.2950,1.4997,1.4836,1.6456,1
8.2950,1.4997,1.4828,1.6440,1
8.2950,1.4997,1.4820,1.6448,1
8.2950,1.4989,1.4836,1.6456,1
8.2950,1.5013,1.4876,1.6464,1
8.2950,1.5062,1.4925,1.6480,1
8.2950,1.5094,1.4997,1.6488,1
8.2950,1.5150,1.5102,1.6496,1
8.2950,1.5199,1.5199,1.6536,1
8.2950,1.5263,1.5319,1.6560,1
8.2950,1.5336,1.5448,1.6593,1
8.2950,1.5416,1.5561,1.6617,1
8.2950,1.5489,1.5690,1.6641,1
8.2950,1.5585,1.5811,1.6673,1
8.2950,1.5585,1.5932,1.6689,1
8.2950,1.5658,1.6069,1.6722,1
8.2950,1.5722,1.6158,1.6754,1
8.2950,1.5795,1.6262,1.6794,1
8.2950,1.5851,1.6335,1.6834,1
8.2950,1.5908,1.6391,1.6851,1
8.2950,1.5972,1.6432,1.6867,1
8.2950,1.5996,1.6472,1.6899,1
8.2950,1.6021,1.6488,1.6915,1
8.2950,1.6004,1.6496,1.6915,1
8.2950,1.6101,1.6496,1.6907,1
8.2950,1.6093,1.6472,1.6891,1
8.2950,1.6093,1.6456,1.6883,1
8.2950,1.6077,1.6423,1.6859,1
8.2950,1.6037,1.6383,1.6834,1
8.2950,1.6021,1.6343,1.6818,1
8.2950,1.5980,1.6295,1.6786,1
8.2950,1.5940,1.6246,1.6754,1
8.2950,1.5932,1.6206,1.6730,1
8.2950,1.5916,1.6166,1.6697,1
8.2950,1.5932,1.6109,1.6689,1
8.2950,1.5908,1.6069,1.6697,1
8.2950,1.5867,1.6037,1.6689,1
8.2950,1.5843,1.5996,1.6673,1
8.2950,1.5859,1.5972,1.6665,1
8.2950,1.5867,1.5956,1.6673,1
8.2950,1.5859,1.5948,1.6697,1
8.2950,1.5851,1.5932,1.6714,1
8.2950,1.5843,1.5916,1.6697,1
8.2950,1.5843,1.5916,1.6714,1
8.2950,1.5803,1.5916,1.6714,1
8.2950,1.5795,1.5924,1.6705,1
8.2950,1.5819,1.5932,1.6705,1
8.2950,1.5819,1.5932,1.6722,1
8.2950,1.5827,1.5948,1.6730,1
8.2950,1.5819,1.5964,1.6722,1
8.2950,1.5835,1.5972,1.6714,1
8.2950,1.5875,1.5996,1.6722,1
8.2950,1.5884,1.6012,1.6738,1
8.2950,1.5908,1.6029,1.6738,1
8.2950,1.5908,1.6045,1.6738,1
8.2950,1.5924,1.6053,1.6722,1
8.2950,1.5916,1.6053,1.6714,1
8.2950,1.5940,1.6069,1.6697,1
8.2950,1.5948,1.6077,1.6689,1
8.2950,1.5948,1.6077,1.6681,1
8.2950,1.5908,1.6077,1.6665,1
8.2950,1.5900,1.6077,1.6649,1
8.2950,1.5908,1.6069,1.6641,1
8.2950,1.5892,1.6069,1.6641,1
8.2950,1.5892,1.6069,1.6641,1
8.2950,1.5892,1.6061,1.6649,1
8.2950,1.5924,1.6061,1.6649,1
8.2950,1.5908,1.6053,1.6657,1
8.2950,1.5900,1.6061,1.6657,1
8.2950,1.5900,1.6061,1.6657,1
8.3422,1.5932,1.6069,1.6657,1
8.3422,1.5916,1.6061,1.6649,1
8.3422,1.5892,1.6069,1.6641,1
8.3422,1.5884,1.6069,1.6633,1
8.3422,1.5867,1.6061,1.6633,1
8.3422,1.5851,1.6053,1.6625,1
8.3422,1.5843,1.6053,1.6641,1
8.3422,1.5843,1.6053,1.6641,1
8.3422,1.5819,1.6045,1.6633,1
8.3422,1.5811,1.6045,1.6633,1
8.3422,1.5795,1.6037,1.6625,1
8.3422,1.5795,1.6037,1.6625,1
8.3422,1.5811,1.6029,1.6625,1
8.3422,1.5835,1.6029,1.6617,1
8.3422,1.5843,1.6029,1.6633,1
8.3422,1.5851,1.6045,1.6641,1
8.3422,1.5835,1.6045,1.6633,1
8.3422,1.5835,1.6037,1.6625,1
8.3422,1.5859,1.6045,1.6633,1
8.3422,1.5875,1.6045,1.6633,1
8.3422,1.5892,1.6061,1.6633,1
8.3422,1.5900,1.6069,1.6625,1
8.3422,1.5916,1.6077,1.6625,1
8.3422,1.5908,1.6085,1.6625,1
8.3422,1.5924,1.6085,1.6617,1
8.3422,1.5916,1.6085,1.6609,1
8.3422,1.5908,1.6077,1.6601,1
8.3422,1.5916,1.6085,1.6625,1
8.3422,1.5908,1.6077,1.6617,1
8.3422,1.5916,1.6077,1.6617,1
8.3422,1.5924,1.6077,1.6625,1
8.3422,1.5924,1.6061,1.6649,1
8.3422,1.5900,1.6053,1.6657,1
8.3422,1.5924,1.6053,1.6681,1
8.3422,1.5916,1.6069,1.6697,1
8.3422,1.5932,1.6061,1.6722,1
8.3422,1.5964,1.6069,1.6738,1
8.3422,1.5972,1.6069,1.6730,1
8.3422,1.5956,1.6069,1.6738,1
8.3422,1.5932,1.6069,1.6754,1
8.3422,1.5924,1.6069,1.6762,1
8.3422,1.5924,1.6069,1.6754,1
8.3422,1.5916,1.6069,1.6754,1
8.3422,1.5916,1.6077,1.6738,1
8.3422,1.5932,1.6069,1.6722,1
8.3422,1.5940,1.6069,1.6697,1
8.3422,1.5940,1.6069,1.6681,1
8.3422,1.5940,1.6077,1.6665,1
8.3422,1.5956,1.6077,1.6649,1
8.3422,1.5980,1.6069,1.6657,1
8.3422,1.5964,1.6085,1.6665,1
8.3422,1.5956,1.6101,1.6665,1
8.3422,1.5980,1.6093,1.6689,1
8.3422,1.5980,1.6093,1.6705,1
8.3422,1.6093,1.6101,1.6714,1
8.3422,1.6077,1.6101,1.6714,1
8.3422,1.6045,1.6101,1.6730,1
8.3422,1.6012,1.6093,1.6746,1
8.3422,1.6029,1.6101,1.6746,1
8.3422,1.6021,1.6101,1.6722,1
8.3422,1.6061,1.6093,1.6705,1
8.3422,1.6053,1.6069,1.6705,1
8.3422,1.6037,1.6077,1.6681,1
8.3422,1.6029,1.6101,1.6665,1
8.3422,1.5900,1.6093,1.6673,1
8.3422,1.5908,1.6101,1.6689,1
8.3422,1.5867,1.6101,1.6689,1
8.3422,1.5900,1.6101,1.6697,1
8.3422,1.5916,1.6101,1.6697,1
8.3422,1.5900,1.6101,1.6705,1
8.3422,1.5875,1.6101,1.6730,1
8.3422,1.5892,1.6109,1.6722,1
8.3422,1.5916,1.6101,1.6714,1
8.3422,1.5932,1.6093,1.6722,1
8.3422,1.5940,1.6093,1.6697,1
8.3422,1.5940,1.6101,1.6689,1
8.3422,1.6029,1.6109,1.6673,1
8.3422,1.6029,1.6117,1.6657,1
8.3422,1.6012,1.6117,1.6657,1
8.3422,1.6029,1.6117,1.6665,1
8.3422,1.6004,1.6117,1.6649,1
8.3422,1.6004,1.6125,1.6641,1
8.3422,1.5932,1.6133,1.6641,1
8.3422,1.5940,1.6133,1.6657,1
8.3422,1.5908,1.6133,1.6681,1
8.3422,1.5892,1.6133,1.6673,1
8.3422,1.5875,1.6125,1.6673,1
8.3422,1.5875,1.6117,1.6689,1
8.3422,1.5859,1.6117,1.6689,1
8.3422,1.5843,1.6101,1.6673,1
8.3422,1.5892,1.6101,1.6681,1
8.3422,1.5892,1.6093,1.6681,1
8.3422,1.5932,1.6085,1.6697,1
8.3422,1.5916,1.6085,1.6689,1
8.3891,1.5924,1.6069,1.6665,1
8.3891,1.5908,1.6061,1.6665,1
8.3891,1.5908,1.6069,1.6673,1
8.3891,1.5908,1.6077,1.6673,1
8.3891,1.5908,1.6085,1.6665,1
8.3891,1.5908,1.6101,1.6665,1
8.3891,1.5884,1.6109,1.6649,1
8.3891,1.5900,1.6125,1.6665,1
8.3891,1.5916,1.6133,1.6657,1
8.3891,1.5916,1.6133,1.6665,1
8.3891,1.5916,1.6149,1.6665,1
8.3891,1.5932,1.6158,1.6673,1
8.3891,1.5916,1.6158,1.6665,1
8.3891,1.5859,1.6174,1.6673,1
8.3891,1.5884,1.6158,1.6665,1
8.3891,1.5916,1.6174,1.6665,1
8.3891,1.5916,1.6158,1.6689,1
8.3891,1.5908,1.6149,1.6681,1
8.3891,1.5916,1.6158,1.6673,1
8.3891,1.5900,1.6174,1.6665,1
8.3891,1.5916,1.6166,1.6681,1
8.3891,1.5932,1.6174,1.6681,1
8.3891,1.5908,1.6166,1.6681,1
8.3891,1.5964,1.6149,1.6665,1
8.3891,1.5940,1.6125,1.6681,1
8.3891,1.5932,1.6125,1.6681,1
8.3891,1.5908,1.6141,1.6665,1
8.3891,1.5900,1.6133,1.6673,1
8.3891,1.5900,1.6125,1.6657,1
8.3891,1.5932,1.6117,1.6657,1
8.3891,1.6012,1.6125,1.6641,1
8.3891,1.5988,1.6125,1.6625,1
8.3891,1.6012,1.6133,1.6617,1
8.3891,1.6004,1.6141,1.6625,1
8.3891,1.6029,1.6174,1.6633,1
8.3891,1.6012,1.6166,1.6633,1
8.3891,1.6037,1.6158,1.6649,1
8.3891,1.6029,1.6166,1.6649,1
8.3891,1.6012,1.6198,1.6665,1
8.3891,1.5988,1.6190,1.6681,1
8.3891,1.5884,1.6182,1.6697,1
8.3891,1.5859,1.6166,1.6681,1
8.3891,1.5892,1.6166,1.6697,1
8.3891,1.5900,1.6158,1.6697,1
8.3891,1.5908,1.6158,1.6689,1
8.3891,1.5908,1.6158,1.6705,1
8.3891,1.5924,1.6166,1.6689,1
8.3891,1.5956,1.6158,1.6697,1
8.3891,1.5980,1.6133,1.6673,1
8.3891,1.5988,1.6133,1.6665,1
8.3891,1.6004,1.6117,1.6665,1
8.3891,1.6053,1.6117,1.6673,1
8.3891,1.6045,1.6117,1.6657,1
8.3891,1.6021,1.6109,1.6649,1
8.3891,1.5988,1.6101,1.6641,1
8.3891,1.6004,1.6109,1.6641,1
8.3891,1.5980,1.6101,1.6641,1
8.3891,1.5988,1.6109,1.6649,1
8.3891,1.5980,1.6125,1.6665,1
8.3891,1.5964,1.6125,1.6681,1
8.3891,1.5956,1.6141,1.6657,1
8.3891,1.5940,1.6133,1.6673,1
8.3891,1.5924,1.6133,1.6673,1
8.3891,1.5956,1.6133,1.6689,1
8.3891,1.5972,1.6141,1.6689,1
8.3891,1.5980,1.6133,1.6689,1
8.3891,1.5867,1.6141,1.6705,1
8.3891,1.5867,1.6125,1.6705,1
8.3891,1.5867,1.6109,1.6689,1
8.3891,1.5900,1.6109,1.6697,1
8.3891,1.5924,1.6117,1.6705,1
8.3891,1.5932,1.6125,1.6705,1
8.3891,1.5956,1.6125,1.6714,1
8.3891,1.5956,1.6133,1.6705,1
8.3891,1.5940,1.6125,1.6722,1
8.3891,1.5932,1.6141,1.6714,1
8.3891,1.6045,1.6133,1.6689,1
8.3891,1.6021,1.6141,1.6681,1
8.3891,1.6004,1.6141,1.6673,1
8.3891,1.5980,1.6141,1.6665,1
8.3891,1.5972,1.6133,1.6657,1
8.3891,1.5972,1.6133,1.6641,1
8.3891,1.5948,1.6133,1.6633,1
8.3891,1.5924,1.6141,1.6641,1
8.3891,1.5940,1.6141,1.6625,1
8.3891,1.5956,1.6133,1.6617,1
8.3891,1.5932,1.6133,1.6625,1
8.3891,1.5948,1.6149,1.6641,1
8.3891,1.5932,1.6141,1.6649,1
8.3891,1.5932,1.6141,1.6657,1
8.3891,1.5900,1.6149,1.6657,1
8.3891,1.5924,1.6149,1.6649,1
8.3891,1.5948,1.6166,1.6657,1
8.3891,1.5972,1.6158,1.6657,1
8.4367,1.5972,1.6149,1.6665,1
8.4367,1.5964,1.6149,1.6657,1
8.4367,1.5980,1.6141,1.6657,1
8.4367,1.5988,1.6125,1.6649,1
8.4367,1.6004,1.6141,1.6665,1
8.4367,1.6012,1.6141,1.6641,1
8.4367,1.6045,1.6141,1.6641,1
8.4367,1.6037,1.6141,1.6641,1
8.4367,1.6012,1.6117,1.6641,1
8.4367,1.6004,1.6117,1.6617,1
8.4367,1.5988,1.6125,1.6601,1
8.4367,1.5980,1.6125,1.6601,1
8.4367,1.5980,1.6133,1.6617,1
8.4367,1.5980,1.6125,1.6585,1
8.4367,1.5972,1.6125,1.6577,1
8.4367,1.5964,1.6125,1.6601,1
8.4367,1.5964,1.6125,1.6601,1
8.4367,1.5964,1.6125,1.6601,1
8.4367,1.5972,1.6133,1.6609,1
8.4367,1.5980,1.6125,1.6609,1
8.4367,1.5988,1.6133,1.6609,1
8.4367,1.5996,1.6125,1.6609,1
8.4367,1.5988,1.6125,1.6601,1
8.4367,1.5972,1.6125,1.6625,1
8.4367,1.5964,1.6133,1.6633,1
8.4367,1.5988,1.6125,1.6641,1
8.4367,1.5972,1.6133,1.6649,1
8.4367,1.5972,1.6125,1.6665,1
8.4367,1.5988,1.6125,1.6657,1
8.4367,1.5980,1.6149,1.6665,1
8.4367,1.5980,1.6149,1.6681,1
8.4367,1.5972,1.6149,1.6705,1
8.4367,1.5988,1.6149,1.6722,1
8.4367,1.6004,1.6149,1.6714,1
8.4367,1.6021,1.6141,1.6714,1
8.4367,1.6021,1.6141,1.6705,1
8.4367,1.6029,1.6149,1.6705,1
8.4367,1.6053,1.6141,1.6705,1
8.4367,1.6045,1.6133,1.6689,1
8.4367,1.6021,1.6117,1.6705,1
8.4367,1.6029,1.6117,1.6681,1
8.4367,1.6045,1.6125,1.6681,1
8.4367,1.6037,1.6133,1.6673,1
8.4367,1.6029,1.6141,1.6681,1
8.4367,1.6012,1.6141,1.6673,1
8.4367,1.6012,1.6141,1.6657,1
8.4367,1.6004,1.6141,1.6665,1
8.4367,1.6004,1.6141,1.6673,1
8.4367,1.6004,1.6149,1.6705,1
8.4367,1.6029,1.6166,1.6705,1
8.4367,1.6045,1.6158,1.6730,1
8.4367,1.6053,1.6141,1.6722,1
8.4367,1.6037,1.6141,1.6714,1
8.4367,1.6053,1.6133,1.6722,1
8.4367,1.6085,1.6133,1.6722,1
8.4367,1.6085,1.6133,1.6730,1
8.4367,1.6101,1.6141,1.6738,1
8.4367,1.6077,1.6141,1.6738,1
8.4367,1.6085,1.6141,1.6730,1
8.4367,1.6069,1.6141,1.6722,1
8.4367,1.6069,1.6158,1.6689,1
8.4367,1.6045,1.6174,1.6697,1
8.4367,1.6053,1.6182,1.6705,1
8.4367,1.6029,1.6190,1.6697,1
8.4367,1.6021,1.6182,1.6705,1
8.4367,1.6012,1.6174,1.6714,1
8.4367,1.6029,1.6174,1.6697,1
8.4367,1.6029,1.6166,1.6697,1
8.4367,1.6037,1.6158,1.6689,1
8.4367,1.6037,1.6158,1.6689,1
8.4367,1.6045,1.6158,1.6714,1
8.4367,1.6045,1.6141,1.6705,1
8.4367,1.6085,1.6133,1.6705,1
8.4367,1.6069,1.6133,1.6705,1
8.4367,1.6077,1.6141,1.6714,1
8.4367,1.6085,1.6149,1.6705,1
8.4367,1.6061,1.6141,1.6722,1
8.4367,1.6061,1.6141,1.6714,1
8.4367,1.6061,1.6158,1.6722,1
8.4367,1.6061,1.6158,1.6722,1
8.4367,1.6045,1.6158,1.6722,1
8.4367,1.6061,1.6166,1.6722,1
8.4367,1.6029,1.6166,1.6714,1
8.4367,1.6053,1.6158,1.6722,1
8.4367,1.6029,1.6174,1.6714,1
8.4367,1.6029,1.6174,1.6722,1
8.4367,1.6037,1.6174,1.6730,1
8.4367,1.6045,1.6182,1.6730,1
8.4367,1.6037,1.6174,1.6730,1
8.4367,1.6045,1.6190,1.6746,1
8.4367,1.6061,1.6182,1.6746,1
8.4367,1.6037,1.6182,1.6754,1
8.4367,1.6053,1.6190,1.6762,1
8.4367,1.6053,1.6190,1.6754,1
8.4367,1.6061,1.6182,1.6754,1
8.4841,1.6012,1.6182,1.6746,1
8.4841,1.6021,1.6190,1.6722,1
8.4841,1.6029,1.6206,1.6722,1
8.4841,1.6029,1.6198,1.6730,1
8.4841,1.6029,1.6182,1.6714,1
8.4841,1.6045,1.6182,1.6714,1
8.4841,1.6053,1.6182,1.6705,1
8.4841,1.6061,1.6182,1.6714,1
8.4841,1.6045,1.6174,1.6714,1
8.4841,1.6053,1.6182,1.6714,1
8.4841,1.6109,1.6174,1.6714,1
8.4841,1.6109,1.6174,1.6730,1
8.4841,1.6085,1.6158,1.6738,1
8.4841,1.6029,1.6166,1.6730,1
8.4841,1.6037,1.6174,1.6730,1
8.4841,1.6021,1.6166,1.6714,1
8.4841,1.6045,1.6166,1.6722,1
8.4841,1.6021,1.6174,1.6714,1
8.4841,1.6037,1.6174,1.6714,1
8.4841,1.6045,1.6174,1.6689,1
8.4841,1.6045,1.6190,1.6697,1
8.4841,1.6037,1.6182,1.6681,1
8.4841,1.6037,1.6182,1.6673,1
8.4841,1.6093,1.6190,1.6681,1
8.4841,1.6061,1.6182,1.6689,1
8.4841,1.6053,1.6206,1.6697,1
8.4841,1.5940,1.6206,1.6697,1
8.4841,1.5932,1.6198,1.6697,1
8.4841,1.5932,1.6198,1.6697,1
8.4841,1.5940,1.6198,1.6697,1
8.4841,1.5940,1.6198,1.6697,1
8.4841,1.5956,1.6190,1.6697,1
8.4841,1.5964,1.6182,1.6697,1
8.4841,1.5956,1.6182,1.6697,1
8.4841,1.5980,1.6198,1.6697,1
8.4841,1.5988,1.6182,1.6689,1
8.4841,1.6085,1.6182,1.6697,1
8.4841,1.6109,1.6190,1.6697,1
8.4841,1.6085,1.6190,1.6697,1
8.4841,1.6061,1.6190,1.6714,1
8.4841,1.5996,1.6190,1.6714,1
8.4841,1.5988,1.6198,1.6714,1
8.4841,1.5988,1.6214,1.6722,1
8.4841,1.6004,1.6206,1.6714,1
8.4841,1.6012,1.6198,1.6705,1
8.4841,1.5988,1.6198,1.6689,1
8.4841,1.5972,1.6198,1.6681,1
8.4841,1.5964,1.6198,1.6689,1
8.4841,1.5964,1.6214,1.6689,1
8.4841,1.5956,1.6230,1.6689,1
8.4841,1.6004,1.6246,1.6681,1
8.4841,1.5988,1.6246,1.6705,1
8.4841,1.5972,1.6246,1.6697,1
8.4841,1.5972,1.6246,1.6697,1
8.4841,1.5980,1.6262,1.6697,1
8.4841,1.6004,1.6270,1.6714,1
8.4841,1.6012,1.6262,1.6714,1
8.4841,1.6037,1.6278,1.6714,1
8.4841,1.6053,1.6270,1.6714,1
8.4841,1.6053,1.6254,1.6714,1
8.4841,1.6085,1.6254,1.6722,1
8.4841,1.6109,1.6254,1.6722,1
8.4841,1.6125,1.6238,1.6722,1
8.4841,1.6093,1.6246,1.6714,1
8.4841,1.6085,1.6246,1.6722,1
8.4841,1.6053,1.6230,1.6714,1
8.4841,1.5988,1.6238,1.6705,1
8.4841,1.5980,1.6238,1.6705,1
8.4841,1.5996,1.6238,1.6714,1
8.4841,1.6021,1.6254,1.6714,1
8.4841,1.6004,1.6254,1.6705,1
8.4841,1.6004,1.6270,1.6697,1
8.4841,1.5956,1.6270,1.6705,1
8.4841,1.5972,1.6270,1.6705,1
8.4841,1.5972,1.6262,1.6697,1
8.4841,1.6004,1.6270,1.6714,1
8.4841,1.6053,1.6286,1.6705,1
8.4841,1.6061,1.6270,1.6689,1
8.4841,1.6045,1.6262,1.6681,1
8.4841,1.6045,1.6254,1.6665,1
8.4841,1.6037,1.6230,1.6649,1
8.4841,1.6029,1.6214,1.6649,1
8.4841,1.6061,1.6222,1.6641,1
8.4841,1.6085,1.6214,1.6641,1
8.4841,1.6029,1.6214,1.6649,1
8.4841,1.6029,1.6206,1.6641,1
8.4841,1.6061,1.6198,1.6657,1
8.4841,1.6029,1.6182,1.6657,1
8.4841,1.6045,1.6182,1.6657,1
8.4841,1.5996,1.6190,1.6673,1
8.4841,1.5996,1.6190,1.6665,1
8.4841,1.5988,1.6190,1.6673,1
8.4841,1.5980,1.6174,1.6673,1
8.4841,1.5964,1.6206,1.6657,1
8.4841,1.6029,1.6222,1.6657,1
8.5315,1.6053,1.6214,1.6641,1
8.5315,1.6053,1.6206,1.6641,1
8.5315,1.6061,1.6214,1.6633,1
8.5315,1.6061,1.6214,1.6633,1
8.5315,1.6117,1.6214,1.6625,1
8.5315,1.6125,1.6206,1.6625,1
8.5315,1.6125,1.6214,1.6625,1
8.5315,1.6117,1.6222,1.6617,1
8.5315,1.6149,1.6206,1.6633,1
8.5315,1.6141,1.6206,1.6625,1
8.5315,1.6109,1.6206,1.6649,1
8.5315,1.6101,1.6222,1.6641,1
8.5315,1.6077,1.6222,1.6657,1
8.5315,1.6085,1.6222,1.6657,1
8.5315,1.6077,1.6238,1.6657,1
8.5315,1.6085,1.6254,1.6681,1
8.5315,1.6093,1.6270,1.6689,1
8.5315,1.6109,1.6254,1.6681,1
8.5315,1.6069,1.6254,1.6665,1
8.5315,1.6085,1.6238,1.6649,1
8.5315,1.6085,1.6246,1.6641,1
8.5315,1.6101,1.6230,1.6625,1
8.5315,1.6383,1.6246,1.6617,1
8.5315,1.6367,1.6238,1.6609,1
8.5315,1.6351,1.6246,1.6609,1
8.5315,1.6335,1.6246,1.6609,1
8.5315,1.6295,1.6238,1.6601,1
8.5315,1.6286,1.6246,1.6593,1
8.5315,1.6303,1.6246,1.6601,1
8.5315,1.6270,1.6254,1.6609,1
8.5315,1.6286,1.6254,1.6609,1
8.5315,1.6295,1.6262,1.6625,1
8.5315,1.6021,1.6254,1.6633,1
8.5315,1.6029,1.6262,1.6641,1
8.5315,1.6012,1.6262,1.6657,1
8.5315,1.5988,1.6270,1.6649,1
8.5315,1.6045,1.6262,1.6657,1
8.5315,1.6069,1.6262,1.6665,1
8.5315,1.6085,1.6270,1.6665,1
8.5315,1.6093,1.6262,1.6673,1
8.5315,1.6093,1.6254,1.6673,1
8.5315,1.6085,1.6246,1.6665,1
8.5315,1.6101,1.6230,1.6673,1
8.5315,1.6158,1.6230,1.6657,1
8.5315,1.6182,1.6222,1.6633,1
8.5315,1.6206,1.6198,1.6625,1
8.5315,1.6166,1.6238,1.6625,1
8.5315,1.6093,1.6238,1.6625,1
8.5315,1.6077,1.6222,1.6633,1
8.5315,1.6061,1.6214,1.6625,1
8.5315,1.6061,1.6214,1.6617,1
8.5315,1.6061,1.6222,1.6625,1
8.5315,1.6061,1.6222,1.6609,1
8.5315,1.6012,1.6222,1.6617,1
8.5315,1.6004,1.6230,1.6633,1
8.5315,1.6004,1.6222,1.6641,1
8.5315,1.5988,1.6190,1.6649,1
8.5315,1.6061,1.6190,1.6649,1
8.5315,1.6069,1.6198,1.6657,1
8.5315,1.6077,1.6206,1.6649,1
8.5315,1.6069,1.6206,1.6657,1
8.5315,1.6053,1.6214,1.6673,1
8.5315,1.6053,1.6222,1.6689,1
8.5315,1.6029,1.6214,1.6673,1
8.5315,1.6246,1.6214,1.6665,1
8.5315,1.6246,1.6206,1.6649,1
8.5315,1.6254,1.6206,1.6657,1
8.5315,1.6222,1.6206,1.6657,1
8.5315,1.6214,1.6206,1.6641,1
8.5315,1.6206,1.6214,1.6649,1
8.5315,1.6206,1.6222,1.6633,1
8.5315,1.6198,1.6214,1.6633,1
8.5315,1.6182,1.6206,1.6641,1
8.5315,1.6214,1.6214,1.6665,1
8.5315,1.5988,1.6206,1.6657,1
8.5315,1.6053,1.6214,1.6681,1
8.5315,1.6061,1.6222,1.6665,1
8.5315,1.6093,1.6214,1.6657,1
8.5315,1.6109,1.6206,1.6673,1
8.5315,1.6141,1.6206,1.6681,1
8.5315,1.6174,1.6206,1.6689,1
8.5315,1.6198,1.6206,1.6657,1
8.5315,1.6230,1.6206,1.6633,1
8.5315,1.6238,1.6206,1.6609,1
8.5315,1.6262,1.6214,1.6617,1
8.5315,1.6230,1.6214,1.6617,1
8.5315,1.6270,1.6206,1.6617,1
8.5315,1.6246,1.6198,1.6609,1
8.5315,1.6254,1.6214,1.6593,1
8.5315,1.6230,1.6214,1.6577,1
8.5315,1.6206,1.6206,1.6568,1
8.5315,1.6214,1.6206,1.6593,1
8.5315,1.6206,1.6206,1.6601,1
8.5315,1.6174,1.6206,1.6617,1
8.5315,1.6166,1.6198,1.6601,1
8.5787,1.6174,1.6198,1.6601,1
8.5787,1.6141,1.6198,1.6617,1
8.5787,1.6158,1.6206,1.6633,1
8.5787,1.6133,1.6198,1.6641,1
8.5787,1.6133,1.6198,1.6657,1
8.5787,1.6230,1.6206,1.6665,1
8.5787,1.6190,1.6198,1.6657,1
8.5787,1.6174,1.6190,1.6665,1
8.5787,1.6166,1.6190,1.6673,1
8.5787,1.6141,1.6198,1.6689,1
8.5787,1.6109,1.6198,1.6681,1
8.5787,1.6117,1.6206,1.6665,1
8.5787,1.6101,1.6206,1.6649,1
8.5787,1.6117,1.6206,1.6649,1
8.5787,1.6109,1.6198,1.6657,1
8.5787,1.6021,1.6198,1.6641,1
8.5787,1.6045,1.6190,1.6625,1
8.5787,1.6061,1.6198,1.6633,1
8.5787,1.6085,1.6198,1.6625,1
8.5787,1.6093,1.6198,1.6609,1
8.5787,1.6125,1.6206,1.6617,1
8.5787,1.6141,1.6190,1.6633,1
8.5787,1.6182,1.6190,1.6649,1
8.5787,1.6117,1.6190,1.6641,1
8.5787,1.6133,1.6206,1.6617,1
8.5787,1.6158,1.6206,1.6633,1
8.5787,1.6190,1.6206,1.6657,1
8.5787,1.6182,1.6198,1.6657,1
8.5787,1.6166,1.6198,1.6649,1
8.5787,1.6182,1.6198,1.6665,1
8.5787,1.6149,1.6214,1.6665,1
8.5787,1.6133,1.6214,1.6657,1
8.5787,1.6109,1.6206,1.6657,1
8.5787,1.6182,1.6206,1.6673,1
8.5787,1.6174,1.6198,1.6689,1
8.5787,1.6141,1.6198,1.6689,1
8.5787,1.6117,1.6198,1.6673,1
8.5787,1.6117,1.6214,1.6657,1
8.5787,1.6133,1.6222,1.6665,1
8.5787,1.6125,1.6214,1.6665,1
8.5787,1.6149,1.6222,1.6657,1
8.5787,1.6149,1.6222,1.6641,1
8.5787,1.6133,1.6230,1.6625,1
8.5787,1.6133,1.6222,1.6609,1
8.5787,1.6133,1.6222,1.6585,1
8.5787,1.6133,1.6230,1.6577,1
8.5787,1.6117,1.6230,1.6585,1
8.5787,1.6109,1.6230,1.6577,1
8.5787,1.6109,1.6222,1.6568,1
8.5787,1.6125,1.6214,1.6577,1
8.5787,1.6125,1.6206,1.6568,1
8.5787,1.6133,1.6214,1.6577,1
8.5787,1.6158,1.6214,1.6585,1
8.5787,1.6166,1.6222,1.6593,1
8.5787,1.6158,1.6214,1.6617,1
8.5787,1.6174,1.6214,1.6617,1
8.5787,1.6182,1.6214,1.6609,1
8.5787,1.6182,1.6214,1.6601,1
8.5787,1.6166,1.6206,1.6625,1
8.5787,1.6149,1.6214,1.6609,1
8.5787,1.6158,1.6214,1.6593,1
8.5787,1.6166,1.6206,1.6585,1
8.5787,1.6166,1.6206,1.6601,1
8.5787,1.6166,1.6206,1.6585,1
8.5787,1.6190,1.6206,1.6568,1
8.5787,1.6174,1.6206,1.6568,1
8.5787,1.6182,1.6206,1.6585,1
8.5787,1.6198,1.6206,1.6593,1
8.5787,1.6190,1.6206,1.6560,1
8.5787,1.6206,1.6206,1.6560,1
8.5787,1.6198,1.6206,1.6560,1
8.5787,1.6158,1.6198,1.6560,1
8.5787,1.6158,1.6198,1.6536,1
8.5787,1.6149,1.6190,1.6536,1
8.5787,1.6117,1.6190,1.6560,1
8.5787,1.6125,1.6182,1.6552,1
8.5787,1.6141,1.6182,1.6536,1
8.5787,1.6133,1.6182,1.6544,1
8.5787,1.6141,1.6182,1.6552,1
8.5787,1.6149,1.6182,1.6552,1
8.5787,1.6166,1.6182,1.6577,1
8.5787,1.6190,1.6182,1.6577,1
8.5787,1.6190,1.6190,1.6593,1
8.5787,1.6198,1.6190,1.6601,1
8.5787,1.6214,1.6198,1.6585,1
8.5787,1.6190,1.6198,1.6577,1
8.5787,1.6182,1.6198,1.6585,1
8.5787,1.6182,1.6198,1.6577,1
8.5787,1.6141,1.6206,1.6593,1
8.5787,1.6133,1.6198,1.6601,1
8.5787,1.6101,1.6198,1.6601,1
8.5787,1.6133,1.6206,1.6609,1
8.5787,1.6149,1.6198,1.6601,1
8.5787,1.6133,1.6198,1.6593,1
8.6243,1.6149,1.6198,1.6609,1
8.6243,1.6174,1.6198,1.6617,1
8.6243,1.6158,1.6206,1.6625,1
8.6243,1.6149,1.6206,1.6625,1
8.6243,1.6198,1.6198,1.6609,1
8.6243,1.6190,1.6198,1.6601,1
8.6243,1.6206,1.6198,1.6593,1
8.6243,1.6198,1.6198,1.6585,1
8.6243,1.6158,1.6198,1.6552,1
8.6243,1.6158,1.6198,1.6568,1
8.6243,1.6149,1.6198,1.6552,1
8.6243,1.6166,1.6198,1.6544,1
8.6243,1.6351,1.6182,1.6536,1
8.6243,1.6327,1.6182,1.6528,1
8.6243,1.6311,1.6182,1.6544,1
8.6243,1.6311,1.6182,1.6552,1
8.6243,1.6077,1.6190,1.6536,1
8.6243,1.6077,1.6190,1.6544,1
8.6243,1.6109,1.6190,1.6577,1
8.6243,1.6141,1.6190,1.6560,1
8.6243,1.6117,1.6190,1.6560,1
8.6243,1.6109,1.6190,1.6560,1
8.6243,1.5956,1.6206,1.6560,1
8.6243,1.6004,1.6206,1.6568,1
8.6243,1.6045,1.6206,1.6552,1
8.6243,1.6053,1.6214,1.6560,1
8.6243,1.6286,1.6222,1.6577,1
8.6243,1.6343,1.6214,1.6585,1
8.6243,1.6327,1.6214,1.6585,1
8.6243,1.6270,1.6214,1.6593,1
8.6243,1.6295,1.6222,1.6601,1
8.6243,1.6270,1.6214,1.6609,1
8.6243,1.6254,1.6206,1.6617,1
8.6243,1.6238,1.6206,1.6617,1
8.6243,1.6222,1.6206,1.6625,1
8.6243,1.6198,1.6198,1.6625,1
8.6243,1.6190,1.6206,1.6609,1
8.6243,1.6109,1.6214,1.6609,1
8.6243,1.6101,1.6214,1.6617,1
8.6243,1.6149,1.6214,1.6609,1
8.6243,1.6141,1.6214,1.6617,1
8.6243,1.6133,1.6214,1.6617,1
8.6243,1.6141,1.6222,1.6617,1
8.6243,1.6182,1.6230,1.6609,1
8.6243,1.6174,1.6238,1.6609,1
8.6243,1.6206,1.6238,1.6609,1
8.6243,1.6206,1.6254,1.6625,1
8.6243,1.6230,1.6254,1.6641,1
8.6243,1.6246,1.6262,1.6641,1
8.6243,1.6246,1.6270,1.6633,1
8.6243,1.6278,1.6278,1.6633,1
8.6243,1.6286,1.6270,1.6633,1
8.6243,1.6278,1.6278,1.6641,1
8.6243,1.6246,1.6270,1.6649,1
8.6243,1.6254,1.6278,1.6633,1
8.6243,1.6246,1.6278,1.6633,1
8.6243,1.6246,1.6254,1.6633,1
8.6243,1.6230,1.6254,1.6641,1
8.6243,1.6238,1.6238,1.6641,1
8.6243,1.6230,1.6238,1.6649,1
8.6243,1.6182,1.6238,1.6657,1
8.6243,1.6198,1.6246,1.6665,1
8.6243,1.6206,1.6246,1.6657,1
8.6243,1.6206,1.6246,1.6657,1
8.6243,1.6198,1.6238,1.6681,1
8.6243,1.6222,1.6246,1.6665,1
8.6243,1.6246,1.6254,1.6665,1
8.6243,1.6246,1.6254,1.6649,1
8.6243,1.6254,1.6262,1.6649,1
8.6243,1.6254,1.6270,1.6657,1
8.6243,1.6286,1.6278,1.6641,1
8.6243,1.6295,1.6270,1.6641,1
8.6243,1.6286,1.6270,1.6633,1
8.6243,1.6270,1.6262,1.6641,1
8.6243,1.6270,1.6254,1.6625,1
8.6243,1.6270,1.6254,1.6649,1
8.6243,1.6238,1.6254,1.6633,1
8.6243,1.6222,1.6254,1.6641,1
8.6243,1.6214,1.6246,1.6625,1
8.6243,1.6198,1.6238,1.6617,1
8.6243,1.6206,1.6230,1.6617,1
8.6243,1.6166,1.6238,1.6601,1
8.6243,1.6158,1.6238,1.6601,1
8.6243,1.6174,1.6246,1.6593,1
8.6243,1.6182,1.6254,1.6593,1
8.6243,1.6375,1.6254,1.6585,1
8.6243,1.6375,1.6246,1.6585,1
8.6243,1.6367,1.6246,1.6577,1
8.6243,1.6335,1.6238,1.6585,1
8.6243,1.6319,1.6238,1.6585,1
8.6243,1.6311,1.6238,1.6577,1
8.6243,1.6327,1.6222,1.6609,1
8.6243,1.6351,1.6230,1.6609,1
8.6738,1.6319,1.6230,1.6625,1
8.6738,1.6286,1.6230,1.6625,1
8.6738,1.6270,1.6230,1.6641,1
8.6738,1.6278,1.6246,1.6657,1
8.6738,1.6286,1.6254,1.6665,1
8.6738,1.6286,1.6254,1.6673,1
8.6738,1.6286,1.6262,1.6681,1
8.6738,1.6295,1.6254,1.6681,1
8.6738,1.6311,1.6262,1.6665,1
8.6738,1.6303,1.6254,1.6657,1
8.6738,1.6343,1.6246,1.6657,1
8.6738,1.6367,1.6254,1.6665,1
8.6738,1.6182,1.6246,1.6657,1
8.6738,1.6125,1.6246,1.6657,1
8.6738,1.6149,1.6230,1.6649,1
8.6738,1.6190,1.6230,1.6641,1
8.6738,1.6230,1.6222,1.6649,1
8.6738,1.6327,1.6230,1.6649,1
8.6738,1.6327,1.6246,1.6657,1
8.6738,1.6335,1.6246,1.6649,1
8.6738,1.6327,1.6246,1.6657,1
8.6738,1.6270,1.6238,1.6657,1
8.6738,1.6278,1.6238,1.6657,1
8.6738,1.6351,1.6230,1.6665,1
8.6738,1.6327,1.6230,1.6673,1
8.6738,1.6303,1.6238,1.6681,1
8.6738,1.6327,1.6238,1.6673,1
8.6738,1.6214,1.6246,1.6681,1
8.6738,1.6182,1.6238,1.6697,1
8.6738,1.6141,1.6246,1.6705,1
8.6738,1.6133,1.6246,1.6705,1
8.6738,1.6206,1.6254,1.6714,1
8.6738,1.6198,1.6254,1.6730,1
8.6738,1.6174,1.6262,1.6738,1
8.6738,1.6198,1.6270,1.6730,1
8.6738,1.6206,1.6262,1.6730,1
8.6738,1.6149,1.6262,1.6738,1
8.6738,1.6182,1.6246,1.6738,1
8.6738,1.6190,1.6246,1.6738,1
8.6738,1.6214,1.6238,1.6738,1
8.6738,1.6198,1.6238,1.6746,1
8.6738,1.6158,1.6238,1.6738,1
8.6738,1.6166,1.6246,1.6730,1
8.6738,1.6174,1.6238,1.6730,1
8.6738,1.6174,1.6238,1.6738,1
8.6738,1.6246,1.6246,1.6730,1
8.6738,1.6238,1.6246,1.6730,1
8.6738,1.6214,1.6246,1.6722,1
8.6738,1.6222,1.6254,1.6722,1
8.6738,1.6214,1.6254,1.6722,1
8.6738,1.6182,1.6254,1.6714,1
8.6738,1.6198,1.6246,1.6714,1
8.6738,1.6214,1.6230,1.6705,1
8.6738,1.6190,1.6238,1.6705,1
8.6738,1.6190,1.6246,1.6697,1
8.6738,1.6101,1.6246,1.6697,1
8.6738,1.6125,1.6254,1.6697,1
8.6738,1.6125,1.6254,1.6705,1
8.6738,1.6117,1.6254,1.6705,1
8.6738,1.6133,1.6254,1.6705,1
8.6738,1.6182,1.6254,1.6697,1
8.6738,1.6190,1.6262,1.6705,1
8.6738,1.6190,1.6270,1.6714,1
8.6738,1.6198,1.6262,1.6714,1
8.6738,1.6198,1.6262,1.6714,1
8.6738,1.6222,1.6254,1.6714,1
8.6738,1.6045,1.6238,1.6705,1
8.6738,1.6045,1.6238,1.6705,1
8.6738,1.6053,1.6238,1.6705,1
8.6738,1.6045,1.6238,1.6705,1
8.6738,1.6085,1.6230,1.6714,1
8.6738,1.6061,1.6238,1.6705,1
8.6738,1.6045,1.6246,1.6705,1
8.6738,1.6053,1.6238,1.6705,1
8.6738,1.6029,1.6254,1.6705,1
8.6738,1.6029,1.6262,1.6714,1
8.6738,1.6182,1.6270,1.6705,1
8.6738,1.6166,1.6270,1.6705,1
8.6738,1.6174,1.6270,1.6697,1
8.6738,1.6166,1.6286,1.6697,1
8.6738,1.6133,1.6303,1.6705,1
8.6738,1.6149,1.6311,1.6705,1
8.6738,1.6158,1.6303,1.6697,1
8.6738,1.6149,1.6303,1.6697,1
8.6738,1.6166,1.6295,1.6697,1
8.6738,1.6149,1.6286,1.6705,1
8.6738,1.6166,1.6278,1.6714,1
8.6738,1.6182,1.6286,1.6705,1
8.6738,1.6166,1.6295,1.6714,1
8.6738,1.6166,1.6278,1.6705,1
8.6738,1.6158,1.6278,1.6681,1
8.6738,1.6166,1.6270,1.6657,1
8.6738,1.6012,1.6270,1.6641,1
8.6738,1.6045,1.6262,1.6625,1
8.6738,1.6061,1.6278,1.6625,1
8.6738,1.6085,1.6295,1.6601,1
8.6738,1.6101,1.6295,1.6585,1
8.6738,1.6101,1.6295,1.6593,1
8.7208,1.6158,1.6295,1.6568,1
8.7208,1.6158,1.6311,1.6560,1
8.7208,1.6158,1.6311,1.6585,1
8.7208,1.6141,1.6303,1.6593,1
8.7208,1.6295,1.6295,1.6609,1
8.7208,1.6270,1.6303,1.6609,1
8.7208,1.6246,1.6303,1.6601,1
8.7208,1.6254,1.6286,1.6609,1
8.7208,1.6238,1.6286,1.6609,1
8.7208,1.6246,1.6286,1.6593,1
8.7208,1.6214,1.6278,1.6601,1
8.7208,1.6230,1.6262,1.6609,1
8.7208,1.6222,1.6270,1.6601,1
8.7208,1.6214,1.6270,1.6609,1
8.7208,1.6182,1.6270,1.6577,1
8.7208,1.6182,1.6278,1.6593,1
8.7208,1.6093,1.6278,1.6577,1
8.7208,1.6093,1.6286,1.6560,1
8.7208,1.6093,1.6295,1.6552,1
8.7208,1.6093,1.6286,1.6544,1
8.7208,1.6069,1.6295,1.6528,1
8.7208,1.6085,1.6295,1.6512,1
8.7208,1.6109,1.6286,1.6512,1
8.7208,1.6085,1.6303,1.6520,1
8.7208,1.6117,1.6295,1.6528,1
8.7208,1.6117,1.6295,1.6520,1
8.7208,1.6149,1.6295,1.6520,1
8.7208,1.6037,1.6270,1.6536,1
8.7208,1.6053,1.6278,1.6544,1
8.7208,1.6069,1.6278,1.6560,1
8.7208,1.6077,1.6278,1.6577,1
8.7208,1.6061,1.6286,1.6593,1
8.7208,1.6061,1.6286,1.6577,1
8.7208,1.6109,1.6270,1.6560,1
8.7208,1.6085,1.6295,1.6552,1
8.7208,1.6077,1.6295,1.6544,1
8.7208,1.6133,1.6295,1.6552,1
8.7208,1.6230,1.6303,1.6536,1
8.7208,1.6222,1.6303,1.6528,1
8.7208,1.6206,1.6303,1.6520,1
8.7208,1.6182,1.6303,1.6504,1
8.7208,1.6198,1.6303,1.6512,1
8.7208,1.6190,1.6303,1.6512,1
8.7208,1.6174,1.6303,1.6512,1
8.7208,1.6077,1.6311,1.6520,1
8.7208,1.6085,1.6311,1.6528,1
8.7208,1.6093,1.6319,1.6528,1
8.7208,1.6085,1.6319,1.6536,1
8.7208,1.6101,1.6311,1.6544,1
8.7208,1.6101,1.6311,1.6528,1
8.7208,1.6133,1.6303,1.6528,1
8.7208,1.6133,1.6303,1.6512,1
8.7208,1.6133,1.6303,1.6512,1
8.7208,1.6133,1.6303,1.6504,1
8.7208,1.6254,1.6286,1.6496,1
8.7208,1.6278,1.6270,1.6488,1
8.7208,1.6278,1.6270,1.6488,1
8.7208,1.6286,1.6270,1.6488,1
8.7208,1.6262,1.6270,1.6480,1
8.7208,1.6246,1.6270,1.6504,1
8.7208,1.6246,1.6270,1.6504,1
8.7208,1.6222,1.6278,1.6504,1
8.7208,1.6206,1.6278,1.6496,1
8.7208,1.6214,1.6270,1.6496,1
8.7208,1.6238,1.6278,1.6496,1
8.7208,1.6230,1.6286,1.6496,1
8.7208,1.6230,1.6286,1.6512,1
8.7208,1.6198,1.6286,1.6512,1
8.7208,1.6198,1.6286,1.6512,1
8.7208,1.6230,1.6286,1.6496,1
8.7208,1.6198,1.6286,1.6496,1
8.7208,1.6206,1.6278,1.6496,1
8.7208,1.6222,1.6278,1.6504,1
8.7208,1.6222,1.6278,1.6504,1
8.7208,1.6182,1.6278,1.6512,1
8.7208,1.6182,1.6270,1.6528,1
8.7208,1.6182,1.6270,1.6512,1
8.7208,1.6190,1.6270,1.6496,1
8.7208,1.6214,1.6278,1.6504,1
8.7208,1.6198,1.6286,1.6504,1
8.7208,1.6214,1.6278,1.6512,1
8.7208,1.6182,1.6286,1.6512,1
8.7208,1.6190,1.6286,1.6528,1
8.7208,1.6190,1.6286,1.6528,1
8.7208,1.6214,1.6303,1.6528,1
8.7208,1.6214,1.6311,1.6512,1
8.7208,1.6214,1.6319,1.6504,1
8.7208,1.6222,1.6319,1.6504,1
8.7208,1.6198,1.6311,1.6496,1
8.7208,1.6214,1.6311,1.6512,1
8.7208,1.6262,1.6319,1.6504,1
8.7208,1.6270,1.6319,1.6504,1
8.7208,1.6262,1.6319,1.6488,1
8.7208,1.6254,1.6343,1.6504,1
8.7636,1.6214,1.6343,1.6512,2
8.7636,1.6214,1.6351,1.6528,2
8.7636,1.6190,1.6343,1.6536,2
8.7636,1.6198,1.6343,1.6528,2
8.7636,1.6206,1.6351,1.6536,2
8.7636,1.6206,1.6359,1.6520,2
8.7636,1.6198,1.6367,1.6512,2
8.7636,1.6214,1.6375,1.6512,2
8.7636,1.6238,1.6375,1.6504,2
8.7636,1.6133,1.6351,1.6488,2
8.7636,1.6166,1.6351,1.6480,2
8.7636,1.6158,1.6351,1.6464,2
8.7636,1.6206,1.6351,1.6472,2
8.7636,1.6568,1.6367,1.6480,2
8.7636,1.6560,1.6367,1.6480,2
8.7636,1.6520,1.6383,1.6488,2
8.7636,1.6480,1.6383,1.6488,2
8.7636,1.6464,1.6391,1.6504,2
8.7636,1.6415,1.6375,1.6504,2
8.7636,1.6504,1.6399,1.6504,2
8.7636,1.6496,1.6391,1.6504,2
8.7636,1.6512,1.6391,1.6504,2
8.7636,1.6480,1.6415,1.6504,2
8.7636,1.6125,1.6415,1.6496,2
8.7636,1.6158,1.6423,1.6496,2
8.7636,1.6214,1.6423,1.6504,2
8.7636,1.6238,1.6415,1.6504,2
8.7636,1.6246,1.6415,1.6512,2
8.7636,1.6286,1.6415,1.6536,2
8.7636,1.6335,1.6399,1.6544,2
8.7636,1.6359,1.6407,1.6552,2
8.7636,1.6367,1.6399,1.6560,2
8.7636,1.6391,1.6375,1.6560,2
8.7636,1.6383,1.6367,1.6585,2
8.7636,1.6367,1.6351,1.6577,2
8.7636,1.6359,1.6343,1.6560,2
8.7636,1.6359,1.6351,1.6560,2
8.7636,1.6375,1.6351,1.6552,2
8.7636,1.6351,1.6359,1.6528,2
8.7636,1.6351,1.6367,1.6520,2
8.7636,1.6327,1.6375,1.6536,2
8.7636,1.6319,1.6391,1.6520,2
8.7636,1.6286,1.6399,1.6536,2
8.7636,1.6278,1.6407,1.6520,2
8.7636,1.6295,1.6399,1.6552,2
8.7636,1.6278,1.6399,1.6560,2
8.7636,1.6254,1.6407,1.6577,2
8.7636,1.6270,1.6407,1.6585,2
8.7636,1.6270,1.6399,1.6609,2
8.7636,1.6254,1.6391,1.6617,2
8.7636,1.6262,1.6391,1.6617,2
8.7636,1.6254,1.6383,1.6609,2
8.7636,1.6327,1.6375,1.6593,2
8.7636,1.6311,1.6351,1.6609,2
8.7636,1.6295,1.6367,1.6585,2
8.7636,1.6286,1.6359,1.6593,2
8.7636,1.6270,1.6343,1.6585,2
8.7636,1.6254,1.6327,1.6585,2
8.7636,1.6254,1.6343,1.6560,2
8.7636,1.6254,1.6343,1.6568,2
8.7636,1.6254,1.6335,1.6560,2
8.7636,1.6262,1.6327,1.6577,2
8.7636,1.6206,1.6327,1.6601,2
8.7636,1.6246,1.6343,1.6593,2
8.7636,1.6238,1.6343,1.6609,2
8.7636,1.6254,1.6343,1.6609,2
8.7636,1.6286,1.6351,1.6625,2
8.7636,1.6286,1.6367,1.6617,2
8.7636,1.6286,1.6367,1.6625,2
8.7636,1.6303,1.6383,1.6617,2
8.7636,1.6311,1.6383,1.6609,2
8.7636,1.6230,1.6391,1.6593,2
8.7636,1.6270,1.6399,1.6577,2
8.7636,1.6286,1.6407,1.6577,2
8.7636,1.6319,1.6391,1.6577,2
8.7636,1.6286,1.6391,1.6552,2
8.7636,1.6270,1.6383,1.6544,2
8.7636,1.6262,1.6383,1.6552,2
8.7636,1.6238,1.6383,1.6544,2
8.7636,1.6230,1.6359,1.6544,2
8.7636,1.6214,1.6351,1.6552,2
8.7636,1.6286,1.6335,1.6560,2
8.7636,1.6230,1.6327,1.6560,2
8.7636,1.6206,1.6319,1.6544,2
8.7636,1.6190,1.6335,1.6536,2
8.7636,1.6198,1.6327,1.6536,2
8.8160,1.6222,1.6343,1.6544,2
8.8160,1.6230,1.6335,1.6544,2
8.8160,1.6174,1.6343,1.6544,2
8.8160,1.6149,1.6359,1.6544,2
8.8160,1.6149,1.6375,1.6544,2
8.8160,1.6149,1.6375,1.6536,2
8.8160,1.6012,1.6367,1.6536,2
8.8160,1.6029,1.6367,1.6536,2
8.8160,1.6053,1.6351,1.6536,2
8.8160,1.6085,1.6359,1.6528,2
8.8160,1.6085,1.6351,1.6536,2
8.8160,1.6093,1.6351,1.6528,2
8.8160,1.6166,1.6351,1.6520,2
8.8160,1.6182,1.6335,1.6496,2
8.8160,1.6190,1.6327,1.6496,2
8.8160,1.6198,1.6327,1.6480,2
8.8160,1.6343,1.6327,1.6488,2
8.8160,1.6295,1.6327,1.6480,2
8.8160,1.6303,1.6327,1.6480,2
8.8160,1.6262,1.6327,1.6480,2
8.8160,1.6238,1.6319,1.6472,2
8.8160,1.6214,1.6319,1.6472,2
8.8160,1.6214,1.6319,1.6472,2
8.8160,1.6222,1.6327,1.6488,2
8.8160,1.6206,1.6335,1.6488,2
8.8160,1.6174,1.6327,1.6488,2
8.8160,1.6182,1.6335,1.6488,2
8.8160,1.6295,1.6327,1.6504,2
8.8160,1.6270,1.6335,1.6520,2
8.8160,1.6270,1.6335,1.6528,2
8.8160,1.6190,1.6343,1.6544,2
8.8160,1.6206,1.6359,1.6552,2
8.8160,1.6198,1.6351,1.6560,2
8.8160,1.6198,1.6335,1.6568,2
8.8160,1.6214,1.6335,1.6560,2
8.8160,1.6254,1.6335,1.6577,2
8.8160,1.6246,1.6335,1.6593,2
8.8160,1.6166,1.6343,1.6593,2
8.8160,1.6190,1.6359,1.6593,2
8.8160,1.6206,1.6375,1.6585,2
8.8160,1.6311,1.6375,1.6585,2
8.8160,1.6319,1.6375,1.6577,2
8.8160,1.6335,1.6375,1.6552,2
8.8160,1.6319,1.6375,1.6536,2
8.8160,1.6311,1.6383,1.6560,2
8.8160,1.6286,1.6383,1.6552,2
8.8160,1.6270,1.6383,1.6552,2
8.8160,1.6311,1.6383,1.6560,2
8.8160,1.6286,1.6383,1.6552,2
8.8160,1.6295,1.6367,1.6544,2
8.8160,1.6262,1.6375,1.6544,2
8.8160,1.6254,1.6359,1.6544,2
8.8160,1.6190,1.6351,1.6577,2
8.8160,1.6198,1.6375,1.6601,2
8.8160,1.6214,1.6367,1.6601,2
8.8160,1.6222,1.6375,1.6609,2
8.8160,1.6238,1.6367,1.6609,2
8.8160,1.6190,1.6359,1.6593,2
8.8160,1.6198,1.6351,1.6593,2
8.8160,1.6190,1.6351,1.6601,2
8.8160,1.6206,1.6351,1.6593,2
8.8160,1.6190,1.6359,1.6577,2
8.8160,1.6230,1.6375,1.6560,2
8.8160,1.6238,1.6359,1.6560,2
8.8160,1.6214,1.6359,1.6552,2
8.8160,1.6222,1.6351,1.6544,2
8.8160,1.6222,1.6359,1.6544,2
8.8160,1.6222,1.6359,1.6560,2
8.8160,1.6004,1.6343,1.6552,2
8.8160,1.6021,1.6343,1.6560,2
8.8160,1.6061,1.6327,1.6560,2
8.8160,1.6093,1.6327,1.6577,2
8.8160,1.6117,1.6319,1.6585,2
8.8160,1.6141,1.6319,1.6577,2
8.8160,1.6182,1.6319,1.6585,2
8.8160,1.6174,1.6319,1.6593,2
8.8160,1.6149,1.6319,1.6568,2
8.8160,1.6182,1.6319,1.6552,2
8.8160,1.6399,1.6319,1.6568,2
8.8160,1.6391,1.6311,1.6577,2
8.8160,1.6343,1.6311,1.6560,2
8.8160,1.6311,1.6311,1.6568,2
8.8160,1.6311,1.6303,1.6560,2
8.8160,1.6464,1.6319,1.6560,2
8.8160,1.6415,1.6303,1.6552,2
8.8160,1.6399,1.6311,1.6552,2
8.8160,1.6391,1.6311,1.6577,2
8.8160,1.6359,1.6311,1.6568,2
8.8160,1.6311,1.6311,1.6552,2
8.8160,1.6286,1.6311,1.6560,2
8.8160,1.6278,1.6319,1.6568,2
8.8160,1.6295,1.6335,1.6560,2
8.8160,1.6270,1.6335,1.6577,2
8.8160,1.6093,1.6327,1.6585,2
8.8160,1.6085,1.6335,1.6601,2
8.8160,1.6149,1.6327,1.6609,2
8.8160,1.6109,1.6327,1.6593,2
8.8160,1.6230,1.6327,1.6609,2
8.8160,1.6278,1.6327,1.6625,2
8.8160,1.6311,1.6335,1.6625,2
8.8160,1.6351,1.6327,1.6625,2
8.8160,1.6343,1.6311,1.6633,2
8.8160,1.6383,1.6311,1.6609,2
8.8160,1.6375,1.6319,1.6609,2
8.8635,1.6423,1.6319,1.6593,2
8.8635,1.6399,1.6327,1.6585,2
8.8635,1.6448,1.6327,1.6585,2
8.8635,1.6343,1.6327,1.6585,2
8.8635,1.6319,1.6327,1.6568,2
8.8635,1.6343,1.6335,1.6568,2
8.8635,1.6327,1.6335,1.6577,2
8.8635,1.6319,1.6327,1.6568,2
8.8635,1.6327,1.6327,1.6585,2
8.8635,1.6319,1.6319,1.6577,2
8.8635,1.6311,1.6327,1.6568,2
8.8635,1.6278,1.6327,1.6552,2
8.8635,1.6174,1.6327,1.6504,2
8.8635,1.6149,1.6335,1.6512,2
8.8635,1.5996,1.6335,1.6512,2
8.8635,1.6004,1.6343,1.6520,2
8.8635,1.6037,1.6351,1.6504,2
8.8635,1.6069,1.6343,1.6512,2
8.8635,1.6069,1.6343,1.6504,2
8.8635,1.6101,1.6335,1.6504,2
8.8635,1.6109,1.6327,1.6504,2
8.8635,1.6141,1.6327,1.6528,2
8.8635,1.6230,1.6319,1.6593,2
8.8635,1.6270,1.6319,1.6585,2
8.8635,1.6407,1.6327,1.6577,2
8.8635,1.6367,1.6319,1.6568,2
8.8635,1.6327,1.6319,1.6568,2
8.8635,1.6262,1.6335,1.6544,2
8.8635,1.6335,1.6335,1.6544,2
8.8635,1.6311,1.6343,1.6552,2
8.8635,1.6270,1.6351,1.6544,2
8.8635,1.6246,1.6359,1.6520,2
8.8635,1.6037,1.6367,1.6504,2
8.8635,1.6037,1.6367,1.6496,2
8.8635,1.6093,1.6367,1.6496,2
8.8635,1.6012,1.6367,1.6496,2
8.8635,1.6037,1.6367,1.6488,2
8.8635,1.6077,1.6351,1.6488,2
8.8635,1.5996,1.6359,1.6480,2
8.8635,1.5996,1.6375,1.6464,2
8.8635,1.6021,1.6367,1.6472,2
8.8635,1.6045,1.6375,1.6472,2
8.8635,1.6286,1.6375,1.6480,2
8.8635,1.6270,1.6367,1.6480,2
8.8635,1.6238,1.6367,1.6480,2
8.8635,1.6343,1.6367,1.6480,2
8.8635,1.6311,1.6367,1.6480,2
8.8635,1.6295,1.6367,1.6504,2
8.8635,1.6286,1.6367,1.6528,2
8.8635,1.6295,1.6351,1.6536,2
8.8635,1.6270,1.6351,1.6536,2
8.8635,1.6246,1.6343,1.6552,2
8.8635,1.6254,1.6343,1.6560,2
8.8635,1.6254,1.6335,1.6577,2
8.8635,1.6254,1.6335,1.6585,2
8.8635,1.6222,1.6327,1.6585,2
8.8635,1.6246,1.6343,1.6568,2
8.8635,1.6214,1.6343,1.6568,2
8.8635,1.6206,1.6343,1.6560,2
8.8635,1.6222,1.6343,1.6568,2
8.8635,1.6141,1.6351,1.6560,2
8.8635,1.6166,1.6351,1.6568,2
8.8635,1.6174,1.6351,1.6560,2
8.8635,1.6158,1.6351,1.6560,2
8.8635,1.6141,1.6343,1.6560,2
8.8635,1.6149,1.6351,1.6560,2
8.8635,1.6149,1.6343,1.6585,2
8.8635,1.6182,1.6343,1.6593,2
8.8635,1.6166,1.6335,1.6577,2
8.8635,1.6174,1.6343,1.6568,2
8.8635,1.6254,1.6335,1.6601,2
8.8635,1.6246,1.6319,1.6601,2
8.8635,1.6238,1.6319,1.6601,2
8.8635,1.6254,1.6311,1.6609,2
8.8635,1.6246,1.6319,1.6609,2
8.8635,1.6262,1.6311,1.6552,2
8.8635,1.6246,1.6359,1.6560,2
8.8635,1.6262,1.6351,1.6568,2
8.8635,1.6286,1.6343,1.6577,2
8.8635,1.6262,1.6327,1.6593,2
8.8635,1.6262,1.6319,1.6585,2
8.8635,1.6254,1.6319,1.6593,2
8.8635,1.6262,1.6319,1.6601,2
8.8635,1.6222,1.6319,1.6609,2
8.8635,1.6246,1.6327,1.6617,2
8.8635,1.6230,1.6327,1.6673,2
8.8635,1.6230,1.6278,1.6657,2
8.8635,1.6214,1.6286,1.6649,2
8.8635,1.6133,1.6295,1.6649,2
8.8635,1.6166,1.6303,1.6641,2
8.8635,1.6182,1.6303,1.6625,2
8.8635,1.6182,1.6311,1.6625,2
8.8635,1.6190,1.6295,1.6617,2
8.8635,1.6198,1.6295,1.6609,2
8.8635,1.6206,1.6295,1.6609,2
8.9108,1.6254,1.6303,1.6609,2
8.9108,1.6278,1.6303,1.6609,2
8.9108,1.6295,1.6311,1.6617,2
8.9108,1.6359,1.6286,1.6617,2
8.9108,1.6319,1.6286,1.6625,2
8.9108,1.6327,1.6286,1.6633,2
8.9108,1.6311,1.6278,1.6625,2
8.9108,1.6303,1.6303,1.6601,2
8.9108,1.6327,1.6303,1.6601,2
8.9108,1.6311,1.6303,1.6609,2
8.9108,1.6286,1.6295,1.6609,2
8.9108,1.6262,1.6295,1.6617,2
8.9108,1.6246,1.6295,1.6617,2
8.9108,1.6262,1.6319,1.6617,2
8.9108,1.6286,1.6319,1.6609,2
8.9108,1.6456,1.6319,1.6601,2
8.9108,1.6423,1.6319,1.6609,2
8.9108,1.6391,1.6303,1.6633,2
8.9108,1.6383,1.6303,1.6649,2
8.9108,1.6367,1.6303,1.6649,2
8.9108,1.6343,1.6303,1.6641,2
8.9108,1.6351,1.6295,1.6641,2
8.9108,1.6359,1.6295,1.6641,2
8.9108,1.6343,1.6295,1.6641,2
8.9108,1.6351,1.6286,1.6641,2
8.9108,1.6174,1.6286,1.6657,2
8.9108,1.6230,1.6286,1.6633,2
8.9108,1.6286,1.6303,1.6617,2
8.9108,1.6311,1.6311,1.6609,2
8.9108,1.6335,1.6319,1.6601,2
8.9108,1.6375,1.6319,1.6601,2
8.9108,1.6391,1.6327,1.6601,2
8.9108,1.6399,1.6335,1.6601,2
8.9108,1.6407,1.6335,1.6593,2
8.9108,1.6415,1.6343,1.6577,2
8.9108,1.6432,1.6359,1.6568,2
8.9108,1.6415,1.6359,1.6585,2
8.9108,1.6383,1.6351,1.6585,2
8.9108,1.6351,1.6351,1.6568,2
8.9108,1.6359,1.6359,1.6552,2
8.9108,1.6327,1.6359,1.6552,2
8.9108,1.6319,1.6351,1.6544,2
8.9108,1.6303,1.6359,1.6552,2
8.9108,1.6311,1.6367,1.6544,2
8.9108,1.6278,1.6367,1.6560,2
8.9108,1.6278,1.6359,1.6552,2
8.9108,1.6286,1.6359,1.6544,2
8.9108,1.6303,1.6367,1.6552,2
8.9108,1.6319,1.6375,1.6568,2
8.9108,1.6286,1.6359,1.6560,2
8.9108,1.6303,1.6359,1.6560,2
8.9108,1.6319,1.6367,1.6552,2
8.9108,1.6311,1.6359,1.6528,2
8.9108,1.6311,1.6351,1.6528,2
8.9108,1.6335,1.6343,1.6528,2
8.9108,1.6319,1.6335,1.6544,2
8.9108,1.6319,1.6335,1.6544,2
8.9108,1.6327,1.6319,1.6552,2
8.9108,1.6319,1.6311,1.6544,2
8.9108,1.6319,1.6311,1.6536,2
8.9108,1.6319,1.6319,1.6544,2
8.9108,1.6303,1.6319,1.6536,2
8.9108,1.6311,1.6319,1.6568,2
8.9108,1.6295,1.6319,1.6585,2
8.9108,1.6295,1.6327,1.6560,2
8.9108,1.6327,1.6335,1.6568,2
8.9108,1.6311,1.6335,1.6560,2
8.9108,1.6319,1.6343,1.6552,2
8.9108,1.6270,1.6351,1.6568,2
8.9108,1.6303,1.6351,1.6585,2
8.9108,1.6303,1.6367,1.6577,2
8.9108,1.6319,1.6359,1.6593,2
8.9108,1.6343,1.6359,1.6577,2
8.9108,1.6367,1.6351,1.6585,2
8.9108,1.6367,1.6351,1.6601,2
8.9108,1.6327,1.6343,1.6601,2
8.9108,1.6351,1.6335,1.6609,2
8.9108,1.6351,1.6343,1.6617,2
8.9108,1.6415,1.6343,1.6617,2
8.9108,1.6383,1.6335,1.6609,2
8.9108,1.6383,1.6327,1.6609,2
8.9108,1.6367,1.6327,1.6601,2
8.9108,1.6351,1.6335,1.6617,2
8.9108,1.6303,1.6335,1.6601,2
8.9108,1.6319,1.6335,1.6593,2
8.9108,1.6335,1.6303,1.6585,2
8.9108,1.6367,1.6311,1.6585,2
8.9108,1.6383,1.6311,1.6577,2
8.9108,1.6359,1.6311,1.6577,2
8.9108,1.6375,1.6327,1.6593,2
8.9108,1.6375,1.6327,1.6601,2
8.9108,1.6375,1.6327,1.6617,2
8.9108,1.6391,1.6335,1.6609,2
8.9108,1.6399,1.6343,1.6625,2
8.9108,1.6367,1.6335,1.6641,2
8.9583,1.6367,1.6367,1.6641,2
8.9583,1.6327,1.6383,1.6641,2
8.9583,1.6303,1.6383,1.6649,2
8.9583,1.6319,1.6375,1.6625,2
8.9583,1.6327,1.6359,1.6617,2
8.9583,1.6327,1.6351,1.6601,2
8.9583,1.6335,1.6335,1.6568,2
8.9583,1.6367,1.6335,1.6560,2
8.9583,1.6367,1.6327,1.6544,2
8.9583,1.6399,1.6343,1.6552,2
8.9583,1.6367,1.6343,1.6536,2
8.9583,1.6351,1.6319,1.6536,2
8.9583,1.6327,1.6319,1.6536,2
8.9583,1.6319,1.6327,1.6568,2
8.9583,1.6303,1.6327,1.6568,2
8.9583,1.6295,1.6335,1.6585,2
8.9583,1.6303,1.6351,1.6601,2
8.9583,1.6295,1.6351,1.6609,2
8.9583,1.6327,1.6343,1.6617,2
8.9583,1.6182,1.6343,1.6625,2
8.9583,1.6214,1.6343,1.6633,2
8.9583,1.6222,1.6359,1.6625,2
8.9583,1.6254,1.6359,1.6625,2
8.9583,1.6270,1.6351,1.6625,2
8.9583,1.6270,1.6351,1.6625,2
8.9583,1.6254,1.6359,1.6625,2
8.9583,1.6254,1.6359,1.6625,2
8.9583,1.6230,1.6351,1.6617,2
8.9583,1.6246,1.6351,1.6593,2
8.9583,1.6359,1.6351,1.6585,2
8.9583,1.6359,1.6351,1.6585,2
8.9583,1.6351,1.6351,1.6593,2
8.9583,1.6343,1.6351,1.6585,2
8.9583,1.6327,1.6351,1.6577,2
8.9583,1.6343,1.6351,1.6585,2
8.9583,1.6351,1.6343,1.6593,2
8.9583,1.6335,1.6343,1.6593,2
8.9583,1.6335,1.6351,1.6601,2
8.9583,1.6295,1.6351,1.6617,2
8.9583,1.6311,1.6343,1.6633,2
8.9583,1.6335,1.6351,1.6641,2
8.9583,1.6311,1.6367,1.6641,2
8.9583,1.6303,1.6359,1.6641,2
8.9583,1.6311,1.6367,1.6641,2
8.9583,1.6319,1.6367,1.6625,2
8.9583,1.6311,1.6375,1.6625,2
8.9583,1.6327,1.6375,1.6633,2
8.9583,1.6335,1.6375,1.6633,2
8.9583,1.6343,1.6375,1.6625,2
8.9583,1.6359,1.6383,1.6609,2
8.9583,1.6343,1.6383,1.6585,2
8.9583,1.6391,1.6367,1.6585,2
8.9583,1.6383,1.6375,1.6593,2
8.9583,1.6391,1.6375,1.6593,2
8.9583,1.6383,1.6375,1.6593,2
8.9583,1.6391,1.6375,1.6585,2
8.9583,1.6399,1.6375,1.6577,2
8.9583,1.6303,1.6375,1.6577,2
8.9583,1.6319,1.6383,1.6568,2
8.9583,1.6327,1.6375,1.6585,2
8.9583,1.6319,1.6375,1.6585,2
8.9583,1.6303,1.6367,1.6560,2
8.9583,1.6311,1.6359,1.6568,2
8.9583,1.6319,1.6359,1.6568,2
8.9583,1.6327,1.6351,1.6577,2
8.9583,1.6327,1.6351,1.6568,2
8.9583,1.6359,1.6351,1.6577,2
8.9583,1.6456,1.6351,1.6577,2
8.9583,1.6432,1.6351,1.6568,2
8.9583,1.6399,1.6359,1.6560,2
8.9583,1.6375,1.6359,1.6552,2
8.9583,1.6375,1.6367,1.6568,2
8.9583,1.6367,1.6375,1.6568,2
8.9583,1.6351,1.6375,1.6568,2
8.9583,1.6303,1.6375,1.6560,2
8.9583,1.6295,1.6383,1.6568,2
8.9583,1.6254,1.6391,1.6560,2
8.9583,1.6238,1.6407,1.6560,2
8.9583,1.6246,1.6415,1.6585,2
8.9583,1.6270,1.6407,1.6577,2
8.9583,1.6286,1.6415,1.6593,2
8.9583,1.6286,1.6415,1.6593,2
8.9583,1.6295,1.6407,1.6585,2
8.9583,1.6335,1.6415,1.6577,2
8.9583,1.6335,1.6423,1.6568,2
8.9583,1.6335,1.6415,1.6568,2
8.9583,1.6319,1.6399,1.6552,2
8.9583,1.6343,1.6375,1.6552,2
8.9583,1.6359,1.6359,1.6552,2
8.9583,1.6359,1.6359,1.6560,2
8.9583,1.6335,1.6359,1.6552,2
8.9583,1.6327,1.6359,1.6552,2
8.9583,1.6311,1.6359,1.6577,2
8.9583,1.6262,1.6359,1.6585,2
9.0055,1.6278,1.6367,1.6601,2
9.0055,1.6295,1.6375,1.6601,2
9.0055,1.6303,1.6391,1.6625,2
9.0055,1.6327,1.6415,1.6617,2
9.0055,1.6327,1.6432,1.6617,2
9.0055,1.6335,1.6440,1.6617,2
9.0055,1.6351,1.6440,1.6617,2
9.0055,1.6351,1.6432,1.6617,2
9.0055,1.6375,1.6423,1.6601,2
9.0055,1.6407,1.6407,1.6601,2
9.0055,1.6399,1.6415,1.6593,2
9.0055,1.6407,1.6407,1.6593,2
9.0055,1.6415,1.6407,1.6585,2
9.0055,1.6359,1.6391,1.6593,2
9.0055,1.6383,1.6383,1.6593,2
9.0055,1.6375,1.6375,1.6585,2
9.0055,1.6375,1.6367,1.6585,2
9.0055,1.6383,1.6375,1.6585,2
9.0055,1.6375,1.6383,1.6577,2
9.0055,1.6359,1.6375,1.6593,2
9.0055,1.6375,1.6367,1.6577,2
9.0055,1.6367,1.6367,1.6560,2
9.0055,1.6367,1.6367,1.6552,2
9.0055,1.6391,1.6359,1.6552,2
9.0055,1.6327,1.6351,1.6568,2
9.0055,1.6327,1.6359,1.6560,2
9.0055,1.6335,1.6367,1.6560,2
9.0055,1.6351,1.6367,1.6568,2
9.0055,1.6351,1.6367,1.6560,2
9.0055,1.6351,1.6375,1.6544,2
9.0055,1.6367,1.6375,1.6552,2
9.0055,1.6375,1.6359,1.6560,2
9.0055,1.6375,1.6359,1.6560,2
9.0055,1.6367,1.6367,1.6544,2
9.0055,1.6375,1.6367,1.6528,2
9.0055,1.6391,1.6359,1.6544,2
9.0055,1.6407,1.6351,1.6520,2
9.0055,1.6423,1.6544,1.6714,2
9.0055,1.6327,1.6512,1.6746,2
9.0055,1.6230,1.6399,1.6697,2
9.0055,1.6158,1.6319,1.6673,2
9.0055,1.6133,1.6295,1.6657,2
9.0055,1.6125,1.6286,1.6641,2
9.0055,1.6117,1.6278,1.6633,2
9.0055,1.6125,1.6286,1.6617,2
9.0055,1.6093,1.6303,1.6625,2
9.0055,1.6069,1.6311,1.6617,2
9.0055,1.6037,1.6125,1.6432,2
9.0055,1.6133,1.6158,1.6415,2
9.0055,1.6222,1.6270,1.6472,2
9.0055,1.6262,1.6359,1.6512,2
9.0055,1.6286,1.6391,1.6528,2
9.0055,1.6295,1.6399,1.6560,2
9.0055,1.6286,1.6399,1.6593,2
9.0055,1.6262,1.6391,1.6625,2
9.0055,1.6254,1.6383,1.6617,2
9.0055,1.6230,1.6367,1.6649,2
9.0055,1.6222,1.6359,1.6649,2
9.0055,1.6206,1.6351,1.6641,2
9.0055,1.6166,1.6343,1.6649,2
9.0055,1.6174,1.6335,1.6641,2
9.0055,1.6166,1.6327,1.6649,2
9.0055,1.6125,1.6327,1.6633,2
9.0055,1.6141,1.6327,1.6625,2
9.0055,1.6141,1.6327,1.6617,2
9.0055,1.6158,1.6319,1.6617,2
9.0055,1.6182,1.6319,1.6609,2
9.0055,1.6182,1.6327,1.6601,2
9.0055,1.6198,1.6327,1.6601,2
9.0055,1.6230,1.6335,1.6593,2
9.0055,1.6222,1.6335,1.6601,2
9.0055,1.6222,1.6335,1.6593,2
9.0055,1.6238,1.6343,1.6609,2
9.0055,1.6206,1.6351,1.6617,2
9.0055,1.6254,1.6359,1.6609,2
9.0055,1.6286,1.6367,1.6609,2
9.0055,1.6778,1.6375,1.6601,2
9.0055,1.6722,1.6375,1.6609,2
9.0055,1.6681,1.6391,1.6617,2
9.0055,1.6649,1.6383,1.6625,2
9.0055,1.6641,1.6391,1.6617,2
9.0055,1.6609,1.6391,1.6625,2
9.0055,1.6617,1.6391,1.6633,2
9.0055,1.6641,1.6415,1.6633,2
9.0055,1.6609,1.6407,1.6633,2
9.0055,1.6577,1.6423,1.6633,2
9.0055,1.6101,1.6423,1.6633,2
9.0055,1.6166,1.6432,1.6625,2
9.0055,1.6214,1.6432,1.6633,2
9.0055,1.6262,1.6440,1.6625,2
9.0055,1.6327,1.6432,1.6633,2
9.0055,1.6359,1.6440,1.6633,2
9.0055,1.6407,1.6448,1.6641,2
9.0055,1.6456,1.6423,1.6641,2
9.0055,1.6464,1.6423,1.6641,2
9.0530,1.6512,1.6415,1.6641,2
9.0530,1.6496,1.6415,1.6633,2
9.0530,1.6504,1.6391,1.6633,2
9.0530,1.6496,1.6391,1.6625,2
9.0530,1.6472,1.6391,1.6633,2
9.0530,1.6464,1.6391,1.6625,2
9.0530,1.6407,1.6391,1.6633,2
9.0530,1.6383,1.6383,1.6617,2
9.0530,1.6351,1.6399,1.6601,2
9.0530,1.6335,1.6407,1.6593,2
9.0530,1.6303,1.6407,1.6585,2
9.0530,1.6311,1.6391,1.6577,2
9.0530,1.6303,1.6407,1.6568,2
9.0530,1.6286,1.6407,1.6568,2
9.0530,1.6295,1.6407,1.6568,2
9.0530,1.6270,1.6415,1.6560,2
9.0530,1.6303,1.6407,1.6544,2
9.0530,1.6295,1.6407,1.6544,2
9.0530,1.6319,1.6391,1.6552,2
9.0530,1.6303,1.6391,1.6552,2
9.0530,1.6278,1.6391,1.6552,2
9.0530,1.6270,1.6391,1.6560,2
9.0530,1.6270,1.6391,1.6577,2
9.0530,1.6303,1.6383,1.6552,2
9.0530,1.6303,1.6391,1.6552,2
9.0530,1.6286,1.6375,1.6552,2
9.0530,1.6295,1.6367,1.6544,2
9.0530,1.6286,1.6375,1.6528,2
9.0530,1.6262,1.6375,1.6520,2
9.0530,1.6278,1.6367,1.6520,2
9.0530,1.6295,1.6367,1.6520,2
9.0530,1.6311,1.6367,1.6520,2
9.0530,1.6295,1.6375,1.6512,2
9.0530,1.6278,1.6383,1.6512,2
9.0530,1.6278,1.6375,1.6488,2
9.0530,1.6286,1.6383,1.6472,2
9.0530,1.6311,1.6383,1.6488,2
9.0530,1.6319,1.6383,1.6496,2
9.0530,1.6335,1.6383,1.6496,2
9.0530,1.6351,1.6391,1.6520,2
9.0530,1.6367,1.6407,1.6520,2
9.0530,1.6359,1.6407,1.6496,2
9.0530,1.6383,1.6423,1.6520,2
9.0530,1.6399,1.6415,1.6536,2
9.0530,1.6383,1.6432,1.6552,2
9.0530,1.6407,1.6432,1.6568,2
9.0530,1.6375,1.6448,1.6560,2
9.0530,1.6375,1.6448,1.6577,2
9.0530,1.6359,1.6456,1.6577,2
9.0530,1.6367,1.6448,1.6552,2
9.0530,1.6367,1.6440,1.6536,2
9.0530,1.6359,1.6432,1.6536,2
9.0530,1.6343,1.6407,1.6536,2
9.0530,1.6335,1.6407,1.6536,2
9.0530,1.6359,1.6399,1.6536,2
9.0530,1.6343,1.6391,1.6520,2
9.0530,1.6335,1.6383,1.6520,2
9.0530,1.6319,1.6383,1.6504,2
9.0530,1.6335,1.6367,1.6496,2
9.0530,1.6343,1.6375,1.6440,2
9.0530,1.6327,1.6375,1.6456,2
9.0530,1.6343,1.6399,1.6456,2
9.0530,1.6375,1.6407,1.6456,2
9.0530,1.6359,1.6415,1.6448,2
9.0530,1.6359,1.6423,1.6448,2
9.0530,1.6351,1.6423,1.6448,2
9.0530,1.6343,1.6432,1.6440,2
9.0530,1.6351,1.6440,1.6456,2
9.0530,1.6359,1.6448,1.6456,2
9.0530,1.6383,1.6432,1.6512,2
9.0530,1.6383,1.6432,1.6512,2
9.0530,1.6359,1.6432,1.6504,2
9.0530,1.6335,1.6432,1.6488,2
9.0530,1.6359,1.6423,1.6496,2
9.0530,1.6359,1.6415,1.6488,2
9.0530,1.6399,1.6407,1.6496,2
9.0530,1.6432,1.6399,1.6504,2
9.0530,1.6423,1.6391,1.6496,2
9.0530,1.6407,1.6391,1.6504,2
9.0530,1.6391,1.6407,1.6504,2
9.0530,1.6415,1.6399,1.6504,2
9.0530,1.6375,1.6399,1.6520,2
9.0530,1.6375,1.6383,1.6488,2
9.0530,1.6351,1.6383,1.6488,2
9.0530,1.6375,1.6375,1.6488,2
9.0530,1.6359,1.6383,1.6464,2
9.0530,1.6343,1.6383,1.6472,2
9.0530,1.6359,1.6383,1.6464,2
9.0530,1.6375,1.6383,1.6472,2
9.0530,1.6367,1.6367,1.6480,2
9.0530,1.6351,1.6383,1.6480,2
9.0530,1.6407,1.6375,1.6488,2
9.0530,1.6391,1.6391,1.6520,2
9.0530,1.6407,1.6399,1.6512,2
9.0530,1.6375,1.6407,1.6520,2
9.1000,1.6351,1.6415,1.6544,2
9.1000,1.6375,1.6407,1.6560,2
9.1000,1.6351,1.6407,1.6568,2
9.1000,1.6351,1.6415,1.6601,2
9.1000,1.6351,1.6407,1.6593,2
9.1000,1.6343,1.6407,1.6601,2
9.1000,1.6359,1.6407,1.6585,2
9.1000,1.6359,1.6391,1.6593,2
9.1000,1.6311,1.6383,1.6593,2
9.1000,1.6327,1.6383,1.6593,2
9.1000,1.6335,1.6375,1.6585,2
9.1000,1.6182,1.6383,1.6560,2
9.1000,1.6222,1.6391,1.6568,2
9.1000,1.6230,1.6391,1.6536,2
9.1000,1.6222,1.6391,1.6560,2
9.1000,1.6286,1.6383,1.6560,2
9.1000,1.6295,1.6383,1.6568,2
9.1000,1.6278,1.6383,1.6568,2
9.1000,1.6335,1.6391,1.6568,2
9.1000,1.6351,1.6415,1.6568,2
9.1000,1.6359,1.6399,1.6560,2
9.1000,1.6480,1.6399,1.6568,2
9.1000,1.6440,1.6391,1.6552,2
9.1000,1.6440,1.6391,1.6552,2
9.1000,1.6440,1.6391,1.6544,2
9.1000,1.6383,1.6399,1.6544,2
9.1000,1.6375,1.6391,1.6552,2
9.1000,1.6383,1.6383,1.6552,2
9.1000,1.6375,1.6375,1.6568,2
9.1000,1.6351,1.6359,1.6560,2
9.1000,1.6343,1.6367,1.6560,2
9.1000,1.6367,1.6367,1.6544,2
9.1000,1.6391,1.6367,1.6568,2
9.1000,1.6391,1.6359,1.6560,2
9.1000,1.6391,1.6359,1.6552,2
9.1000,1.6399,1.6359,1.6552,2
9.1000,1.6391,1.6367,1.6544,2
9.1000,1.6391,1.6383,1.6552,2
9.1000,1.6407,1.6383,1.6552,2
9.1000,1.6415,1.6391,1.6552,2
9.1000,1.6432,1.6391,1.6552,2
9.1000,1.6423,1.6391,1.6552,2
9.1000,1.6423,1.6399,1.6552,2
9.1000,1.6432,1.6399,1.6544,2
9.1000,1.6415,1.6399,1.6528,2
9.1000,1.6423,1.6391,1.6528,2
9.1000,1.6432,1.6391,1.6512,2
9.1000,1.6440,1.6375,1.6504,2
9.1000,1.6448,1.6375,1.6520,2
9.1000,1.6440,1.6359,1.6520,2
9.1000,1.6464,1.6359,1.6536,2
9.1000,1.6480,1.6367,1.6544,2
9.1000,1.6480,1.6359,1.6552,2
9.1000,1.6472,1.6367,1.6528,2
9.1000,1.6496,1.6375,1.6544,2
9.1000,1.6480,1.6391,1.6544,2
9.1000,1.6456,1.6391,1.6552,2
9.1000,1.6456,1.6391,1.6544,2
9.1000,1.6415,1.6415,1.6536,2
9.1000,1.6415,1.6432,1.6536,2
9.1000,1.6375,1.6432,1.6520,2
9.1000,1.6383,1.6432,1.6520,2
9.1000,1.6383,1.6423,1.6496,2
9.1000,1.6407,1.6415,1.6520,2
9.1000,1.6391,1.6415,1.6512,2
9.1000,1.6399,1.6415,1.6520,2
9.1000,1.6423,1.6423,1.6536,2
9.1000,1.6415,1.6432,1.6528,2
9.1000,1.6448,1.6415,1.6536,2
9.1000,1.6456,1.6415,1.6536,2
9.1000,1.6496,1.6423,1.6560,2
9.1000,1.6488,1.6432,1.6560,2
9.1000,1.6480,1.6440,1.6568,2
9.1000,1.6480,1.6448,1.6552,2
9.1000,1.6480,1.6448,1.6552,2
9.1000,1.6480,1.6448,1.6536,2
9.1000,1.6464,1.6432,1.6536,2
9.1000,1.6472,1.6448,1.6536,2
9.1000,1.6464,1.6448,1.6544,2
9.1000,1.6464,1.6440,1.6544,2
9.1000,1.6448,1.6440,1.6528,2
9.1000,1.6440,1.6432,1.6528,2
9.1000,1.6415,1.6432,1.6536,2
9.1000,1.6423,1.6432,1.6568,2
9.1000,1.6415,1.6448,1.6577,2
9.1000,1.6432,1.6448,1.6593,2
9.1000,1.6472,1.6480,1.6577,2
9.1000,1.6480,1.6456,1.6585,2
9.1000,1.6464,1.6448,1.6577,2
9.1000,1.6472,1.6448,1.6560,2
9.1000,1.6472,1.6440,1.6585,2
9.1000,1.6472,1.6448,1.6577,2
9.1000,1.6496,1.6440,1.6577,2
9.1000,1.6480,1.6432,1.6568,2
9.1476,1.6504,1.6407,1.6568,2
9.1476,1.6496,1.6399,1.6577,2
9.1476,1.6456,1.6383,1.6593,2
9.1476,1.6448,1.6391,1.6585,2
9.1476,1.6456,1.6391,1.6601,2
9.1476,1.6448,1.6391,1.6601,2
9.1476,1.6456,1.6399,1.6601,2
9.1476,1.6456,1.6407,1.6609,2
9.1476,1.6464,1.6415,1.6609,2
9.1476,1.6456,1.6415,1.6593,2
9.1476,1.6456,1.6415,1.6577,2
9.1476,1.6440,1.6423,1.6568,2
9.1476,1.6464,1.6423,1.6552,2
9.1476,1.6448,1.6423,1.6544,2
9.1476,1.6448,1.6423,1.6528,2
9.1476,1.6440,1.6432,1.6520,2
9.1476,1.6423,1.6432,1.6504,2
9.1476,1.6399,1.6407,1.6488,2
9.1476,1.6383,1.6399,1.6480,2
9.1476,1.6391,1.6415,1.6472,2
9.1476,1.6375,1.6415,1.6480,2
9.1476,1.6399,1.6415,1.6496,2
9.1476,1.6383,1.6407,1.6504,2
9.1476,1.6391,1.6407,1.6504,2
9.1476,1.6407,1.6399,1.6504,2
9.1476,1.6407,1.6391,1.6504,2
9.1476,1.6391,1.6383,1.6496,2
9.1476,1.6423,1.6391,1.6496,2
9.1476,1.6423,1.6399,1.6496,2
9.1476,1.6456,1.6383,1.6496,2
9.1476,1.6440,1.6391,1.6488,2
9.1476,1.6407,1.6391,1.6464,2
9.1476,1.6415,1.6399,1.6456,2
9.1476,1.6407,1.6391,1.6440,2
9.1476,1.6423,1.6391,1.6440,2
9.1476,1.6432,1.6399,1.6423,2
9.1476,1.6432,1.6399,1.6423,2
9.1476,1.6440,1.6399,1.6423,2
9.1476,1.6343,1.6391,1.6423,2
9.1476,1.6311,1.6391,1.6432,2
9.1476,1.6327,1.6391,1.6415,2
9.1476,1.6359,1.6383,1.6432,2
9.1476,1.6351,1.6375,1.6448,2
9.1476,1.6335,1.6375,1.6448,2
9.1476,1.6311,1.6375,1.6440,2
9.1476,1.6319,1.6367,1.6448,2
9.1476,1.6327,1.6367,1.6448,2
9.1476,1.6343,1.6375,1.6464,2
9.1476,1.6440,1.6383,1.6448,2
9.1476,1.6432,1.6383,1.6440,2
9.1476,1.6432,1.6383,1.6464,2
9.1476,1.6423,1.6399,1.6464,2
9.1476,1.6432,1.6335,1.6448,2
9.1476,1.6456,1.6343,1.6464,2
9.1476,1.6456,1.6343,1.6488,2
9.1476,1.6440,1.6351,1.6480,2
9.1476,1.6423,1.6343,1.6496,2
9.1476,1.6399,1.6335,1.6496,2
9.1476,1.6359,1.6343,1.6512,2
9.1476,1.6375,1.6335,1.6528,2
9.1476,1.6383,1.6327,1.6520,2
9.1476,1.6367,1.6311,1.6520,2
9.1476,1.6375,1.6383,1.6520,2
9.1476,1.6351,1.6383,1.6528,2
9.1476,1.6335,1.6391,1.6528,2
9.1476,1.6319,1.6391,1.6536,2
9.1476,1.6351,1.6383,1.6528,2
9.1476,1.6351,1.6391,1.6536,2
9.1476,1.6383,1.6375,1.6528,2
9.1476,1.6367,1.6391,1.6536,2
9.1476,1.6343,1.6391,1.6528,2
9.1476,1.6359,1.6399,1.6528,2
9.1476,1.6359,1.6399,1.6536,2
9.1476,1.6367,1.6407,1.6536,2
9.1476,1.6407,1.6415,1.6528,2
9.1476,1.6448,1.6423,1.6536,2
9.1476,1.6423,1.6432,1.6528,2
9.1476,1.6423,1.6432,1.6528,2
9.1476,1.6432,1.6432,1.6528,2
9.1476,1.6472,1.6423,1.6528,2
9.1476,1.6472,1.6423,1.6536,2
9.1476,1.6448,1.6423,1.6544,2
9.1476,1.6440,1.6415,1.6536,2
9.1476,1.6423,1.6399,1.6512,2
9.1476,1.6391,1.6391,1.6504,2
9.1476,1.6367,1.6391,1.6496,2
9.1476,1.6399,1.6391,1.6488,2
9.1476,1.6399,1.6407,1.6488,2
9.1476,1.6375,1.6407,1.6488,2
9.1476,1.6351,1.6415,1.6472,2
9.1476,1.6383,1.6423,1.6472,2
9.1476,1.6415,1.6432,1.6448,2
9.1476,1.6423,1.6440,1.6448,2
9.1476,1.6432,1.6448,1.6440,2
9.1476,1.6448,1.6448,1.6440,2
9.1951,1.6448,1.6440,1.6432,2
9.1951,1.6432,1.6440,1.6440,2
9.1951,1.6440,1.6423,1.6448,2
9.1951,1.6488,1.6432,1.6448,2
9.1951,1.6488,1.6432,1.6448,2
9.1951,1.6472,1.6415,1.6440,2
9.1951,1.6456,1.6407,1.6440,2
9.1951,1.6472,1.6391,1.6440,2
9.1951,1.6472,1.6383,1.6464,2
9.1951,1.6472,1.6375,1.6456,2
9.1951,1.6480,1.6375,1.6472,2
9.1951,1.6472,1.6367,1.6464,2
9.1951,1.6456,1.6367,1.6448,2
9.1951,1.6423,1.6351,1.6448,2
9.1951,1.6432,1.6343,1.6448,2
9.1951,1.6415,1.6351,1.6440,2
9.1951,1.6448,1.6351,1.6456,2
9.1951,1.6448,1.6278,1.6456,2
9.1951,1.6456,1.6278,1.6440,2
9.1951,1.6448,1.6286,1.6456,2
9.1951,1.6464,1.6295,1.6448,2
9.1951,1.6456,1.6303,1.6448,2
9.1951,1.6464,1.6295,1.6448,2
9.1951,1.6480,1.6303,1.6456,2
9.1951,1.6504,1.6303,1.6464,2
9.1951,1.6456,1.6295,1.6464,2
9.1951,1.6423,1.6295,1.6464,2
9.1951,1.6399,1.6375,1.6464,2
9.1951,1.6399,1.6375,1.6464,2
9.1951,1.6407,1.6367,1.6456,2
9.1951,1.6399,1.6359,1.6464,2
9.1951,1.6399,1.6359,1.6480,2
9.1951,1.6407,1.6351,1.6488,2
9.1951,1.6399,1.6343,1.6512,2
9.1951,1.6367,1.6335,1.6512,2
9.1951,1.6407,1.6343,1.6528,2
9.1951,1.6399,1.6359,1.6528,2
9.1951,1.6407,1.6359,1.6544,2
9.1951,1.6407,1.6375,1.6560,2
9.1951,1.6351,1.6367,1.6585,2
9.1951,1.6327,1.6351,1.6577,2
9.1951,1.6319,1.6351,1.6585,2
9.1951,1.6254,1.6359,1.6577,2
9.1951,1.6254,1.6375,1.6577,2
9.1951,1.6246,1.6375,1.6585,2
9.1951,1.6278,1.6375,1.6585,2
9.1951,1.6311,1.6359,1.6585,2
9.1951,1.6319,1.6359,1.6577,2
9.1951,1.6311,1.6359,1.6585,2
9.1951,1.6367,1.6375,1.6577,2
9.1951,1.6375,1.6399,1.6585,2
9.1951,1.6391,1.6407,1.6577,2
9.1951,1.6407,1.6415,1.6577,2
9.1951,1.6415,1.6432,1.6577,2
9.1951,1.6432,1.6440,1.6585,2
9.1951,1.6415,1.6440,1.6601,2
9.1951,1.6391,1.6440,1.6601,2
9.1951,1.6367,1.6448,1.6609,2
9.1951,1.6359,1.6448,1.6609,2
9.1951,1.6343,1.6440,1.6617,2
9.1951,1.6343,1.6432,1.6625,2
9.1951,1.6335,1.6432,1.6625,2
9.1951,1.6343,1.6432,1.6641,2
9.1951,1.6319,1.6432,1.6641,2
9.1951,1.6319,1.6423,1.6633,2
9.1951,1.6311,1.6423,1.6625,2
9.1951,1.6335,1.6432,1.6625,2
9.1951,1.6359,1.6423,1.6625,2
9.1951,1.6343,1.6415,1.6617,2
9.1951,1.6359,1.6415,1.6609,2
9.1951,1.6359,1.6407,1.6617,2
9.1951,1.6367,1.6407,1.6609,2
9.1951,1.6415,1.6399,1.6601,2
9.1951,1.6432,1.6391,1.6601,2
9.1951,1.6423,1.6399,1.6609,2
9.1951,1.6278,1.6399,1.6609,2
9.1951,1.6254,1.6399,1.6609,2
9.1951,1.6214,1.6407,1.6617,2
9.1951,1.6246,1.6407,1.6617,2
9.1951,1.6262,1.6407,1.6609,2
9.1951,1.6270,1.6407,1.6585,2
9.1951,1.6295,1.6399,1.6593,2
9.1951,1.6270,1.6407,1.6593,2
9.1951,1.6238,1.6391,1.6593,2
9.1951,1.6254,1.6391,1.6585,2
9.1951,1.6415,1.6391,1.6585,2
9.1951,1.6407,1.6399,1.6585,2
9.1951,1.6440,1.6391,1.6593,2
9.1951,1.6415,1.6383,1.6585,2
9.1951,1.6383,1.6391,1.6593,2
9.1951,1.6399,1.6415,1.6617,2
9.1951,1.6375,1.6407,1.6617,2
9.1951,1.6335,1.6407,1.6617,2
9.1951,1.6351,1.6415,1.6609,2
9.1951,1.6351,1.6415,1.6601,2
9.2423,1.6351,1.6415,1.6601,2
9.2423,1.6117,1.6399,1.6601,2
9.2423,1.6149,1.6391,1.6577,2
9.2423,1.6166,1.6407,1.6577,2
9.2423,1.6198,1.6407,1.6577,2
9.2423,1.6190,1.6391,1.6560,2
9.2423,1.6158,1.6399,1.6544,2
9.2423,1.6254,1.6407,1.6560,2
9.2423,1.6270,1.6415,1.6552,2
9.2423,1.6254,1.6423,1.6560,2
9.2423,1.6254,1.6432,1.6528,2
9.2423,1.6520,1.6432,1.6504,2
9.2423,1.6504,1.6432,1.6528,2
9.2423,1.6496,1.6432,1.6536,2
9.2423,1.6488,1.6432,1.6536,2
9.2423,1.6456,1.6456,1.6552,2
9.2423,1.6496,1.6456,1.6568,2
9.2423,1.6432,1.6464,1.6568,2
9.2423,1.6432,1.6448,1.6552,2
9.2423,1.6415,1.6432,1.6560,2
9.2423,1.6456,1.6432,1.6568,2
9.2423,1.6391,1.6423,1.6593,2
9.2423,1.6399,1.6423,1.6568,2
9.2423,1.6383,1.6415,1.6560,2
9.2423,1.6399,1.6407,1.6544,2
9.2423,1.6423,1.6399,1.6544,2
9.2423,1.6423,1.6391,1.6536,2
9.2423,1.6399,1.6383,1.6528,2
9.2423,1.6407,1.6391,1.6544,2
9.2423,1.6423,1.6391,1.6536,2
9.2423,1.6367,1.6391,1.6560,2
9.2423,1.6351,1.6399,1.6568,2
9.2423,1.6351,1.6399,1.6568,2
9.2423,1.6375,1.6407,1.6577,2
9.2423,1.6367,1.6407,1.6593,2
9.2423,1.6383,1.6407,1.6585,2
9.2423,1.6375,1.6399,1.6585,2
9.2423,1.6399,1.6391,1.6585,2
9.2423,1.6407,1.6391,1.6585,2
9.2423,1.6399,1.6391,1.6577,2
9.2423,1.6423,1.6399,1.6577,2
9.2423,1.6472,1.6399,1.6577,2
9.2423,1.6448,1.6399,1.6585,2
9.2423,1.6440,1.6399,1.6585,2
9.2423,1.6415,1.6383,1.6585,2
9.2423,1.6399,1.6383,1.6593,2
9.2423,1.6415,1.6391,1.6593,2
9.2423,1.6415,1.6391,1.6601,2
9.2423,1.6391,1.6391,1.6601,2
9.2423,1.6391,1.6391,1.6609,2
9.2423,1.6375,1.6399,1.6617,2
9.2423,1.6367,1.6391,1.6617,2
9.2423,1.6367,1.6383,1.6609,2
9.2423,1.6367,1.6399,1.6609,2
9.2423,1.6383,1.6415,1.6601,2
9.2423,1.6383,1.6423,1.6601,2
9.2423,1.6367,1.6432,1.6609,2
9.2423,1.6383,1.6432,1.6609,2
9.2423,1.6383,1.6440,1.6601,2
9.2423,1.6399,1.6432,1.6601,2
9.2423,1.6415,1.6423,1.6593,2
9.2423,1.6432,1.6440,1.6585,2
9.2423,1.6456,1.6440,1.6577,2
9.2423,1.6448,1.6415,1.6577,2
9.2423,1.6448,1.6415,1.6577,2
9.2423,1.6335,1.6399,1.6560,2
9.2423,1.6335,1.6399,1.6560,2
9.2423,1.6335,1.6407,1.6552,2
9.2423,1.6359,1.6407,1.6536,2
9.2423,1.6359,1.6432,1.6520,2
9.2423,1.6375,1.6432,1.6512,2
9.2423,1.6375,1.6423,1.6520,2
9.2423,1.6359,1.6432,1.6520,2
9.2423,1.6359,1.6432,1.6504,2
9.2423,1.6375,1.6440,1.6488,2
9.2423,1.6456,1.6448,1.6512,2
9.2423,1.6472,1.6456,1.6488,2
9.2423,1.6472,1.6456,1.6472,2
9.2423,1.6472,1.6456,1.6488,2
9.2423,1.6472,1.6440,1.6496,2
9.2423,1.6480,1.6448,1.6512,2
9.2423,1.6440,1.6448,1.6504,2
9.2423,1.6448,1.6448,1.6504,2
9.2423,1.6423,1.6456,1.6504,2
9.2423,1.6423,1.6448,1.6415,2
9.2423,1.6448,1.6448,1.6423,2
9.2423,1.6440,1.6448,1.6440,2
9.2423,1.6432,1.6440,1.6440,2
9.2423,1.6423,1.6432,1.6423,2
9.2423,1.6415,1.6432,1.6440,2
9.2423,1.6399,1.6432,1.6440,2
9.2423,1.6415,1.6415,1.6423,2
9.2423,1.6423,1.6415,1.6423,2
9.2423,1.6440,1.6415,1.6423,2
9.2423,1.6448,1.6423,1.6504,2
9.2899,1.6448,1.6423,1.6496,2
9.2899,1.6456,1.6423,1.6512,2
9.2899,1.6399,1.6423,1.6520,2
9.2899,1.6407,1.6423,1.6536,2
9.2899,1.6432,1.6423,1.6512,2
9.2899,1.6432,1.6415,1.6488,2
9.2899,1.6440,1.6432,1.6488,2
9.2899,1.6448,1.6423,1.6496,2
9.2899,1.6423,1.6432,1.6512,2
9.2899,1.6423,1.6423,1.6496,2
9.2899,1.6415,1.6415,1.6496,2
9.2899,1.6415,1.6423,1.6480,2
9.2899,1.6496,1.6423,1.6472,2
9.2899,1.6496,1.6432,1.6456,2
9.2899,1.6480,1.6423,1.6448,2
9.2899,1.6488,1.6423,1.6448,2
9.2899,1.6496,1.6432,1.6456,2
9.2899,1.6488,1.6440,1.6448,2
9.2899,1.6512,1.6440,1.6432,2
9.2899,1.6496,1.6440,1.6456,2
9.2899,1.6504,1.6456,1.6448,2
9.2899,1.6488,1.6440,1.6448,2
9.2899,1.6472,1.6448,1.6456,2
9.2899,1.6464,1.6448,1.6448,2
9.2899,1.6432,1.6448,1.6472,2
9.2899,1.6440,1.6456,1.6488,2
9.2899,1.6423,1.6464,1.6488,2
9.2899,1.6440,1.6456,1.6488,2
9.2899,1.6415,1.6448,1.6496,2
9.2899,1.6423,1.6440,1.6480,2
9.2899,1.6399,1.6423,1.6496,2
9.2899,1.6399,1.6440,1.6496,2
9.2899,1.6399,1.6432,1.6496,2
9.2899,1.6391,1.6423,1.6496,2
9.2899,1.6415,1.6432,1.6488,2
9.2899,1.6415,1.6423,1.6496,2
9.2899,1.6432,1.6415,1.6488,2
9.2899,1.6423,1.6415,1.6496,2
9.2899,1.6448,1.6448,1.6496,2
9.2899,1.6440,1.6456,1.6504,2
9.2899,1.6472,1.6472,1.6496,2
9.2899,1.6464,1.6472,1.6512,2
9.2899,1.6456,1.6496,1.6504,2
9.2899,1.6440,1.6488,1.6520,2
9.2899,1.6448,1.6496,1.6512,2
9.2899,1.6440,1.6488,1.6504,2
9.2899,1.6440,1.6480,1.6520,2
9.2899,1.6423,1.6472,1.6504,2
9.2899,1.6415,1.6456,1.6504,2
9.2899,1.6415,1.6448,1.6488,2
9.2899,1.6391,1.6448,1.6488,2
9.2899,1.6367,1.6448,1.6472,2
9.2899,1.6367,1.6423,1.6464,2
9.2899,1.6399,1.6432,1.6472,2
9.2899,1.6383,1.6423,1.6480,2
9.2899,1.6383,1.6440,1.6504,2
9.2899,1.6375,1.6440,1.6496,2
9.2899,1.6367,1.6440,1.6504,2
9.2899,1.6383,1.6464,1.6512,2
9.2899,1.6383,1.6464,1.6520,2
9.2899,1.6399,1.6456,1.6528,2
9.2899,1.6432,1.6464,1.6536,2
9.2899,1.6415,1.6472,1.6552,2
9.2899,1.6391,1.6472,1.6552,2
9.2899,1.6375,1.6472,1.6544,2
9.2899,1.6391,1.6472,1.6528,2
9.2899,1.6423,1.6488,1.6528,2
9.2899,1.6423,1.6504,1.6528,2
9.2899,1.6391,1.6480,1.6520,2
9.2899,1.6399,1.6472,1.6520,2
9.2899,1.6391,1.6472,1.6496,2
9.2899,1.6383,1.6464,1.6488,2
9.2899,1.6391,1.6472,1.6472,2
9.2899,1.6391,1.6464,1.6448,2
9.2899,1.6399,1.6472,1.6432,2
9.2899,1.6383,1.6480,1.6432,2
9.2899,1.6335,1.6456,1.6432,2
9.2899,1.6343,1.6448,1.6440,2
9.2899,1.6359,1.6448,1.6423,2
9.2899,1.6375,1.6448,1.6448,2
9.2899,1.6391,1.6464,1.6440,2
9.2899,1.6383,1.6456,1.6440,2
9.2899,1.6407,1.6448,1.6448,2
9.2899,1.6415,1.6448,1.6456,2
9.2899,1.6423,1.6456,1.6472,2
9.2899,1.6440,1.6464,1.6464,2
9.2899,1.6456,1.6480,1.6480,2
9.2899,1.6464,1.6488,1.6464,2
9.2899,1.6464,1.6496,1.6480,2
9.2899,1.6448,1.6496,1.6480,2
9.2899,1.6432,1.6496,1.6480,2
9.2899,1.6423,1.6496,1.6496,2
9.2899,1.6391,1.6496,1.6488,2
9.2899,1.6383,1.6504,1.6504,2
9.2899,1.6383,1.6504,1.6504,2
9.3376,1.6391,1.6512,1.6512,2
9.3376,1.6391,1.6504,1.6504,2
9.3376,1.6391,1.6504,1.6520,2
9.3376,1.6399,1.6488,1.6504,2
9.3376,1.6407,1.6488,1.6504,2
9.3376,1.6423,1.6480,1.6496,2
9.3376,1.6440,1.6480,1.6496,2
9.3376,1.6448,1.6480,1.6488,2
9.3376,1.6472,1.6480,1.6496,2
9.3376,1.6472,1.6464,1.6504,2
9.3376,1.6464,1.6456,1.6496,2
9.3376,1.6391,1.6448,1.6528,2
9.3376,1.6383,1.6432,1.6528,2
9.3376,1.6375,1.6440,1.6544,2
9.3376,1.6351,1.6456,1.6544,2
9.3376,1.6367,1.6456,1.6568,2
9.3376,1.6359,1.6456,1.6568,2
9.3376,1.6375,1.6464,1.6585,2
9.3376,1.6351,1.6456,1.6568,2
9.3376,1.6367,1.6456,1.6568,2
9.3376,1.6367,1.6448,1.6577,2
9.3376,1.6440,1.6440,1.6568,2
9.3376,1.6432,1.6448,1.6568,2
9.3376,1.6448,1.6456,1.6568,2
9.3376,1.6480,1.6456,1.6568,2
9.3376,1.6464,1.6456,1.6568,2
9.3376,1.6448,1.6440,1.6568,2
9.3376,1.6464,1.6440,1.6560,2
9.3376,1.6480,1.6432,1.6568,2
9.3376,1.6440,1.6440,1.6568,2
9.3376,1.6440,1.6448,1.6560,2
9.3376,1.6415,1.6448,1.6544,2
9.3376,1.6407,1.6448,1.6528,2
9.3376,1.6399,1.6440,1.6528,2
9.3376,1.6375,1.6432,1.6512,2
9.3376,1.6375,1.6432,1.6512,2
9.3376,1.6399,1.6432,1.6496,2
9.3376,1.6359,1.6432,1.6488,2
9.3376,1.6351,1.6440,1.6480,2
9.3376,1.6375,1.6440,1.6464,2
9.3376,1.6383,1.6456,1.6464,2
9.3376,1.6407,1.6448,1.6488,2
9.3376,1.6448,1.6456,1.6488,2
9.3376,1.6448,1.6456,1.6464,2
9.3376,1.6440,1.6448,1.6472,2
9.3376,1.6440,1.6440,1.6480,2
9.3376,1.6423,1.6448,1.6480,2
9.3376,1.6375,1.6464,1.6488,2
9.3376,1.6399,1.6456,1.6504,2
9.3376,1.6375,1.6464,1.6520,2
9.3376,1.6367,1.6440,1.6536,2
9.3376,1.6351,1.6440,1.6504,2
9.3376,1.6351,1.6432,1.6504,2
9.3376,1.6359,1.6432,1.6512,2
9.3376,1.6391,1.6448,1.6512,2
9.3376,1.6311,1.6448,1.6512,2
9.3376,1.6327,1.6448,1.6520,2
9.3376,1.6391,1.6448,1.6520,2
9.3376,1.6391,1.6456,1.6528,2
9.3376,1.6423,1.6448,1.6520,2
9.3376,1.6415,1.6432,1.6512,2
9.3376,1.6432,1.6440,1.6528,2
9.3376,1.6407,1.6440,1.6552,2
9.3376,1.6375,1.6464,1.6552,2
9.3376,1.6383,1.6464,1.6552,2
9.3376,1.6432,1.6456,1.6544,2
9.3376,1.6423,1.6472,1.6552,2
9.3376,1.6440,1.6464,1.6552,2
9.3376,1.6407,1.6456,1.6544,2
9.3376,1.6383,1.6472,1.6536,2
9.3376,1.6383,1.6480,1.6544,2
9.3376,1.6391,1.6472,1.6552,2
9.3376,1.6399,1.6472,1.6552,2
9.3376,1.6415,1.6456,1.6552,2
9.3376,1.6391,1.6464,1.6560,2
9.3376,1.6407,1.6472,1.6577,2
9.3376,1.6440,1.6464,1.6585,2
9.3376,1.6440,1.6472,1.6585,2
9.3376,1.6423,1.6472,1.6568,2
9.3376,1.6456,1.6472,1.6577,2
9.3376,1.6456,1.6472,1.6560,2
9.3376,1.6456,1.6472,1.6568,2
9.3376,1.6456,1.6488,1.6544,2
9.3376,1.6480,1.6496,1.6552,2
9.3376,1.6415,1.6488,1.6552,2
9.3376,1.6440,1.6480,1.6552,2
9.3376,1.6399,1.6456,1.6552,2
9.3376,1.6415,1.6456,1.6544,2
9.3376,1.6456,1.6464,1.6568,2
9.3376,1.6456,1.6472,1.6544,2
9.3376,1.6472,1.6480,1.6544,2
9.3376,1.6472,1.6504,1.6552,2
9.3376,1.6480,1.6496,1.6568,2
9.3376,1.6464,1.6488,1.6568,2
9.3376,1.6552,1.6480,1.6577,2
9.3847,1.6544,1.6496,1.6544,2
9.3847,1.6544,1.6512,1.6512,2
9.3847,1.6544,1.6512,1.6504,2
9.3847,1.6512,1.6504,1.6472,2
9.3847,1.6480,1.6480,1.6480,2
9.3847,1.6407,1.6480,1.6496,2
9.3847,1.6399,1.6456,1.6472,2
9.3847,1.6399,1.6464,1.6456,2
9.3847,1.6383,1.6472,1.6351,2
9.3847,1.6367,1.6472,1.6335,2
9.3847,1.6367,1.6448,1.6351,2
9.3847,1.6359,1.6456,1.6375,2
9.3847,1.6367,1.6456,1.6391,2
9.3847,1.6399,1.6456,1.6407,2
9.3847,1.6407,1.6456,1.6415,2
9.3847,1.6480,1.6448,1.6407,2
9.3847,1.6464,1.6456,1.6415,2
9.3847,1.6448,1.6448,1.6440,2
9.3847,1.6456,1.6448,1.6528,2
9.3847,1.6472,1.6448,1.6536,2
9.3847,1.6810,1.6448,1.6520,2
9.3847,1.6794,1.6456,1.6512,2
9.3847,1.6730,1.6448,1.6512,2
9.3847,1.6673,1.6456,1.6520,2
9.3847,1.6649,1.6464,1.6496,2
9.3847,1.6649,1.6456,1.6496,2
9.3847,1.6657,1.6456,1.6496,2
9.3847,1.6649,1.6448,1.6480,2
9.3847,1.6665,1.6464,1.6472,2
9.3847,1.6552,1.6456,1.6456,2
9.3847,1.6198,1.6456,1.6464,2
9.3847,1.6230,1.6448,1.6472,2
9.3847,1.6295,1.6456,1.6456,2
9.3847,1.6351,1.6448,1.6456,2
9.3847,1.6407,1.6456,1.6472,2
9.3847,1.6432,1.6464,1.6464,2
9.3847,1.6472,1.6464,1.6464,2
9.3847,1.6488,1.6464,1.6472,2
9.3847,1.6472,1.6448,1.6488,2
9.3847,1.6585,1.6448,1.6504,2
9.3847,1.6552,1.6448,1.6520,2
9.3847,1.6568,1.6448,1.6528,2
9.3847,1.6520,1.6440,1.6560,2
9.3847,1.6512,1.6456,1.6560,2
9.3847,1.6504,1.6464,1.6560,2
9.3847,1.6472,1.6472,1.6585,2
9.3847,1.6480,1.6488,1.6601,2
9.3847,1.6488,1.6496,1.6593,2
9.3847,1.6496,1.6512,1.6593,2
9.3847,1.6480,1.6504,1.6577,2
9.3847,1.6504,1.6512,1.6577,2
9.3847,1.6472,1.6512,1.6577,2
9.3847,1.6488,1.6504,1.6568,2
9.3847,1.6472,1.6504,1.6560,2
9.3847,1.6415,1.6480,1.6560,2
9.3847,1.6415,1.6480,1.6560,2
9.3847,1.6278,1.6480,1.6552,2
9.3847,1.6278,1.6480,1.6560,2
9.3847,1.6262,1.6472,1.6568,2
9.3847,1.6278,1.6480,1.6577,2
9.3847,1.6295,1.6480,1.6577,2
9.3847,1.6311,1.6480,1.6585,2
9.3847,1.6319,1.6480,1.6593,2
9.3847,1.6286,1.6480,1.6593,2
9.3847,1.6319,1.6480,1.6593,2
9.3847,1.6311,1.6415,1.6568,2
9.3847,1.6407,1.6432,1.6577,2
9.3847,1.6343,1.6423,1.6568,2
9.3847,1.6432,1.6432,1.6560,2
9.3847,1.6432,1.6423,1.6560,2
9.3847,1.6440,1.6440,1.6560,2
9.3847,1.6432,1.6448,1.6560,2
9.3847,1.6423,1.6440,1.6568,2
9.3847,1.6456,1.6448,1.6552,2
9.3847,1.6488,1.6464,1.6552,2
9.3847,1.6504,1.6528,1.6568,2
9.3847,1.6496,1.6504,1.6568,2
9.3847,1.6568,1.6504,1.6568,2
9.3847,1.6496,1.6488,1.6568,2
9.3847,1.6448,1.6504,1.6568,2
9.3847,1.6456,1.6504,1.6577,2
9.3847,1.6496,1.6504,1.6568,2
9.3847,1.6440,1.6512,1.6568,2
9.3847,1.6464,1.6496,1.6577,2
9.3847,1.6440,1.6480,1.6577,2
9.3847,1.6448,1.6472,1.6585,2
9.3847,1.6448,1.6488,1.6585,2
9.3847,1.6456,1.6488,1.6593,2
9.3847,1.6432,1.6496,1.6601,2
9.3847,1.6456,1.6480,1.6601,2
9.3847,1.6456,1.6472,1.6593,2
9.3847,1.6415,1.6456,1.6593,2
9.3847,1.6464,1.6456,1.6585,2
9.3847,1.6440,1.6464,1.6593,2
9.4321,1.6423,1.6480,1.6593,2
9.4321,1.6440,1.6488,1.6593,2
9.4321,1.6448,1.6488,1.6585,2
9.4321,1.6448,1.6496,1.6577,2
9.4321,1.6472,1.6496,1.6568,2
9.4321,1.6480,1.6504,1.6568,2
9.4321,1.6480,1.6520,1.6568,2
9.4321,1.6480,1.6520,1.6568,2
9.4321,1.6480,1.6536,1.6577,2
9.4321,1.6480,1.6536,1.6577,2
9.4321,1.6488,1.6544,1.6577,2
9.4321,1.6448,1.6560,1.6568,2
9.4321,1.6520,1.6552,1.6552,2
9.4321,1.6504,1.6560,1.6560,2
9.4321,1.6480,1.6552,1.6560,2
9.4321,1.6480,1.6568,1.6552,2
9.4321,1.6625,1.6544,1.6552,2
9.4321,1.6617,1.6536,1.6536,2
9.4321,1.6601,1.6528,1.6536,2
9.4321,1.6601,1.6528,1.6520,2
9.4321,1.6593,1.6512,1.6528,2
9.4321,1.6633,1.6496,1.6528,2
9.4321,1.6544,1.6504,1.6536,2
9.4321,1.6544,1.6488,1.6480,2
9.4321,1.6577,1.6472,1.6480,2
9.4321,1.6585,1.6456,1.6488,2
9.4321,1.6448,1.6472,1.6496,2
9.4321,1.6472,1.6496,1.6512,2
9.4321,1.6512,1.6480,1.6504,2
9.4321,1.6520,1.6496,1.6504,2
9.4321,1.6544,1.6496,1.6496,2
9.4321,1.6544,1.6488,1.6520,2
9.4321,1.6577,1.6472,1.6520,2
9.4321,1.6593,1.6472,1.6560,2
9.4321,1.6593,1.6480,1.6552,2
9.4321,1.6577,1.6480,1.6552,2
9.4321,1.6568,1.6496,1.6544,2
9.4321,1.6601,1.6480,1.6544,2
9.4321,1.6601,1.6480,1.6536,2
9.4321,1.6609,1.6464,1.6552,2
9.4321,1.6609,1.6464,1.6552,2
9.4321,1.6593,1.6464,1.6536,2
9.4321,1.6577,1.6456,1.6544,2
9.4321,1.6544,1.6464,1.6544,2
9.4321,1.6528,1.6472,1.6560,2
9.4321,1.6536,1.6472,1.6560,2
9.4321,1.6552,1.6456,1.6560,2
9.4321,1.6520,1.6456,1.6560,2
9.4321,1.6456,1.6464,1.6552,2
9.4321,1.6456,1.6456,1.6560,2
9.4321,1.6440,1.6456,1.6568,2
9.4321,1.6440,1.6448,1.6577,2
9.4321,1.6448,1.6448,1.6577,2
9.4321,1.6464,1.6440,1.6585,2
9.4321,1.6472,1.6415,1.6585,2
9.4321,1.6464,1.6423,1.6617,2
9.4321,1.6448,1.6423,1.6617,2
9.4321,1.6432,1.6415,1.6625,2
9.4321,1.6456,1.6407,1.6641,2
9.4321,1.6432,1.6415,1.6641,2
9.4321,1.6601,1.6415,1.6641,2
9.4321,1.6552,1.6423,1.6649,2
9.4321,1.6520,1.6423,1.6641,2
9.4321,1.6512,1.6432,1.6649,2
9.4321,1.6480,1.6432,1.6657,2
9.4321,1.6496,1.6440,1.6633,2
9.4321,1.6496,1.6432,1.6633,2
9.4321,1.6504,1.6456,1.6633,2
9.4321,1.6512,1.6448,1.6641,2
9.4321,1.6520,1.6448,1.6649,2
9.4321,1.6375,1.6440,1.6641,2
9.4321,1.6399,1.6448,1.6641,2
9.4321,1.6415,1.6448,1.6641,2
9.4321,1.6415,1.6448,1.6633,2
9.4321,1.6456,1.6448,1.6633,2
9.4321,1.6464,1.6440,1.6633,2
9.4321,1.6448,1.6448,1.6625,2
9.4321,1.6464,1.6440,1.6625,2
9.4321,1.6488,1.6440,1.6617,2
9.4321,1.6512,1.6440,1.6609,2
9.4321,1.6488,1.6440,1.6609,2
9.4321,1.6488,1.6440,1.6609,2
9.4321,1.6496,1.6432,1.6601,2
9.4321,1.6504,1.6440,1.6601,2
9.4321,1.6488,1.6440,1.6593,2
9.4321,1.6472,1.6440,1.6585,2
9.4321,1.6488,1.6456,1.6593,2
9.4321,1.6488,1.6464,1.6577,2
9.4321,1.6399,1.6456,1.6577,2
9.4321,1.6391,1.6456,1.6585,2
9.4321,1.6415,1.6456,1.6577,2
9.4321,1.6432,1.6456,1.6585,2
9.4321,1.6432,1.6456,1.6593,2
9.4321,1.6432,1.6456,1.6593,2
9.4321,1.6432,1.6464,1.6593,2
9.4700,1.6423,1.6464,1.6577,2
9.4700,1.6423,1.6448,1.6568,2
9.4700,1.6383,1.6448,1.6577,2
9.4700,1.6464,1.6456,1.6577,2
9.4700,1.6440,1.6456,1.6560,2
9.4700,1.6423,1.6464,1.6560,2
9.4700,1.6415,1.6464,1.6560,2
9.4700,1.6391,1.6472,1.6552,2
9.4700,1.6399,1.6464,1.6560,2
9.4700,1.6391,1.6464,1.6560,2
9.4700,1.6375,1.6472,1.6577,2
9.4700,1.6383,1.6472,1.6585,2
9.4700,1.6407,1.6464,1.6585,2
9.4700,1.6391,1.6472,1.6585,2
9.4700,1.6407,1.6472,1.6601,2
9.4700,1.6407,1.6472,1.6593,2
9.4700,1.6399,1.6472,1.6585,2
9.4700,1.6415,1.6480,1.6585,2
9.4700,1.6391,1.6472,1.6577,2
9.4700,1.6399,1.6472,1.6577,2
9.4700,1.6391,1.6472,1.6577,2
9.4700,1.6399,1.6472,1.6568,2
9.4700,1.6407,1.6472,1.6568,2
9.4700,1.6415,1.6472,1.6568,2
9.4700,1.6432,1.6472,1.6568,2
9.4700,1.6432,1.6472,1.6577,2
9.4700,1.6480,1.6472,1.6577,2
9.4700,1.6520,1.6464,1.6585,2
9.4700,1.6504,1.6464,1.6585,2
9.4700,1.6504,1.6464,1.6593,2
9.4700,1.6512,1.6464,1.6593,2
9.4700,1.6504,1.6464,1.6609,2
9.4700,1.6464,1.6464,1.6617,2
9.4700,1.6480,1.6480,1.6625,2
9.4700,1.6480,1.6464,1.6625,2
9.4700,1.6480,1.6480,1.6625,2
9.4700,1.6440,1.6480,1.6633,2
9.4700,1.6407,1.6480,1.6633,2
9.4700,1.6456,1.6480,1.6641,2
9.4700,1.6464,1.6496,1.6641,2
9.4700,1.6472,1.6480,1.6633,2
9.4700,1.6472,1.6496,1.6625,2
9.4700,1.6504,1.6488,1.6625,2
9.4700,1.6512,1.6472,1.6617,2
9.4700,1.6480,1.6472,1.6601,2
9.4700,1.6480,1.6464,1.6609,2
9.4700,1.6496,1.6464,1.6609,2
9.4700,1.6512,1.6464,1.6609,2
9.4700,1.6520,1.6472,1.6609,2
9.4700,1.6504,1.6456,1.6609,2
9.4700,1.6520,1.6464,1.6609,2
9.4700,1.6520,1.6456,1.6617,2
9.4700,1.6520,1.6464,1.6601,2
9.4715,1.6496,1.6472,1.6609,2
9.4715,1.6528,1.6496,1.6617,2
9.4715,1.6528,1.6496,1.6609,2
9.4715,1.6383,1.6496,1.6609,2
9.4715,1.6391,1.6496,1.6609,2
9.4715,1.6391,1.6488,1.6609,2
9.4715,1.6415,1.6480,1.6601,2
9.4715,1.6391,1.6488,1.6593,2
9.4715,1.6391,1.6496,1.6593,2
9.4715,1.6383,1.6496,1.6585,2
9.4715,1.6391,1.6504,1.6577,2
9.4715,1.6391,1.6472,1.6577,2
9.4715,1.6391,1.6488,1.6577,2
9.4715,1.6480,1.6488,1.6568,2
9.4715,1.6472,1.6504,1.6560,2
9.4715,1.6456,1.6504,1.6536,2
9.4715,1.6415,1.6520,1.6544,2
9.4715,1.6423,1.6512,1.6544,2
9.4715,1.6432,1.6488,1.6536,2
9.4715,1.6407,1.6488,1.6552,2
9.4715,1.6407,1.6480,1.6552,2
9.4715,1.6335,1.6504,1.6552,2
9.4715,1.6343,1.6488,1.6544,2
9.4715,1.6383,1.6488,1.6528,2
9.5115,1.6367,1.6472,1.6512,2
9.5115,1.6343,1.6472,1.6528,2
9.5115,1.6375,1.6456,1.6504,2
9.5115,1.6367,1.6472,1.6504,2
9.5115,1.6327,1.6480,1.6496,2
9.5115,1.6351,1.6488,1.6480,2
9.5115,1.6359,1.6488,1.6480,2
9.5115,1.6391,1.6472,1.6480,2
9.5115,1.6367,1.6488,1.6488,2
9.5115,1.6375,1.6504,1.6488,2
9.5115,1.6286,1.6520,1.6488,2
9.5115,1.6303,1.6512,1.6480,2
9.5115,1.6319,1.6504,1.6480,2
9.5115,1.6311,1.6504,1.6480,2
9.5115,1.6367,1.6504,1.6496,2
9.5115,1.6375,1.6496,1.6512,2
9.5115,1.6359,1.6504,1.6504,2
9.5115,1.6391,1.6504,1.6496,2
9.5115,1.6391,1.6488,1.6496,2
9.5115,1.6391,1.6480,1.6496,2
9.5115,1.6472,1.6480,1.6504,2
9.5115,1.6456,1.6488,1.6512,2
9.5115,1.6286,1.6496,1.6520,2
9.5115,1.6327,1.6480,1.6520,2
9.5115,1.6335,1.6480,1.6520,2
9.5115,1.6351,1.6488,1.6496,2
9.5115,1.6375,1.6488,1.6504,2
9.5115,1.6375,1.6480,1.6496,2
9.5115,1.6391,1.6496,1.6504,2
9.5115,1.6383,1.6480,1.6520,2
9.5115,1.6407,1.6480,1.6520,2
9.5115,1.6423,1.6480,1.6496,2
9.5115,1.6568,1.6472,1.6504,2
9.5115,1.6947,1.6488,1.6512,2
9.5115,1.6883,1.6480,1.6512,2
9.5115,1.6810,1.6472,1.6536,2
9.5115,1.6746,1.6456,1.6536,2
9.5115,1.6689,1.6464,1.6544,2
9.5115,1.6657,1.6456,1.6536,2
9.5115,1.6641,1.6456,1.6536,2
9.5115,1.6617,1.6448,1.6544,2
9.5115,1.6625,1.6440,1.6577,2
9.5115,1.6617,1.6448,1.6585,2
9.5115,1.6198,1.6440,1.6577,2
9.5115,1.6246,1.6448,1.6585,2
9.5115,1.6286,1.6448,1.6585,2
9.5115,1.6359,1.6448,1.6593,2
9.5115,1.6415,1.6448,1.6585,2
9.5115,1.6464,1.6448,1.6585,2
9.5115,1.6512,1.6440,1.6585,2
9.5115,1.6560,1.6440,1.6560,2
9.5115,1.6552,1.6440,1.6560,2
9.5115,1.6577,1.6432,1.6552,2
9.5115,1.6601,1.6432,1.6544,2
9.5115,1.6617,1.6432,1.6536,2
9.5115,1.6625,1.6432,1.6512,2
9.5115,1.6907,1.6440,1.6504,2
9.5115,1.6899,1.6423,1.6488,2
9.5115,1.6867,1.6423,1.6480,2
9.5115,1.6810,1.6432,1.6488,2
9.5115,1.6770,1.6423,1.6504,2
9.5115,1.6762,1.6415,1.6504,2
9.5115,1.6730,1.6423,1.6496,2
9.5115,1.6722,1.6407,1.6520,2
9.5115,1.6665,1.6407,1.6520,2
9.5115,1.6641,1.6399,1.6520,2
9.5115,1.6343,1.6391,1.6528,2
9.5115,1.6359,1.6391,1.6544,2
9.5115,1.6375,1.6399,1.6544,2
9.5115,1.6407,1.6399,1.6520,2
9.5115,1.6407,1.6399,1.6504,2
9.5115,1.6319,1.6399,1.6488,2
9.5115,1.6343,1.6391,1.6488,2
9.5115,1.6335,1.6407,1.6464,2
9.5115,1.6367,1.6415,1.6456,2
9.5115,1.6432,1.6448,1.6488,2
9.5115,1.6415,1.6448,1.6472,2
9.5115,1.6432,1.6456,1.6472,2
9.5115,1.6432,1.6448,1.6480,2
9.5115,1.6415,1.6448,1.6488,2
9.5115,1.6432,1.6448,1.6488,2
9.5115,1.6536,1.6440,1.6512,2
9.5592,1.6512,1.6448,1.6520,2
9.5592,1.6504,1.6448,1.6536,2
9.5592,1.6488,1.6448,1.6528,2
9.5592,1.6448,1.6423,1.6504,2
9.5592,1.6456,1.6423,1.6520,2
9.5592,1.6432,1.6415,1.6512,2
9.5592,1.6415,1.6415,1.6496,2
9.5592,1.6432,1.6423,1.6480,2
9.5592,1.6423,1.6423,1.6480,2
9.5592,1.6415,1.6415,1.6464,2
9.5592,1.6440,1.6415,1.6448,2
9.5592,1.6456,1.6415,1.6440,2
9.5592,1.6448,1.6415,1.6423,2
9.5592,1.6423,1.6415,1.6415,2
9.5592,1.6415,1.6423,1.6415,2
9.5592,1.6415,1.6423,1.6440,2
9.5592,1.6423,1.6423,1.6456,2
9.5592,1.6399,1.6423,1.6472,2
9.5592,1.6391,1.6432,1.6480,2
9.5592,1.6391,1.6448,1.6496,2
9.5592,1.6391,1.6440,1.6512,2
9.5592,1.6375,1.6432,1.6520,2
9.5592,1.6399,1.6440,1.6560,2
9.5592,1.6423,1.6448,1.6568,2
9.5592,1.6423,1.6440,1.6568,2
9.5592,1.6440,1.6432,1.6544,2
9.5592,1.6448,1.6448,1.6528,2
9.5592,1.6464,1.6432,1.6520,2
9.5592,1.6504,1.6432,1.6512,2
9.5592,1.6512,1.6432,1.6496,2
9.5592,1.6504,1.6440,1.6496,2
9.5592,1.6528,1.6432,1.6472,2
9.5592,1.6512,1.6432,1.6464,2
9.5592,1.6512,1.6423,1.6456,2
9.5592,1.6536,1.6423,1.6448,2
9.5592,1.6520,1.6423,1.6456,2
9.5592,1.6536,1.6415,1.6472,2
9.5592,1.6512,1.6415,1.6472,2
9.5592,1.6496,1.6423,1.6456,2
9.5592,1.6504,1.6423,1.6448,2
9.5592,1.6512,1.6415,1.6440,2
9.5592,1.6512,1.6423,1.6464,2
9.5592,1.6544,1.6423,1.6480,2
9.5592,1.6536,1.6415,1.6480,2
9.5592,1.6504,1.6415,1.6488,2
9.5592,1.6488,1.6407,1.6488,2
9.5592,1.6464,1.6415,1.6472,2
9.5592,1.6496,1.6415,1.6488,2
9.5592,1.6496,1.6423,1.6488,2
9.5592,1.6504,1.6423,1.6480,2
9.5592,1.6504,1.6423,1.6504,2
9.5592,1.6512,1.6415,1.6496,2
9.5592,1.6480,1.6423,1.6496,2
9.5592,1.6504,1.6423,1.6496,2
9.5592,1.6504,1.6423,1.6496,2
9.5592,1.6504,1.6423,1.6504,2
9.5592,1.6528,1.6423,1.6520,2
9.5592,1.6496,1.6423,1.6504,2
9.5592,1.6472,1.6415,1.6512,2
9.5592,1.6472,1.6415,1.6536,2
9.5592,1.6480,1.6407,1.6528,2
9.5592,1.6480,1.6407,1.6520,2
9.5592,1.6464,1.6407,1.6520,2
9.5592,1.6456,1.6383,1.6512,2
9.5592,1.6488,1.6375,1.6512,2
9.5592,1.6528,1.6367,1.6512,2
9.5592,1.6536,1.6367,1.6504,2
9.5592,1.6560,1.6367,1.6512,2
9.5592,1.6568,1.6359,1.6520,2
9.5592,1.6536,1.6367,1.6520,2
9.5592,1.6536,1.6359,1.6512,2
9.5592,1.6520,1.6351,1.6504,2
9.5592,1.6552,1.6359,1.6496,2
9.5592,1.6568,1.6375,1.6512,2
9.5592,1.6528,1.6391,1.6520,2
9.5592,1.6480,1.6391,1.6536,2
9.5592,1.6480,1.6391,1.6544,2
9.5592,1.6464,1.6399,1.6560,2
9.5592,1.6472,1.6399,1.6560,2
9.5592,1.6480,1.6391,1.6568,2
9.5592,1.6448,1.6399,1.6593,2
9.5592,1.6440,1.6407,1.6609,2
9.5592,1.6432,1.6399,1.6617,2
9.5592,1.6415,1.6407,1.6609,2
9.5592,1.6432,1.6399,1.6601,2
9.5592,1.6480,1.6407,1.6593,2
9.5592,1.6488,1.6407,1.6585,2
9.5592,1.6512,1.6399,1.6585,2
9.5592,1.6488,1.6407,1.6593,2
9.5592,1.6496,1.6407,1.6593,2
9.5592,1.6512,1.6407,1.6577,2
9.5592,1.6536,1.6407,1.6577,2
9.5592,1.6520,1.6407,1.6568,2
9.5592,1.6496,1.6399,1.6568,2
9.5592,1.6472,1.6407,1.6577,2
9.6067,1.6448,1.6399,1.6577,2
9.6067,1.6407,1.6407,1.6585,2
9.6067,1.6383,1.6407,1.6585,2
9.6067,1.6383,1.6407,1.6577,2
9.6067,1.6375,1.6415,1.6577,2
9.6067,1.6359,1.6423,1.6552,2
9.6067,1.6343,1.6432,1.6560,2
9.6067,1.6343,1.6448,1.6568,2
9.6067,1.6367,1.6448,1.6560,2
9.6067,1.6367,1.6448,1.6544,2
9.6067,1.6359,1.6448,1.6552,2
9.6067,1.6367,1.6440,1.6536,2
9.6067,1.6391,1.6448,1.6520,2
9.6067,1.6399,1.6448,1.6520,2
9.6067,1.6407,1.6488,1.6504,2
9.6067,1.6778,1.6480,1.6528,2
9.6067,1.6738,1.6480,1.6512,2
9.6067,1.6689,1.6488,1.6496,2
9.6067,1.6673,1.6488,1.6504,2
9.6067,1.6657,1.6488,1.6520,2
9.6067,1.6657,1.6496,1.6520,2
9.6067,1.6617,1.6512,1.6520,2
9.6067,1.6593,1.6512,1.6536,2
9.6067,1.6593,1.6520,1.6528,2
9.6067,1.6568,1.6480,1.6536,2
9.6067,1.6214,1.6488,1.6536,2
9.6067,1.6254,1.6488,1.6536,2
9.6067,1.6319,1.6480,1.6544,2
9.6067,1.6343,1.6472,1.6544,2
9.6067,1.6391,1.6472,1.6536,2
9.6067,1.6399,1.6472,1.6536,2
9.6067,1.6472,1.6456,1.6536,2
9.6067,1.6504,1.6464,1.6528,2
9.6067,1.6528,1.6456,1.6536,2
9.6067,1.6568,1.6464,1.6536,2
9.6067,1.6585,1.6464,1.6536,2
9.6067,1.6593,1.6464,1.6552,2
9.6067,1.6609,1.6464,1.6560,2
9.6067,1.6577,1.6464,1.6560,2
9.6067,1.6552,1.6488,1.6560,2
9.6067,1.6560,1.6488,1.6560,2
9.6067,1.6512,1.6496,1.6568,2
9.6067,1.6512,1.6488,1.6585,2
9.6067,1.6504,1.6488,1.6585,2
9.6067,1.6512,1.6488,1.6585,2
9.6067,1.6496,1.6488,1.6585,2
9.6067,1.6496,1.6480,1.6585,2
9.6067,1.6472,1.6488,1.6585,2
9.6067,1.6480,1.6488,1.6585,2
9.6067,1.6496,1.6472,1.6585,2
9.6067,1.6504,1.6456,1.6585,2
9.6067,1.6512,1.6448,1.6593,2
9.6067,1.6496,1.6432,1.6593,2
9.6067,1.6480,1.6423,1.6593,2
9.6067,1.6448,1.6415,1.6601,2
9.6067,1.6456,1.6407,1.6617,2
9.6067,1.6440,1.6407,1.6617,2
9.6067,1.6440,1.6399,1.6617,2
9.6067,1.6448,1.6391,1.6617,2
9.6067,1.6391,1.6391,1.6625,2
9.6067,1.6391,1.6407,1.6609,2
9.6067,1.6407,1.6415,1.6609,2
9.6067,1.6415,1.6423,1.6593,2
9.6067,1.6440,1.6423,1.6585,2
9.6067,1.6448,1.6432,1.6568,2
9.6067,1.6448,1.6423,1.6560,2
9.6067,1.6456,1.6415,1.6560,2
9.6067,1.6464,1.6423,1.6560,2
9.6067,1.6448,1.6432,1.6560,2
9.6067,1.6504,1.6423,1.6552,2
9.6067,1.6520,1.6415,1.6568,2
9.6067,1.6512,1.6415,1.6577,2
9.6067,1.6520,1.6423,1.6585,2
9.6067,1.6504,1.6423,1.6585,2
9.6067,1.6512,1.6415,1.6593,2
9.6067,1.6512,1.6423,1.6593,2
9.6067,1.6488,1.6415,1.6601,2
9.6067,1.6496,1.6415,1.6593,2
9.6067,1.6504,1.6407,1.6585,2
9.6067,1.6512,1.6415,1.6593,2
9.6067,1.6488,1.6415,1.6585,2
9.6067,1.6488,1.6407,1.6577,2
9.6067,1.6488,1.6407,1.6560,2
9.6067,1.6464,1.6407,1.6560,2
9.6067,1.6440,1.6415,1.6544,2
9.6067,1.6399,1.6407,1.6552,2
9.6067,1.6407,1.6440,1.6528,2
9.6067,1.6423,1.6440,1.6536,2
9.6067,1.6432,1.6448,1.6536,2
9.6067,1.6432,1.6448,1.6528,2
9.6067,1.6399,1.6464,1.6536,2
9.6067,1.6407,1.6464,1.6552,2
9.6067,1.6383,1.6448,1.6552,2
9.6067,1.6399,1.6448,1.6560,2
9.6067,1.6423,1.6456,1.6577,2
9.6537,1.6440,1.6456,1.6568,2
9.6537,1.6448,1.6456,1.6585,2
9.6537,1.6432,1.6440,1.6585,2
9.6537,1.6432,1.6440,1.6577,2
9.6537,1.6391,1.6448,1.6577,2
9.6537,1.6423,1.6440,1.6568,2
9.6537,1.6351,1.6440,1.6568,2
9.6537,1.6375,1.6448,1.6552,2
9.6537,1.6383,1.6464,1.6552,2
9.6537,1.6391,1.6464,1.6552,2
9.6537,1.6432,1.6464,1.6560,2
9.6537,1.6432,1.6464,1.6560,2
9.6537,1.6415,1.6456,1.6552,2
9.6537,1.6432,1.6456,1.6552,2
9.6537,1.6423,1.6448,1.6560,2
9.6537,1.6440,1.6456,1.6568,2
9.6537,1.6496,1.6448,1.6560,2
9.6537,1.6488,1.6448,1.6568,2
9.6537,1.6480,1.6440,1.6577,2
9.6537,1.6488,1.6440,1.6577,2
9.6537,1.6472,1.6440,1.6577,2
9.6537,1.6456,1.6440,1.6560,2
9.6537,1.6456,1.6440,1.6552,2
9.6537,1.6464,1.6448,1.6544,2
9.6537,1.6456,1.6448,1.6544,2
9.6537,1.6456,1.6456,1.6544,2
9.6537,1.6480,1.6456,1.6536,2
9.6537,1.6464,1.6456,1.6544,2
9.6537,1.6464,1.6456,1.6544,2
9.6537,1.6456,1.6464,1.6536,2
9.6537,1.6496,1.6456,1.6536,2
9.6537,1.6496,1.6464,1.6544,2
9.6537,1.6520,1.6464,1.6552,2
9.6537,1.6504,1.6464,1.6568,2
9.6537,1.6544,1.6464,1.6568,2
9.6537,1.6552,1.6448,1.6552,2
9.6537,1.6512,1.6448,1.6544,2
9.6537,1.6520,1.6448,1.6536,2
9.6537,1.6520,1.6448,1.6528,2
9.6537,1.6512,1.6448,1.6536,2
9.6537,1.6480,1.6448,1.6536,2
9.6537,1.6480,1.6440,1.6536,2
9.6537,1.6472,1.6448,1.6536,2
9.6537,1.6480,1.6448,1.6512,2
9.6537,1.6488,1.6448,1.6520,2
9.6537,1.6472,1.6448,1.6520,2
9.6537,1.6488,1.6440,1.6528,2
9.6537,1.6504,1.6440,1.6520,2
9.6537,1.6504,1.6448,1.6512,2
9.6537,1.6480,1.6448,1.6496,2
9.6537,1.6520,1.6448,1.6496,2
9.6537,1.6536,1.6456,1.6504,2
9.6537,1.6528,1.6464,1.6512,2
9.6537,1.6512,1.6464,1.6528,2
9.6537,1.6496,1.6488,1.6528,2
9.6537,1.6496,1.6496,1.6544,2
9.6537,1.6496,1.6520,1.6536,2
9.6537,1.6496,1.6520,1.6528,2
9.6537,1.6496,1.6512,1.6528,2
9.6537,1.6496,1.6512,1.6544,2
9.6537,1.6480,1.6520,1.6512,2
9.6537,1.6480,1.6512,1.6480,2
9.6537,1.6480,1.6528,1.6456,2
9.6537,1.6504,1.6520,1.6432,2
9.6537,1.6520,1.6520,1.6440,2
9.6537,1.6504,1.6504,1.6423,2
9.6537,1.6504,1.6504,1.6415,2
9.6537,1.6472,1.6504,1.6423,2
9.6537,1.6464,1.6512,1.6407,2
9.6537,1.6472,1.6512,1.6399,2
9.6537,1.6456,1.6496,1.6415,2
9.6537,1.6464,1.6496,1.6432,2
9.6537,1.6472,1.6496,1.6432,2
9.6537,1.6464,1.6504,1.6432,2
9.6537,1.6440,1.6488,1.6432,2
9.6537,1.6464,1.6496,1.6432,2
9.6537,1.6359,1.6488,1.6432,2
9.6537,1.6399,1.6488,1.6432,2
9.6537,1.6423,1.6496,1.6432,2
9.6537,1.6415,1.6488,1.6440,2
9.6537,1.6448,1.6488,1.6440,2
9.6537,1.6480,1.6496,1.6440,2
9.6537,1.6472,1.6504,1.6432,2
9.6537,1.6440,1.6496,1.6423,2
9.6537,1.6456,1.6496,1.6415,2
9.6537,1.6423,1.6504,1.6432,2
9.6537,1.6528,1.6504,1.6440,2
9.6537,1.6496,1.6496,1.6440,2
9.6537,1.6488,1.6512,1.6448,2
9.6537,1.6496,1.6528,1.6415,2
9.6537,1.6480,1.6520,1.6423,2
9.6537,1.6448,1.6520,1.6415,2
9.6537,1.6440,1.6496,1.6423,2
9.6537,1.6456,1.6504,1.6415,2
9.7010,1.6440,1.6496,1.6407,2
9.7010,1.6456,1.6480,1.6391,2
9.7010,1.6432,1.6472,1.6391,2
9.7010,1.6448,1.6472,1.6391,2
9.7010,1.6448,1.6456,1.6399,2
9.7010,1.6456,1.6440,1.6407,2
9.7010,1.6415,1.6440,1.6399,2
9.7010,1.6319,1.6440,1.6407,2
9.7010,1.6335,1.6456,1.6423,2
9.7010,1.6367,1.6456,1.6423,2
9.7010,1.6391,1.6472,1.6423,2
9.7010,1.6407,1.6488,1.6423,2
9.7010,1.6383,1.6488,1.6415,2
9.7010,1.6383,1.6496,1.6423,2
9.7010,1.6375,1.6496,1.6423,2
9.7010,1.6367,1.6504,1.6423,2
9.7010,1.6399,1.6512,1.6440,2
9.7010,1.6472,1.6512,1.6456,2
9.7010,1.6472,1.6496,1.6456,2
9.7010,1.6480,1.6496,1.6456,2
9.7010,1.6303,1.6488,1.6472,2
9.7010,1.6327,1.6496,1.6472,2
9.7010,1.6343,1.6504,1.6472,2
9.7010,1.6367,1.6472,1.6488,2
9.7010,1.6383,1.6480,1.6480,2
9.7010,1.6367,1.6472,1.6480,2
9.7010,1.6359,1.6496,1.6456,2
9.7010,1.6375,1.6496,1.6448,2
9.7010,1.6375,1.6488,1.6423,2
9.7010,1.6319,1.6496,1.6423,2
9.7010,1.6496,1.6488,1.6423,2
9.7010,1.6464,1.6480,1.6432,2
9.7010,1.6520,1.6472,1.6440,2
9.7010,1.6488,1.6480,1.6415,2
9.7010,1.6456,1.6496,1.6423,2
9.7010,1.6480,1.6496,1.6440,2
9.7010,1.6472,1.6480,1.6464,2
9.7010,1.6448,1.6464,1.6464,2
9.7010,1.6423,1.6472,1.6480,2
9.7010,1.6440,1.6472,1.6488,2
9.7010,1.6423,1.6472,1.6488,2
9.7010,1.6423,1.6472,1.6488,2
9.7010,1.6383,1.6472,1.6488,2
9.7010,1.6367,1.6472,1.6504,2
9.7010,1.6383,1.6464,1.6488,2
9.7010,1.6391,1.6456,1.6488,2
9.7010,1.6383,1.6456,1.6488,2
9.7010,1.6407,1.6472,1.6504,2
9.7010,1.6351,1.6464,1.6504,2
9.7010,1.6383,1.6472,1.6488,2
9.7010,1.6407,1.6464,1.6488,2
9.7010,1.6407,1.6448,1.6480,2
9.7010,1.6423,1.6448,1.6480,2
9.7010,1.6440,1.6440,1.6472,2
9.7010,1.6448,1.6440,1.6496,2
9.7010,1.6464,1.6440,1.6496,2
9.7010,1.6488,1.6440,1.6496,2
9.7010,1.6496,1.6432,1.6504,2
9.7010,1.6585,1.6432,1.6512,2
9.7010,1.6577,1.6432,1.6536,2
9.7010,1.6544,1.6423,1.6544,2
9.7010,1.6536,1.6440,1.6552,2
9.7010,1.6544,1.6440,1.6552,2
9.7010,1.6520,1.6456,1.6560,2
9.7010,1.6528,1.6464,1.6560,2
9.7010,1.6504,1.6456,1.6552,2
9.7010,1.6488,1.6464,1.6552,2
9.7010,1.6456,1.6464,1.6536,2
9.7010,1.6448,1.6464,1.6528,2
9.7010,1.6407,1.6456,1.6512,2
9.7010,1.6415,1.6464,1.6520,2
9.7010,1.6440,1.6464,1.6520,2
9.7010,1.6480,1.6472,1.6528,2
9.7010,1.6472,1.6472,1.6536,2
9.7010,1.6456,1.6456,1.6536,2
9.7010,1.6464,1.6472,1.6536,2
9.7010,1.6456,1.6472,1.6536,2
9.7010,1.6448,1.6472,1.6544,2
9.7010,1.6464,1.6472,1.6544,2
9.7010,1.6512,1.6472,1.6544,2
9.7010,1.6504,1.6472,1.6552,2
9.7010,1.6504,1.6472,1.6544,2
9.7010,1.6448,1.6464,1.6544,2
9.7010,1.6488,1.6456,1.6520,2
9.7010,1.6488,1.6456,1.6528,2
9.7010,1.6488,1.6456,1.6512,2
9.7010,1.6480,1.6440,1.6512,2
9.7010,1.6512,1.6440,1.6496,2
9.7010,1.6504,1.6448,1.6496,2
9.7010,1.6496,1.6456,1.6496,2
9.7010,1.6496,1.6464,1.6488,2
9.7010,1.6488,1.6472,1.6480,2
9.7010,1.6512,1.6472,1.6464,2
9.7010,1.6512,1.6480,1.6464,2
9.7010,1.6504,1.6480,1.6464,2
9.7483,1.6512,1.6480,1.6456,2
9.7483,1.6536,1.6480,1.6448,2
9.7483,1.6504,1.6488,1.6464,2
9.7483,1.6488,1.6488,1.6448,2
9.7483,1.6464,1.6480,1.6448,2
9.7483,1.6472,1.6480,1.6448,2
9.7483,1.6472,1.6472,1.6456,2
9.7483,1.6399,1.6464,1.6456,2
9.7483,1.6391,1.6464,1.6448,2
9.7483,1.6415,1.6464,1.6440,2
9.7483,1.6415,1.6464,1.6448,2
9.7483,1.6415,1.6464,1.6440,2
9.7483,1.6423,1.6472,1.6423,2
9.7483,1.6440,1.6456,1.6432,2
9.7483,1.6472,1.6456,1.6423,2
9.7483,1.6464,1.6456,1.6423,2
9.7483,1.6480,1.6464,1.6423,2
9.7483,1.6544,1.6480,1.6432,2
9.7483,1.6544,1.6488,1.6432,2
9.7483,1.6520,1.6496,1.6415,2
9.7483,1.6520,1.6512,1.6407,2
9.7483,1.6520,1.6512,1.6423,2
9.7483,1.6520,1.6488,1.6448,2
9.7483,1.6504,1.6488,1.6448,2
9.7483,1.6472,1.6488,1.6456,2
9.7483,1.6456,1.6480,1.6456,2
9.7483,1.6480,1.6472,1.6456,2
9.7483,1.6480,1.6464,1.6472,2
9.7483,1.6448,1.6488,1.6472,2
9.7483,1.6456,1.6472,1.6488,2
9.7483,1.6456,1.6448,1.6512,2
9.7483,1.6448,1.6448,1.6512,2
9.7483,1.6464,1.6456,1.6512,2
9.7483,1.6464,1.6480,1.6512,2
9.7483,1.6480,1.6480,1.6520,2
9.7483,1.6504,1.6488,1.6520,2
9.7483,1.6480,1.6496,1.6520,2
9.7483,1.6480,1.6496,1.6520,2
9.7483,1.6496,1.6464,1.6536,2
9.7483,1.6496,1.6472,1.6520,2
9.7483,1.6496,1.6480,1.6504,2
9.7483,1.6504,1.6488,1.6512,2
9.7483,1.6528,1.6488,1.6512,2
9.7483,1.6528,1.6480,1.6520,2
9.7483,1.6552,1.6480,1.6528,2
9.7483,1.6544,1.6488,1.6520,2
9.7483,1.6544,1.6480,1.6528,2
9.7483,1.6488,1.6472,1.6520,2
9.7483,1.6496,1.6464,1.6536,2
9.7483,1.6496,1.6464,1.6560,2
9.7483,1.6504,1.6472,1.6552,2
9.7483,1.6504,1.6464,1.6552,2
9.7483,1.6464,1.6456,1.6536,2
9.7483,1.6552,1.6448,1.6520,2
9.7483,1.6528,1.6448,1.6520,2
9.7483,1.6520,1.6432,1.6528,2
9.7483,1.6512,1.6440,1.6520,2
9.7483,1.6568,1.6440,1.6528,2
9.7483,1.6536,1.6448,1.6520,2
9.7483,1.6520,1.6448,1.6520,2
9.7483,1.6504,1.6448,1.6504,2
9.7483,1.6504,1.6448,1.6512,2
9.7483,1.6504,1.6448,1.6528,2
9.7483,1.6415,1.6456,1.6536,2
9.7483,1.6423,1.6464,1.6512,2
9.7483,1.6415,1.6456,1.6504,2
9.7483,1.6432,1.6456,1.6496,2
9.7483,1.6448,1.6464,1.6496,2
9.7483,1.6488,1.6472,1.6496,2
9.7483,1.6504,1.6464,1.6496,2
9.7483,1.6512,1.6464,1.6496,2
9.7483,1.6512,1.6464,1.6488,2
9.7483,1.6496,1.6464,1.6472,2
9.7483,1.6496,1.6456,1.6480,2
9.7483,1.6488,1.6456,1.6496,2
9.7483,1.6496,1.6464,1.6488,2
9.7483,1.6472,1.6456,1.6488,2
9.7483,1.6480,1.6440,1.6472,2
9.7483,1.6472,1.6440,1.6472,2
9.7483,1.6448,1.6440,1.6448,2
9.7483,1.6432,1.6448,1.6456,2
9.7483,1.6415,1.6440,1.6472,2
9.7483,1.6423,1.6432,1.6480,2
9.7483,1.6448,1.6432,1.6480,2
9.7483,1.6456,1.6432,1.6488,2
9.7483,1.6472,1.6432,1.6496,2
9.7483,1.6488,1.6432,1.6496,2
9.7483,1.6488,1.6440,1.6512,2
9.7483,1.6464,1.6448,1.6504,2
9.7483,1.6480,1.6448,1.6520,2
9.7483,1.6472,1.6448,1.6536,2
9.7483,1.6480,1.6456,1.6528,2
9.7483,1.6480,1.6472,1.6520,2
9.7483,1.6472,1.6480,1.6520,2
9.7483,1.6480,1.6480,1.6512,2
9.7954,1.6464,1.6480,1.6504,2
9.7954,1.6448,1.6480,1.6512,2
9.7954,1.6464,1.6464,1.6512,2
9.7954,1.6480,1.6464,1.6528,2
9.7954,1.6464,1.6456,1.6528,2
9.7954,1.6423,1.6448,1.6520,2
9.7954,1.6472,1.6448,1.6512,2
9.7954,1.6480,1.6440,1.6520,2
9.7954,1.6480,1.6432,1.6520,2
9.7954,1.6464,1.6432,1.6520,2
9.7954,1.6464,1.6432,1.6520,2
9.7954,1.6456,1.6440,1.6520,2
9.7954,1.6423,1.6448,1.6520,2
9.7954,1.6423,1.6448,1.6512,2
9.7954,1.6456,1.6448,1.6528,2
9.7954,1.6520,1.6464,1.6520,2
9.7954,1.6488,1.6456,1.6536,2
9.7954,1.6496,1.6488,1.6544,2
9.7954,1.6496,1.6488,1.6552,2
9.7954,1.6552,1.6488,1.6552,2
9.7954,1.6552,1.6480,1.6560,2
9.7954,1.6544,1.6472,1.6544,2
9.7954,1.6544,1.6472,1.6544,2
9.7954,1.6560,1.6472,1.6528,2
9.7954,1.6544,1.6464,1.6520,2
9.7954,1.6528,1.6448,1.6528,2
9.7954,1.6520,1.6464,1.6528,2
9.7954,1.6488,1.6432,1.6528,2
9.7954,1.6488,1.6456,1.6528,2
9.7954,1.6448,1.6456,1.6512,2
9.7954,1.6448,1.6464,1.6512,2
9.7954,1.6480,1.6464,1.6520,2
9.7954,1.6423,1.6464,1.6520,2
9.7954,1.6432,1.6464,1.6528,2
9.7954,1.6456,1.6472,1.6528,2
9.7954,1.6456,1.6480,1.6512,2
9.7954,1.6472,1.6472,1.6504,2
9.7954,1.6496,1.6480,1.6488,2
9.7954,1.6496,1.6464,1.6480,2
9.7954,1.6488,1.6464,1.6488,2
9.7954,1.6488,1.6464,1.6488,2
9.7954,1.6472,1.6464,1.6488,2
9.7954,1.6520,1.6472,1.6480,2
9.7954,1.6512,1.6464,1.6496,2
9.7954,1.6480,1.6464,1.6504,2
9.7954,1.6472,1.6464,1.6504,2
9.7954,1.6456,1.6472,1.6504,2
9.7954,1.6456,1.6472,1.6520,2
9.7954,1.6448,1.6472,1.6520,2
9.7954,1.6432,1.6472,1.6520,2
9.7954,1.6432,1.6472,1.6512,2
9.7954,1.6423,1.6464,1.6520,2
9.7954,1.6319,1.6456,1.6520,2
9.7954,1.6262,1.6464,1.6512,2
9.7954,1.6295,1.6464,1.6512,2
9.7954,1.6327,1.6464,1.6520,2
9.7954,1.6335,1.6464,1.6520,2
9.7954,1.6327,1.6464,1.6528,2
9.7954,1.6319,1.6464,1.6528,2
9.7954,1.6335,1.6472,1.6536,2
9.7954,1.6351,1.6472,1.6536,2
9.7954,1.6367,1.6480,1.6520,2
9.7954,1.6488,1.6480,1.6520,2
9.7954,1.6528,1.6480,1.6512,2
9.7954,1.6504,1.6472,1.6512,2
9.7954,1.6488,1.6480,1.6496,2
9.7954,1.6448,1.6472,1.6496,2
9.7954,1.6432,1.6472,1.6480,2
9.7954,1.6423,1.6472,1.6472,2
9.7954,1.6423,1.6464,1.6456,2
9.7954,1.6415,1.6464,1.6456,2
9.7954,1.6407,1.6456,1.6464,2
9.7954,1.6383,1.6464,1.6456,2
9.7954,1.6391,1.6464,1.6464,2
9.7954,1.6391,1.6464,1.6464,2
9.7954,1.6383,1.6456,1.6472,2
9.7954,1.6415,1.6456,1.6480,2
9.7954,1.6440,1.6456,1.6464,2
9.7954,1.6464,1.6448,1.6488,2
9.7954,1.6448,1.6448,1.6480,2
9.7954,1.6423,1.6448,1.6464,2
9.7954,1.6423,1.6456,1.6456,2
9.7954,1.6432,1.6448,1.6456,2
9.7954,1.6456,1.6448,1.6448,2
9.7954,1.6464,1.6440,1.6423,2
9.7954,1.6464,1.6456,1.6423,2
9.7954,1.6480,1.6464,1.6407,2
9.7954,1.6488,1.6472,1.6399,2
9.7954,1.6496,1.6480,1.6375,2
9.7954,1.6512,1.6480,1.6375,2
9.7954,1.6536,1.6472,1.6375,2
9.7954,1.6536,1.6472,1.6383,2
9.7954,1.6496,1.6472,1.6367,2
9.7954,1.6480,1.6464,1.6367,2
9.8431,1.6480,1.6472,1.6367,2
9.8431,1.6480,1.6472,1.6359,2
9.8431,1.6456,1.6456,1.6375,2
9.8431,1.6456,1.6448,1.6399,2
9.8431,1.6456,1.6448,1.6399,2
9.8431,1.6472,1.6440,1.6399,2
9.8431,1.6488,1.6448,1.6415,2
9.8431,1.6472,1.6440,1.6415,2
9.8431,1.6504,1.6456,1.6407,2
9.8431,1.6528,1.6464,1.6423,2
9.8431,1.6504,1.6464,1.6432,2
9.8431,1.6496,1.6448,1.6432,2
9.8431,1.6488,1.6464,1.6423,2
9.8431,1.6464,1.6472,1.6407,2
9.8431,1.6456,1.6472,1.6407,2
9.8431,1.6440,1.6472,1.6415,2
9.8431,1.6407,1.6472,1.6399,2
9.8431,1.6423,1.6472,1.6407,2
9.8431,1.6448,1.6464,1.6407,2
9.8431,1.6415,1.6472,1.6399,2
9.8431,1.6407,1.6472,1.6391,2
9.8431,1.6432,1.6488,1.6399,2
9.8431,1.6375,1.6496,1.6391,2
9.8431,1.6407,1.6488,1.6399,2
9.8431,1.6407,1.6488,1.6415,2
9.8431,1.6407,1.6488,1.6423,2
9.8431,1.6423,1.6488,1.6432,2
9.8431,1.6423,1.6488,1.6432,2
9.8431,1.6407,1.6480,1.6432,2
9.8431,1.6415,1.6472,1.6423,2
9.8431,1.6448,1.6464,1.6423,2
9.8431,1.6440,1.6464,1.6423,2
9.8431,1.6504,1.6456,1.6423,2
9.8431,1.6488,1.6464,1.6423,2
9.8431,1.6480,1.6464,1.6407,2
9.8431,1.6456,1.6456,1.6391,2
9.8431,1.6440,1.6472,1.6391,2
9.8431,1.6375,1.6480,1.6391,2
9.8431,1.6367,1.6488,1.6407,2
9.8431,1.6367,1.6496,1.6407,2
9.8431,1.6367,1.6504,1.6423,2
9.8431,1.6359,1.6512,1.6440,2
9.8431,1.6375,1.6512,1.6448,2
9.8431,1.6383,1.6496,1.6464,2
9.8431,1.6391,1.6496,1.6472,2
9.8431,1.6415,1.6496,1.6472,2
9.8431,1.6423,1.6488,1.6472,2
9.8431,1.6472,1.6488,1.6472,2
9.8431,1.6464,1.6488,1.6472,2
9.8431,1.6456,1.6480,1.6488,2
9.8431,1.6440,1.6464,1.6488,2
9.8431,1.6440,1.6456,1.6488,2
9.8431,1.6407,1.6464,1.6496,2
9.8431,1.6399,1.6464,1.6488,2
9.8431,1.6399,1.6480,1.6488,2
9.8431,1.6399,1.6480,1.6504,2
9.8431,1.6415,1.6480,1.6504,2
9.8431,1.6423,1.6472,1.6520,2
9.8431,1.6440,1.6480,1.6520,2
9.8431,1.6456,1.6480,1.6520,2
9.8431,1.6560,1.6488,1.6520,2
9.8431,1.6552,1.6496,1.6520,2
9.8431,1.6560,1.6512,1.6520,2
9.8431,1.6560,1.6504,1.6528,2
9.8431,1.6552,1.6488,1.6544,2
9.8431,1.6520,1.6496,1.6552,2
9.8431,1.6520,1.6504,1.6552,2
9.8431,1.6520,1.6504,1.6560,2
9.8431,1.6520,1.6504,1.6568,2
9.8431,1.6496,1.6496,1.6577,2
9.8431,1.6383,1.6480,1.6577,2
9.8431,1.6399,1.6472,1.6585,2
9.8431,1.6423,1.6456,1.6593,2
9.8431,1.6448,1.6472,1.6601,2
9.8431,1.6472,1.6464,1.6593,2
9.8431,1.6520,1.6472,1.6593,2
9.8431,1.6520,1.6464,1.6593,2
9.8431,1.6504,1.6488,1.6593,2
9.8431,1.6504,1.6488,1.6601,2
9.8431,1.6512,1.6512,1.6593,2
9.8431,1.6528,1.6536,1.6593,2
9.8431,1.6520,1.6536,1.6577,2
9.8431,1.6544,1.6528,1.6577,2
9.8431,1.6528,1.6520,1.6577,2
9.8431,1.6512,1.6528,1.6568,2
9.8431,1.6488,1.6520,1.6568,2
9.8431,1.6504,1.6520,1.6568,2
9.8431,1.6480,1.6496,1.6552,2
9.8431,1.6496,1.6488,1.6544,2
9.8431,1.6528,1.6472,1.6536,2
9.8431,1.6440,1.6456,1.6552,2
9.8431,1.6432,1.6464,1.6568,2
9.8431,1.6335,1.6464,1.6560,2
9.8431,1.6367,1.6480,1.6568,2
9.8431,1.6351,1.6480,1.6568,2
9.8909,1.6375,1.6480,1.6577,2
9.8909,1.6367,1.6488,1.6577,2
9.8909,1.6407,1.6480,1.6585,2
9.8909,1.6391,1.6504,1.6593,2
9.8909,1.6319,1.6504,1.6593,2
9.8909,1.6423,1.6504,1.6585,2
9.8909,1.6423,1.6520,1.6585,2
9.8909,1.6488,1.6520,1.6577,2
9.8909,1.6472,1.6520,1.6577,2
9.8909,1.6480,1.6520,1.6577,2
9.8909,1.6456,1.6560,1.6577,2
9.8909,1.6432,1.6560,1.6577,2
9.8909,1.6423,1.6568,1.6577,2
9.8909,1.6415,1.6552,1.6585,2
9.8909,1.6464,1.6544,1.6585,2
9.8909,1.6456,1.6536,1.6577,2
9.8909,1.6456,1.6528,1.6577,2
9.8909,1.6448,1.6520,1.6585,2
9.8909,1.6423,1.6512,1.6544,2
9.8909,1.6423,1.6496,1.6552,2
9.8909,1.6440,1.6472,1.6552,2
9.8909,1.6448,1.6464,1.6544,2
9.8909,1.6448,1.6472,1.6552,2
9.8909,1.6456,1.6472,1.6544,2
9.8909,1.6456,1.6480,1.6528,2
9.8909,1.6456,1.6488,1.6536,2
9.8909,1.6472,1.6512,1.6536,2
9.8909,1.6480,1.6520,1.6536,2
9.8909,1.6488,1.6520,1.6552,2
9.8909,1.6504,1.6520,1.6552,2
9.8909,1.6496,1.6528,1.6552,2
9.8909,1.6504,1.6528,1.6544,2
9.8909,1.6520,1.6528,1.6552,2
9.8909,1.6512,1.6528,1.6552,2
9.8909,1.6536,1.6536,1.6568,2
9.8909,1.6536,1.6536,1.6568,2
9.8909,1.6520,1.6512,1.6568,2
9.8909,1.6536,1.6504,1.6568,2
9.8909,1.6488,1.6512,1.6585,2
9.8909,1.6472,1.6520,1.6585,2
9.8909,1.6496,1.6512,1.6577,2
9.8909,1.6504,1.6504,1.6568,2
9.8909,1.6488,1.6496,1.6560,2
9.8909,1.6520,1.6496,1.6560,2
9.8909,1.6512,1.6480,1.6552,2
9.8909,1.6504,1.6480,1.6552,2
9.8909,1.6512,1.6488,1.6560,2
9.8909,1.6504,1.6488,1.6552,2
9.8909,1.6536,1.6472,1.6544,2
9.8909,1.6536,1.6464,1.6585,2
9.8909,1.6512,1.6464,1.6585,2
9.8909,1.6472,1.6464,1.6601,2
9.8909,1.6480,1.6472,1.6609,2
9.8909,1.6440,1.6472,1.6577,2
9.8909,1.6440,1.6480,1.6577,2
9.8909,1.6415,1.6480,1.6585,2
9.8909,1.6415,1.6464,1.6593,2
9.8909,1.6432,1.6480,1.6601,2
9.8909,1.6415,1.6480,1.6609,2
9.8909,1.6423,1.6480,1.6585,2
9.8909,1.6456,1.6480,1.6585,2
9.8909,1.6472,1.6480,1.6568,2
9.8909,1.6472,1.6472,1.6577,2
9.8909,1.6504,1.6472,1.6609,2
9.8909,1.6512,1.6464,1.6617,2
9.8909,1.6528,1.6472,1.6617,2
9.8909,1.6528,1.6480,1.6601,2
9.8909,1.6496,1.6472,1.6601,2
9.8909,1.6504,1.6464,1.6601,2
9.8909,1.6504,1.6480,1.6593,2
9.8909,1.6496,1.6480,1.6601,2
9.8909,1.6480,1.6480,1.6609,2
9.8909,1.6488,1.6480,1.6601,2
9.8909,1.6480,1.6480,1.6585,2
9.8909,1.6480,1.6488,1.6585,2
9.8909,1.6472,1.6496,1.6577,2
9.8909,1.6472,1.6504,1.6585,2
9.8909,1.6480,1.6512,1.6577,2
9.8909,1.6488,1.6512,1.6552,2
9.8909,1.6464,1.6504,1.6568,2
9.8909,1.6472,1.6504,1.6544,2
9.8909,1.6512,1.6488,1.6520,2
9.8909,1.6456,1.6488,1.6512,2
9.8909,1.6472,1.6488,1.6504,2
9.8909,1.6480,1.6488,1.6504,2
9.8909,1.6504,1.6472,1.6512,2
9.8909,1.6504,1.6472,1.6520,2
9.8909,1.6512,1.6464,1.6512,2
9.8909,1.6496,1.6464,1.6520,2
9.8909,1.6488,1.6464,1.6488,2
9.8909,1.6456,1.6472,1.6488,2
9.8909,1.6432,1.6480,1.6496,2
9.8909,1.6480,1.6488,1.6504,2
9.8909,1.6472,1.6504,1.6512,2
9.8909,1.6432,1.6504,1.6496,2
9.8909,1.6423,1.6504,1.6488,2
9.9386,1.6423,1.6504,1.6464,2
9.9386,1.6423,1.6504,1.6448,2
9.9386,1.6448,1.6512,1.6448,2
9.9386,1.6464,1.6520,1.6432,2
9.9386,1.6488,1.6512,1.6440,2
9.9386,1.6496,1.6512,1.6440,2
9.9386,1.6488,1.6520,1.6432,2
9.9386,1.6464,1.6520,1.6432,2
9.9386,1.6464,1.6512,1.6432,2
9.9386,1.6456,1.6528,1.6423,2
9.9386,1.6456,1.6528,1.6423,2
9.9386,1.6440,1.6528,1.6448,2
9.9386,1.6440,1.6520,1.6464,2
9.9386,1.6448,1.6536,1.6464,2
9.9386,1.6423,1.6528,1.6472,2
9.9386,1.6423,1.6536,1.6488,2
9.9386,1.6415,1.6528,1.6496,2
9.9386,1.6432,1.6528,1.6496,2
9.9386,1.6440,1.6528,1.6504,2
9.9386,1.6432,1.6520,1.6496,2
9.9386,1.6423,1.6520,1.6504,2
9.9386,1.6448,1.6536,1.6488,2
9.9386,1.6432,1.6528,1.6488,2
9.9386,1.6440,1.6520,1.6496,2
9.9386,1.6440,1.6520,1.6504,2
9.9386,1.6448,1.6528,1.6488,2
9.9386,1.6480,1.6528,1.6488,2
9.9386,1.6480,1.6520,1.6488,2
9.9386,1.6496,1.6520,1.6496,2
9.9386,1.6496,1.6528,1.6496,2
9.9386,1.6504,1.6536,1.6504,2
9.9386,1.6496,1.6536,1.6528,2
9.9386,1.6504,1.6536,1.6528,2
9.9386,1.6488,1.6536,1.6536,2
9.9386,1.6520,1.6544,1.6544,2
9.9386,1.6512,1.6552,1.6552,2
9.9386,1.6504,1.6552,1.6560,2
9.9386,1.6512,1.6560,1.6560,2
9.9386,1.6512,1.6560,1.6577,2
9.9386,1.6440,1.6552,1.6593,2
9.9386,1.6448,1.6552,1.6585,2
9.9386,1.6456,1.6536,1.6593,2
9.9386,1.6456,1.6536,1.6585,2
9.9386,1.6448,1.6528,1.6593,2
9.9386,1.6440,1.6528,1.6593,2
9.9386,1.6440,1.6512,1.6601,2
9.9386,1.6432,1.6520,1.6601,2
9.9386,1.6407,1.6504,1.6601,2
9.9386,1.6415,1.6504,1.6593,2
9.9386,1.6488,1.6488,1.6585,2
9.9386,1.6488,1.6480,1.6585,2
9.9386,1.6375,1.6480,1.6585,2
9.9386,1.6407,1.6488,1.6593,2
9.9386,1.6440,1.6496,1.6593,2
9.9386,1.6432,1.6488,1.6585,2
9.9386,1.6456,1.6496,1.6593,2
9.9386,1.6456,1.6480,1.6593,2
9.9386,1.6472,1.6488,1.6601,2
9.9386,1.6440,1.6480,1.6601,2
9.9386,1.6399,1.6480,1.6601,2
9.9386,1.6399,1.6504,1.6601,2
9.9386,1.6520,1.6496,1.6593,2
9.9386,1.6480,1.6496,1.6585,2
9.9386,1.6464,1.6496,1.6577,2
9.9386,1.6480,1.6496,1.6577,2
9.9386,1.6423,1.6512,1.6568,2
9.9386,1.6415,1.6520,1.6568,2
9.9386,1.6399,1.6520,1.6568,2
9.9386,1.6391,1.6528,1.6568,2
9.9386,1.6456,1.6528,1.6577,2
9.9386,1.6456,1.6528,1.6577,2
9.9386,1.6415,1.6536,1.6585,2
9.9386,1.6432,1.6520,1.6585,2
9.9386,1.6423,1.6520,1.6593,2
9.9386,1.6399,1.6520,1.6601,2
9.9386,1.6448,1.6504,1.6593,2
9.9386,1.6456,1.6496,1.6593,2
9.9386,1.6464,1.6488,1.6593,2
9.9386,1.6504,1.6488,1.6585,2
9.9386,1.6504,1.6480,1.6585,2
9.9386,1.6504,1.6472,1.6585,2
9.9386,1.6528,1.6464,1.6577,2
9.9386,1.6520,1.6472,1.6577,2
9.9386,1.6488,1.6480,1.6577,2
9.9386,1.6488,1.6464,1.6568,2
9.9386,1.6496,1.6464,1.6568,2
9.9386,1.6496,1.6472,1.6568,2
9.9386,1.6480,1.6480,1.6568,2
9.9386,1.6464,1.6488,1.6585,2
9.9386,1.6456,1.6496,1.6585,2
9.9386,1.6464,1.6496,1.6585,2
9.9386,1.6456,1.6488,1.6577,2
9.9386,1.6448,1.6504,1.6568,2
9.9386,1.6512,1.6496,1.6568,2
9.9386,1.6512,1.6512,1.6568,2
9.9863,1.6504,1.6512,1.6568,2
9.9863,1.6528,1.6504,1.6568,2
9.9863,1.6544,1.6512,1.6568,2
9.9863,1.6560,1.6504,1.6560,2
9.9863,1.6577,1.6496,1.6560,2
9.9863,1.6544,1.6488,1.6560,2
9.9863,1.6560,1.6496,1.6568,2
9.9863,1.6552,1.6480,1.6577,2
9.9863,1.6520,1.6472,1.6577,2
9.9863,1.6536,1.6488,1.6577,2
9.9863,1.6512,1.6488,1.6568,2
9.9863,1.6480,1.6496,1.6552,2
9.9863,1.6488,1.6464,1.6552,2
9.9863,1.6488,1.6456,1.6544,2
9.9863,1.6480,1.6464,1.6544,2
9.9863,1.6496,1.6472,1.6544,2
9.9863,1.6496,1.6456,1.6552,2
9.9863,1.6520,1.6456,1.6552,2
9.9863,1.6528,1.6456,1.6544,2
9.9863,1.6536,1.6440,1.6544,2
9.9863,1.6544,1.6432,1.6544,2
9.9863,1.6560,1.6432,1.6560,2
9.9863,1.6552,1.6440,1.6552,2
9.9863,1.6520,1.6448,1.6560,2
9.9863,1.6528,1.6464,1.6560,2
9.9863,1.6552,1.6464,1.6560,2
9.9863,1.6577,1.6480,1.6544,2
9.9863,1.6577,1.6488,1.6552,2
9.9863,1.6536,1.6496,1.6560,2
9.9863,1.6504,1.6488,1.6560,2
9.9863,1.6504,1.6496,1.6560,2
9.9863,1.6496,1.6488,1.6560,2
9.9863,1.6496,1.6488,1.6560,2
9.9863,1.6496,1.6496,1.6544,2
9.9863,1.6480,1.6480,1.6544,2
9.9863,1.6472,1.6488,1.6536,2
9.9863,1.6432,1.6488,1.6544,2
9.9863,1.6423,1.6480,1.6536,2
9.9863,1.6440,1.6488,1.6528,2
9.9863,1.6472,1.6488,1.6528,2
9.9863,1.6488,1.6480,1.6528,2
9.9863,1.6488,1.6480,1.6520,2
9.9863,1.6480,1.6472,1.6520,2
9.9863,1.6504,1.6440,1.6544,2
9.9863,1.6496,1.6448,1.6536,2
9.9863,1.6456,1.6432,1.6536,2
9.9863,1.6480,1.6432,1.6536,2
9.9863,1.6367,1.6440,1.6544,2
9.9863,1.6351,1.6432,1.6544,2
9.9863,1.6359,1.6440,1.6536,2
9.9863,1.6367,1.6448,1.6536,2
9.9863,1.6383,1.6456,1.6544,2
9.9863,1.6399,1.6472,1.6544,2
9.9863,1.6399,1.6488,1.6544,2
9.9863,1.6423,1.6472,1.6544,2
9.9863,1.6456,1.6472,1.6552,2
9.9863,1.6448,1.6472,1.6552,2
9.9863,1.6552,1.6464,1.6552,2
9.9863,1.6568,1.6464,1.6552,2
9.9863,1.6544,1.6472,1.6560,2
9.9863,1.6512,1.6472,1.6560,2
9.9863,1.6488,1.6456,1.6560,2
9.9863,1.6480,1.6456,1.6560,2
9.9863,1.6480,1.6464,1.6552,2
9.9863,1.6456,1.6472,1.6544,2
9.9863,1.6448,1.6480,1.6528,2
9.9863,1.6528,1.6464,1.6536,2
9.9863,1.6504,1.6464,1.6528,2
9.9863,1.6496,1.6464,1.6528,2
9.9863,1.6496,1.6456,1.6528,2
9.9863,1.6512,1.6472,1.6528,2
9.9863,1.6520,1.6464,1.6528,2
9.9863,1.6512,1.6464,1.6512,2
9.9863,1.6496,1.6464,1.6528,2
9.9863,1.6496,1.6464,1.6536,2
9.9863,1.6504,1.6456,1.6552,2
9.9863,1.6432,1.6528,1.6625,2
9.9863,1.6440,1.6496,1.6601,2
9.9863,1.6423,1.6472,1.6601,2
9.9863,1.6415,1.6464,1.6593,2
9.9863,1.6432,1.6440,1.6585,2
9.9863,1.6448,1.6440,1.6568,2
9.9863,1.6480,1.6440,1.6585,2
9.9863,1.6496,1.6448,1.6577,2
9.9863,1.6504,1.6448,1.6568,2
9.9863,1.6488,1.6456,1.6568,2
9.9863,1.6480,1.6399,1.6496,2
9.9863,1.6496,1.6440,1.6520,2
9.9863,1.6536,1.6488,1.6520,2
9.9863,1.6536,1.6496,1.6528,2
9.9863,1.6536,1.6504,1.6536,2
9.9863,1.6512,1.6512,1.6536,2
9.9863,1.6488,1.6512,1.6528,2
9.9863,1.6488,1.6512,1.6528,2
9.9863,1.6415,1.6504,1.6544,2
10.0338,1.6415,1.6504,1.6544,2
10.0338,1.6415,1.6496,1.6536,2
10.0338,1.6440,1.6488,1.6536,2
10.0338,1.6407,1.6464,1.6528,2
10.0338,1.6407,1.6456,1.6528,2
10.0338,1.6391,1.6464,1.6528,2
10.0338,1.6391,1.6456,1.6552,2
10.0338,1.6391,1.6456,1.6544,2
10.0338,1.6391,1.6456,1.6544,2
10.0338,1.6448,1.6456,1.6536,2
10.0338,1.6456,1.6448,1.6520,2
10.0338,1.6448,1.6448,1.6512,2
10.0338,1.6448,1.6464,1.6512,2
10.0338,1.6448,1.6464,1.6512,2
10.0338,1.6464,1.6464,1.6512,2
10.0338,1.6448,1.6472,1.6520,2
10.0338,1.6432,1.6480,1.6512,2
10.0338,1.6415,1.6480,1.6512,2
10.0338,1.6440,1.6480,1.6496,2
10.0338,1.6432,1.6496,1.6504,2
10.0338,1.6423,1.6496,1.6512,2
10.0338,1.6440,1.6520,1.6520,2
10.0338,1.6432,1.6512,1.6520,2
10.0338,1.6432,1.6512,1.6520,2
10.0338,1.6415,1.6536,1.6496,2
10.0338,1.6472,1.6528,1.6496,2
10.0338,1.6496,1.6512,1.6488,2
10.0338,1.6504,1.6504,1.6488,2
10.0338,1.6480,1.6496,1.6488,2
10.0338,1.6512,1.6480,1.6488,2
10.0338,1.6528,1.6480,1.6464,2
10.0338,1.6504,1.6480,1.6472,2
10.0338,1.6512,1.6472,1.6472,2
10.0338,1.6504,1.6480,1.6480,2
10.0338,1.6520,1.6464,1.6496,2
10.0338,1.6536,1.6472,1.6496,2
10.0338,1.6496,1.6480,1.6504,2
10.0338,1.6504,1.6488,1.6504,2
10.0338,1.6585,1.6496,1.6520,2
10.0338,1.6577,1.6520,1.6512,2
10.0338,1.6552,1.6528,1.6512,2
10.0338,1.6552,1.6512,1.6520,2
10.0338,1.6528,1.6512,1.6512,2
10.0338,1.6528,1.6512,1.6496,2
10.0338,1.6512,1.6488,1.6472,2
10.0338,1.6456,1.6504,1.6456,2
10.0338,1.6472,1.6512,1.6456,2
10.0338,1.6472,1.6512,1.6456,2
10.0338,1.6415,1.6520,1.6464,2
10.0338,1.6407,1.6496,1.6472,2
10.0338,1.6391,1.6496,1.6480,2
10.0338,1.6407,1.6496,1.6472,2
10.0338,1.6448,1.6504,1.6464,2
10.0338,1.6456,1.6504,1.6488,2
10.0338,1.6464,1.6520,1.6496,2
10.0338,1.6496,1.6496,1.6496,2
10.0338,1.6512,1.6504,1.6488,2
10.0338,1.6520,1.6504,1.6480,2
10.0338,1.6520,1.6504,1.6464,2
10.0338,1.6528,1.6496,1.6456,2
10.0338,1.6577,1.6415,1.6440,2
10.0338,1.6568,1.6432,1.6440,2
10.0338,1.6552,1.6440,1.6448,2
10.0338,1.6512,1.6448,1.6432,2
10.0338,1.6504,1.6448,1.6432,2
10.0338,1.6504,1.6448,1.6440,2
10.0338,1.6488,1.6432,1.6480,2
10.0338,1.6480,1.6423,1.6496,2
10.0338,1.6480,1.6423,1.6488,2
10.0338,1.6448,1.6423,1.6488,2
10.0338,1.6415,1.6504,1.6496,2
10.0338,1.6399,1.6488,1.6496,2
10.0338,1.6391,1.6480,1.6488,2
10.0338,1.6448,1.6472,1.6504,2
10.0338,1.6448,1.6464,1.6512,2
10.0338,1.6456,1.6480,1.6504,2
10.0338,1.6472,1.6480,1.6480,2
10.0338,1.6480,1.6496,1.6472,2
10.0338,1.6488,1.6504,1.6488,2
10.0338,1.6512,1.6512,1.6488,2
10.0338,1.6512,1.6504,1.6496,2
10.0338,1.6520,1.6512,1.6488,2
10.0338,1.6528,1.6512,1.6488,2
10.0338,1.6528,1.6512,1.6496,2
10.0338,1.6528,1.6504,1.6496,2
10.0338,1.6520,1.6488,1.6496,2
10.0338,1.6480,1.6488,1.6488,2
10.0338,1.6472,1.6472,1.6496,2
10.0338,1.6464,1.6464,1.6504,2
10.0338,1.6448,1.6464,1.6504,2
10.0338,1.6480,1.6480,1.6512,2
10.0338,1.6512,1.6472,1.6520,2
10.0338,1.6512,1.6472,1.6504,2
10.0338,1.6496,1.6472,1.6504,2
10.0338,1.6496,1.6480,1.6512,2
10.0338,1.6399,1.6488,1.6504,2
10.0807,1.6432,1.6488,1.6496,2
10.0807,1.6440,1.6504,1.6496,2
10.0807,1.6440,1.6512,1.6480,2
10.0807,1.6440,1.6504,1.6480,2
10.0807,1.6448,1.6496,1.6480,2
10.0807,1.6415,1.6496,1.6480,2
10.0807,1.6415,1.6496,1.6504,2
10.0807,1.6440,1.6512,1.6504,2
10.0807,1.6423,1.6520,1.6504,2
10.0807,1.6512,1.6512,1.6512,2
10.0807,1.6432,1.6512,1.6504,2
10.0807,1.6440,1.6488,1.6504,2
10.0807,1.6448,1.6488,1.6544,2
10.0807,1.6464,1.6488,1.6544,2
10.0807,1.6464,1.6480,1.6512,2
10.0807,1.6456,1.6488,1.6504,2
10.0807,1.6448,1.6488,1.6504,2
10.0807,1.6432,1.6464,1.6488,2
10.0807,1.6423,1.6456,1.6488,2
10.0807,1.6407,1.6464,1.6480,2
10.0807,1.6464,1.6472,1.6496,2
10.0807,1.6415,1.6472,1.6496,2
10.0807,1.6407,1.6464,1.6464,2
10.0807,1.6391,1.6464,1.6472,2
10.0807,1.6383,1.6472,1.6480,2
10.0807,1.6399,1.6472,1.6488,2
10.0807,1.6432,1.6472,1.6472,2
10.0807,1.6415,1.6480,1.6480,2
10.0807,1.6432,1.6480,1.6488,2
10.0807,1.6448,1.6472,1.6496,2
10.0807,1.6456,1.6472,1.6512,2
10.0807,1.6472,1.6472,1.6512,2
10.0807,1.6472,1.6480,1.6520,2
10.0807,1.6367,1.6496,1.6520,2
10.0807,1.6359,1.6488,1.6528,2
10.0807,1.6359,1.6480,1.6520,2
10.0807,1.6343,1.6472,1.6520,2
10.0807,1.6343,1.6480,1.6512,2
10.0807,1.6335,1.6464,1.6496,2
10.0807,1.6367,1.6480,1.6472,2
10.0807,1.6367,1.6480,1.6456,2
10.0807,1.6383,1.6480,1.6440,2
10.0807,1.6399,1.6472,1.6423,2
10.0807,1.6520,1.6456,1.6440,2
10.0807,1.6536,1.6472,1.6448,2
10.0807,1.6504,1.6472,1.6456,2
10.0807,1.6512,1.6480,1.6472,2
10.0807,1.6528,1.6488,1.6496,2
10.0807,1.6536,1.6496,1.6512,2
10.0807,1.6512,1.6480,1.6520,2
10.0807,1.6520,1.6480,1.6528,2
10.0807,1.6520,1.6488,1.6536,2
10.0807,1.6512,1.6496,1.6536,2
10.0807,1.6488,1.6496,1.6528,2
10.0807,1.6472,1.6496,1.6520,2
10.0807,1.6472,1.6504,1.6512,2
10.0807,1.6448,1.6496,1.6488,2
10.0807,1.6440,1.6480,1.6480,2
10.0807,1.6440,1.6480,1.6456,2
10.0807,1.6464,1.6496,1.6456,2
10.0807,1.6488,1.6504,1.6464,2
10.0807,1.6496,1.6496,1.6456,2
10.0807,1.6496,1.6488,1.6464,2
10.0807,1.6472,1.6472,1.6464,2
10.0807,1.6480,1.6472,1.6472,2
10.0807,1.6504,1.6464,1.6480,2
10.0807,1.6528,1.6472,1.6496,2
10.0807,1.6520,1.6472,1.6480,2
10.0807,1.6528,1.6488,1.6512,2
10.0807,1.6504,1.6472,1.6512,2
10.0807,1.6504,1.6480,1.6504,2
10.0807,1.6488,1.6496,1.6504,2
10.0807,1.6504,1.6488,1.6512,2
10.0807,1.6512,1.6496,1.6520,2
10.0807,1.6504,1.6496,1.6512,2
10.0807,1.6504,1.6496,1.6512,2
10.0807,1.6504,1.6496,1.6512,2
10.0807,1.6496,1.6496,1.6528,2
10.0807,1.6488,1.6496,1.6520,2
10.0807,1.6488,1.6496,1.6504,2
10.0807,1.6496,1.6480,1.6496,2
10.0807,1.6480,1.6472,1.6504,2
10.0807,1.6472,1.6480,1.6504,2
10.0807,1.6496,1.6488,1.6512,2
10.0807,1.6480,1.6488,1.6512,2
10.0807,1.6456,1.6488,1.6512,2
10.0807,1.6440,1.6488,1.6496,2
10.0807,1.6464,1.6480,1.6504,2
10.0807,1.6488,1.6472,1.6496,2
10.0807,1.6488,1.6488,1.6528,2
10.0807,1.6456,1.6488,1.6536,2
10.0807,1.6472,1.6496,1.6536,2
10.0807,1.6472,1.6496,1.6544,2
10.1278,1.6448,1.6496,1.6536,2
10.1278,1.6480,1.6496,1.6536,2
10.1278,1.6472,1.6512,1.6536,2
10.1278,1.6464,1.6512,1.6552,2
10.1278,1.6464,1.6528,1.6544,2
10.1278,1.6456,1.6528,1.6536,2
10.1278,1.6488,1.6512,1.6536,2
10.1278,1.6496,1.6520,1.6512,2
10.1278,1.6464,1.6520,1.6496,2
10.1278,1.6440,1.6512,1.6496,2
10.1278,1.6440,1.6520,1.6496,2
10.1278,1.6423,1.6512,1.6480,2
10.1278,1.6399,1.6504,1.6472,2
10.1278,1.6432,1.6504,1.6472,2
10.1278,1.6415,1.6496,1.6480,2
10.1278,1.6383,1.6496,1.6496,2
10.1278,1.6367,1.6512,1.6496,2
10.1278,1.6375,1.6520,1.6512,2
10.1278,1.6399,1.6536,1.6528,2
10.1278,1.6432,1.6552,1.6512,2
10.1278,1.6440,1.6536,1.6512,2
10.1278,1.6456,1.6544,1.6520,2
10.1278,1.6504,1.6544,1.6528,2
10.1278,1.6472,1.6544,1.6520,2
10.1278,1.6488,1.6560,1.6512,2
10.1278,1.6464,1.6577,1.6496,2
10.1278,1.6480,1.6577,1.6504,2
10.1278,1.6464,1.6560,1.6488,2
10.1278,1.6464,1.6560,1.6488,2
10.1278,1.6456,1.6544,1.6488,2
10.1278,1.6464,1.6568,1.6488,2
10.1278,1.6456,1.6560,1.6472,2
10.1278,1.6423,1.6552,1.6464,2
10.1278,1.6423,1.6560,1.6448,2
10.1278,1.6415,1.6560,1.6464,2
10.1278,1.6464,1.6560,1.6480,2
10.1278,1.6432,1.6544,1.6464,2
10.1278,1.6440,1.6544,1.6472,2
10.1278,1.6415,1.6536,1.6472,2
10.1278,1.6407,1.6544,1.6464,2
10.1278,1.6432,1.6536,1.6472,2
10.1278,1.6440,1.6528,1.6472,2
10.1278,1.6448,1.6544,1.6480,2
10.1278,1.6472,1.6536,1.6480,2
10.1278,1.6448,1.6536,1.6480,2
10.1278,1.6448,1.6536,1.6456,2
10.1278,1.6464,1.6552,1.6448,2
10.1278,1.6448,1.6552,1.6432,2
10.1278,1.6448,1.6552,1.6432,2
10.1278,1.6456,1.6552,1.6432,2
10.1278,1.6440,1.6552,1.6440,2
10.1278,1.6448,1.6560,1.6456,2
10.1278,1.6456,1.6560,1.6456,2
10.1278,1.6423,1.6560,1.6448,2
10.1278,1.6448,1.6544,1.6440,2
10.1278,1.6456,1.6536,1.6440,2
10.1278,1.6456,1.6528,1.6448,2
10.1278,1.6480,1.6536,1.6448,2
10.1278,1.6512,1.6544,1.6432,2
10.1278,1.6512,1.6528,1.6432,2
10.1278,1.6504,1.6512,1.6415,2
10.1278,1.6504,1.6512,1.6399,2
10.1278,1.6504,1.6512,1.6383,2
10.1278,1.6536,1.6528,1.6391,2
10.1278,1.6504,1.6536,1.6383,2
10.1278,1.6488,1.6536,1.6391,2
10.1278,1.6464,1.6528,1.6399,2
10.1278,1.6456,1.6512,1.6399,2
10.1278,1.6456,1.6520,1.6415,2
10.1278,1.6432,1.6536,1.6432,2
10.1278,1.6423,1.6544,1.6423,2
10.1278,1.6407,1.6544,1.6432,2
10.1278,1.6440,1.6528,1.6448,2
10.1278,1.6432,1.6520,1.6456,2
10.1278,1.6464,1.6512,1.6456,2
10.1278,1.6472,1.6520,1.6464,2
10.1278,1.6520,1.6520,1.6448,2
10.1278,1.6520,1.6528,1.6464,2
10.1278,1.6504,1.6528,1.6456,2
10.1278,1.6472,1.6528,1.6456,2
10.1278,1.6456,1.6536,1.6464,2
10.1278,1.6464,1.6552,1.6472,2
10.1278,1.6423,1.6552,1.6472,2
10.1278,1.6415,1.6552,1.6464,2
10.1278,1.6399,1.6544,1.6480,2
10.1278,1.6399,1.6544,1.6488,2
10.1278,1.6359,1.6552,1.6488,2
10.1278,1.6375,1.6544,1.6488,2
10.1278,1.6375,1.6544,1.6488,2
10.1278,1.6423,1.6536,1.6488,2
10.1278,1.6456,1.6536,1.6496,2
10.1278,1.6472,1.6520,1.6504,2
10.1278,1.6472,1.6512,1.6504,2
10.1278,1.6488,1.6512,1.6496,2
10.1278,1.6407,1.6512,1.6496,2
10.1753,1.6319,1.6512,1.6504,2
10.1753,1.6343,1.6512,1.6520,2
10.1753,1.6343,1.6512,1.6536,2
10.1753,1.6335,1.6512,1.6544,2
10.1753,1.6359,1.6512,1.6552,2
10.1753,1.6343,1.6520,1.6568,2
10.1753,1.6327,1.6536,1.6568,2
10.1753,1.6311,1.6544,1.6577,2
10.1753,1.6295,1.6544,1.6585,2
10.1753,1.6391,1.6552,1.6593,2
10.1753,1.6480,1.6552,1.6593,2
10.1753,1.6464,1.6536,1.6601,2
10.1753,1.6456,1.6544,1.6585,2
10.1753,1.6359,1.6528,1.6585,2
10.1753,1.6351,1.6520,1.6577,2
10.1753,1.6359,1.6512,1.6568,2
10.1753,1.6351,1.6496,1.6568,2
10.1753,1.6367,1.6496,1.6568,2
10.1753,1.6383,1.6496,1.6560,2
10.1753,1.6383,1.6504,1.6560,2
10.1753,1.6359,1.6504,1.6552,2
10.1753,1.6351,1.6520,1.6544,2
10.1753,1.6359,1.6520,1.6552,2
10.1753,1.6440,1.6528,1.6544,2
10.1753,1.6440,1.6536,1.6552,2
10.1753,1.6432,1.6552,1.6544,2
10.1753,1.6440,1.6544,1.6544,2
10.1753,1.6456,1.6552,1.6544,2
10.1753,1.6456,1.6544,1.6560,2
10.1753,1.6448,1.6528,1.6552,2
10.1753,1.6440,1.6520,1.6536,2
10.1753,1.6472,1.6504,1.6544,2
10.1753,1.6480,1.6496,1.6544,2
10.1753,1.6496,1.6488,1.6536,2
10.1753,1.6488,1.6488,1.6544,2
10.1753,1.6504,1.6472,1.6544,2
10.1761,1.6504,1.6480,1.6536,2
10.1761,1.6488,1.6472,1.6528,2
10.1761,1.6496,1.6480,1.6520,2
10.1761,1.6496,1.6504,1.6528,2
10.1761,1.6528,1.6512,1.6544,2
10.1761,1.6512,1.6512,1.6536,2
10.1761,1.6544,1.6512,1.6536,2
10.1761,1.6544,1.6504,1.6552,2
10.1761,1.6552,1.6504,1.6544,2
10.1761,1.6528,1.6520,1.6544,2
10.1761,1.6544,1.6504,1.6560,2
10.1761,1.6552,1.6504,1.6560,2
10.1761,1.6544,1.6504,1.6560,2
10.1761,1.6520,1.6496,1.6552,2
10.1761,1.6528,1.6496,1.6552,2
10.1761,1.6528,1.6496,1.6544,2
10.1761,1.6504,1.6496,1.6528,2
10.1761,1.6512,1.6504,1.6520,2
10.1761,1.6504,1.6512,1.6520,2
10.1761,1.6520,1.6504,1.6504,2
10.1761,1.6512,1.6512,1.6512,2
10.1761,1.6496,1.6520,1.6504,2
10.1761,1.6512,1.6512,1.6512,2
10.1761,1.6520,1.6528,1.6512,2
10.1761,1.6536,1.6536,1.6496,2
10.1761,1.6544,1.6544,1.6504,2
10.1761,1.6512,1.6544,1.6520,2
10.1761,1.6544,1.6536,1.6528,2
10.1761,1.6552,1.6520,1.6520,2
10.1761,1.6520,1.6520,1.6544,2
10.1761,1.6528,1.6504,1.6528,2
10.1761,1.6512,1.6496,1.6528,2
10.1761,1.6504,1.6504,1.6520,2
10.1761,1.6504,1.6488,1.6520,2
10.1761,1.6496,1.6480,1.6544,2
10.1761,1.6488,1.6472,1.6528,2
10.1761,1.6504,1.6472,1.6528,2
10.1761,1.6496,1.6488,1.6496,2
10.1761,1.6464,1.6488,1.6496,2
10.1761,1.6472,1.6488,1.6488,2
10.1761,1.6472,1.6496,1.6504,2
10.1761,1.6488,1.6504,1.6504,2
10.1761,1.6480,1.6496,1.6504,2
10.1761,1.6472,1.6496,1.6488,2
10.1761,1.6456,1.6488,1.6472,2
10.1761,1.6448,1.6488,1.6480,2
10.1761,1.6432,1.6504,1.6480,2
10.1761,1.6415,1.6480,1.6488,2
10.1761,1.6448,1.6480,1.6480,2
10.1761,1.6464,1.6496,1.6480,2
10.1761,1.6440,1.6496,1.6464,2
10.1761,1.6432,1.6512,1.6464,2
10.1761,1.6423,1.6512,1.6472,2
10.1761,1.6432,1.6504,1.6480,2
10.1761,1.6423,1.6528,1.6496,2
10.1761,1.6432,1.6536,1.6504,2
10.1761,1.6464,1.6512,1.6496,2
10.1761,1.6496,1.6520,1.6504,2
10.1761,1.6496,1.6520,1.6520,2
10.2230,1.6448,1.6512,1.6528,2
10.2230,1.6464,1.6504,1.6528,2
10.2230,1.6456,1.6480,1.6520,2
10.2230,1.6464,1.6399,1.6512,2
10.2230,1.6472,1.6415,1.6512,2
10.2230,1.6472,1.6391,1.6512,2
10.2230,1.6472,1.6399,1.6512,2
10.2230,1.6448,1.6415,1.6512,2
10.2230,1.6399,1.6440,1.6512,2
10.2230,1.6391,1.6440,1.6496,2
10.2230,1.6423,1.6423,1.6488,2
10.2230,1.6432,1.6432,1.6504,2
10.2230,1.6456,1.6440,1.6504,2
10.2230,1.6448,1.6504,1.6520,2
10.2230,1.6423,1.6496,1.6528,2
10.2230,1.6407,1.6496,1.6528,2
10.2230,1.6407,1.6488,1.6520,2
10.2230,1.6423,1.6472,1.6536,2
10.2230,1.6423,1.6448,1.6536,2
10.2230,1.6448,1.6472,1.6552,2
10.2230,1.6456,1.6488,1.6552,2
10.2230,1.6448,1.6480,1.6552,2
10.2230,1.6432,1.6472,1.6552,2
10.2230,1.6423,1.6488,1.6552,2
10.2230,1.6440,1.6504,1.6544,2
10.2230,1.6440,1.6504,1.6544,2
10.2230,1.6415,1.6488,1.6552,2
10.2230,1.6415,1.6488,1.6520,2
10.2230,1.6423,1.6496,1.6528,2
10.2230,1.6399,1.6464,1.6512,2
10.2230,1.6399,1.6464,1.6512,2
10.2230,1.6432,1.6464,1.6512,2
10.2230,1.6448,1.6472,1.6512,2
10.2230,1.6504,1.6472,1.6512,2
10.2230,1.6488,1.6480,1.6512,2
10.2230,1.6488,1.6480,1.6512,2
10.2230,1.6488,1.6488,1.6504,2
10.2230,1.6480,1.6480,1.6528,2
10.2230,1.6456,1.6472,1.6528,2
10.2230,1.6456,1.6488,1.6577,2
10.2230,1.6448,1.6496,1.6568,2
10.2230,1.6432,1.6504,1.6560,2
10.2230,1.6407,1.6512,1.6552,2
10.2230,1.6367,1.6520,1.6552,2
10.2230,1.6399,1.6496,1.6552,2
10.2230,1.6399,1.6496,1.6544,2
10.2230,1.6415,1.6496,1.6544,2
10.2230,1.6335,1.6512,1.6520,2
10.2230,1.6343,1.6520,1.6520,2
10.2230,1.6367,1.6528,1.6488,2
10.2230,1.6375,1.6528,1.6488,2
10.2230,1.6375,1.6544,1.6496,2
10.2230,1.6375,1.6528,1.6488,2
10.2230,1.6367,1.6520,1.6480,2
10.2230,1.6375,1.6536,1.6480,2
10.2230,1.6391,1.6544,1.6488,2
10.2230,1.6383,1.6536,1.6496,2
10.2230,1.6480,1.6544,1.6520,2
10.2230,1.6448,1.6544,1.6520,2
10.2230,1.6440,1.6560,1.6504,2
10.2230,1.6464,1.6552,1.6512,2
10.2230,1.6456,1.6544,1.6512,2
10.2230,1.6472,1.6552,1.6520,2
10.2230,1.6480,1.6568,1.6520,2
10.2230,1.6456,1.6568,1.6520,2
10.2230,1.6448,1.6577,1.6496,2
10.2230,1.6488,1.6585,1.6496,2
10.2230,1.6488,1.6585,1.6504,2
10.2230,1.6536,1.6585,1.6504,2
10.2230,1.6528,1.6577,1.6496,2
10.2230,1.6496,1.6577,1.6496,2
10.2230,1.6496,1.6577,1.6496,2
10.2230,1.6472,1.6585,1.6496,2
10.2230,1.6472,1.6585,1.6512,2
10.2230,1.6504,1.6585,1.6504,2
10.2230,1.6488,1.6577,1.6520,2
10.2230,1.6456,1.6585,1.6512,2
10.2230,1.6472,1.6577,1.6496,2
10.2230,1.6440,1.6585,1.6496,2
10.2230,1.6456,1.6585,1.6488,2
10.2230,1.6456,1.6593,1.6488,2
10.2230,1.6472,1.6577,1.6488,2
10.2230,1.6528,1.6585,1.6488,2
10.2230,1.6512,1.6601,1.6480,2
10.2230,1.6520,1.6609,1.6480,2
10.2230,1.6536,1.6625,1.6480,2
10.2230,1.6528,1.6625,1.6480,2
10.2230,1.6536,1.6625,1.6480,2
10.2230,1.6536,1.6633,1.6480,2
10.2230,1.6528,1.6633,1.6504,2
10.2230,1.6528,1.6633,1.6504,2
10.2230,1.6520,1.6633,1.6504,2
10.2230,1.6472,1.6633,1.6504,2
10.2230,1.6480,1.6625,1.6496,2
10.2230,1.6448,1.6617,1.6496,2
10.2705,1.6448,1.6617,1.6504,2
10.2705,1.6464,1.6617,1.6512,2
10.2705,1.6432,1.6625,1.6528,2
10.2705,1.6423,1.6625,1.6528,2
10.2705,1.6415,1.6617,1.6528,2
10.2705,1.6399,1.6609,1.6528,2
10.2705,1.6407,1.6609,1.6536,2
10.2705,1.6423,1.6609,1.6528,2
10.2705,1.6407,1.6593,1.6552,2
10.2705,1.6407,1.6601,1.6552,2
10.2705,1.6407,1.6585,1.6544,2
10.2705,1.6407,1.6560,1.6536,2
10.2705,1.6399,1.6552,1.6536,2
10.2705,1.6415,1.6552,1.6528,2
10.2705,1.6415,1.6536,1.6528,2
10.2705,1.6456,1.6552,1.6528,2
10.2705,1.6456,1.6552,1.6512,2
10.2705,1.6448,1.6552,1.6504,2
10.2705,1.6456,1.6560,1.6488,2
10.2705,1.6464,1.6560,1.6496,2
10.2705,1.6456,1.6560,1.6480,2
10.2705,1.6440,1.6585,1.6488,2
10.2705,1.6440,1.6601,1.6496,2
10.2705,1.6456,1.6601,1.6480,2
10.2705,1.6440,1.6609,1.6464,2
10.2705,1.6423,1.6609,1.6456,2
10.2705,1.6415,1.6593,1.6472,2
10.2705,1.6407,1.6585,1.6472,2
10.2705,1.6432,1.6577,1.6480,2
10.2705,1.6448,1.6568,1.6472,2
10.2705,1.6472,1.6568,1.6472,2
10.2705,1.6472,1.6568,1.6480,2
10.2705,1.6488,1.6552,1.6456,2
10.2705,1.6464,1.6552,1.6464,2
10.2705,1.6496,1.6552,1.6464,2
10.2705,1.6520,1.6552,1.6480,2
10.2705,1.6504,1.6560,1.6456,2
10.2705,1.6512,1.6568,1.6448,2
10.2705,1.6488,1.6568,1.6432,2
10.2705,1.6472,1.6560,1.6423,2
10.2705,1.6472,1.6568,1.6448,2
10.2705,1.6496,1.6552,1.6448,2
10.2705,1.6520,1.6544,1.6456,2
10.2705,1.6544,1.6544,1.6456,2
10.2705,1.6528,1.6520,1.6464,2
10.2705,1.6488,1.6512,1.6456,2
10.2705,1.6496,1.6504,1.6464,2
10.2705,1.6504,1.6488,1.6472,2
10.2705,1.6504,1.6488,1.6480,2
10.2705,1.6512,1.6480,1.6480,2
10.2705,1.6496,1.6480,1.6472,2
10.2705,1.6480,1.6480,1.6464,2
10.2705,1.6464,1.6488,1.6456,2
10.2705,1.6456,1.6472,1.6456,2
10.2705,1.6448,1.6488,1.6440,2
10.2705,1.6464,1.6496,1.6432,2
10.2705,1.6464,1.6512,1.6432,2
10.2705,1.6480,1.6512,1.6423,2
10.2705,1.6480,1.6520,1.6415,2
10.2705,1.6496,1.6536,1.6407,2
10.2705,1.6472,1.6528,1.6399,2
10.2705,1.6472,1.6528,1.6391,2
10.2705,1.6456,1.6520,1.6391,2
10.2705,1.6432,1.6528,1.6383,2
10.2705,1.6440,1.6512,1.6399,2
10.2705,1.6456,1.6512,1.6423,2
10.2705,1.6456,1.6512,1.6432,2
10.2705,1.6448,1.6520,1.6440,2
10.2705,1.6448,1.6512,1.6464,2
10.2705,1.6456,1.6504,1.6480,2
10.2705,1.6464,1.6496,1.6480,2
10.2705,1.6440,1.6496,1.6488,2
10.2705,1.6448,1.6496,1.6496,2
10.2705,1.6464,1.6480,1.6504,2
10.2705,1.6448,1.6472,1.6504,2
10.2705,1.6423,1.6464,1.6496,2
10.2705,1.6415,1.6448,1.6488,2
10.2705,1.6432,1.6448,1.6496,2
10.2705,1.6415,1.6464,1.6472,2
10.2705,1.6407,1.6456,1.6464,2
10.2705,1.6440,1.6464,1.6472,2
10.2705,1.6440,1.6472,1.6472,2
10.2705,1.6472,1.6488,1.6456,2
10.2705,1.6480,1.6504,1.6448,2
10.2705,1.6496,1.6520,1.6440,2
10.2705,1.6504,1.6528,1.6440,2
10.2705,1.6512,1.6536,1.6464,2
10.2705,1.6496,1.6528,1.6464,2
10.2705,1.6520,1.6520,1.6456,2
10.2705,1.6504,1.6520,1.6464,2
10.2705,1.6464,1.6512,1.6448,2
10.2705,1.6472,1.6504,1.6456,2
10.2705,1.6456,1.6496,1.6464,2
10.2705,1.6456,1.6496,1.6480,2
10.2705,1.6456,1.6496,1.6504,2
10.3122,1.6464,1.6480,1.6504,2
10.3122,1.6464,1.6472,1.6504,2
10.3122,1.6464,1.6464,1.6520,2
10.3122,1.6456,1.6464,1.6536,2
10.3122,1.6464,1.6480,1.6544,2
10.3122,1.6488,1.6480,1.6560,2
10.3122,1.6480,1.6472,1.6560,2
10.3122,1.6472,1.6464,1.6560,2
10.3122,1.6472,1.6464,1.6568,2
10.3122,1.6480,1.6464,1.6552,2
10.3122,1.6488,1.6464,1.6544,2
10.3122,1.6504,1.6472,1.6528,2
10.3122,1.6504,1.6480,1.6520,2
10.3122,1.6528,1.6472,1.6520,2
10.3122,1.6560,1.6456,1.6520,2
10.3122,1.6552,1.6456,1.6520,2
10.3122,1.6552,1.6456,1.6528,2
10.3122,1.6560,1.6456,1.6528,2
10.3122,1.6560,1.6440,1.6536,2
10.3122,1.6544,1.6407,1.6528,2
10.3122,1.6520,1.6415,1.6536,2
10.3122,1.6560,1.6407,1.6528,2
10.3122,1.6528,1.6415,1.6520,2
10.3122,1.6544,1.6423,1.6512,2
10.3122,1.6512,1.6440,1.6520,2
10.3122,1.6407,1.6448,1.6520,2
10.3122,1.6303,1.6464,1.6504,2
10.3122,1.6335,1.6480,1.6504,2
10.3122,1.6343,1.6504,1.6496,2
10.3122,1.6367,1.6528,1.6504,2
10.3122,1.6399,1.6536,1.6504,2
10.3122,1.6367,1.6536,1.6520,2
10.3122,1.6391,1.6544,1.6520,2
10.3122,1.6383,1.6544,1.6528,2
10.3122,1.6383,1.6544,1.6520,2
10.3122,1.6504,1.6536,1.6512,2
10.3122,1.6617,1.6512,1.6512,2
10.3122,1.6601,1.6496,1.6504,2
10.3122,1.6568,1.6488,1.6504,2
10.3122,1.6544,1.6488,1.6504,2
10.3122,1.6504,1.6496,1.6504,2
10.3122,1.6488,1.6504,1.6504,2
10.3122,1.6480,1.6504,1.6504,2
10.3122,1.6464,1.6496,1.6504,2
10.3122,1.6464,1.6496,1.6504,2
10.3122,1.6456,1.6504,1.6512,2
10.3122,1.6423,1.6504,1.6520,2
10.3122,1.6415,1.6520,1.6536,2
10.3122,1.6423,1.6528,1.6536,2
10.3122,1.6415,1.6528,1.6552,2
10.3122,1.6415,1.6528,1.6552,2
10.3122,1.6351,1.6528,1.6544,2
10.3122,1.6528,1.6544,1.6552,2
10.3122,1.6528,1.6560,1.6544,2
10.3122,1.6512,1.6552,1.6544,2
10.3122,1.6496,1.6552,1.6536,2
10.3122,1.6512,1.6552,1.6536,2
10.3122,1.6528,1.6552,1.6536,2
10.3122,1.6512,1.6544,1.6528,2
10.3122,1.6520,1.6544,1.6520,2
10.3122,1.6552,1.6528,1.6504,2
10.3122,1.6657,1.6520,1.6496,2
10.3122,1.6480,1.6520,1.6488,2
10.3122,1.6472,1.6512,1.6488,2
10.3122,1.6480,1.6512,1.6480,2
10.3122,1.6512,1.6520,1.6480,2
10.3122,1.6504,1.6512,1.6472,2
10.3122,1.6504,1.6512,1.6472,2
10.3122,1.6560,1.6520,1.6480,2
10.3122,1.6577,1.6528,1.6488,2
10.3122,1.6560,1.6536,1.6512,2
10.3122,1.6520,1.6536,1.6536,2
10.3122,1.6528,1.6528,1.6528,2
10.3122,1.6552,1.6520,1.6536,2
10.3122,1.6568,1.6528,1.6552,2
10.3122,1.6536,1.6528,1.6552,2
10.3122,1.6528,1.6536,1.6560,2
10.3122,1.6520,1.6544,1.6544,2
10.3122,1.6496,1.6536,1.6536,2
10.3122,1.6504,1.6528,1.6520,2
10.3122,1.6480,1.6512,1.6512,2
10.3122,1.6456,1.6504,1.6504,2
10.3122,1.6472,1.6504,1.6504,2
10.3122,1.6456,1.6504,1.6504,2
10.3122,1.6464,1.6504,1.6496,2
10.3122,1.6423,1.6504,1.6496,2
10.3122,1.6472,1.6512,1.6496,2
10.3122,1.6472,1.6504,1.6504,2
10.3122,1.6383,1.6504,1.6512,2
10.3654,1.6375,1.6520,1.6520,2
10.3654,1.6391,1.6536,1.6528,2
10.3654,1.6423,1.6544,1.6536,2
10.3654,1.6432,1.6544,1.6536,2
10.3654,1.6448,1.6544,1.6528,2
10.3654,1.6448,1.6544,1.6536,2
10.3654,1.6520,1.6544,1.6536,2
10.3654,1.6480,1.6528,1.6536,2
10.3654,1.6407,1.6536,1.6544,2
10.3654,1.6278,1.6520,1.6552,2
10.3654,1.6311,1.6504,1.6560,2
10.3654,1.6343,1.6520,1.6560,2
10.3654,1.6327,1.6520,1.6536,2
10.3654,1.6311,1.6528,1.6544,2
10.3654,1.6303,1.6528,1.6552,2
10.3654,1.6295,1.6536,1.6560,2
10.3654,1.6303,1.6528,1.6568,2
10.3654,1.6270,1.6536,1.6568,2
10.3654,1.6343,1.6552,1.6568,2
10.3654,1.6552,1.6552,1.6577,2
10.3654,1.6504,1.6544,1.6577,2
10.3654,1.6472,1.6528,1.6577,2
10.3654,1.6472,1.6512,1.6601,2
10.3654,1.6472,1.6512,1.6601,2
10.3654,1.6464,1.6496,1.6601,2
10.3654,1.6448,1.6488,1.6593,2
10.3654,1.6423,1.6512,1.6585,2
10.3654,1.6440,1.6512,1.6585,2
10.3654,1.6440,1.6504,1.6552,2
10.3654,1.6464,1.6520,1.6552,2
10.3654,1.6448,1.6520,1.6544,2
10.3654,1.6456,1.6520,1.6544,2
10.3654,1.6448,1.6528,1.6544,2
10.3654,1.6391,1.6512,1.6544,2
10.3654,1.6391,1.6536,1.6536,2
10.3654,1.6415,1.6552,1.6536,2
10.3654,1.6415,1.6552,1.6552,2
10.3654,1.6456,1.6544,1.6544,2
10.3654,1.6440,1.6536,1.6577,2
10.3654,1.6440,1.6528,1.6577,2
10.3654,1.6480,1.6528,1.6577,2
10.3654,1.6496,1.6544,1.6568,2
10.3654,1.6520,1.6552,1.6568,2
10.3654,1.6601,1.6552,1.6560,2
10.3654,1.6617,1.6544,1.6560,2
10.3654,1.6593,1.6544,1.6552,2
10.3654,1.6609,1.6528,1.6544,2
10.3654,1.6617,1.6528,1.6552,2
10.3654,1.6633,1.6536,1.6544,2
10.3654,1.6609,1.6536,1.6544,2
10.3654,1.6601,1.6536,1.6544,2
10.3654,1.6585,1.6520,1.6544,2
10.3654,1.6585,1.6512,1.6544,2
10.3654,1.6544,1.6536,1.6536,2
10.3654,1.6536,1.6512,1.6536,2
10.3654,1.6552,1.6512,1.6536,2
10.3654,1.6560,1.6512,1.6544,2
10.3654,1.6536,1.6512,1.6552,2
10.3654,1.6544,1.6512,1.6536,2
10.3654,1.6552,1.6520,1.6536,2
10.3654,1.6552,1.6512,1.6528,2
10.3654,1.6415,1.6520,1.6528,2
10.3654,1.6440,1.6536,1.6536,2
10.3654,1.6472,1.6528,1.6544,2
10.3654,1.6464,1.6552,1.6544,2
10.3654,1.6480,1.6552,1.6544,2
10.3654,1.6488,1.6552,1.6536,2
10.3654,1.6512,1.6544,1.6528,2
10.3654,1.6407,1.6544,1.6552,2
10.3654,1.6407,1.6544,1.6544,2
10.3654,1.6391,1.6560,1.6544,2
10.3654,1.6552,1.6560,1.6520,2
10.3654,1.6536,1.6544,1.6504,2
10.3654,1.6520,1.6528,1.6504,2
10.3654,1.6464,1.6520,1.6488,2
10.3654,1.6432,1.6512,1.6496,2
10.3654,1.6423,1.6512,1.6488,2
10.3654,1.6391,1.6504,1.6488,2
10.3654,1.6480,1.6488,1.6488,2
10.3654,1.6472,1.6496,1.6488,2
10.3654,1.6456,1.6512,1.6488,2
10.3654,1.6415,1.6520,1.6504,2
10.3654,1.6343,1.6544,1.6512,2
10.3654,1.6335,1.6560,1.6512,2
10.3654,1.6391,1.6552,1.6528,2
10.3654,1.6399,1.6552,1.6528,2
10.3654,1.6536,1.6552,1.6520,2
10.3654,1.6528,1.6560,1.6528,2
10.3654,1.6512,1.6601,1.6520,2
10.3654,1.6504,1.6585,1.6520,2
10.3654,1.6528,1.6560,1.6520,2
10.3654,1.6544,1.6552,1.6528,2
10.3654,1.6593,1.6544,1.6504,2
10.3654,1.6593,1.6528,1.6504,2
10.3654,1.6601,1.6528,1.6504,2
10.3654,1.6609,1.6544,1.6504,2
10.3654,1.6456,1.6560,1.6512,2
10.3654,1.6496,1.6568,1.6520,2
10.3654,1.6496,1.6536,1.6520,2
10.3654,1.6520,1.6560,1.6520,2
10.3654,1.6544,1.6577,1.6504,2
10.4130,1.6528,1.6568,1.6496,2
10.4130,1.6520,1.6577,1.6520,2
10.4130,1.6536,1.6593,1.6520,2
10.4130,1.6528,1.6593,1.6512,2
10.4130,1.6544,1.6601,1.6512,2
10.4130,1.6552,1.6577,1.6504,2
10.4130,1.6560,1.6560,1.6496,2
10.4130,1.6568,1.6568,1.6496,2
10.4130,1.6560,1.6544,1.6512,2
10.4130,1.6560,1.6528,1.6520,2
10.4130,1.6577,1.6536,1.6520,2
10.4130,1.6617,1.6544,1.6512,2
10.4130,1.6609,1.6552,1.6504,2
10.4130,1.6641,1.6544,1.6488,2
10.4130,1.6625,1.6544,1.6480,2
10.4130,1.6617,1.6560,1.6472,2
10.4130,1.6609,1.6585,1.6456,2
10.4130,1.6593,1.6585,1.6456,2
10.4130,1.6593,1.6601,1.6432,2
10.4130,1.6568,1.6609,1.6432,2
10.4130,1.6560,1.6609,1.6423,2
10.4130,1.6552,1.6601,1.6440,2
10.4130,1.6552,1.6601,1.6432,2
10.4130,1.6512,1.6617,1.6432,2
10.4130,1.6512,1.6593,1.6432,2
10.4130,1.6504,1.6593,1.6440,2
10.4130,1.6504,1.6593,1.6448,2
10.4130,1.6496,1.6593,1.6464,2
10.4130,1.6472,1.6585,1.6472,2
10.4130,1.6488,1.6577,1.6464,2
10.4130,1.6496,1.6560,1.6480,2
10.4130,1.6464,1.6544,1.6456,2
10.4130,1.6440,1.6544,1.6464,2
10.4130,1.6464,1.6528,1.6472,2
10.4130,1.6456,1.6552,1.6480,2
10.4130,1.6456,1.6536,1.6464,2
10.4130,1.6456,1.6520,1.6464,2
10.4130,1.6488,1.6512,1.6448,2
10.4130,1.6504,1.6496,1.6456,2
10.4130,1.6496,1.6504,1.6456,2
10.4130,1.6512,1.6504,1.6456,2
10.4130,1.6552,1.6520,1.6456,2
10.4130,1.6560,1.6512,1.6456,2
10.4130,1.6544,1.6504,1.6464,2
10.4130,1.6552,1.6488,1.6464,2
10.4130,1.6560,1.6496,1.6488,2
10.4130,1.6560,1.6504,1.6488,2
10.4130,1.6512,1.6504,1.6496,2
10.4130,1.6520,1.6504,1.6496,2
10.4130,1.6536,1.6496,1.6496,2
10.4130,1.6528,1.6496,1.6504,2
10.4130,1.6504,1.6480,1.6520,2
10.4130,1.6512,1.6456,1.6528,2
10.4130,1.6488,1.6464,1.6528,2
10.4130,1.6504,1.6464,1.6528,2
10.4130,1.6496,1.6456,1.6544,2
10.4130,1.6496,1.6432,1.6544,2
10.4130,1.6536,1.6432,1.6544,2
10.4130,1.6520,1.6440,1.6544,2
10.4130,1.6488,1.6432,1.6544,2
10.4130,1.6464,1.6415,1.6544,2
10.4130,1.6464,1.6423,1.6544,2
10.4130,1.6448,1.6432,1.6544,2
10.4130,1.6480,1.6423,1.6536,2
10.4130,1.6472,1.6407,1.6528,2
10.4130,1.6472,1.6407,1.6496,2
10.4130,1.6488,1.6415,1.6480,2
10.4130,1.6496,1.6423,1.6488,2
10.4130,1.6504,1.6399,1.6496,2
10.4130,1.6504,1.6399,1.6472,2
10.4130,1.6520,1.6399,1.6456,2
10.4130,1.6552,1.6399,1.6456,2
10.4130,1.6536,1.6407,1.6448,2
10.4130,1.6536,1.6407,1.6456,2
10.4130,1.6520,1.6415,1.6464,2
10.4130,1.6520,1.6423,1.6488,2
10.4130,1.6488,1.6423,1.6504,2
10.4130,1.6480,1.6423,1.6480,2
10.4130,1.6488,1.6448,1.6472,2
10.4130,1.6496,1.6448,1.6488,2
10.4130,1.6496,1.6456,1.6504,2
10.4130,1.6464,1.6440,1.6488,2
10.4130,1.6448,1.6456,1.6496,2
10.4130,1.6448,1.6456,1.6496,2
10.4130,1.6464,1.6456,1.6488,2
10.4130,1.6480,1.6456,1.6456,2
10.4130,1.6504,1.6456,1.6456,2
10.4130,1.6496,1.6448,1.6456,2
10.4130,1.6504,1.6448,1.6464,2
10.4130,1.6512,1.6448,1.6440,2
10.4130,1.6504,1.6464,1.6432,2
10.4130,1.6520,1.6472,1.6423,2
10.4130,1.6552,1.6480,1.6432,2
10.4130,1.6536,1.6472,1.6415,2
10.4130,1.6536,1.6456,1.6423,2
10.4540,1.6528,1.6456,1.6448,2
10.4540,1.6504,1.6472,1.6464,2
10.4540,1.6480,1.6472,1.6472,2
10.4540,1.6472,1.6464,1.6472,2
10.4540,1.6448,1.6464,1.6496,2
10.4540,1.6480,1.6440,1.6504,2
10.4540,1.6480,1.6456,1.6520,2
10.4540,1.6504,1.6456,1.6520,2
10.4540,1.6528,1.6472,1.6528,2
10.4540,1.6512,1.6496,1.6528,2
10.4540,1.6504,1.6496,1.6528,2
10.4540,1.6528,1.6480,1.6512,2
10.4540,1.6568,1.6480,1.6496,2
10.4540,1.6738,1.6415,1.6496,2
10.4540,1.6746,1.6415,1.6496,2
10.4540,1.6697,1.6432,1.6496,2
10.4540,1.6673,1.6423,1.6504,2
10.4540,1.6641,1.6415,1.6504,2
10.4540,1.6617,1.6415,1.6496,2
10.4540,1.6641,1.6407,1.6496,2
10.4540,1.6657,1.6407,1.6504,2
10.4540,1.6649,1.6432,1.6512,2
10.4540,1.6625,1.6440,1.6520,2
10.4540,1.6448,1.6528,1.6520,2
10.4540,1.6480,1.6528,1.6504,2
10.4540,1.6456,1.6528,1.6512,2
10.4540,1.6488,1.6544,1.6512,2
10.4540,1.6504,1.6552,1.6520,2
10.4540,1.6536,1.6552,1.6528,2
10.4540,1.6552,1.6544,1.6536,2
10.4540,1.6544,1.6536,1.6528,2
10.4540,1.6568,1.6512,1.6528,2
10.4540,1.6593,1.6512,1.6544,2
10.4540,1.6593,1.6504,1.6544,2
10.4540,1.6585,1.6496,1.6560,2
10.4540,1.6641,1.6496,1.6552,2
10.4540,1.6649,1.6480,1.6544,2
10.4540,1.6641,1.6464,1.6544,2
10.4540,1.6633,1.6472,1.6552,2
10.4540,1.6601,1.6480,1.6544,2
10.4540,1.6585,1.6488,1.6552,2
10.4540,1.6585,1.6512,1.6552,2
10.4540,1.6568,1.6504,1.6544,2
10.4540,1.6568,1.6488,1.6544,2
10.4540,1.6552,1.6496,1.6552,2
10.4605,1.6520,1.6504,1.6560,2
10.4605,1.6520,1.6512,1.6560,2
10.4605,1.6512,1.6520,1.6560,2
10.4605,1.6504,1.6520,1.6560,2
10.4605,1.6496,1.6536,1.6560,2
10.4605,1.6504,1.6536,1.6560,2
10.4605,1.6472,1.6528,1.6560,2
10.4605,1.6480,1.6536,1.6552,2
10.4605,1.6472,1.6560,1.6568,2
10.4605,1.6270,1.6560,1.6568,2
10.4605,1.6295,1.6552,1.6568,2
10.4605,1.6278,1.6544,1.6568,2
10.4605,1.6278,1.6544,1.6552,2
10.4605,1.6295,1.6536,1.6552,2
10.4605,1.6319,1.6528,1.6552,2
10.4605,1.6343,1.6528,1.6552,2
10.4605,1.6343,1.6528,1.6552,2
10.4605,1.6327,1.6536,1.6568,2
10.4605,1.6343,1.6528,1.6560,2
10.4605,1.6560,1.6528,1.6560,2
10.4605,1.6568,1.6528,1.6560,2
10.4605,1.6560,1.6536,1.6552,2
10.4605,1.6633,1.6544,1.6560,2
10.4605,1.6536,1.6536,1.6560,2
10.4605,1.6504,1.6536,1.6560,2
10.4605,1.6488,1.6536,1.6568,2
10.4605,1.6262,1.6552,1.6568,2
10.4605,1.6262,1.6544,1.6568,2
10.4605,1.6246,1.6536,1.6560,2
10.4605,1.6254,1.6544,1.6560,2
10.4605,1.6254,1.6552,1.6552,2
10.4605,1.6262,1.6536,1.6560,2
10.4605,1.6190,1.6536,1.6568,2
10.4605,1.6262,1.6536,1.6568,2
10.4605,1.6270,1.6520,1.6560,2
10.4605,1.6278,1.6504,1.6552,2
10.4605,1.6520,1.6496,1.6552,2
10.4605,1.6512,1.6488,1.6552,2
10.4605,1.6528,1.6496,1.6552,2
10.4605,1.6528,1.6512,1.6528,2
10.4605,1.6528,1.6504,1.6528,2
10.4605,1.6536,1.6512,1.6520,2
10.4605,1.6504,1.6512,1.6528,2
10.4605,1.6504,1.6520,1.6528,2
10.4605,1.6504,1.6544,1.6520,2
10.4605,1.6504,1.6552,1.6520,2
10.4605,1.6472,1.6568,1.6520,2
10.4605,1.6472,1.6568,1.6520,2
10.5080,1.6496,1.6552,1.6528,2
10.5080,1.6488,1.6528,1.6552,2
10.5080,1.6480,1.6528,1.6560,2
10.5080,1.6472,1.6520,1.6560,2
10.5080,1.6504,1.6520,1.6552,2
10.5080,1.6432,1.6512,1.6552,2
10.5080,1.6423,1.6496,1.6552,2
10.5080,1.6448,1.6488,1.6552,2
10.5080,1.6496,1.6496,1.6560,2
10.5080,1.6496,1.6488,1.6560,2
10.5080,1.6480,1.6504,1.6544,2
10.5080,1.6496,1.6504,1.6544,2
10.5080,1.6504,1.6488,1.6536,2
10.5080,1.6504,1.6496,1.6528,2
10.5080,1.6512,1.6488,1.6536,2
10.5080,1.6609,1.6488,1.6544,2
10.5080,1.6625,1.6496,1.6528,2
10.5080,1.6593,1.6496,1.6520,2
10.5080,1.6568,1.6472,1.6520,2
10.5080,1.6560,1.6472,1.6520,2
10.5080,1.6560,1.6464,1.6536,2
10.5080,1.6552,1.6464,1.6544,2
10.5080,1.6544,1.6480,1.6536,2
10.5080,1.6568,1.6480,1.6520,2
10.5080,1.6552,1.6496,1.6512,2
10.5080,1.6560,1.6504,1.6504,2
10.5080,1.6544,1.6488,1.6520,2
10.5080,1.6544,1.6488,1.6512,2
10.5080,1.6552,1.6504,1.6504,2
10.5080,1.6552,1.6504,1.6504,2
10.5080,1.6544,1.6504,1.6480,2
10.5080,1.6528,1.6504,1.6472,2
10.5080,1.6512,1.6496,1.6472,2
10.5080,1.6504,1.6488,1.6488,2
10.5080,1.6520,1.6496,1.6496,2
10.5080,1.6448,1.6504,1.6496,2
10.5080,1.6456,1.6496,1.6496,2
10.5080,1.6456,1.6488,1.6496,2
10.5080,1.6480,1.6480,1.6496,2
10.5080,1.6504,1.6472,1.6480,2
10.5080,1.6488,1.6480,1.6496,2
10.5080,1.6488,1.6480,1.6488,2
10.5080,1.6512,1.6480,1.6480,2
10.5080,1.6496,1.6488,1.6480,2
10.5080,1.6472,1.6488,1.6480,2
10.5080,1.6480,1.6496,1.6472,2
10.5080,1.6488,1.6512,1.6464,2
10.5080,1.6504,1.6512,1.6472,2
10.5080,1.6456,1.6512,1.6480,2
10.5080,1.6456,1.6504,1.6480,2
10.5080,1.6472,1.6504,1.6472,2
10.5080,1.6472,1.6496,1.6488,2
10.5080,1.6480,1.6496,1.6496,2
10.5080,1.6488,1.6480,1.6480,2
10.5080,1.6488,1.6464,1.6464,2
10.5080,1.6552,1.6448,1.6472,2
10.5080,1.6536,1.6448,1.6472,2
10.5080,1.6512,1.6448,1.6456,2
10.5080,1.6520,1.6448,1.6448,2
10.5080,1.6504,1.6456,1.6448,2
10.5080,1.6488,1.6456,1.6456,2
10.5080,1.6496,1.6464,1.6440,2
10.5080,1.6415,1.6456,1.6440,2
10.5080,1.6415,1.6520,1.6448,2
10.5080,1.6423,1.6520,1.6456,2
10.5080,1.6415,1.6504,1.6464,2
10.5080,1.6448,1.6480,1.6472,2
10.5080,1.6456,1.6480,1.6472,2
10.5080,1.6456,1.6480,1.6480,2
10.5080,1.6448,1.6472,1.6480,2
10.5080,1.6423,1.6472,1.6472,2
10.5080,1.6423,1.6456,1.6472,2
10.5080,1.6480,1.6456,1.6464,2
10.5080,1.6488,1.6391,1.6480,2
10.5080,1.6480,1.6391,1.6480,2
10.5080,1.6472,1.6407,1.6456,2
10.5080,1.6456,1.6407,1.6440,2
10.5080,1.6480,1.6407,1.6440,2
10.5080,1.6480,1.6407,1.6432,2
10.5080,1.6504,1.6407,1.6423,2
10.5080,1.6528,1.6415,1.6423,2
10.5080,1.6520,1.6423,1.6423,2
10.5080,1.6512,1.6415,1.6432,2
10.5080,1.6488,1.6423,1.6415,2
10.5080,1.6488,1.6440,1.6399,2
10.5080,1.6496,1.6440,1.6399,2
10.5080,1.6480,1.6440,1.6399,2
10.5080,1.6472,1.6448,1.6399,2
10.5080,1.6472,1.6440,1.6391,2
10.5080,1.6504,1.6440,1.6407,2
10.5080,1.6464,1.6448,1.6399,2
10.5080,1.6488,1.6440,1.6399,2
10.5080,1.6504,1.6440,1.6383,2
10.5080,1.6520,1.6440,1.6391,2
10.5080,1.6520,1.6432,1.6407,2
10.5080,1.6488,1.6423,1.6399,2
10.5080,1.6488,1.6415,1.6399,2
10.5556,1.6480,1.6407,1.6391,2
10.5556,1.6464,1.6415,1.6391,2
10.5556,1.6415,1.6407,1.6375,2
10.5556,1.6456,1.6407,1.6383,2
10.5556,1.6448,1.6407,1.6375,2
10.5556,1.6448,1.6415,1.6375,2
10.5556,1.6448,1.6415,1.6375,2
10.5556,1.6448,1.6415,1.6359,2
10.5556,1.6480,1.6423,1.6359,2
10.5556,1.6488,1.6432,1.6375,2
10.5556,1.6488,1.6440,1.6383,2
10.5556,1.6528,1.6432,1.6391,2
10.5556,1.6480,1.6440,1.6399,2
10.5556,1.6488,1.6440,1.6375,2
10.5556,1.6480,1.6367,1.6399,2
10.5556,1.6488,1.6383,1.6415,2
10.5556,1.6311,1.6383,1.6407,2
10.5556,1.6351,1.6383,1.6407,2
10.5556,1.6367,1.6415,1.6415,2
10.5556,1.6367,1.6415,1.6399,2
10.5556,1.6375,1.6423,1.6391,2
10.5556,1.6383,1.6432,1.6391,2
10.5556,1.6448,1.6432,1.6399,2
10.5556,1.6415,1.6415,1.6415,2
10.5556,1.6432,1.6488,1.6415,2
10.5556,1.6432,1.6480,1.6415,2
10.5556,1.6601,1.6480,1.6415,2
10.5556,1.6577,1.6480,1.6432,2
10.5556,1.6544,1.6448,1.6423,2
10.5556,1.6520,1.6456,1.6432,2
10.5556,1.6480,1.6456,1.6432,2
10.5556,1.6472,1.6448,1.6448,2
10.5556,1.6480,1.6448,1.6448,2
10.5556,1.6480,1.6448,1.6448,2
10.5556,1.6464,1.6440,1.6456,2
10.5556,1.6456,1.6432,1.6456,2
10.5556,1.6456,1.6415,1.6472,2
10.5556,1.6440,1.6423,1.6456,2
10.5556,1.6456,1.6415,1.6456,2
10.5556,1.6480,1.6399,1.6456,2
10.5556,1.6496,1.6399,1.6448,2
10.5556,1.6456,1.6399,1.6448,2
10.5556,1.6448,1.6407,1.6480,2
10.5556,1.6472,1.6423,1.6480,2
10.5556,1.6496,1.6432,1.6448,2
10.5556,1.6496,1.6440,1.6432,2
10.5556,1.6472,1.6448,1.6423,2
10.5556,1.6488,1.6440,1.6440,2
10.5556,1.6472,1.6440,1.6448,2
10.5556,1.6480,1.6448,1.6456,2
10.5556,1.6488,1.6440,1.6472,2
10.5556,1.6528,1.6440,1.6464,2
10.5556,1.6528,1.6432,1.6415,2
10.5556,1.6536,1.6432,1.6407,2
10.5556,1.6536,1.6423,1.6423,2
10.5556,1.6528,1.6432,1.6440,2
10.5556,1.6536,1.6448,1.6440,2
10.5556,1.6544,1.6440,1.6432,2
10.5556,1.6528,1.6448,1.6440,2
10.5556,1.6544,1.6440,1.6415,2
10.5556,1.6544,1.6448,1.6407,2
10.5556,1.6544,1.6448,1.6415,2
10.5556,1.6552,1.6448,1.6432,2
10.5556,1.6512,1.6423,1.6448,2
10.5556,1.6488,1.6432,1.6464,2
10.5556,1.6488,1.6423,1.6456,2
10.5556,1.6488,1.6407,1.6464,2
10.5556,1.6464,1.6415,1.6488,2
10.5556,1.6488,1.6423,1.6472,2
10.5556,1.6472,1.6399,1.6488,2
10.5556,1.6456,1.6399,1.6480,2
10.5556,1.6464,1.6399,1.6472,2
10.5556,1.6448,1.6399,1.6464,2
10.5556,1.6480,1.6432,1.6464,2
10.5556,1.6496,1.6432,1.6456,2
10.5556,1.6512,1.6432,1.6464,2
10.5556,1.6456,1.6423,1.6464,2
10.5556,1.6488,1.6407,1.6456,2
10.5556,1.6472,1.6407,1.6472,2
10.5556,1.6464,1.6432,1.6472,2
10.5556,1.6464,1.6432,1.6480,2
10.5556,1.6456,1.6423,1.6464,2
10.5556,1.6456,1.6423,1.6472,2
10.5556,1.6456,1.6415,1.6456,2
10.5556,1.6456,1.6415,1.6448,2
10.5556,1.6440,1.6432,1.6432,2
10.5556,1.6504,1.6432,1.6423,2
10.5556,1.6480,1.6456,1.6432,2
10.5556,1.6456,1.6464,1.6423,2
10.5556,1.6456,1.6480,1.6432,2
10.5556,1.6448,1.6480,1.6440,2
10.5556,1.6464,1.6496,1.6464,2
10.5556,1.6472,1.6488,1.6472,2
10.5556,1.6440,1.6488,1.6488,2
10.5556,1.6448,1.6488,1.6496,2
10.6035,1.6432,1.6472,1.6512,2
10.6035,1.6448,1.6480,1.6512,2
10.6035,1.6448,1.6464,1.6512,2
10.6035,1.6464,1.6456,1.6536,2
10.6035,1.6440,1.6448,1.6528,2
10.6035,1.6448,1.6448,1.6544,2
10.6035,1.6432,1.6440,1.6536,2
10.6035,1.6423,1.6456,1.6520,2
10.6035,1.6456,1.6448,1.6512,2
10.6035,1.6440,1.6448,1.6512,2
10.6035,1.6440,1.6456,1.6504,2
10.6035,1.6415,1.6464,1.6512,2
10.6035,1.6415,1.6480,1.6496,2
10.6035,1.6407,1.6480,1.6472,2
10.6035,1.6415,1.6472,1.6464,2
10.6035,1.6407,1.6480,1.6456,2
10.6035,1.6432,1.6480,1.6456,2
10.6035,1.6415,1.6480,1.6464,2
10.6035,1.6375,1.6504,1.6464,2
10.6035,1.6367,1.6496,1.6456,2
10.6035,1.6367,1.6488,1.6472,2
10.6035,1.6367,1.6480,1.6480,2
10.6035,1.6367,1.6472,1.6488,2
10.6035,1.6311,1.6472,1.6496,2
10.6035,1.6303,1.6472,1.6504,2
10.6035,1.6311,1.6480,1.6520,2
10.6035,1.6295,1.6472,1.6520,2
10.6035,1.6319,1.6488,1.6512,2
10.6035,1.6351,1.6472,1.6512,2
10.6035,1.6383,1.6480,1.6536,2
10.6035,1.6375,1.6480,1.6528,2
10.6035,1.6383,1.6480,1.6528,2
10.6035,1.6343,1.6488,1.6528,2
10.6035,1.6383,1.6488,1.6536,2
10.6035,1.6399,1.6488,1.6528,2
10.6035,1.6399,1.6480,1.6528,2
10.6035,1.6375,1.6472,1.6528,2
10.6035,1.6367,1.6456,1.6512,2
10.6035,1.6359,1.6448,1.6512,2
10.6035,1.6327,1.6440,1.6488,2
10.6035,1.6343,1.6448,1.6480,2
10.6035,1.6343,1.6448,1.6480,2
10.6035,1.6407,1.6448,1.6488,2
10.6035,1.6432,1.6448,1.6496,2
10.6035,1.6399,1.6456,1.6496,2
10.6035,1.6415,1.6456,1.6496,2
10.6035,1.6432,1.6456,1.6496,2
10.6035,1.6415,1.6464,1.6520,2
10.6035,1.6391,1.6472,1.6512,2
10.6035,1.6399,1.6472,1.6528,2
10.6035,1.6391,1.6464,1.6536,2
10.6035,1.6311,1.6472,1.6528,2
10.6035,1.6295,1.6488,1.6512,2
10.6035,1.6278,1.6496,1.6512,2
10.6035,1.6303,1.6488,1.6496,2
10.6035,1.6327,1.6480,1.6488,2
10.6035,1.6311,1.6472,1.6496,2
10.6035,1.6335,1.6472,1.6480,2
10.6035,1.6375,1.6464,1.6480,2
10.6035,1.6391,1.6464,1.6472,2
10.6035,1.6423,1.6464,1.6472,2
10.6035,1.6496,1.6472,1.6472,2
10.6035,1.6504,1.6456,1.6464,2
10.6035,1.6528,1.6448,1.6456,2
10.6035,1.6528,1.6448,1.6456,2
10.6035,1.6496,1.6456,1.6448,2
10.6035,1.6480,1.6464,1.6456,2
10.6035,1.6440,1.6448,1.6472,2
10.6035,1.6432,1.6448,1.6464,2
10.6035,1.6432,1.6448,1.6480,2
10.6035,1.6432,1.6448,1.6480,2
10.6035,1.6423,1.6448,1.6488,2
10.6035,1.6423,1.6432,1.6472,2
10.6035,1.6423,1.6423,1.6480,2
10.6035,1.6423,1.6432,1.6488,2
10.6035,1.6423,1.6423,1.6480,2
10.6035,1.6448,1.6440,1.6472,2
10.6035,1.6472,1.6448,1.6456,2
10.6035,1.6456,1.6448,1.6464,2
10.6035,1.6456,1.6448,1.6464,2
10.6035,1.6432,1.6448,1.6464,2
10.6035,1.6448,1.6440,1.6464,2
10.6035,1.6432,1.6440,1.6480,2
10.6035,1.6456,1.6440,1.6488,2
10.6035,1.6456,1.6432,1.6496,2
10.6035,1.6383,1.6432,1.6512,2
10.6035,1.6407,1.6432,1.6504,2
10.6035,1.6399,1.6432,1.6520,2
10.6035,1.6415,1.6423,1.6512,2
10.6035,1.6407,1.6423,1.6488,2
10.6035,1.6415,1.6432,1.6472,2
10.6035,1.6399,1.6423,1.6448,2
10.6035,1.6351,1.6423,1.6456,2
10.6035,1.6335,1.6432,1.6448,2
10.6035,1.6327,1.6448,1.6448,2
10.6035,1.6415,1.6440,1.6456,2
10.6375,1.6399,1.6440,1.6456,2
10.6375,1.6407,1.6440,1.6464,2
10.6375,1.6415,1.6440,1.6472,2
10.6375,1.6359,1.6440,1.6496,2
10.6375,1.6351,1.6432,1.6512,2
10.6375,1.6367,1.6440,1.6528,2
10.6375,1.6423,1.6448,1.6512,2
10.6375,1.6415,1.6440,1.6512,2
10.6375,1.6415,1.6407,1.6512,2
10.6375,1.6423,1.6415,1.6520,2
10.6375,1.6399,1.6415,1.6528,2
10.6375,1.6407,1.6432,1.6504,2
10.6375,1.6367,1.6440,1.6504,2
10.6375,1.6440,1.6440,1.6504,2
10.6375,1.6423,1.6440,1.6504,2
10.6375,1.6303,1.6448,1.6480,2
10.6375,1.6278,1.6448,1.6512,2
10.6375,1.6303,1.6448,1.6512,2
10.6375,1.6303,1.6464,1.6512,2
10.6375,1.6286,1.6464,1.6512,2
10.6375,1.6311,1.6456,1.6504,2
10.6375,1.6303,1.6448,1.6504,2
10.6375,1.6335,1.6440,1.6504,2
10.6375,1.6327,1.6448,1.6504,2
10.6375,1.6359,1.6456,1.6504,2
10.6375,1.6464,1.6440,1.6520,2
10.6375,1.6496,1.6432,1.6512,2
10.6375,1.6456,1.6423,1.6504,2
10.6375,1.6448,1.6415,1.6512,2
10.6375,1.6456,1.6415,1.6504,2
10.6375,1.6448,1.6423,1.6504,2
10.6375,1.6448,1.6415,1.6528,2
10.6375,1.6375,1.6415,1.6528,2
10.6375,1.6399,1.6415,1.6528,2
10.6375,1.6391,1.6407,1.6528,2
10.6375,1.6399,1.6415,1.6528,2
10.6375,1.6383,1.6415,1.6536,2
10.6375,1.6399,1.6423,1.6536,2
10.6375,1.6423,1.6488,1.6528,2
10.6375,1.6423,1.6480,1.6528,2
10.6375,1.6432,1.6472,1.6536,2
10.6375,1.6456,1.6472,1.6512,2
10.6375,1.6528,1.6464,1.6512,2
10.6375,1.6520,1.6456,1.6512,2
10.6375,1.6536,1.6464,1.6520,2
10.6375,1.6536,1.6456,1.6528,2
10.6375,1.6544,1.6456,1.6528,2
10.6375,1.6544,1.6448,1.6536,2
10.6375,1.6536,1.6391,1.6544,2
10.6375,1.6552,1.6383,1.6552,2
10.6375,1.6520,1.6391,1.6552,2
10.6375,1.6520,1.6407,1.6568,2
10.6375,1.6504,1.6407,1.6585,2
10.6375,1.6504,1.6415,1.6577,2
10.6375,1.6496,1.6432,1.6568,2
10.6375,1.6496,1.6432,1.6552,2
10.6375,1.6504,1.6432,1.6560,2
10.6375,1.6512,1.6448,1.6568,2
10.6375,1.6512,1.6440,1.6552,2
10.6375,1.6512,1.6456,1.6552,2
10.6375,1.6464,1.6464,1.6552,2
10.6375,1.6440,1.6464,1.6552,2
10.6375,1.6440,1.6488,1.6544,2
10.6375,1.6440,1.6488,1.6552,2
10.6375,1.6423,1.6480,1.6552,2
10.6375,1.6448,1.6480,1.6560,2
10.6375,1.6440,1.6488,1.6544,2
10.6375,1.6440,1.6488,1.6536,2
10.6375,1.6480,1.6488,1.6544,2
10.6375,1.6488,1.6480,1.6528,2
10.6375,1.6544,1.6480,1.6536,2
10.6375,1.6544,1.6472,1.6544,2
10.6375,1.6560,1.6456,1.6536,2
10.6375,1.6568,1.6456,1.6528,2
10.6375,1.6568,1.6464,1.6528,2
10.6375,1.6552,1.6456,1.6520,2
10.6375,1.6536,1.6456,1.6528,2
10.6375,1.6520,1.6448,1.6512,2
10.6375,1.6633,1.6448,1.6512,2
10.6375,1.6593,1.6456,1.6528,2
10.6375,1.6601,1.6456,1.6528,2
10.6375,1.6577,1.6456,1.6520,2
10.6375,1.6560,1.6464,1.6520,2
10.6375,1.6552,1.6464,1.6528,2
10.6375,1.6568,1.6464,1.6528,2
10.6375,1.6577,1.6464,1.6456,2
10.6375,1.6577,1.6464,1.6472,2
10.6375,1.6609,1.6464,1.6480,2
10.6375,1.6464,1.6472,1.6480,2
10.6375,1.6496,1.6480,1.6480,2
10.6375,1.6496,1.6472,1.6472,2
10.6829,1.6544,1.6480,1.6480,2
10.6829,1.6544,1.6472,1.6472,2
10.6829,1.6560,1.6480,1.6456,2
10.6829,1.6577,1.6496,1.6464,2
10.6829,1.6568,1.6488,1.6536,2
10.6829,1.6593,1.6480,1.6528,2
10.6829,1.6568,1.6480,1.6520,2
10.6829,1.6577,1.6488,1.6512,2
10.6829,1.6617,1.6480,1.6504,2
10.6829,1.6609,1.6480,1.6496,2
10.6829,1.6601,1.6464,1.6496,2
10.6829,1.6601,1.6456,1.6496,2
10.6829,1.6568,1.6456,1.6496,2
10.6829,1.6560,1.6440,1.6488,2
10.6829,1.6560,1.6448,1.6488,2
10.6829,1.6544,1.6456,1.6488,2
10.6829,1.6536,1.6456,1.6480,2
10.6829,1.6544,1.6440,1.6480,2
10.6829,1.6528,1.6448,1.6488,2
10.6829,1.6496,1.6456,1.6488,2
10.6829,1.6512,1.6464,1.6496,2
10.6829,1.6504,1.6480,1.6496,2
10.6829,1.6536,1.6488,1.6488,2
10.6829,1.6512,1.6480,1.6472,2
10.6829,1.6520,1.6472,1.6480,2
10.6829,1.6528,1.6464,1.6480,2
10.6829,1.6552,1.6464,1.6496,2
10.6829,1.6512,1.6464,1.6504,2
10.6829,1.6488,1.6456,1.6504,2
10.6829,1.6536,1.6456,1.6512,2
10.6829,1.6512,1.6456,1.6504,2
10.6829,1.6536,1.6456,1.6496,2
10.6829,1.6512,1.6448,1.6520,2
10.6829,1.6528,1.6432,1.6520,2
10.6829,1.6536,1.6448,1.6504,2
10.6829,1.6520,1.6440,1.6504,2
10.6829,1.6496,1.6464,1.6504,2
10.6829,1.6512,1.6472,1.6504,2
10.6829,1.6544,1.6472,1.6496,2
10.6829,1.6560,1.6456,1.6496,2
10.6829,1.6544,1.6456,1.6488,2
10.6829,1.6536,1.6456,1.6488,2
10.6829,1.6528,1.6456,1.6472,2
10.6829,1.6544,1.6464,1.6480,2
10.6829,1.6520,1.6464,1.6480,2
10.6829,1.6504,1.6464,1.6480,2
10.6829,1.6536,1.6440,1.6480,2
10.6829,1.6544,1.6432,1.6480,2
10.6829,1.6520,1.6432,1.6488,2
10.6829,1.6504,1.6440,1.6480,2
10.6829,1.6496,1.6440,1.6496,2
10.6829,1.6496,1.6432,1.6488,2
10.6829,1.6520,1.6440,1.6488,2
10.6829,1.6520,1.6399,1.6488,2
10.6829,1.6536,1.6407,1.6496,2
10.6829,1.6577,1.6432,1.6496,2
10.6829,1.6568,1.6432,1.6488,2
10.6829,1.6544,1.6432,1.6472,2
10.6829,1.6520,1.6432,1.6456,2
10.6829,1.6512,1.6440,1.6456,2
10.6829,1.6552,1.6440,1.6480,2
10.6829,1.6577,1.6440,1.6464,2
10.6829,1.6568,1.6440,1.6456,2
10.6829,1.6560,1.6464,1.6464,2
10.6829,1.6528,1.6472,1.6456,2
10.6829,1.6440,1.6448,1.6456,2
10.6829,1.6440,1.6448,1.6440,2
10.6829,1.6464,1.6448,1.6456,2
10.7305,1.6464,1.6448,1.6480,2
10.7305,1.6488,1.6432,1.6488,2
10.7305,1.6464,1.6440,1.6472,2
10.7305,1.6423,1.6440,1.6496,2
10.7305,1.6423,1.6440,1.6512,2
10.7305,1.6432,1.6448,1.6520,2
10.7305,1.6448,1.6440,1.6536,2
10.7305,1.6520,1.6448,1.6528,2
10.7305,1.6520,1.6448,1.6544,2
10.7305,1.6480,1.6440,1.6536,2
10.7305,1.6480,1.6440,1.6528,2
10.7305,1.6464,1.6440,1.6520,2
10.7305,1.6456,1.6432,1.6504,2
10.7305,1.6472,1.6432,1.6496,2
10.7305,1.6472,1.6432,1.6480,2
10.7305,1.6448,1.6423,1.6472,2
10.7305,1.6488,1.6423,1.6472,2
10.7305,1.6496,1.6432,1.6472,2
10.7305,1.6512,1.6432,1.6480,2
10.7305,1.6512,1.6440,1.6480,2
10.7305,1.6504,1.6432,1.6488,2
10.7305,1.6504,1.6432,1.6496,2
10.7305,1.6504,1.6440,1.6520,2
10.7305,1.6512,1.6440,1.6536,2
10.7305,1.6528,1.6440,1.6552,2
10.7305,1.6544,1.6448,1.6544,2
10.7305,1.6496,1.6448,1.6544,2
10.7305,1.6504,1.6440,1.6536,2
10.7305,1.6480,1.6440,1.6544,2
10.7305,1.6520,1.6448,1.6544,2
10.7305,1.6536,1.6456,1.6544,2
10.7305,1.6520,1.6456,1.6544,2
10.7305,1.6528,1.6440,1.6520,2
10.7305,1.6456,1.6448,1.6512,2
10.7305,1.6440,1.6464,1.6520,2
10.7305,1.6440,1.6464,1.6528,2
10.7305,1.6440,1.6464,1.6528,2
10.7305,1.6415,1.6464,1.6536,2
10.7305,1.6423,1.6456,1.6544,2
10.7305,1.6432,1.6456,1.6544,2
10.7305,1.6448,1.6448,1.6552,2
10.7305,1.6456,1.6456,1.6560,2
10.7305,1.6488,1.6472,1.6552,2
10.7305,1.6552,1.6456,1.6552,2
10.7305,1.6544,1.6432,1.6544,2
10.7305,1.6536,1.6432,1.6552,2
10.7305,1.6536,1.6432,1.6560,2
10.7305,1.6536,1.6432,1.6560,2
10.7305,1.6520,1.6456,1.6552,2
10.7305,1.6504,1.6456,1.6552,2
10.7305,1.6480,1.6456,1.6552,2
10.7305,1.6480,1.6464,1.6552,2
10.7305,1.6448,1.6456,1.6560,2
10.7305,1.6432,1.6464,1.6552,2
10.7305,1.6432,1.6472,1.6552,2
10.7305,1.6440,1.6472,1.6544,2
10.7305,1.6440,1.6472,1.6544,2
10.7305,1.6440,1.6472,1.6536,2
10.7305,1.6456,1.6456,1.6536,2
10.7305,1.6472,1.6448,1.6536,2
10.7305,1.6456,1.6456,1.6528,2
10.7305,1.6456,1.6456,1.6520,2
10.7305,1.6472,1.6456,1.6504,2
10.7305,1.6488,1.6456,1.6512,2
10.7305,1.6504,1.6464,1.6504,2
10.7305,1.6367,1.6448,1.6512,2
10.7305,1.6375,1.6448,1.6512,2
10.7305,1.6407,1.6448,1.6520,2
10.7305,1.6407,1.6448,1.6520,2
10.7305,1.6391,1.6448,1.6528,2
10.7305,1.6415,1.6448,1.6528,2
10.7305,1.6448,1.6448,1.6528,2
10.7305,1.6464,1.6448,1.6544,2
10.7305,1.6448,1.6440,1.6536,2
10.7305,1.6448,1.6440,1.6544,2
10.7305,1.6593,1.6448,1.6544,2
10.7305,1.6504,1.6448,1.6536,2
10.7305,1.6472,1.6448,1.6528,2
10.7305,1.6480,1.6440,1.6520,2
10.7305,1.6496,1.6440,1.6512,2
10.7305,1.6496,1.6432,1.6512,2
10.7305,1.6448,1.6432,1.6504,2
10.7305,1.6440,1.6432,1.6504,2
10.7305,1.6657,1.6440,1.6512,2
10.7305,1.6633,1.6440,1.6504,2
10.7305,1.6601,1.6432,1.6504,2
10.7305,1.6665,1.6432,1.6488,2
10.7305,1.6649,1.6432,1.6472,2
10.7305,1.6625,1.6432,1.6472,2
10.7305,1.6609,1.6432,1.6456,2
10.7305,1.6601,1.6448,1.6440,2
10.7305,1.6641,1.6440,1.6456,2
10.7305,1.6633,1.6448,1.6464,2
10.7305,1.6359,1.6448,1.6440,2
10.7305,1.6375,1.6448,1.6423,2
10.7780,1.6407,1.6456,1.6432,2
10.7780,1.6440,1.6456,1.6456,2
10.7780,1.6472,1.6448,1.6480,2
10.7780,1.6520,1.6448,1.6472,2
10.7780,1.6528,1.6456,1.6496,2
10.7780,1.6552,1.6448,1.6512,2
10.7780,1.6528,1.6448,1.6504,2
10.7780,1.6552,1.6448,1.6504,2
10.7780,1.6625,1.6440,1.6520,2
10.7780,1.6625,1.6440,1.6536,2
10.7780,1.6641,1.6440,1.6520,2
10.7780,1.6657,1.6440,1.6496,2
10.7780,1.6633,1.6464,1.6488,2
10.7780,1.6617,1.6464,1.6488,2
10.7780,1.6609,1.6464,1.6488,2
10.7780,1.6601,1.6464,1.6472,2
10.7780,1.6625,1.6472,1.6472,2
10.7780,1.6617,1.6472,1.6472,2
10.7780,1.6593,1.6480,1.6464,2
10.7780,1.6577,1.6480,1.6464,2
10.7780,1.6568,1.6480,1.6472,2
10.7780,1.6552,1.6480,1.6488,2
10.7780,1.6560,1.6464,1.6488,2
10.7780,1.6560,1.6448,1.6496,2
10.7780,1.6536,1.6448,1.6504,2
10.7780,1.6520,1.6448,1.6496,2
10.7780,1.6504,1.6440,1.6496,2
10.7780,1.6496,1.6440,1.6480,2
10.7780,1.6512,1.6432,1.6488,2
10.7780,1.6520,1.6440,1.6496,2
10.7780,1.6520,1.6432,1.6488,2
10.7780,1.6520,1.6440,1.6480,2
10.7780,1.6504,1.6432,1.6480,2
10.7780,1.6496,1.6448,1.6488,2
10.7780,1.6520,1.6448,1.6496,2
10.7780,1.6520,1.6456,1.6496,2
10.7780,1.6520,1.6480,1.6496,2
10.7780,1.6512,1.6472,1.6512,2
10.7780,1.6512,1.6472,1.6512,2
10.7780,1.6496,1.6472,1.6496,2
10.7780,1.6512,1.6488,1.6512,2
10.7780,1.6464,1.6480,1.6520,2
10.7780,1.6480,1.6496,1.6520,2
10.7780,1.6456,1.6496,1.6512,2
10.7780,1.6472,1.6496,1.6504,2
10.7780,1.6472,1.6488,1.6512,2
10.7780,1.6464,1.6464,1.6504,2
10.7780,1.6488,1.6472,1.6488,2
10.7780,1.6496,1.6480,1.6488,2
10.7780,1.6512,1.6480,1.6488,2
10.7780,1.6504,1.6464,1.6480,2
10.7780,1.6593,1.6472,1.6488,2
10.7780,1.6577,1.6464,1.6480,2
10.7780,1.6585,1.6456,1.6480,2
10.7780,1.6577,1.6464,1.6480,2
10.7780,1.6577,1.6464,1.6488,2
10.7780,1.6585,1.6488,1.6496,2
10.7780,1.6552,1.6480,1.6512,2
10.7780,1.6625,1.6488,1.6512,2
10.7780,1.6593,1.6488,1.6528,2
10.7780,1.6552,1.6496,1.6536,2
10.7780,1.6512,1.6504,1.6528,2
10.7780,1.6520,1.6496,1.6536,2
10.7780,1.6528,1.6504,1.6536,2
10.7780,1.6520,1.6496,1.6544,2
10.7780,1.6496,1.6496,1.6544,2
10.7780,1.6512,1.6480,1.6544,2
10.7780,1.6536,1.6488,1.6536,2
10.7780,1.6415,1.6472,1.6544,2
10.7780,1.6448,1.6496,1.6552,2
10.7780,1.6472,1.6488,1.6544,2
10.7780,1.6456,1.6480,1.6544,2
10.7780,1.6464,1.6480,1.6544,2
10.7780,1.6488,1.6480,1.6552,2
10.7780,1.6496,1.6520,1.6544,2
10.7780,1.6528,1.6504,1.6544,2
10.7780,1.6528,1.6504,1.6544,2
10.7780,1.6520,1.6496,1.6552,2
10.7780,1.6568,1.6496,1.6552,2
10.7780,1.6560,1.6464,1.6544,2
10.7780,1.6560,1.6464,1.6560,2
10.7780,1.6560,1.6464,1.6560,2
10.7780,1.6528,1.6464,1.6560,2
10.7780,1.6536,1.6456,1.6560,2
10.7780,1.6504,1.6423,1.6560,2
10.7780,1.6504,1.6432,1.6552,2
10.7780,1.6504,1.6440,1.6552,2
10.7780,1.6520,1.6448,1.6560,2
10.7780,1.6496,1.6448,1.6552,2
10.7780,1.6488,1.6456,1.6544,2
10.7780,1.6464,1.6464,1.6536,2
10.7780,1.6504,1.6464,1.6520,2
10.7780,1.6512,1.6464,1.6512,2
10.7780,1.6480,1.6464,1.6512,2
10.7780,1.6504,1.6480,1.6512,2
10.8254,1.6399,1.6480,1.6512,2
10.8254,1.6407,1.6472,1.6512,2
10.8254,1.6375,1.6464,1.6504,2
10.8254,1.6415,1.6456,1.6496,2
10.8254,1.6440,1.6456,1.6504,2
10.8254,1.6440,1.6456,1.6504,2
10.8254,1.6407,1.6456,1.6520,2
10.8254,1.6423,1.6456,1.6520,2
10.8254,1.6432,1.6448,1.6504,2
10.8254,1.6440,1.6440,1.6496,2
10.8254,1.6544,1.6432,1.6496,2
10.8254,1.6544,1.6432,1.6496,2
10.8254,1.6536,1.6440,1.6496,2
10.8254,1.6496,1.6448,1.6504,2
10.8254,1.6456,1.6448,1.6488,2
10.8254,1.6464,1.6448,1.6480,2
10.8254,1.6472,1.6456,1.6480,2
10.8254,1.6472,1.6464,1.6480,2
10.8254,1.6480,1.6472,1.6488,2
10.8254,1.6488,1.6472,1.6496,2
10.8254,1.6488,1.6472,1.6496,2
10.8254,1.6472,1.6472,1.6504,2
10.8254,1.6496,1.6480,1.6504,2
10.8254,1.6520,1.6472,1.6496,2
10.8254,1.6544,1.6472,1.6504,2
10.8254,1.6544,1.6464,1.6504,2
10.8254,1.6544,1.6464,1.6504,2
10.8254,1.6544,1.6464,1.6504,2
10.8254,1.6520,1.6456,1.6496,2
10.8254,1.6520,1.6456,1.6496,2
10.8254,1.6488,1.6464,1.6464,2
10.8254,1.6375,1.6464,1.6456,2
10.8254,1.6343,1.6464,1.6432,2
10.8254,1.6351,1.6464,1.6432,2
10.8254,1.6367,1.6472,1.6448,2
10.8254,1.6391,1.6472,1.6448,2
10.8254,1.6407,1.6472,1.6448,2
10.8254,1.6423,1.6472,1.6448,2
10.8254,1.6440,1.6464,1.6464,2
10.8254,1.6440,1.6472,1.6464,2
10.8254,1.6456,1.6464,1.6504,2
10.8254,1.6552,1.6472,1.6512,2
10.8254,1.6585,1.6472,1.6520,2
10.8254,1.6585,1.6472,1.6528,2
10.8254,1.6577,1.6464,1.6528,2
10.8254,1.6536,1.6480,1.6528,2
10.8254,1.6520,1.6472,1.6520,2
10.8254,1.6480,1.6464,1.6496,2
10.8254,1.6472,1.6472,1.6480,2
10.8254,1.6440,1.6464,1.6480,2
10.8254,1.6448,1.6472,1.6456,2
10.8254,1.6512,1.6440,1.6456,2
10.8254,1.6496,1.6448,1.6456,2
10.8254,1.6488,1.6440,1.6456,2
10.8254,1.6448,1.6448,1.6448,2
10.8254,1.6488,1.6423,1.6448,2
10.8254,1.6472,1.6432,1.6440,2
10.8254,1.6480,1.6448,1.6456,2
10.8254,1.6496,1.6448,1.6472,2
10.8254,1.6504,1.6448,1.6464,2
10.8254,1.6480,1.6448,1.6488,2
10.8254,1.6440,1.6472,1.6488,2
10.8254,1.6432,1.6464,1.6480,2
10.8254,1.6359,1.6480,1.6488,2
10.8254,1.6415,1.6472,1.6480,2
10.8254,1.6415,1.6480,1.6488,2
10.8254,1.6440,1.6488,1.6504,2
10.8254,1.6464,1.6488,1.6504,2
10.8254,1.6472,1.6488,1.6496,2
10.8254,1.6480,1.6480,1.6504,2
10.8254,1.6496,1.6488,1.6504,2
10.8254,1.6488,1.6496,1.6504,2
10.8254,1.6496,1.6488,1.6512,2
10.8254,1.6577,1.6472,1.6512,2
10.8254,1.6552,1.6480,1.6504,2
10.8254,1.6512,1.6480,1.6504,2
10.8254,1.6488,1.6480,1.6488,2
10.8254,1.6472,1.6472,1.6488,2
10.8254,1.6456,1.6472,1.6488,2
10.8254,1.6464,1.6480,1.6488,2
10.8254,1.6464,1.6472,1.6488,2
10.8254,1.6480,1.6480,1.6488,2
10.8254,1.6472,1.6464,1.6496,2
10.8254,1.6448,1.6480,1.6480,2
10.8254,1.6585,1.6488,1.6472,2
10.8254,1.6568,1.6496,1.6456,2
10.8254,1.6536,1.6496,1.6464,2
10.8254,1.6528,1.6504,1.6448,2
10.8254,1.6512,1.6520,1.6440,2
10.8254,1.6504,1.6536,1.6423,2
10.8254,1.6504,1.6544,1.6432,2
10.8254,1.6488,1.6552,1.6432,2
10.8254,1.6512,1.6577,1.6415,2
10.8254,1.6512,1.6560,1.6432,2
10.8254,1.6359,1.6528,1.6432,2
10.8732,1.6407,1.6504,1.6440,2
10.8732,1.6480,1.6520,1.6440,2
10.8732,1.6504,1.6504,1.6448,2
10.8732,1.6528,1.6496,1.6472,2
10.8732,1.6512,1.6496,1.6480,2
10.8732,1.6496,1.6488,1.6456,2
10.8732,1.6504,1.6464,1.6440,2
10.8732,1.6383,1.6488,1.6432,2
10.8732,1.6423,1.6488,1.6432,2
10.8732,1.6448,1.6512,1.6423,2
10.8732,1.6440,1.6520,1.6432,2
10.8732,1.6504,1.6512,1.6432,2
10.8732,1.6512,1.6512,1.6432,2
10.8732,1.6480,1.6512,1.6407,2
10.8732,1.6512,1.6496,1.6391,2
10.8732,1.6528,1.6488,1.6391,2
10.8732,1.6496,1.6504,1.6399,2
10.8732,1.6609,1.6480,1.6399,2
10.8732,1.6585,1.6480,1.6407,2
10.8732,1.6568,1.6448,1.6407,2
10.8732,1.6585,1.6456,1.6407,2
10.8732,1.6496,1.6464,1.6407,2
10.8732,1.6512,1.6472,1.6399,2
10.8732,1.6544,1.6472,1.6407,2
10.8732,1.6544,1.6512,1.6407,2
10.8732,1.6528,1.6504,1.6423,2
10.8732,1.6544,1.6504,1.6415,2
10.8732,1.6552,1.6504,1.6415,2
10.8732,1.6552,1.6512,1.6391,2
10.8732,1.6560,1.6536,1.6391,2
10.8732,1.6520,1.6520,1.6383,2
10.8732,1.6488,1.6512,1.6383,2
10.8732,1.6448,1.6512,1.6383,2
10.8732,1.6456,1.6512,1.6375,2
10.8732,1.6456,1.6464,1.6375,2
10.8732,1.6464,1.6472,1.6375,2
10.8732,1.6472,1.6472,1.6375,2
10.8732,1.6456,1.6480,1.6375,2
10.8732,1.6464,1.6472,1.6391,2
10.8732,1.6464,1.6472,1.6399,2
10.8732,1.6504,1.6480,1.6383,2
10.8732,1.6504,1.6496,1.6383,2
10.8732,1.6528,1.6472,1.6383,2
10.8732,1.6512,1.6480,1.6375,2
10.8732,1.6528,1.6472,1.6375,2
10.8732,1.6528,1.6496,1.6359,2
10.8732,1.6528,1.6488,1.6359,2
10.8732,1.6560,1.6480,1.6367,2
10.8732,1.6560,1.6472,1.6359,2
10.8732,1.6568,1.6472,1.6351,2
10.8732,1.6568,1.6472,1.6359,2
10.8732,1.6472,1.6464,1.6367,2
10.8732,1.6496,1.6488,1.6375,2
10.8732,1.6488,1.6480,1.6399,2
10.8732,1.6472,1.6480,1.6415,2
10.8732,1.6504,1.6464,1.6440,2
10.8732,1.6512,1.6472,1.6448,2
10.8732,1.6472,1.6488,1.6456,2
10.8732,1.6464,1.6496,1.6456,2
10.8732,1.6448,1.6496,1.6472,2
10.8732,1.6440,1.6520,1.6480,2
10.8732,1.6544,1.6512,1.6480,2
10.8732,1.6528,1.6496,1.6472,2
10.8732,1.6512,1.6496,1.6456,2
10.8732,1.6520,1.6512,1.6423,2
10.8732,1.6488,1.6464,1.6423,2
10.8732,1.6480,1.6480,1.6407,2
10.8732,1.6512,1.6464,1.6415,2
10.8732,1.6834,1.6464,1.6432,2
10.8732,1.6778,1.6464,1.6440,2
10.8732,1.6738,1.6456,1.6448,2
10.8732,1.6722,1.6464,1.6448,2
10.8732,1.6681,1.6464,1.6456,2
10.8732,1.6689,1.6464,1.6480,2
10.8732,1.6601,1.6456,1.6504,2
10.8732,1.6633,1.6512,1.6512,2
10.8732,1.6641,1.6496,1.6520,2
10.8732,1.6617,1.6504,1.6528,2
10.8732,1.6286,1.6496,1.6520,2
10.8732,1.6343,1.6504,1.6520,2
10.8732,1.6415,1.6496,1.6528,2
10.8732,1.6456,1.6504,1.6536,2
10.8732,1.6504,1.6512,1.6536,2
10.8732,1.6544,1.6520,1.6544,2
10.8732,1.6633,1.6520,1.6544,2
10.8732,1.6625,1.6488,1.6536,2
10.8732,1.6633,1.6496,1.6552,2
10.8732,1.6657,1.6488,1.6536,2
10.8732,1.6681,1.6496,1.6544,2
10.8732,1.6689,1.6488,1.6536,2
10.8732,1.6657,1.6496,1.6528,2
10.8732,1.6641,1.6496,1.6528,2
10.8732,1.6633,1.6488,1.6520,2
10.8732,1.6625,1.6496,1.6520,2
10.8732,1.6641,1.6512,1.6520,2
10.9206,1.6609,1.6528,1.6520,2
10.9206,1.6593,1.6528,1.6528,2
10.9206,1.6552,1.6528,1.6528,2
10.9206,1.6520,1.6544,1.6512,2
10.9206,1.6504,1.6528,1.6512,2
10.9206,1.6512,1.6512,1.6488,2
10.9206,1.6504,1.6520,1.6480,2
10.9206,1.6504,1.6520,1.6464,2
10.9206,1.6488,1.6512,1.6456,2
10.9206,1.6480,1.6512,1.6440,2
10.9206,1.6504,1.6512,1.6432,2
10.9206,1.6536,1.6504,1.6415,2
10.9206,1.6528,1.6504,1.6423,2
10.9206,1.6528,1.6488,1.6440,2
10.9206,1.6504,1.6496,1.6456,2
10.9206,1.6488,1.6496,1.6480,2
10.9206,1.6496,1.6504,1.6488,2
10.9206,1.6488,1.6512,1.6504,2
10.9206,1.6472,1.6512,1.6496,2
10.9206,1.6472,1.6520,1.6504,2
10.9206,1.6480,1.6520,1.6496,2
10.9206,1.6472,1.6520,1.6504,2
10.9206,1.6496,1.6520,1.6504,2
10.9206,1.6528,1.6520,1.6488,2
10.9206,1.6552,1.6512,1.6480,2
10.9206,1.6568,1.6512,1.6472,2
10.9206,1.6552,1.6504,1.6472,2
10.9206,1.6560,1.6496,1.6464,2
10.9206,1.6544,1.6496,1.6464,2
10.9206,1.6536,1.6488,1.6440,2
10.9206,1.6528,1.6480,1.6448,2
10.9206,1.6520,1.6504,1.6448,2
10.9206,1.6520,1.6496,1.6423,2
10.9206,1.6520,1.6496,1.6440,2
10.9206,1.6528,1.6504,1.6440,2
10.9206,1.6528,1.6512,1.6440,2
10.9206,1.6536,1.6520,1.6423,2
10.9206,1.6512,1.6520,1.6432,2
10.9206,1.6552,1.6520,1.6423,2
10.9206,1.6536,1.6536,1.6448,2
10.9206,1.6512,1.6536,1.6448,2
10.9206,1.6504,1.6512,1.6448,2
10.9206,1.6480,1.6528,1.6464,2
10.9206,1.6480,1.6520,1.6448,2
10.9206,1.6472,1.6520,1.6456,2
10.9206,1.6480,1.6512,1.6448,2
10.9206,1.6456,1.6520,1.6407,2
10.9206,1.6496,1.6520,1.6415,2
10.9206,1.6496,1.6512,1.6440,2
10.9206,1.6528,1.6488,1.6440,2
10.9206,1.6544,1.6488,1.6448,2
10.9206,1.6512,1.6496,1.6448,2
10.9206,1.6520,1.6496,1.6456,2
10.9206,1.6480,1.6488,1.6472,2
10.9206,1.6488,1.6488,1.6472,2
10.9206,1.6464,1.6504,1.6480,2
10.9206,1.6472,1.6520,1.6536,2
10.9206,1.6456,1.6512,1.6528,2
10.9206,1.6456,1.6520,1.6520,2
10.9206,1.6407,1.6544,1.6512,2
10.9206,1.6415,1.6552,1.6496,2
10.9206,1.6464,1.6560,1.6496,2
10.9206,1.6480,1.6577,1.6488,2
10.9206,1.6496,1.6593,1.6472,2
10.9206,1.6488,1.6601,1.6464,2
10.9206,1.6504,1.6577,1.6456,2
10.9206,1.6528,1.6552,1.6472,2
10.9206,1.6520,1.6560,1.6464,2
10.9206,1.6512,1.6560,1.6472,2
10.9206,1.6528,1.6536,1.6472,2
10.9206,1.6544,1.6528,1.6496,2
10.9206,1.6504,1.6520,1.6496,2
10.9206,1.6496,1.6512,1.6496,2
10.9206,1.6544,1.6496,1.6512,2
10.9206,1.6544,1.6488,1.6488,2
10.9206,1.6552,1.6512,1.6480,2
10.9206,1.6552,1.6520,1.6464,2
10.9206,1.6552,1.6520,1.6456,2
10.9206,1.6520,1.6520,1.6440,2
10.9206,1.6472,1.6552,1.6440,2
10.9206,1.6448,1.6552,1.6448,2
10.9206,1.6464,1.6552,1.6456,2
10.9206,1.6480,1.6552,1.6456,2
10.9206,1.6440,1.6560,1.6464,2
10.9206,1.6456,1.6560,1.6488,2
10.9206,1.6440,1.6536,1.6504,2
10.9206,1.6440,1.6528,1.6512,2
10.9206,1.6448,1.6520,1.6528,2
10.9206,1.6496,1.6512,1.6536,2
10.9206,1.6536,1.6496,1.6536,2
10.9206,1.6544,1.6488,1.6528,2
10.9206,1.6528,1.6488,1.6520,2
10.9206,1.6504,1.6480,1.6520,2
10.9206,1.6520,1.6480,1.6512,2
10.9206,1.6520,1.6472,1.6512,2
10.9684,1.6528,1.6480,1.6496,2
10.9684,1.6504,1.6480,1.6488,2
10.9684,1.6496,1.6472,1.6480,2
10.9684,1.6456,1.6488,1.6480,2
10.9684,1.6472,1.6504,1.6472,2
10.9684,1.6464,1.6496,1.6464,2
10.9684,1.6472,1.6488,1.6472,2
10.9684,1.6488,1.6488,1.6464,2
10.9684,1.6464,1.6480,1.6472,2
10.9684,1.6448,1.6488,1.6472,2
10.9684,1.6448,1.6496,1.6480,2
10.9684,1.6472,1.6504,1.6488,2
10.9684,1.6472,1.6504,1.6496,2
10.9684,1.6488,1.6480,1.6480,2
10.9684,1.6480,1.6464,1.6488,2
10.9684,1.6488,1.6464,1.6504,2
10.9684,1.6480,1.6464,1.6504,2
10.9684,1.6480,1.6464,1.6512,2
10.9684,1.6456,1.6464,1.6520,2
10.9684,1.6456,1.6464,1.6520,2
10.9684,1.6464,1.6448,1.6528,2
10.9684,1.6440,1.6440,1.6528,2
10.9684,1.6448,1.6440,1.6536,2
10.9684,1.6456,1.6448,1.6552,2
10.9684,1.6456,1.6448,1.6560,2
10.9684,1.6488,1.6456,1.6552,2
10.9684,1.6504,1.6456,1.6552,2
10.9684,1.6504,1.6472,1.6552,2
10.9684,1.6544,1.6472,1.6544,2
10.9684,1.6552,1.6472,1.6528,2
10.9684,1.6536,1.6472,1.6520,2
10.9684,1.6536,1.6480,1.6504,2
10.9684,1.6536,1.6504,1.6496,2
10.9684,1.6544,1.6520,1.6480,2
10.9684,1.6568,1.6512,1.6472,2
10.9684,1.6544,1.6512,1.6456,2
10.9684,1.6528,1.6528,1.6448,2
10.9684,1.6520,1.6512,1.6440,2
10.9684,1.6528,1.6512,1.6432,2
10.9684,1.6512,1.6504,1.6432,2
10.9684,1.6504,1.6512,1.6423,2
10.9684,1.6520,1.6496,1.6440,2
10.9684,1.6504,1.6488,1.6432,2
10.9684,1.6480,1.6472,1.6448,2
10.9684,1.6440,1.6472,1.6456,2
10.9684,1.6432,1.6488,1.6472,2
10.9684,1.6367,1.6480,1.6472,2
10.9684,1.6407,1.6480,1.6464,2
10.9684,1.6391,1.6480,1.6472,2
10.9684,1.6423,1.6488,1.6488,2
10.9684,1.6448,1.6488,1.6480,2
10.9684,1.6448,1.6504,1.6464,2
10.9684,1.6875,1.6528,1.6456,2
10.9684,1.6851,1.6528,1.6448,2
10.9684,1.6826,1.6536,1.6440,2
10.9684,1.6794,1.6536,1.6440,2
10.9684,1.6851,1.6536,1.6423,2
10.9684,1.6794,1.6536,1.6415,2
10.9684,1.6778,1.6544,1.6399,2
10.9684,1.6754,1.6544,1.6383,2
10.9684,1.6738,1.6544,1.6383,2
10.9684,1.6730,1.6536,1.6399,2
10.9684,1.6303,1.6520,1.6423,2
10.9684,1.6343,1.6520,1.6407,2
10.9684,1.6367,1.6504,1.6407,2
10.9684,1.6407,1.6496,1.6391,2
10.9684,1.6407,1.6504,1.6415,2
10.9684,1.6423,1.6496,1.6440,2
10.9684,1.6480,1.6488,1.6456,2
10.9684,1.6472,1.6496,1.6448,2
10.9684,1.6496,1.6496,1.6448,2
10.9684,1.6528,1.6496,1.6456,2
10.9684,1.6544,1.6504,1.6448,2
10.9684,1.6560,1.6488,1.6464,2
10.9684,1.6585,1.6488,1.6464,2
10.9684,1.6585,1.6480,1.6472,2
10.9684,1.6617,1.6488,1.6480,2
10.9684,1.6641,1.6488,1.6472,2
10.9684,1.6609,1.6480,1.6472,2
10.9684,1.6617,1.6472,1.6496,2
10.9684,1.6601,1.6488,1.6496,2
10.9684,1.6568,1.6496,1.6504,2
10.9684,1.6552,1.6488,1.6512,2
10.9684,1.6544,1.6496,1.6512,2
10.9684,1.6552,1.6512,1.6512,2
10.9684,1.6415,1.6504,1.6520,2
10.9684,1.6391,1.6520,1.6520,2
10.9684,1.6359,1.6520,1.6520,2
10.9684,1.6440,1.6528,1.6528,2
10.9684,1.6423,1.6528,1.6528,2
10.9684,1.6448,1.6512,1.6528,2
10.9684,1.6440,1.6504,1.6520,2
10.9684,1.6448,1.6496,1.6520,2
10.9684,1.6423,1.6488,1.6520,2
10.9684,1.6391,1.6480,1.6520,2
10.9684,1.6496,1.6480,1.6528,2
11.0159,1.6496,1.6456,1.6520,2
11.0159,1.6496,1.6456,1.6528,2
11.0159,1.6415,1.6448,1.6528,2
11.0159,1.6295,1.6448,1.6528,2
11.0159,1.6295,1.6472,1.6544,2
11.0159,1.6319,1.6464,1.6536,2
11.0159,1.6343,1.6488,1.6528,2
11.0159,1.6367,1.6496,1.6536,2
11.0159,1.6391,1.6496,1.6544,2
11.0159,1.6423,1.6496,1.6544,2
11.0159,1.6448,1.6504,1.6552,2
11.0159,1.6464,1.6512,1.6552,2
11.0159,1.6472,1.6496,1.6544,2
11.0159,1.6609,1.6504,1.6536,2
11.0159,1.6577,1.6504,1.6528,2
11.0159,1.6544,1.6504,1.6528,2
11.0159,1.6512,1.6552,1.6593,2
11.0159,1.6472,1.6544,1.6568,2
11.0159,1.6391,1.6520,1.6560,2
11.0159,1.6359,1.6512,1.6552,2
11.0159,1.6343,1.6504,1.6544,2
11.0159,1.6359,1.6496,1.6544,2
11.0159,1.6351,1.6528,1.6544,2
11.0159,1.6335,1.6512,1.6552,2
11.0159,1.6351,1.6496,1.6552,2
11.0159,1.6359,1.6488,1.6560,2
11.0159,1.6359,1.6423,1.6488,2
11.0159,1.6375,1.6432,1.6512,2
11.0159,1.6448,1.6448,1.6520,2
11.0159,1.6472,1.6472,1.6520,2
11.0159,1.6488,1.6472,1.6520,2
11.0159,1.6464,1.6488,1.6520,2
11.0159,1.6464,1.6480,1.6528,2
11.0159,1.6488,1.6488,1.6528,2
11.0159,1.6480,1.6488,1.6528,2
11.0159,1.6456,1.6512,1.6512,2
11.0159,1.6456,1.6528,1.6528,2
11.0159,1.6464,1.6528,1.6528,2
11.0159,1.6367,1.6520,1.6520,2
11.0159,1.6367,1.6528,1.6528,2
11.0159,1.6383,1.6520,1.6528,2
11.0159,1.6391,1.6512,1.6528,2
11.0159,1.6383,1.6504,1.6528,2
11.0159,1.6367,1.6504,1.6528,2
11.0159,1.6367,1.6496,1.6528,2
11.0159,1.6722,1.6480,1.6536,2
11.0159,1.6746,1.6472,1.6528,2
11.0159,1.6714,1.6472,1.6528,2
11.0159,1.6802,1.6480,1.6528,2
11.0159,1.6794,1.6480,1.6528,2
11.0159,1.6730,1.6472,1.6520,2
11.0159,1.6705,1.6472,1.6520,2
11.0159,1.6705,1.6480,1.6520,2
11.0159,1.6697,1.6472,1.6512,2
11.0159,1.6705,1.6496,1.6504,2
11.0159,1.6391,1.6496,1.6496,2
11.0159,1.6391,1.6504,1.6496,2
11.0159,1.6456,1.6504,1.6496,2
11.0159,1.6512,1.6520,1.6496,2
11.0159,1.6544,1.6528,1.6488,2
11.0159,1.6585,1.6528,1.6488,2
11.0159,1.6617,1.6536,1.6480,2
11.0159,1.6657,1.6520,1.6480,2
11.0159,1.6722,1.6512,1.6480,2
11.0159,1.6730,1.6504,1.6480,2
11.0159,1.6722,1.6504,1.6480,2
11.0159,1.6722,1.6504,1.6472,2
11.0159,1.6714,1.6512,1.6472,2
11.0159,1.6697,1.6488,1.6464,2
11.0159,1.6714,1.6480,1.6480,2
11.0159,1.6722,1.6488,1.6472,2
11.0159,1.6705,1.6488,1.6472,2
11.0159,1.6657,1.6496,1.6464,2
11.0159,1.6617,1.6520,1.6456,2
11.0159,1.6609,1.6536,1.6448,2
11.0159,1.6617,1.6528,1.6464,2
11.0159,1.6609,1.6528,1.6440,2
11.0159,1.6601,1.6528,1.6432,2
11.0159,1.6577,1.6544,1.6423,2
11.0159,1.6544,1.6520,1.6407,2
11.0159,1.6536,1.6528,1.6399,2
11.0159,1.6544,1.6528,1.6399,2
11.0159,1.6544,1.6520,1.6383,2
11.0159,1.6560,1.6504,1.6391,2
11.0159,1.6568,1.6472,1.6391,2
11.0159,1.6552,1.6472,1.6383,2
11.0159,1.6536,1.6456,1.6391,2
11.0159,1.6528,1.6456,1.6407,2
11.0159,1.6504,1.6456,1.6407,2
11.0159,1.6496,1.6472,1.6415,2
11.0159,1.6512,1.6464,1.6407,2
11.0159,1.6504,1.6472,1.6399,2
11.0159,1.6520,1.6496,1.6399,2
11.0159,1.6504,1.6504,1.6391,2
11.0159,1.6512,1.6528,1.6391,2
11.0636,1.6528,1.6552,1.6383,2
11.0636,1.6544,1.6560,1.6399,2
11.0636,1.6552,1.6568,1.6391,2
11.0636,1.6577,1.6560,1.6375,2
11.0636,1.6593,1.6552,1.6367,2
11.0636,1.6560,1.6560,1.6367,2
11.0636,1.6544,1.6536,1.6391,2
11.0636,1.6560,1.6512,1.6399,2
11.0636,1.6552,1.6512,1.6407,2
11.0636,1.6528,1.6488,1.6407,2
11.0636,1.6504,1.6472,1.6415,2
11.0636,1.6496,1.6464,1.6391,2
11.0636,1.6480,1.6440,1.6391,2
11.0636,1.6464,1.6432,1.6399,2
11.0636,1.6391,1.6432,1.6407,2
11.0636,1.6423,1.6440,1.6423,2
11.0636,1.6456,1.6456,1.6415,2
11.0636,1.6423,1.6464,1.6407,2
11.0636,1.6456,1.6464,1.6423,2
11.0636,1.6448,1.6472,1.6432,2
11.0636,1.6472,1.6472,1.6440,2
11.0636,1.6472,1.6480,1.6464,2
11.0636,1.6440,1.6504,1.6448,2
11.0636,1.6480,1.6504,1.6456,2
11.0636,1.6544,1.6512,1.6472,2
11.0636,1.6544,1.6512,1.6472,2
11.0636,1.6520,1.6504,1.6472,2
11.0636,1.6520,1.6496,1.6480,2
11.0636,1.6504,1.6504,1.6472,2
11.0636,1.6504,1.6504,1.6472,2
11.0636,1.6496,1.6504,1.6448,2
11.0636,1.6488,1.6496,1.6432,2
11.0636,1.6512,1.6496,1.6440,2
11.0636,1.6472,1.6504,1.6440,2
11.0636,1.6472,1.6496,1.6432,2
11.0636,1.6456,1.6472,1.6423,2
11.0636,1.6432,1.6472,1.6432,2
11.0636,1.6423,1.6472,1.6440,2
11.0636,1.6367,1.6464,1.6456,2
11.0636,1.6351,1.6464,1.6456,2
11.0636,1.6335,1.6456,1.6472,2
11.0636,1.6359,1.6456,1.6488,2
11.0636,1.6391,1.6456,1.6496,2
11.0636,1.6423,1.6440,1.6504,2
11.0636,1.6407,1.6440,1.6504,2
11.0636,1.6407,1.6440,1.6504,2
11.0636,1.6464,1.6448,1.6504,2
11.0636,1.6496,1.6440,1.6496,2
11.0636,1.6544,1.6448,1.6488,2
11.0636,1.6577,1.6448,1.6480,2
11.0636,1.6601,1.6456,1.6464,2
11.0636,1.6552,1.6456,1.6472,2
11.0636,1.6520,1.6448,1.6456,2
11.0636,1.6480,1.6456,1.6456,2
11.0636,1.6504,1.6456,1.6472,2
11.0636,1.6512,1.6456,1.6472,2
11.0636,1.6480,1.6456,1.6456,2
11.0636,1.6472,1.6464,1.6456,2
11.0636,1.6488,1.6464,1.6472,2
11.0636,1.6472,1.6472,1.6472,2
11.0636,1.6464,1.6480,1.6480,2
11.0636,1.6472,1.6472,1.6488,2
11.0636,1.6464,1.6480,1.6504,2
11.0636,1.6480,1.6472,1.6512,2
11.0636,1.6472,1.6480,1.6512,2
11.0636,1.6472,1.6472,1.6504,2
11.0636,1.6464,1.6472,1.6520,2
11.0636,1.6472,1.6464,1.6520,2
11.0636,1.6464,1.6464,1.6496,2
11.0636,1.6488,1.6448,1.6496,2
11.0636,1.6488,1.6440,1.6504,2
11.0636,1.6512,1.6440,1.6496,2
11.0636,1.6568,1.6432,1.6488,2
11.0636,1.6568,1.6440,1.6480,2
11.0636,1.6536,1.6432,1.6488,2
11.0636,1.6520,1.6440,1.6488,2
11.0636,1.6504,1.6448,1.6472,2
11.0636,1.6488,1.6448,1.6480,2
11.0636,1.6464,1.6448,1.6496,2
11.0636,1.6432,1.6456,1.6488,2
11.0636,1.6407,1.6456,1.6496,2
11.0636,1.6415,1.6472,1.6488,2
11.0636,1.6367,1.6472,1.6488,2
11.0636,1.6367,1.6472,1.6488,2
11.0636,1.6383,1.6472,1.6472,2
11.0636,1.6423,1.6464,1.6472,2
11.0636,1.6440,1.6456,1.6480,2
11.0636,1.6472,1.6464,1.6472,2
11.0636,1.6504,1.6456,1.6464,2
11.0636,1.6504,1.6464,1.6456,2
11.0636,1.6520,1.6456,1.6440,2
11.0636,1.6496,1.6456,1.6448,2
11.0636,1.6552,1.6464,1.6456,2
11.0636,1.6560,1.6456,1.6456,2
11.0636,1.6536,1.6456,1.6464,2
11.1103,1.6520,1.6456,1.6448,2
11.1103,1.6496,1.6456,1.6448,2
11.1103,1.6472,1.6456,1.6448,2
11.1103,1.6456,1.6456,1.6464,2
11.1103,1.6480,1.6448,1.6472,2
11.1103,1.6488,1.6448,1.6488,2
11.1103,1.6472,1.6440,1.6480,2
11.1103,1.6440,1.6432,1.6464,2
11.1103,1.6423,1.6432,1.6464,2
11.1103,1.6456,1.6432,1.6456,2
11.1103,1.6423,1.6440,1.6456,2
11.1103,1.6448,1.6440,1.6472,2
11.1103,1.6448,1.6432,1.6456,2
11.1103,1.6472,1.6440,1.6448,2
11.1103,1.6464,1.6448,1.6448,2
11.1103,1.6464,1.6456,1.6440,2
11.1103,1.6496,1.6464,1.6448,2
11.1103,1.6528,1.6472,1.6464,2
11.1103,1.6512,1.6480,1.6472,2
11.1103,1.6504,1.6480,1.6472,2
11.1103,1.6536,1.6464,1.6488,2
11.1103,1.6536,1.6464,1.6488,2
11.1103,1.6552,1.6480,1.6496,2
11.1103,1.6528,1.6456,1.6504,2
11.1103,1.6512,1.6464,1.6496,2
11.1103,1.6488,1.6464,1.6496,2
11.1103,1.6448,1.6464,1.6480,2
11.1103,1.6440,1.6464,1.6496,2
11.1103,1.6472,1.6464,1.6488,2
11.1103,1.6464,1.6480,1.6496,2
11.1103,1.6456,1.6496,1.6496,2
11.1103,1.6415,1.6488,1.6480,2
11.1103,1.6399,1.6488,1.6488,2
11.1103,1.6407,1.6496,1.6472,2
11.1103,1.6423,1.6488,1.6488,2
11.1103,1.6456,1.6488,1.6480,2
11.1103,1.6504,1.6496,1.6496,2
11.1103,1.6472,1.6488,1.6488,2
11.1103,1.6464,1.6488,1.6496,2
11.1103,1.6464,1.6472,1.6496,2
11.1103,1.6456,1.6472,1.6496,2
11.1103,1.6504,1.6472,1.6512,2
11.1103,1.6488,1.6472,1.6504,2
11.1103,1.6480,1.6472,1.6504,2
11.1103,1.6504,1.6472,1.6504,2
11.1103,1.6464,1.6472,1.6496,2
11.1103,1.6448,1.6472,1.6488,2
11.1103,1.6448,1.6472,1.6504,2
11.1103,1.6423,1.6464,1.6512,2
11.1103,1.6432,1.6472,1.6512,2
11.1103,1.6448,1.6472,1.6504,2
11.1103,1.6423,1.6472,1.6496,2
11.1103,1.6415,1.6472,1.6504,2
11.1103,1.6423,1.6472,1.6512,2
11.1103,1.6391,1.6464,1.6520,2
11.1103,1.6423,1.6464,1.6536,2
11.1103,1.6432,1.6480,1.6528,2
11.1103,1.6440,1.6472,1.6520,2
11.1103,1.6472,1.6472,1.6512,2
11.1103,1.6456,1.6472,1.6512,2
11.1103,1.6415,1.6464,1.6512,2
11.1103,1.6407,1.6464,1.6520,2
11.1103,1.6464,1.6456,1.6512,2
11.1103,1.6464,1.6536,1.6512,2
11.1103,1.6448,1.6536,1.6496,2
11.1103,1.6456,1.6528,1.6504,2
11.1103,1.6448,1.6504,1.6512,2
11.1103,1.6423,1.6496,1.6496,2
11.1103,1.6423,1.6496,1.6488,2
11.1103,1.6456,1.6488,1.6488,2
11.1103,1.6488,1.6488,1.6496,2
11.1103,1.6488,1.6488,1.6488,2
11.1103,1.6464,1.6488,1.6472,2
11.1103,1.6456,1.6415,1.6496,2
11.1103,1.6456,1.6423,1.6504,2
11.1103,1.6415,1.6432,1.6488,2
11.1103,1.6423,1.6456,1.6488,2
11.1103,1.6423,1.6464,1.6488,2
11.1103,1.6407,1.6472,1.6496,2
11.1103,1.6383,1.6472,1.6504,2
11.1103,1.6399,1.6480,1.6488,2
11.1103,1.6391,1.6488,1.6488,2
11.1103,1.6327,1.6488,1.6488,2
11.1103,1.6335,1.6488,1.6480,2
11.1103,1.6351,1.6496,1.6480,2
11.1103,1.6391,1.6496,1.6472,2
11.1103,1.6399,1.6488,1.6464,2
11.1103,1.6383,1.6488,1.6480,2
11.1103,1.6399,1.6488,1.6472,2
11.1103,1.6407,1.6480,1.6464,2
11.1103,1.6375,1.6480,1.6440,2
11.1103,1.6367,1.6480,1.6440,2
11.1103,1.6423,1.6472,1.6440,2
11.1103,1.6407,1.6472,1.6432,2
11.1550,1.6407,1.6456,1.6432,2
11.1550,1.6375,1.6448,1.6448,2
11.1550,1.6383,1.6440,1.6432,2
11.1550,1.6391,1.6440,1.6423,2
11.1550,1.6383,1.6448,1.6415,2
11.1550,1.6407,1.6440,1.6423,2
11.1550,1.6432,1.6432,1.6432,2
11.1550,1.6448,1.6423,1.6432,2
11.1550,1.6472,1.6415,1.6440,2
11.1550,1.6472,1.6423,1.6448,2
11.1550,1.6448,1.6432,1.6440,2
11.1550,1.6432,1.6432,1.6423,2
11.1550,1.6415,1.6432,1.6432,2
11.1550,1.6423,1.6432,1.6432,2
11.1550,1.6407,1.6440,1.6440,2
11.1550,1.6399,1.6440,1.6440,2
11.1550,1.6383,1.6440,1.6440,2
11.1550,1.6375,1.6448,1.6440,2
11.1550,1.6359,1.6456,1.6415,2
11.1550,1.6375,1.6448,1.6432,2
11.1550,1.6423,1.6440,1.6432,2
11.1550,1.6423,1.6448,1.6448,2
11.1550,1.6423,1.6456,1.6456,2
11.1550,1.6440,1.6440,1.6464,2
11.1550,1.6480,1.6440,1.6464,2
11.1550,1.6407,1.6448,1.6448,2
11.1550,1.6440,1.6448,1.6440,2
11.1550,1.6480,1.6456,1.6440,2
11.1550,1.6480,1.6448,1.6448,2
11.1550,1.6480,1.6448,1.6448,2
11.1550,1.6464,1.6448,1.6456,2
11.1550,1.6488,1.6448,1.6432,2
11.1550,1.6512,1.6440,1.6415,2
11.1550,1.6480,1.6464,1.6399,2
11.1550,1.6472,1.6464,1.6383,2
11.1550,1.6528,1.6464,1.6391,2
11.1550,1.6496,1.6456,1.6399,2
11.1550,1.6472,1.6456,1.6399,2
11.1550,1.6496,1.6456,1.6391,2
11.1550,1.6488,1.6456,1.6375,2
11.1550,1.6440,1.6456,1.6367,2
11.1550,1.6456,1.6448,1.6367,2
11.1550,1.6440,1.6456,1.6375,2
11.1550,1.6464,1.6456,1.6399,2
11.1550,1.6464,1.6448,1.6423,2
11.1550,1.6448,1.6448,1.6440,2
11.1550,1.6423,1.6456,1.6456,2
11.1550,1.6415,1.6448,1.6472,2
11.1550,1.6415,1.6440,1.6464,2
11.1550,1.6407,1.6448,1.6480,2
11.1550,1.6440,1.6448,1.6488,2
11.1550,1.6415,1.6448,1.6488,2
11.1550,1.6448,1.6456,1.6496,2
11.1550,1.6448,1.6448,1.6480,2
11.1550,1.6448,1.6456,1.6456,2
11.1550,1.6480,1.6456,1.6456,2
11.1575,1.6536,1.6456,1.6448,2
11.1575,1.6528,1.6464,1.6432,2
11.1575,1.6528,1.6472,1.6432,2
11.1575,1.6528,1.6472,1.6415,2
11.1575,1.6528,1.6464,1.6407,2
11.1575,1.6520,1.6464,1.6407,2
11.1575,1.6512,1.6448,1.6415,2
11.1575,1.6520,1.6480,1.6415,2
11.1575,1.6536,1.6480,1.6432,2
11.1575,1.6536,1.6472,1.6440,2
11.1575,1.6488,1.6464,1.6448,2
11.1575,1.6504,1.6456,1.6456,2
11.1575,1.6488,1.6448,1.6456,2
11.1575,1.6504,1.6440,1.6456,2
11.1575,1.6528,1.6456,1.6472,2
11.1575,1.6528,1.6448,1.6464,2
11.1575,1.6512,1.6456,1.6472,2
11.1575,1.6512,1.6423,1.6472,2
11.1575,1.6488,1.6432,1.6472,2
11.1575,1.6448,1.6440,1.6464,2
11.1575,1.6456,1.6448,1.6448,2
11.1575,1.6464,1.6448,1.6448,2
11.1575,1.6472,1.6456,1.6448,2
11.1575,1.6399,1.6464,1.6448,2
11.1575,1.6286,1.6456,1.6448,2
11.1575,1.6319,1.6464,1.6464,2
11.1575,1.6697,1.6464,1.6456,2
11.1575,1.6681,1.6464,1.6472,2
11.1575,1.6665,1.6456,1.6464,2
11.1575,1.6649,1.6456,1.6456,2
11.1575,1.6657,1.6448,1.6472,2
11.1575,1.6625,1.6432,1.6480,2
11.1575,1.6625,1.6440,1.6472,2
11.1575,1.6681,1.6432,1.6488,2
11.1575,1.6794,1.6432,1.6464,2
11.1575,1.6762,1.6432,1.6432,2
11.1575,1.6367,1.6423,1.6415,2
11.2053,1.6295,1.6423,1.6399,2
11.2053,1.6311,1.6423,1.6391,2
11.2053,1.6343,1.6423,1.6383,2
11.2053,1.6343,1.6423,1.6375,2
11.2053,1.6391,1.6432,1.6359,2
11.2053,1.6391,1.6432,1.6383,2
11.2053,1.6399,1.6423,1.6383,2
11.2053,1.6415,1.6415,1.6391,2
11.2053,1.6440,1.6415,1.6407,2
11.2053,1.6464,1.6407,1.6415,2
11.2053,1.6536,1.6407,1.6423,2
11.2053,1.6528,1.6399,1.6432,2
11.2053,1.6552,1.6399,1.6432,2
11.2053,1.6504,1.6399,1.6432,2
11.2053,1.6496,1.6399,1.6440,2
11.2053,1.6528,1.6391,1.6415,2
11.2053,1.6504,1.6399,1.6399,2
11.2053,1.6480,1.6399,1.6399,2
11.2053,1.6496,1.6407,1.6399,2
11.2053,1.6488,1.6407,1.6391,2
11.2053,1.6480,1.6399,1.6399,2
11.2053,1.6480,1.6399,1.6383,2
11.2053,1.6818,1.6407,1.6375,2
11.2053,1.6842,1.6407,1.6375,2
11.2053,1.6762,1.6399,1.6375,2
11.2053,1.6697,1.6399,1.6375,2
11.2053,1.6681,1.6407,1.6375,2
11.2053,1.6665,1.6399,1.6375,2
11.2053,1.6625,1.6399,1.6367,2
11.2053,1.6617,1.6399,1.6359,2
11.2053,1.6649,1.6415,1.6351,2
11.2053,1.6641,1.6423,1.6351,2
11.2053,1.6295,1.6423,1.6367,2
11.2053,1.6359,1.6423,1.6359,2
11.2053,1.6415,1.6415,1.6359,2
11.2053,1.6472,1.6415,1.6359,2
11.2053,1.6520,1.6407,1.6359,2
11.2053,1.6536,1.6407,1.6359,2
11.2053,1.6577,1.6407,1.6367,2
11.2053,1.6609,1.6391,1.6367,2
11.2053,1.6633,1.6399,1.6367,2
11.2053,1.6657,1.6391,1.6367,2
11.2053,1.6673,1.6391,1.6359,2
11.2053,1.6681,1.6391,1.6383,2
11.2053,1.6697,1.6407,1.6383,2
11.2053,1.6697,1.6399,1.6383,2
11.2053,1.6697,1.6407,1.6383,2
11.2053,1.6714,1.6407,1.6383,2
11.2053,1.6665,1.6407,1.6367,2
11.2053,1.6657,1.6432,1.6383,2
11.2053,1.6649,1.6448,1.6391,2
11.2053,1.6617,1.6440,1.6399,2
11.2053,1.6609,1.6432,1.6399,2
11.2053,1.6585,1.6432,1.6391,2
11.2053,1.6585,1.6440,1.6407,2
11.2053,1.6544,1.6440,1.6423,2
11.2053,1.6536,1.6464,1.6415,2
11.2053,1.6528,1.6464,1.6432,2
11.2053,1.6552,1.6464,1.6448,2
11.2053,1.6544,1.6456,1.6448,2
11.2053,1.6472,1.6440,1.6456,2
11.2053,1.6472,1.6448,1.6464,2
11.2053,1.6472,1.6464,1.6480,2
11.2053,1.6464,1.6456,1.6488,2
11.2053,1.6432,1.6456,1.6480,2
11.2053,1.6456,1.6464,1.6480,2
11.2053,1.6456,1.6440,1.6472,2
11.2053,1.6456,1.6440,1.6480,2
11.2053,1.6448,1.6448,1.6480,2
11.2053,1.6448,1.6456,1.6480,2
11.2053,1.6528,1.6456,1.6472,2
11.2053,1.6464,1.6456,1.6464,2
11.2053,1.6472,1.6448,1.6407,2
11.2053,1.6472,1.6464,1.6399,2
11.2053,1.6496,1.6472,1.6407,2
11.2053,1.6520,1.6480,1.6415,2
11.2053,1.6512,1.6480,1.6440,2
11.2053,1.6520,1.6480,1.6440,2
11.2053,1.6520,1.6480,1.6456,2
11.2053,1.6407,1.6472,1.6464,2
11.2053,1.6407,1.6480,1.6456,2
11.2053,1.6480,1.6488,1.6480,2
11.2053,1.6464,1.6488,1.6536,2
11.2053,1.6488,1.6480,1.6544,2
11.2053,1.6480,1.6488,1.6544,2
11.2053,1.6448,1.6472,1.6520,2
11.2053,1.6448,1.6472,1.6504,2
11.2053,1.6423,1.6472,1.6488,2
11.2053,1.6391,1.6496,1.6464,2
11.2053,1.6512,1.6496,1.6464,2
11.2053,1.6480,1.6496,1.6472,2
11.2053,1.6496,1.6496,1.6464,2
11.2053,1.6488,1.6496,1.6456,2
11.2053,1.6472,1.6496,1.6456,2
11.2053,1.6464,1.6480,1.6456,2
11.2053,1.6448,1.6480,1.6464,2
11.2053,1.6440,1.6480,1.6456,2
11.2524,1.6464,1.6488,1.6448,2
11.2524,1.6423,1.6472,1.6448,2
11.2524,1.6399,1.6472,1.6448,2
11.2524,1.6391,1.6472,1.6456,2
11.2524,1.6214,1.6472,1.6464,2
11.2524,1.6230,1.6472,1.6464,2
11.2524,1.6238,1.6464,1.6464,2
11.2524,1.6262,1.6480,1.6472,2
11.2524,1.6270,1.6480,1.6480,2
11.2524,1.6262,1.6480,1.6496,2
11.2524,1.6198,1.6480,1.6512,2
11.2524,1.6270,1.6480,1.6520,2
11.2524,1.6303,1.6496,1.6520,2
11.2524,1.6327,1.6488,1.6512,2
11.2524,1.6496,1.6488,1.6512,2
11.2524,1.6488,1.6480,1.6496,2
11.2524,1.6472,1.6488,1.6488,2
11.2524,1.6440,1.6472,1.6488,2
11.2524,1.6440,1.6472,1.6496,2
11.2524,1.6448,1.6472,1.6488,2
11.2524,1.6512,1.6464,1.6480,2
11.2524,1.6480,1.6464,1.6480,2
11.2524,1.6440,1.6440,1.6472,2
11.2524,1.6423,1.6448,1.6464,2
11.2524,1.6383,1.6448,1.6464,2
11.2524,1.6351,1.6456,1.6488,2
11.2524,1.6359,1.6472,1.6504,2
11.2524,1.6399,1.6480,1.6504,2
11.2524,1.6407,1.6488,1.6496,2
11.2524,1.6391,1.6488,1.6512,2
11.2524,1.6319,1.6488,1.6520,2
11.2524,1.6311,1.6472,1.6528,2
11.2524,1.6335,1.6472,1.6528,2
11.2524,1.6351,1.6464,1.6528,2
11.2524,1.6375,1.6464,1.6520,2
11.2524,1.6407,1.6456,1.6512,2
11.2524,1.6423,1.6432,1.6496,2
11.2524,1.6423,1.6432,1.6496,2
11.2524,1.6440,1.6432,1.6488,2
11.2524,1.6448,1.6432,1.6488,2
11.2524,1.6536,1.6440,1.6488,2
11.2524,1.6560,1.6440,1.6496,2
11.2524,1.6577,1.6448,1.6480,2
11.2524,1.6560,1.6456,1.6472,2
11.2524,1.6585,1.6440,1.6464,2
11.2524,1.6577,1.6448,1.6448,2
11.2524,1.6552,1.6456,1.6440,2
11.2524,1.6552,1.6456,1.6440,2
11.2524,1.6552,1.6464,1.6456,2
11.2524,1.6560,1.6464,1.6440,2
11.2524,1.6536,1.6464,1.6448,2
11.2524,1.6536,1.6456,1.6448,2
11.2524,1.6536,1.6456,1.6464,2
11.2524,1.6536,1.6448,1.6472,2
11.2524,1.6528,1.6464,1.6480,2
11.2524,1.6528,1.6464,1.6480,2
11.2524,1.6496,1.6464,1.6488,2
11.2524,1.6480,1.6456,1.6472,2
11.2524,1.6480,1.6456,1.6456,2
11.2524,1.6472,1.6456,1.6448,2
11.2524,1.6488,1.6448,1.6440,2
11.2524,1.6488,1.6448,1.6423,2
11.2524,1.6480,1.6448,1.6415,2
11.2524,1.6472,1.6448,1.6415,2
11.2524,1.6456,1.6448,1.6423,2
11.2524,1.6472,1.6448,1.6440,2
11.2524,1.6512,1.6456,1.6432,2
11.2524,1.6528,1.6456,1.6432,2
11.2524,1.6512,1.6456,1.6423,2
11.2524,1.6520,1.6456,1.6432,2
11.2524,1.6504,1.6448,1.6415,2
11.2524,1.6504,1.6456,1.6432,2
11.2524,1.6504,1.6464,1.6440,2
11.2524,1.6520,1.6464,1.6432,2
11.2524,1.6536,1.6464,1.6407,2
11.2524,1.6504,1.6464,1.6391,2
11.2524,1.6512,1.6456,1.6391,2
11.2524,1.6528,1.6448,1.6407,2
11.2524,1.6536,1.6440,1.6423,2
11.2524,1.6512,1.6440,1.6432,2
11.2524,1.6520,1.6448,1.6448,2
11.2524,1.6625,1.6448,1.6448,2
11.2524,1.6617,1.6456,1.6440,2
11.2524,1.6609,1.6456,1.6456,2
11.2524,1.6593,1.6456,1.6472,2
11.2524,1.6601,1.6464,1.6464,2
11.2524,1.6577,1.6464,1.6480,2
11.2524,1.6552,1.6472,1.6480,2
11.2524,1.6544,1.6488,1.6472,2
11.2524,1.6568,1.6480,1.6472,2
11.2524,1.6577,1.6472,1.6472,2
11.2524,1.6472,1.6472,1.6456,2
11.2524,1.6496,1.6456,1.6464,2
11.2524,1.6480,1.6456,1.6464,2
11.2988,1.6512,1.6456,1.6472,2
11.2988,1.6512,1.6464,1.6488,2
11.2988,1.6536,1.6456,1.6488,2
11.2988,1.6520,1.6456,1.6496,2
11.2988,1.6536,1.6456,1.6496,2
11.2988,1.6544,1.6456,1.6504,2
11.2988,1.6568,1.6464,1.6504,2
11.2988,1.6560,1.6472,1.6512,2
11.2988,1.6536,1.6480,1.6512,2
11.2988,1.6577,1.6480,1.6504,2
11.2988,1.6577,1.6480,1.6488,2
11.2988,1.6585,1.6472,1.6496,2
11.2988,1.6585,1.6480,1.6496,2
11.2988,1.6593,1.6480,1.6504,2
11.2988,1.6633,1.6488,1.6504,2
11.2988,1.6649,1.6488,1.6512,2
11.2988,1.6641,1.6488,1.6512,2
11.2988,1.6641,1.6480,1.6512,2
11.2988,1.6633,1.6480,1.6496,2
11.2988,1.6593,1.6480,1.6504,2
11.2988,1.6560,1.6480,1.6520,2
11.2988,1.6560,1.6480,1.6520,2
11.2988,1.6560,1.6472,1.6512,2
11.2988,1.6577,1.6472,1.6512,2
11.2988,1.6520,1.6472,1.6512,2
11.2988,1.6512,1.6480,1.6512,2
11.2988,1.6496,1.6488,1.6520,2
11.2988,1.6480,1.6496,1.6528,2
11.2988,1.6520,1.6496,1.6536,2
11.2988,1.6536,1.6504,1.6520,2
11.2988,1.6552,1.6504,1.6520,2
11.2988,1.6552,1.6496,1.6520,2
11.2988,1.6536,1.6504,1.6520,2
11.2988,1.6560,1.6496,1.6496,2
11.2988,1.6560,1.6496,1.6496,2
11.2988,1.6577,1.6480,1.6480,2
11.2988,1.6585,1.6472,1.6464,2
11.2988,1.6609,1.6464,1.6456,2
11.2988,1.6641,1.6464,1.6464,2
11.2988,1.6568,1.6464,1.6472,2
11.2988,1.6568,1.6464,1.6456,2
11.2988,1.6560,1.6472,1.6464,2
11.2988,1.6568,1.6488,1.6472,2
11.2988,1.6520,1.6496,1.6496,2
11.2988,1.6520,1.6496,1.6504,2
11.2988,1.6480,1.6504,1.6496,2
11.2988,1.6480,1.6504,1.6504,2
11.2988,1.6480,1.6512,1.6504,2
11.2988,1.6464,1.6512,1.6504,2
11.2988,1.6544,1.6512,1.6496,2
11.2988,1.6552,1.6504,1.6512,2
11.2988,1.6552,1.6504,1.6512,2
11.2988,1.6544,1.6496,1.6496,2
11.2988,1.6577,1.6488,1.6480,2
11.2988,1.6617,1.6480,1.6472,2
11.2988,1.6625,1.6488,1.6488,2
11.2988,1.6617,1.6488,1.6488,2
11.2988,1.6609,1.6488,1.6488,2
11.2988,1.6577,1.6528,1.6480,2
11.2988,1.6585,1.6528,1.6472,2
11.2988,1.6577,1.6528,1.6472,2
11.2988,1.6544,1.6520,1.6464,2
11.2988,1.6585,1.6528,1.6472,2
11.2988,1.6577,1.6528,1.6472,2
11.2988,1.6842,1.6536,1.6472,2
11.2988,1.6802,1.6528,1.6456,2
11.2988,1.6770,1.6544,1.6456,2
11.2988,1.6754,1.6544,1.6456,2
11.2988,1.6738,1.6520,1.6464,2
11.2988,1.6714,1.6528,1.6480,2
11.2988,1.6722,1.6536,1.6480,2
11.2988,1.6754,1.6544,1.6488,2
11.2988,1.6730,1.6528,1.6488,2
11.2988,1.6738,1.6528,1.6488,2
11.2988,1.6440,1.6536,1.6488,2
11.2988,1.6504,1.6544,1.6488,2
11.2988,1.6560,1.6528,1.6488,2
11.2988,1.6585,1.6528,1.6512,2
11.2988,1.6633,1.6528,1.6512,2
11.2988,1.6665,1.6520,1.6504,2
11.2988,1.6681,1.6520,1.6512,2
11.2988,1.6681,1.6512,1.6512,2
11.2988,1.6705,1.6528,1.6512,2
11.2988,1.6714,1.6536,1.6520,2
11.2988,1.6714,1.6536,1.6520,2
11.2988,1.6617,1.6536,1.6528,2
11.2988,1.6593,1.6544,1.6520,2
11.2988,1.6601,1.6536,1.6512,2
11.2988,1.6601,1.6528,1.6520,2
11.2988,1.6593,1.6528,1.6520,2
11.2988,1.6593,1.6520,1.6512,2
11.2988,1.6601,1.6520,1.6512,2
11.2988,1.6560,1.6512,1.6512,2
11.2988,1.6544,1.6512,1.6520,2
11.3464,1.6432,1.6512,1.6520,2
11.3464,1.6504,1.6504,1.6536,2
11.3464,1.6448,1.6504,1.6536,2
11.3464,1.6456,1.6504,1.6544,2
11.3464,1.6423,1.6496,1.6544,2
11.3464,1.6391,1.6496,1.6536,2
11.3464,1.6359,1.6512,1.6536,2
11.3464,1.6359,1.6520,1.6544,2
11.3464,1.6359,1.6512,1.6544,2
11.3464,1.6367,1.6504,1.6552,2
11.3464,1.6399,1.6504,1.6552,2
11.3464,1.6399,1.6504,1.6552,2
11.3464,1.6448,1.6504,1.6544,2
11.3464,1.6423,1.6504,1.6536,2
11.3464,1.6415,1.6512,1.6536,2
11.3464,1.6448,1.6512,1.6552,2
11.3464,1.6456,1.6512,1.6544,2
11.3464,1.6432,1.6504,1.6544,2
11.3464,1.6440,1.6512,1.6536,2
11.3464,1.6423,1.6504,1.6512,2
11.3464,1.6480,1.6496,1.6520,2
11.3464,1.6464,1.6512,1.6520,2
11.3464,1.6464,1.6504,1.6528,2
11.3464,1.6391,1.6512,1.6528,2
11.3464,1.6399,1.6496,1.6520,2
11.3464,1.6383,1.6512,1.6520,2
11.3464,1.6399,1.6496,1.6528,2
11.3464,1.6423,1.6504,1.6528,2
11.3464,1.6423,1.6512,1.6528,2
11.3464,1.6480,1.6520,1.6536,2
11.3464,1.6456,1.6544,1.6536,2
11.3464,1.6496,1.6528,1.6520,2
11.3464,1.6504,1.6536,1.6520,2
11.3464,1.6601,1.6528,1.6528,2
11.3464,1.6609,1.6528,1.6536,2
11.3464,1.6528,1.6520,1.6520,2
11.3464,1.6520,1.6520,1.6520,2
11.3464,1.6536,1.6520,1.6496,2
11.3464,1.6585,1.6504,1.6496,2
11.3464,1.6552,1.6496,1.6504,2
11.3464,1.6568,1.6480,1.6496,2
11.3464,1.6560,1.6480,1.6504,2
11.3464,1.6544,1.6496,1.6504,2
11.3464,1.6536,1.6504,1.6496,2
11.3464,1.6528,1.6528,1.6488,2
11.3464,1.6593,1.6528,1.6512,2
11.3464,1.6625,1.6536,1.6520,2
11.3464,1.6617,1.6528,1.6520,2
11.3464,1.6560,1.6544,1.6512,2
11.3464,1.6560,1.6544,1.6496,2
11.3464,1.6568,1.6536,1.6496,2
11.3464,1.6552,1.6536,1.6504,2
11.3464,1.6544,1.6520,1.6504,2
11.3464,1.6552,1.6512,1.6496,2
11.3464,1.6544,1.6504,1.6496,2
11.3464,1.6560,1.6496,1.6504,2
11.3464,1.6528,1.6496,1.6488,2
11.3464,1.6504,1.6496,1.6496,2
11.3464,1.6528,1.6496,1.6504,2
11.3464,1.6488,1.6496,1.6504,2
11.3464,1.6488,1.6488,1.6504,2
11.3464,1.6496,1.6496,1.6496,2
11.3464,1.6520,1.6496,1.6496,2
11.3464,1.6464,1.6496,1.6504,2
11.3464,1.6488,1.6496,1.6480,2
11.3464,1.6496,1.6504,1.6456,2
11.3464,1.6504,1.6504,1.6448,2
11.3464,1.6512,1.6520,1.6448,2
11.3464,1.6512,1.6512,1.6432,2
11.3464,1.6544,1.6520,1.6440,2
11.3464,1.6568,1.6528,1.6423,2
11.3464,1.6577,1.6520,1.6415,2
11.3464,1.6560,1.6520,1.6407,2
11.3464,1.6609,1.6520,1.6391,2
11.3464,1.6560,1.6520,1.6399,2
11.3464,1.6560,1.6512,1.6399,2
11.3464,1.6568,1.6528,1.6407,2
11.3464,1.6585,1.6520,1.6415,2
11.3464,1.6577,1.6520,1.6415,2
11.3464,1.6577,1.6504,1.6432,2
11.3464,1.6536,1.6504,1.6440,2
11.3464,1.6512,1.6504,1.6456,2
11.3464,1.6504,1.6504,1.6448,2
11.3464,1.6504,1.6504,1.6448,2
11.3464,1.6552,1.6488,1.6456,2
11.3464,1.6544,1.6504,1.6448,2
11.3464,1.6552,1.6488,1.6432,2
11.3464,1.6544,1.6488,1.6423,2
11.3464,1.6544,1.6512,1.6440,2
11.3464,1.6528,1.6512,1.6407,2
11.3464,1.6544,1.6512,1.6391,2
11.3464,1.6560,1.6536,1.6375,2
11.3464,1.6577,1.6544,1.6375,2
11.3464,1.6577,1.6552,1.6359,2
11.3944,1.6568,1.6560,1.6351,2
11.3944,1.6568,1.6536,1.6359,2
11.3944,1.6544,1.6536,1.6383,2
11.3944,1.6544,1.6528,1.6375,2
11.3944,1.6536,1.6528,1.6367,2
11.3944,1.6536,1.6536,1.6375,2
11.3944,1.6544,1.6552,1.6399,2
11.3944,1.6552,1.6520,1.6399,2
11.3944,1.6689,1.6520,1.6415,2
11.3944,1.6657,1.6520,1.6440,2
11.3944,1.6633,1.6536,1.6448,2
11.3944,1.6641,1.6544,1.6440,2
11.3944,1.6625,1.6560,1.6423,2
11.3944,1.6617,1.6560,1.6423,2
11.3944,1.6617,1.6544,1.6440,2
11.3944,1.6617,1.6544,1.6432,2
11.3944,1.6641,1.6536,1.6415,2
11.3944,1.6641,1.6560,1.6432,2
11.3944,1.6432,1.6577,1.6415,2
11.3944,1.6407,1.6560,1.6423,2
11.3944,1.6432,1.6536,1.6432,2
11.3944,1.6456,1.6544,1.6440,2
11.3944,1.6480,1.6544,1.6456,2
11.3944,1.6585,1.6544,1.6464,2
11.3944,1.6568,1.6560,1.6440,2
11.3944,1.6585,1.6560,1.6464,2
11.3944,1.6568,1.6568,1.6464,2
11.3944,1.6585,1.6560,1.6464,2
11.3944,1.6633,1.6552,1.6464,2
11.3944,1.6673,1.6560,1.6448,2
11.3944,1.6657,1.6585,1.6448,2
11.3944,1.6641,1.6585,1.6440,2
11.3944,1.6625,1.6585,1.6440,2
11.3944,1.6536,1.6577,1.6440,2
11.3944,1.6544,1.6560,1.6464,2
11.3944,1.6536,1.6577,1.6448,2
11.3944,1.6536,1.6536,1.6448,2
11.3944,1.6520,1.6528,1.6448,2
11.3944,1.6544,1.6536,1.6472,2
11.3944,1.6552,1.6528,1.6480,2
11.3944,1.6552,1.6528,1.6464,2
11.3944,1.6544,1.6528,1.6488,2
11.3944,1.6536,1.6528,1.6488,2
11.3944,1.6528,1.6536,1.6496,2
11.3944,1.6536,1.6528,1.6488,2
11.3944,1.6544,1.6536,1.6528,2
11.3944,1.6496,1.6552,1.6536,2
11.3944,1.6488,1.6552,1.6512,2
11.3944,1.6504,1.6560,1.6488,2
11.3944,1.6504,1.6552,1.6480,2
11.3944,1.6512,1.6552,1.6488,2
11.3944,1.6520,1.6568,1.6488,2
11.3944,1.6528,1.6568,1.6472,2
11.3944,1.6544,1.6560,1.6464,2
11.3944,1.6536,1.6552,1.6448,2
11.3944,1.6552,1.6552,1.6407,2
11.3944,1.6609,1.6552,1.6415,2
11.3944,1.6617,1.6552,1.6432,2
11.3944,1.6601,1.6544,1.6456,2
11.3944,1.6617,1.6568,1.6456,2
11.3944,1.6601,1.6544,1.6448,2
11.3944,1.6593,1.6528,1.6440,2
11.3944,1.6585,1.6520,1.6440,2
11.3944,1.6585,1.6520,1.6440,2
11.3944,1.6593,1.6528,1.6448,2
11.3944,1.6504,1.6512,1.6456,2
11.3944,1.6480,1.6512,1.6432,2
11.3944,1.6480,1.6512,1.6432,2
11.3944,1.6472,1.6504,1.6415,2
11.3944,1.6480,1.6488,1.6407,2
11.3944,1.6472,1.6496,1.6399,2
11.3944,1.6504,1.6504,1.6415,2
11.3944,1.6512,1.6504,1.6415,2
11.3944,1.6512,1.6496,1.6415,2
11.3944,1.6488,1.6496,1.6407,2
11.3944,1.6544,1.6504,1.6415,2
11.3944,1.6560,1.6528,1.6415,2
11.3944,1.6552,1.6536,1.6407,2
11.3944,1.6560,1.6528,1.6407,2
11.3944,1.6544,1.6512,1.6407,2
11.3944,1.6552,1.6512,1.6415,2
11.3944,1.6520,1.6520,1.6415,2
11.3944,1.6536,1.6536,1.6407,2
11.3944,1.6544,1.6544,1.6432,2
11.3944,1.6552,1.6536,1.6448,2
11.3944,1.6552,1.6528,1.6423,2
11.3944,1.6488,1.6520,1.6440,2
11.3944,1.6488,1.6528,1.6456,2
11.3944,1.6504,1.6536,1.6448,2
11.3944,1.6496,1.6536,1.6448,2
11.3944,1.6504,1.6544,1.6464,2
11.3944,1.6504,1.6512,1.6448,2
11.3944,1.6480,1.6504,1.6456,2
11.3944,1.6448,1.6504,1.6432,2
11.3944,1.6456,1.6504,1.6423,2
11.3944,1.6448,1.6496,1.6440,2
11.4417,1.6504,1.6480,1.6448,2
11.4417,1.6504,1.6472,1.6432,2
11.4417,1.6496,1.6472,1.6456,2
11.4417,1.6504,1.6464,1.6472,2
11.4417,1.6432,1.6456,1.6480,2
11.4417,1.6423,1.6472,1.6480,2
11.4417,1.6440,1.6464,1.6480,2
11.4417,1.6448,1.6464,1.6504,2
11.4417,1.6456,1.6464,1.6512,2
11.4417,1.6480,1.6480,1.6520,2
11.4417,1.6464,1.6480,1.6528,2
11.4417,1.6472,1.6472,1.6544,2
11.4417,1.6448,1.6480,1.6536,2
11.4417,1.6448,1.6480,1.6544,2
11.4417,1.6520,1.6472,1.6536,2
11.4417,1.6504,1.6480,1.6552,2
11.4417,1.6496,1.6472,1.6544,2
11.4417,1.6520,1.6472,1.6528,2
11.4417,1.6488,1.6472,1.6528,2
11.4417,1.6464,1.6464,1.6504,2
11.4417,1.6488,1.6456,1.6504,2
11.4417,1.6407,1.6448,1.6496,2
11.4417,1.6440,1.6440,1.6496,2
11.4417,1.6367,1.6440,1.6504,2
11.4417,1.6391,1.6432,1.6504,2
11.4417,1.6351,1.6415,1.6496,2
11.4417,1.6367,1.6415,1.6496,2
11.4417,1.6367,1.6407,1.6520,2
11.4417,1.6399,1.6407,1.6520,2
11.4417,1.6432,1.6407,1.6536,2
11.4417,1.6415,1.6391,1.6528,2
11.4417,1.6472,1.6391,1.6536,2
11.4417,1.6472,1.6399,1.6536,2
11.4417,1.6520,1.6391,1.6544,2
11.4417,1.6488,1.6399,1.6536,2
11.4417,1.6528,1.6407,1.6552,2
11.4417,1.6504,1.6415,1.6560,2
11.4417,1.6456,1.6423,1.6552,2
11.4417,1.6456,1.6423,1.6552,2
11.4417,1.6415,1.6415,1.6544,2
11.4417,1.6432,1.6432,1.6552,2
11.4417,1.6440,1.6432,1.6560,2
11.4417,1.6432,1.6440,1.6560,2
11.4417,1.6456,1.6440,1.6544,2
11.4417,1.6464,1.6448,1.6552,2
11.4417,1.6488,1.6456,1.6544,2
11.4417,1.6480,1.6456,1.6544,2
11.4417,1.6504,1.6464,1.6552,2
11.4417,1.6504,1.6472,1.6552,2
11.4417,1.6528,1.6472,1.6552,2
11.4417,1.6456,1.6480,1.6560,2
11.4417,1.6456,1.6480,1.6560,2
11.4417,1.6464,1.6480,1.6552,2
11.4417,1.6472,1.6488,1.6560,2
11.4417,1.6472,1.6480,1.6560,2
11.4417,1.6456,1.6472,1.6560,2
11.4417,1.6480,1.6472,1.6560,2
11.4417,1.6472,1.6464,1.6552,2
11.4417,1.6464,1.6488,1.6552,2
11.4417,1.6464,1.6488,1.6536,2
11.4417,1.6520,1.6496,1.6536,2
11.4417,1.6496,1.6488,1.6520,2
11.4417,1.6472,1.6488,1.6528,2
11.4417,1.6472,1.6488,1.6528,2
11.4417,1.6448,1.6488,1.6536,2
11.4417,1.6488,1.6488,1.6544,2
11.4417,1.6456,1.6480,1.6552,2
11.4417,1.6464,1.6496,1.6552,2
11.4417,1.6423,1.6480,1.6552,2
11.4417,1.6423,1.6480,1.6568,2
11.4417,1.6448,1.6472,1.6568,2
11.4417,1.6464,1.6480,1.6585,2
11.4417,1.6456,1.6472,1.6577,2
11.4417,1.6415,1.6480,1.6568,2
11.4417,1.6448,1.6472,1.6560,2
11.4417,1.6407,1.6480,1.6552,2
11.4417,1.6351,1.6488,1.6544,2
11.4417,1.6367,1.6480,1.6536,2
11.4417,1.6407,1.6480,1.6528,2
11.4417,1.6399,1.6480,1.6528,2
11.4417,1.6407,1.6480,1.6520,2
11.4417,1.6399,1.6480,1.6528,2
11.4417,1.6423,1.6480,1.6528,2
11.4417,1.6440,1.6480,1.6528,2
11.4417,1.6423,1.6480,1.6536,2
11.4417,1.6415,1.6472,1.6536,2
11.4417,1.6512,1.6472,1.6536,2
11.4417,1.6504,1.6472,1.6544,2
11.4417,1.6496,1.6472,1.6544,2
11.4417,1.6488,1.6472,1.6544,2
11.4417,1.6480,1.6464,1.6544,2
11.4417,1.6464,1.6464,1.6536,2
11.4417,1.6464,1.6472,1.6544,2
11.4417,1.6367,1.6480,1.6544,2
11.4889,1.6367,1.6472,1.6552,2
11.4889,1.6399,1.6472,1.6552,2
11.4889,1.6343,1.6472,1.6560,2
11.4889,1.6375,1.6488,1.6552,2
11.4889,1.6367,1.6480,1.6560,2
11.4889,1.6335,1.6480,1.6560,2
11.4889,1.6351,1.6488,1.6568,2
11.4889,1.6383,1.6496,1.6568,2
11.4889,1.6262,1.6488,1.6560,2
11.4889,1.6375,1.6480,1.6544,2
11.4889,1.6407,1.6480,1.6520,2
11.4889,1.6423,1.6496,1.6504,2
11.4889,1.6472,1.6488,1.6504,2
11.4889,1.6456,1.6480,1.6512,2
11.4889,1.6472,1.6480,1.6520,2
11.4889,1.6504,1.6488,1.6504,2
11.4889,1.6504,1.6488,1.6504,2
11.4889,1.6480,1.6415,1.6504,2
11.4889,1.6609,1.6423,1.6504,2
11.4889,1.6568,1.6448,1.6512,2
11.4889,1.6536,1.6440,1.6528,2
11.4889,1.6496,1.6456,1.6544,2
11.4889,1.6488,1.6464,1.6536,2
11.4889,1.6432,1.6472,1.6520,2
11.4889,1.6415,1.6480,1.6496,2
11.4889,1.6383,1.6472,1.6496,2
11.4889,1.6351,1.6488,1.6480,2
11.4889,1.6367,1.6560,1.6464,2
11.4889,1.6351,1.6552,1.6464,2
11.4889,1.6375,1.6528,1.6480,2
11.4889,1.6391,1.6544,1.6480,2
11.4889,1.6383,1.6512,1.6448,2
11.4889,1.6367,1.6496,1.6448,2
11.4889,1.6399,1.6488,1.6448,2
11.4889,1.6415,1.6488,1.6456,2
11.4889,1.6440,1.6480,1.6456,2
11.4889,1.6440,1.6480,1.6472,2
11.4889,1.6432,1.6480,1.6464,2
11.4889,1.6432,1.6472,1.6448,2
11.4889,1.6375,1.6480,1.6432,2
11.4889,1.6367,1.6464,1.6432,2
11.4889,1.6399,1.6464,1.6440,2
11.4889,1.6432,1.6472,1.6440,2
11.4889,1.6464,1.6464,1.6464,2
11.4889,1.6464,1.6472,1.6472,2
11.4889,1.6464,1.6472,1.6472,2
11.4889,1.6488,1.6456,1.6464,2
11.4889,1.6472,1.6456,1.6480,2
11.4889,1.6488,1.6464,1.6496,2
11.4889,1.6536,1.6464,1.6496,2
11.4889,1.6536,1.6480,1.6496,2
11.4889,1.6496,1.6496,1.6504,2
11.4889,1.6480,1.6496,1.6504,2
11.4889,1.6464,1.6496,1.6496,2
11.4889,1.6448,1.6496,1.6488,2
11.4889,1.6440,1.6504,1.6504,2
11.4889,1.6367,1.6504,1.6504,2
11.4889,1.6391,1.6440,1.6480,2
11.4889,1.6383,1.6448,1.6472,2
11.4889,1.6391,1.6448,1.6488,2
11.4889,1.6391,1.6456,1.6496,2
11.4889,1.6423,1.6448,1.6488,2
11.4889,1.6440,1.6448,1.6496,2
11.4889,1.6440,1.6448,1.6496,2
11.4889,1.6448,1.6440,1.6480,2
11.4889,1.6456,1.6440,1.6464,2
11.4889,1.6528,1.6440,1.6456,2
11.4889,1.6528,1.6504,1.6480,2
11.4889,1.6536,1.6480,1.6488,2
11.4889,1.6528,1.6456,1.6480,2
11.4889,1.6536,1.6448,1.6472,2
11.4889,1.6536,1.6432,1.6456,2
11.4889,1.6496,1.6423,1.6448,2
11.4889,1.6504,1.6423,1.6440,2
11.4889,1.6496,1.6423,1.6456,2
11.4889,1.6496,1.6423,1.6464,2
11.4889,1.6480,1.6423,1.6472,2
11.4889,1.6472,1.6423,1.6464,2
11.4889,1.6448,1.6423,1.6456,2
11.4889,1.6496,1.6432,1.6456,2
11.4889,1.6496,1.6440,1.6456,2
11.4889,1.6496,1.6456,1.6456,2
11.4889,1.6544,1.6472,1.6464,2
11.4889,1.6472,1.6480,1.6448,2
11.4889,1.6472,1.6472,1.6432,2
11.4889,1.6464,1.6472,1.6432,2
11.4889,1.6488,1.6480,1.6432,2
11.4889,1.6512,1.6488,1.6415,2
11.4889,1.6544,1.6496,1.6415,2
11.4889,1.6488,1.6496,1.6407,2
11.4889,1.6504,1.6488,1.6383,2
11.4889,1.6480,1.6488,1.6383,2
11.4889,1.6456,1.6472,1.6375,2
11.4889,1.6504,1.6464,1.6375,2
11.4889,1.6496,1.6480,1.6383,2
11.5366,1.6512,1.6480,1.6383,2
11.5366,1.6480,1.6472,1.6367,2
11.5366,1.6464,1.6464,1.6367,2
11.5366,1.6456,1.6488,1.6391,2
11.5366,1.6456,1.6488,1.6407,2
11.5366,1.6456,1.6512,1.6432,2
11.5366,1.6423,1.6520,1.6440,2
11.5366,1.6423,1.6520,1.6456,2
11.5366,1.6464,1.6512,1.6456,2
11.5366,1.6464,1.6512,1.6472,2
11.5366,1.6456,1.6520,1.6480,2
11.5366,1.6480,1.6528,1.6488,2
11.5366,1.6496,1.6552,1.6480,2
11.5366,1.6480,1.6544,1.6472,2
11.5366,1.6488,1.6544,1.6472,2
11.5366,1.6472,1.6528,1.6472,2
11.5366,1.6512,1.6520,1.6480,2
11.5366,1.6512,1.6512,1.6480,2
11.5366,1.6480,1.6512,1.6496,2
11.5366,1.6488,1.6504,1.6496,2
11.5366,1.6472,1.6496,1.6504,2
11.5366,1.6480,1.6496,1.6504,2
11.5366,1.6440,1.6480,1.6520,2
11.5366,1.6456,1.6472,1.6520,2
11.5366,1.6448,1.6480,1.6512,2
11.5366,1.6464,1.6472,1.6520,2
11.5366,1.6464,1.6480,1.6512,2
11.5366,1.6448,1.6488,1.6504,2
11.5366,1.6464,1.6488,1.6496,2
11.5366,1.6448,1.6488,1.6496,2
11.5366,1.6472,1.6496,1.6488,2
11.5366,1.6464,1.6488,1.6504,2
11.5366,1.6496,1.6480,1.6512,2
11.5366,1.6528,1.6472,1.6512,2
11.5366,1.6520,1.6472,1.6512,2
11.5366,1.6488,1.6480,1.6512,2
11.5366,1.6512,1.6488,1.6504,2
11.5366,1.6528,1.6496,1.6496,2
11.5366,1.6528,1.6488,1.6520,2
11.5366,1.6552,1.6512,1.6520,2
11.5366,1.6536,1.6504,1.6536,2
11.5366,1.6552,1.6504,1.6528,2
11.5366,1.6544,1.6496,1.6512,2
11.5366,1.6504,1.6504,1.6504,2
11.5366,1.6512,1.6496,1.6520,2
11.5366,1.6544,1.6488,1.6520,2
11.5366,1.6536,1.6472,1.6528,2
11.5366,1.6536,1.6464,1.6536,2
11.5366,1.6544,1.6464,1.6512,2
11.5366,1.6544,1.6448,1.6504,2
11.5366,1.6560,1.6456,1.6488,2
11.5366,1.6577,1.6480,1.6488,2
11.5366,1.6568,1.6480,1.6504,2
11.5366,1.6601,1.6496,1.6496,2
11.5366,1.6593,1.6504,1.6472,2
11.5366,1.6577,1.6520,1.6472,2
11.5366,1.6585,1.6520,1.6456,2
11.5366,1.6609,1.6520,1.6456,2
11.5366,1.6601,1.6528,1.6480,2
11.5366,1.6577,1.6528,1.6464,2
11.5366,1.6544,1.6520,1.6464,2
11.5366,1.6552,1.6504,1.6456,2
11.5366,1.6568,1.6512,1.6440,2
11.5366,1.6552,1.6504,1.6440,2
11.5366,1.6536,1.6504,1.6448,2
11.5366,1.6544,1.6512,1.6464,2
11.5366,1.6544,1.6512,1.6472,2
11.5366,1.6536,1.6512,1.6480,2
11.5366,1.6536,1.6520,1.6456,2
11.5366,1.6560,1.6512,1.6464,2
11.5366,1.6609,1.6520,1.6480,2
11.5366,1.6585,1.6520,1.6480,2
11.5366,1.6577,1.6520,1.6480,2
11.5366,1.6593,1.6512,1.6472,2
11.5366,1.6625,1.6512,1.6472,2
11.5366,1.6625,1.6488,1.6448,2
11.5366,1.6617,1.6496,1.6448,2
11.5366,1.6617,1.6488,1.6440,2
11.5366,1.6609,1.6488,1.6440,2
11.5366,1.6593,1.6496,1.6432,2
11.5366,1.6577,1.6496,1.6432,2
11.5366,1.6560,1.6504,1.6448,2
11.5366,1.6528,1.6496,1.6440,2
11.5366,1.6528,1.6488,1.6432,2
11.5366,1.6520,1.6480,1.6432,2
11.5366,1.6520,1.6496,1.6432,2
11.5366,1.6520,1.6496,1.6415,2
11.5366,1.6504,1.6512,1.6407,2
11.5366,1.6520,1.6520,1.6407,2
11.5366,1.6520,1.6536,1.6432,2
11.5366,1.6528,1.6528,1.6432,2
11.5366,1.6544,1.6512,1.6432,2
11.5366,1.6568,1.6512,1.6448,2
11.5366,1.6568,1.6528,1.6472,2
11.5366,1.6568,1.6520,1.6480,2
11.5366,1.6585,1.6520,1.6496,2
11.5839,1.6577,1.6512,1.6504,2
11.5839,1.6577,1.6512,1.6520,2
11.5839,1.6568,1.6520,1.6536,2
11.5839,1.6560,1.6520,1.6528,2
11.5839,1.6544,1.6520,1.6504,2
11.5839,1.6464,1.6528,1.6504,2
11.5839,1.6448,1.6528,1.6512,2
11.5839,1.6440,1.6520,1.6504,2
11.5839,1.6456,1.6536,1.6496,2
11.5839,1.6456,1.6528,1.6496,2
11.5839,1.6448,1.6528,1.6504,2
11.5839,1.6440,1.6520,1.6504,2
11.5839,1.6423,1.6504,1.6504,2
11.5839,1.6448,1.6488,1.6512,2
11.5839,1.6488,1.6496,1.6528,2
11.5839,1.6423,1.6512,1.6528,2
11.5839,1.6448,1.6512,1.6520,2
11.5839,1.6456,1.6520,1.6528,2
11.5839,1.6456,1.6512,1.6544,2
11.5839,1.6448,1.6528,1.6544,2
11.5839,1.6472,1.6528,1.6544,2
11.5839,1.6472,1.6536,1.6552,2
11.5839,1.6472,1.6544,1.6544,2
11.5839,1.6464,1.6544,1.6552,2
11.5839,1.6432,1.6536,1.6552,2
11.5839,1.6544,1.6536,1.6544,2
11.5839,1.6528,1.6528,1.6552,2
11.5839,1.6520,1.6528,1.6544,2
11.5839,1.6496,1.6528,1.6536,2
11.5839,1.6488,1.6520,1.6536,2
11.5839,1.6480,1.6512,1.6528,2
11.5839,1.6464,1.6520,1.6528,2
11.5839,1.6407,1.6504,1.6512,2
11.5839,1.6415,1.6496,1.6512,2
11.5839,1.6440,1.6496,1.6512,2
11.5839,1.6440,1.6480,1.6520,2
11.5839,1.6440,1.6480,1.6512,2
11.5839,1.6448,1.6480,1.6512,2
11.5839,1.6464,1.6472,1.6520,2
11.5839,1.6464,1.6480,1.6520,2
11.5839,1.6472,1.6480,1.6536,2
11.5839,1.6480,1.6464,1.6528,2
11.5839,1.6560,1.6464,1.6528,2
11.5839,1.6528,1.6472,1.6528,2
11.5839,1.6496,1.6472,1.6520,2
11.5839,1.6488,1.6472,1.6512,2
11.5839,1.6480,1.6472,1.6496,2
11.5839,1.6480,1.6472,1.6504,2
11.5839,1.6472,1.6480,1.6480,2
11.5839,1.6456,1.6464,1.6472,2
11.5839,1.6391,1.6464,1.6472,2
11.5839,1.6423,1.6472,1.6472,2
11.5839,1.6415,1.6480,1.6496,2
11.5839,1.6456,1.6488,1.6496,2
11.5839,1.6472,1.6496,1.6504,2
11.5839,1.6480,1.6496,1.6512,2
11.5839,1.6496,1.6504,1.6536,2
11.5839,1.6520,1.6504,1.6528,2
11.5839,1.6520,1.6504,1.6536,2
11.5839,1.6520,1.6520,1.6536,2
11.5839,1.6577,1.6520,1.6544,2
11.5839,1.6560,1.6520,1.6528,2
11.5839,1.6560,1.6528,1.6504,2
11.5839,1.6560,1.6536,1.6512,2
11.5839,1.6544,1.6528,1.6512,2
11.5839,1.6528,1.6528,1.6512,2
11.5839,1.6504,1.6520,1.6520,2
11.5839,1.6488,1.6520,1.6536,2
11.5839,1.6407,1.6512,1.6544,2
11.5839,1.6415,1.6488,1.6552,2
11.5839,1.6415,1.6488,1.6552,2
11.5839,1.6407,1.6480,1.6560,2
11.5839,1.6407,1.6480,1.6568,2
11.5839,1.6383,1.6480,1.6552,2
11.5839,1.6367,1.6480,1.6536,2
11.5839,1.6399,1.6472,1.6536,2
11.5839,1.6432,1.6488,1.6504,2
11.5839,1.6423,1.6496,1.6496,2
11.5839,1.6504,1.6504,1.6480,2
11.5839,1.6520,1.6536,1.6480,2
11.5839,1.6520,1.6536,1.6472,2
11.5839,1.6512,1.6528,1.6472,2
11.5839,1.6520,1.6520,1.6480,2
11.5839,1.6552,1.6520,1.6480,2
11.5839,1.6560,1.6520,1.6504,2
11.5839,1.6568,1.6520,1.6504,2
11.5839,1.6585,1.6528,1.6512,2
11.5839,1.6577,1.6520,1.6520,2
11.5839,1.6577,1.6512,1.6528,2
11.5839,1.6488,1.6504,1.6528,2
11.5839,1.6504,1.6512,1.6528,2
11.5839,1.6560,1.6520,1.6528,2
11.5839,1.6544,1.6512,1.6528,2
11.5839,1.6544,1.6504,1.6528,2
11.6319,1.6552,1.6520,1.6528,2
11.6319,1.6536,1.6520,1.6512,2
11.6319,1.6504,1.6504,1.6520,2
11.6319,1.6512,1.6504,1.6512,2
11.6319,1.6512,1.6512,1.6496,2
11.6319,1.6520,1.6488,1.6496,2
11.6319,1.6512,1.6488,1.6496,2
11.6319,1.6472,1.6488,1.6488,2
11.6319,1.6415,1.6512,1.6488,2
11.6319,1.6415,1.6512,1.6480,2
11.6319,1.6448,1.6488,1.6480,2
11.6319,1.6456,1.6496,1.6496,2
11.6319,1.6464,1.6496,1.6496,2
11.6319,1.6496,1.6496,1.6496,2
11.6319,1.6488,1.6488,1.6512,2
11.6319,1.6577,1.6496,1.6512,2
11.6319,1.6577,1.6496,1.6512,2
11.6319,1.6585,1.6512,1.6520,2
11.6319,1.6633,1.6496,1.6520,2
11.6319,1.6593,1.6504,1.6536,2
11.6319,1.6577,1.6504,1.6536,2
11.6319,1.6568,1.6504,1.6536,2
11.6319,1.6560,1.6504,1.6512,2
11.6319,1.6560,1.6512,1.6520,2
11.6319,1.6552,1.6520,1.6520,2
11.6319,1.6536,1.6520,1.6512,2
11.6319,1.6536,1.6520,1.6520,2
11.6319,1.6520,1.6504,1.6520,2
11.6319,1.6536,1.6504,1.6520,2
11.6319,1.6544,1.6496,1.6520,2
11.6319,1.6520,1.6504,1.6520,2
11.6319,1.6496,1.6512,1.6520,2
11.6319,1.6504,1.6520,1.6520,2
11.6319,1.6480,1.6512,1.6520,2
11.6319,1.6472,1.6512,1.6528,2
11.6319,1.6464,1.6520,1.6544,2
11.6319,1.6456,1.6520,1.6544,2
11.6319,1.6480,1.6520,1.6552,2
11.6319,1.6488,1.6520,1.6536,2
11.6319,1.6520,1.6520,1.6520,2
11.6319,1.6544,1.6520,1.6512,2
11.6319,1.6560,1.6512,1.6520,2
11.6319,1.6560,1.6504,1.6520,2
11.6319,1.6568,1.6504,1.6520,2
11.6319,1.6585,1.6496,1.6520,2
11.6319,1.6577,1.6504,1.6528,2
11.6319,1.6585,1.6504,1.6528,2
11.6319,1.6568,1.6504,1.6520,2
11.6319,1.6448,1.6512,1.6536,2
11.6319,1.6440,1.6528,1.6536,2
11.6319,1.6448,1.6552,1.6544,2
11.6319,1.6456,1.6560,1.6536,2
11.6319,1.6399,1.6568,1.6536,2
11.6319,1.6399,1.6577,1.6536,2
11.6319,1.6415,1.6577,1.6512,2
11.6319,1.6448,1.6577,1.6504,2
11.6319,1.6440,1.6577,1.6488,2
11.6319,1.6456,1.6577,1.6496,2
11.6319,1.6560,1.6568,1.6496,2
11.6319,1.6512,1.6568,1.6488,2
11.6319,1.6528,1.6560,1.6472,2
11.6319,1.6593,1.6560,1.6464,2
11.6319,1.6568,1.6568,1.6472,2
11.6319,1.6560,1.6560,1.6456,2
11.6319,1.6536,1.6560,1.6480,2
11.6319,1.6520,1.6568,1.6496,2
11.6319,1.6512,1.6568,1.6504,2
11.6319,1.6472,1.6568,1.6496,2
11.6319,1.6407,1.6577,1.6496,2
11.6319,1.6456,1.6577,1.6512,2
11.6319,1.6432,1.6593,1.6504,2
11.6319,1.6367,1.6593,1.6520,2
11.6319,1.6432,1.6601,1.6520,2
11.6319,1.6432,1.6609,1.6528,2
11.6319,1.6440,1.6609,1.6504,2
11.6319,1.6423,1.6609,1.6488,2
11.6319,1.6415,1.6617,1.6480,2
11.6319,1.6448,1.6601,1.6480,2
11.6319,1.6456,1.6601,1.6472,2
11.6319,1.6432,1.6593,1.6472,2
11.6319,1.6432,1.6577,1.6480,2
11.6319,1.6440,1.6577,1.6488,2
11.6319,1.6456,1.6560,1.6488,2
11.6319,1.6488,1.6568,1.6488,2
11.6319,1.6488,1.6560,1.6496,2
11.6319,1.6520,1.6544,1.6496,2
11.6319,1.6383,1.6536,1.6504,2
11.6319,1.6391,1.6552,1.6488,2
11.6319,1.6423,1.6552,1.6480,2
11.6319,1.6472,1.6560,1.6488,2
11.6319,1.6472,1.6560,1.6496,2
11.6319,1.6464,1.6560,1.6496,2
11.6319,1.6448,1.6552,1.6488,2
11.6319,1.6423,1.6552,1.6488,2
11.6319,1.6423,1.6552,1.6488,2
11.6319,1.6399,1.6568,1.6496,2
11.6319,1.6536,1.6568,1.6512,2
11.6735,1.6504,1.6577,1.6536,2
11.6735,1.6528,1.6568,1.6552,2
11.6735,1.6504,1.6560,1.6544,2
11.6735,1.6488,1.6577,1.6544,2
11.6735,1.6472,1.6560,1.6544,2
11.6735,1.6480,1.6568,1.6560,2
11.6735,1.6480,1.6560,1.6560,2
11.6735,1.6472,1.6568,1.6560,2
11.6735,1.6480,1.6560,1.6560,2
11.6735,1.6472,1.6552,1.6544,2
11.6735,1.6456,1.6552,1.6536,2
11.6735,1.6464,1.6560,1.6528,2
11.6735,1.6456,1.6560,1.6528,2
11.6735,1.6480,1.6544,1.6528,2
11.6735,1.6488,1.6528,1.6528,2
11.6735,1.6464,1.6544,1.6512,2
11.6735,1.6464,1.6536,1.6520,2
11.6735,1.6448,1.6536,1.6512,2
11.6735,1.6440,1.6544,1.6512,2
11.6735,1.6456,1.6568,1.6504,2
11.6735,1.6496,1.6568,1.6488,2
11.6735,1.6383,1.6577,1.6488,2
11.6735,1.6399,1.6568,1.6496,2
11.6735,1.6415,1.6560,1.6488,2
11.6735,1.6432,1.6593,1.6488,2
11.6735,1.6464,1.6593,1.6488,2
11.6735,1.6488,1.6601,1.6480,2
11.6735,1.6504,1.6601,1.6488,2
11.6735,1.6528,1.6585,1.6480,2
11.6735,1.6520,1.6585,1.6480,2
11.6735,1.6512,1.6593,1.6504,2
11.6735,1.6625,1.6585,1.6488,2
11.6735,1.6593,1.6601,1.6480,2
11.6735,1.6552,1.6617,1.6496,2
11.6735,1.6536,1.6617,1.6488,2
11.6735,1.6528,1.6593,1.6480,2
11.6735,1.6488,1.6593,1.6464,2
11.6735,1.6496,1.6577,1.6464,2
11.6735,1.6480,1.6585,1.6456,2
11.6735,1.6488,1.6568,1.6456,2
11.6735,1.6480,1.6568,1.6456,2
11.6735,1.6472,1.6560,1.6456,2
11.6735,1.6464,1.6560,1.6448,2
11.6735,1.6488,1.6552,1.6423,2
11.6735,1.6472,1.6552,1.6407,2
11.6735,1.6472,1.6560,1.6407,2
11.6735,1.6488,1.6560,1.6415,2
11.6735,1.6786,1.6585,1.6415,2
11.6735,1.6778,1.6585,1.6415,2
11.6735,1.6802,1.6585,1.6423,2
11.6735,1.6794,1.6585,1.6415,2
11.6735,1.6770,1.6512,1.6423,2
11.6735,1.6746,1.6528,1.6432,2
11.6735,1.6762,1.6536,1.6456,2
11.6735,1.6746,1.6544,1.6472,2
11.6735,1.6754,1.6536,1.6472,2
11.6735,1.6746,1.6536,1.6480,2
11.6735,1.6440,1.6536,1.6472,2
11.6735,1.6448,1.6520,1.6488,2
11.6735,1.6448,1.6528,1.6488,2
11.6735,1.6480,1.6528,1.6488,2
11.6735,1.6544,1.6593,1.6488,2
11.6735,1.6609,1.6577,1.6488,2
11.6735,1.6609,1.6552,1.6488,2
11.6735,1.6649,1.6552,1.6496,2
11.6735,1.6681,1.6552,1.6488,2
11.6735,1.6714,1.6552,1.6488,2
11.6735,1.6754,1.6560,1.6504,2
11.6735,1.6770,1.6552,1.6488,2
11.6735,1.6762,1.6536,1.6488,2
11.6735,1.6746,1.6520,1.6488,2
11.6735,1.6673,1.6520,1.6480,2
11.6735,1.6649,1.6512,1.6480,2
11.6735,1.6657,1.6512,1.6480,2
11.6735,1.6601,1.6512,1.6480,2
11.6735,1.6593,1.6464,1.6488,2
11.6735,1.6560,1.6456,1.6472,2
11.6735,1.6536,1.6456,1.6480,2
11.6735,1.6472,1.6472,1.6488,2
11.6735,1.6448,1.6496,1.6480,2
11.6735,1.6456,1.6512,1.6480,2
11.6735,1.6504,1.6512,1.6496,2
11.7265,1.6432,1.6528,1.6496,2
11.7265,1.6423,1.6512,1.6488,2
11.7265,1.6423,1.6504,1.6488,2
11.7265,1.6383,1.6552,1.6496,2
11.7265,1.6351,1.6560,1.6496,2
11.7265,1.6359,1.6552,1.6472,2
11.7265,1.6415,1.6544,1.6488,2
11.7265,1.6423,1.6528,1.6488,2
11.7265,1.6415,1.6504,1.6464,2
11.7265,1.6415,1.6496,1.6448,2
11.7265,1.6472,1.6488,1.6440,2
11.7265,1.6440,1.6496,1.6456,2
11.7265,1.6488,1.6415,1.6448,2
11.7265,1.6480,1.6415,1.6440,2
11.7265,1.6496,1.6399,1.6456,2
11.7265,1.6472,1.6399,1.6448,2
11.7265,1.6456,1.6399,1.6456,2
11.7265,1.6432,1.6415,1.6464,2
11.7265,1.6415,1.6432,1.6480,2
11.7265,1.6440,1.6432,1.6472,2
11.7265,1.6423,1.6432,1.6472,2
11.7265,1.6448,1.6440,1.6464,2
11.7265,1.6440,1.6528,1.6464,2
11.7265,1.6448,1.6512,1.6472,2
11.7265,1.6472,1.6512,1.6472,2
11.7265,1.6472,1.6512,1.6488,2
11.7265,1.6488,1.6504,1.6480,2
11.7265,1.6488,1.6480,1.6464,2
11.7265,1.6504,1.6472,1.6456,2
11.7265,1.6488,1.6472,1.6472,2
11.7265,1.6496,1.6480,1.6472,2
11.7265,1.6472,1.6496,1.6472,2
11.7265,1.6399,1.6472,1.6480,2
11.7265,1.6440,1.6472,1.6472,2
11.7265,1.6448,1.6464,1.6472,2
11.7265,1.6456,1.6464,1.6472,2
11.7265,1.6456,1.6480,1.6456,2
11.7265,1.6488,1.6480,1.6464,2
11.7265,1.6488,1.6496,1.6472,2
11.7265,1.6480,1.6504,1.6456,2
11.7265,1.6504,1.6504,1.6464,2
11.7265,1.6528,1.6496,1.6448,2
11.7265,1.6601,1.6512,1.6440,2
11.7265,1.6577,1.6520,1.6448,2
11.7265,1.6544,1.6528,1.6448,2
11.7265,1.6504,1.6544,1.6440,2
11.7265,1.6512,1.6544,1.6464,2
11.7265,1.6512,1.6568,1.6472,2
11.7265,1.6504,1.6552,1.6480,2
11.7265,1.6512,1.6544,1.6472,2
11.7265,1.6496,1.6536,1.6480,2
11.7265,1.6488,1.6528,1.6488,2
11.7265,1.6480,1.6520,1.6480,2
11.7265,1.6504,1.6528,1.6480,2
11.7265,1.6528,1.6520,1.6456,2
11.7265,1.6528,1.6512,1.6456,2
11.7265,1.6528,1.6504,1.6448,2
11.7265,1.6528,1.6504,1.6440,2
11.7265,1.6520,1.6512,1.6440,2
11.7265,1.6520,1.6520,1.6456,2
11.7265,1.6528,1.6520,1.6456,2
11.7265,1.6544,1.6528,1.6440,2
11.7265,1.6568,1.6536,1.6456,2
11.7265,1.6560,1.6536,1.6440,2
11.7265,1.6496,1.6544,1.6464,2
11.7265,1.6520,1.6577,1.6472,2
11.7265,1.6528,1.6568,1.6472,2
11.7265,1.6520,1.6560,1.6488,2
11.7265,1.6536,1.6552,1.6480,2
11.7265,1.6593,1.6544,1.6472,2
11.7265,1.6560,1.6536,1.6480,2
11.7265,1.6560,1.6528,1.6488,2
11.7265,1.6488,1.6520,1.6488,2
11.7265,1.6472,1.6512,1.6504,2
11.7265,1.6536,1.6488,1.6512,2
11.7265,1.6544,1.6464,1.6520,2
11.7265,1.6544,1.6456,1.6512,2
11.7265,1.6552,1.6456,1.6496,2
11.7265,1.6560,1.6472,1.6496,2
11.7265,1.6496,1.6472,1.6512,2
11.7265,1.6488,1.6488,1.6512,2
11.7265,1.6488,1.6488,1.6520,2
11.7265,1.6560,1.6488,1.6528,2
11.7265,1.6577,1.6488,1.6528,2
11.7265,1.6568,1.6488,1.6528,2
11.7265,1.6536,1.6488,1.6520,2
11.7265,1.6536,1.6520,1.6520,2
11.7265,1.6520,1.6520,1.6512,2
11.7265,1.6520,1.6504,1.6520,2
11.7265,1.6528,1.6504,1.6512,2
11.7265,1.6536,1.6496,1.6520,2
11.7265,1.6528,1.6496,1.6520,2
11.7265,1.6520,1.6504,1.6520,2
11.7265,1.6504,1.6512,1.6512,2
11.7265,1.6512,1.6528,1.6512,2
11.7265,1.6520,1.6536,1.6520,2
11.7265,1.6520,1.6528,1.6536,2
11.7265,1.6496,1.6536,1.6552,2
11.7265,1.6496,1.6536,1.6552,2
11.7265,1.6472,1.6544,1.6560,2
11.7265,1.6472,1.6560,1.6552,2
11.7265,1.6480,1.6552,1.6552,2
11.7265,1.6488,1.6544,1.6544,2
11.7265,1.6496,1.6560,1.6544,2
11.7265,1.6504,1.6560,1.6520,2
11.7265,1.6528,1.6560,1.6504,2
11.7739,1.6512,1.6560,1.6504,2
11.7739,1.6536,1.6560,1.6488,2
11.7739,1.6528,1.6577,1.6488,2
11.7739,1.6552,1.6577,1.6480,2
11.7739,1.6585,1.6577,1.6480,2
11.7739,1.6585,1.6601,1.6472,2
11.7739,1.6520,1.6609,1.6480,2
11.7739,1.6520,1.6601,1.6472,2
11.7739,1.6504,1.6609,1.6488,2
11.7739,1.6512,1.6601,1.6488,2
11.7739,1.6528,1.6585,1.6496,2
11.7739,1.6528,1.6568,1.6504,2
11.7739,1.6528,1.6568,1.6512,2
11.7739,1.6528,1.6552,1.6512,2
11.7739,1.6520,1.6544,1.6512,2
11.7739,1.6512,1.6552,1.6520,2
11.7739,1.6560,1.6544,1.6512,2
11.7739,1.6544,1.6544,1.6528,2
11.7739,1.6552,1.6560,1.6536,2
11.7739,1.6552,1.6577,1.6528,2
11.7739,1.6544,1.6577,1.6520,2
11.7739,1.6552,1.6585,1.6512,2
11.7739,1.6560,1.6577,1.6496,2
11.7739,1.6560,1.6585,1.6496,2
11.7739,1.6568,1.6585,1.6496,2
11.7739,1.6560,1.6577,1.6496,2
11.7739,1.6577,1.6577,1.6496,2
11.7739,1.6585,1.6568,1.6488,2
11.7739,1.6593,1.6560,1.6472,2
11.7739,1.6560,1.6552,1.6472,2
11.7739,1.6560,1.6544,1.6464,2
11.7739,1.6568,1.6560,1.6472,2
11.7739,1.6560,1.6568,1.6480,2
11.7739,1.6560,1.6577,1.6472,2
11.7739,1.6577,1.6585,1.6472,2
11.7739,1.6577,1.6568,1.6472,2
11.7739,1.6585,1.6568,1.6480,2
11.7739,1.6585,1.6577,1.6488,2
11.7739,1.6585,1.6568,1.6504,2
11.7739,1.6601,1.6560,1.6520,2
11.7739,1.6601,1.6552,1.6528,2
11.7739,1.6601,1.6536,1.6536,2
11.7739,1.6601,1.6528,1.6536,2
11.7739,1.6593,1.6512,1.6544,2
11.7739,1.6577,1.6520,1.6544,2
11.7739,1.6577,1.6544,1.6520,2
11.7739,1.6568,1.6536,1.6520,2
11.7739,1.6585,1.6536,1.6512,2
11.7739,1.6577,1.6544,1.6512,2
11.7739,1.6593,1.6552,1.6512,2
11.7739,1.6593,1.6552,1.6512,2
11.7739,1.6746,1.6568,1.6512,2
11.7739,1.6730,1.6560,1.6512,2
11.7739,1.6714,1.6560,1.6512,2
11.7739,1.6705,1.6552,1.6512,2
11.7739,1.6689,1.6552,1.6528,2
11.7739,1.6673,1.6568,1.6528,2
11.7739,1.6649,1.6560,1.6536,2
11.7739,1.6641,1.6560,1.6544,2
11.7739,1.6625,1.6568,1.6544,2
11.7739,1.6625,1.6577,1.6552,2
11.7739,1.6472,1.6568,1.6552,2
11.7739,1.6472,1.6560,1.6552,2
11.7739,1.6488,1.6560,1.6536,2
11.7739,1.6512,1.6577,1.6552,2
11.7739,1.6528,1.6560,1.6552,2
11.7739,1.6552,1.6568,1.6544,2
11.7739,1.6585,1.6577,1.6552,2
11.7739,1.6609,1.6568,1.6544,2
11.7739,1.6609,1.6560,1.6552,2
11.7739,1.6601,1.6552,1.6544,2
11.7739,1.6577,1.6544,1.6552,2
11.7739,1.6593,1.6568,1.6552,2
11.7739,1.6577,1.6577,1.6568,2
11.7739,1.6568,1.6552,1.6560,2
11.7739,1.6577,1.6568,1.6568,2
11.7739,1.6568,1.6552,1.6577,2
11.7739,1.6536,1.6536,1.6577,2
11.7739,1.6528,1.6528,1.6577,2
11.7739,1.6528,1.6544,1.6577,2
11.7739,1.6528,1.6560,1.6577,2
11.7739,1.6544,1.6577,1.6568,2
11.7739,1.6544,1.6577,1.6544,2
11.7739,1.6552,1.6577,1.6552,2
11.7739,1.6544,1.6568,1.6552,2
11.7739,1.6520,1.6552,1.6544,2
11.7739,1.6504,1.6560,1.6536,2
11.7739,1.6512,1.6560,1.6536,2
11.7739,1.6488,1.6568,1.6536,2
11.7739,1.6488,1.6552,1.6528,2
11.7739,1.6496,1.6544,1.6512,2
11.7739,1.6496,1.6528,1.6496,2
11.7739,1.6496,1.6520,1.6496,2
11.7739,1.6504,1.6520,1.6480,2
11.7739,1.6270,1.6544,1.6472,2
11.8214,1.6286,1.6552,1.6464,2
11.8214,1.6319,1.6544,1.6448,2
11.8214,1.6343,1.6544,1.6440,2
11.8214,1.6375,1.6536,1.6432,2
11.8214,1.6383,1.6536,1.6432,2
11.8214,1.6391,1.6536,1.6440,2
11.8214,1.6407,1.6544,1.6448,2
11.8214,1.6399,1.6552,1.6448,2
11.8214,1.6399,1.6544,1.6456,2
11.8214,1.6625,1.6544,1.6448,2
11.8214,1.6609,1.6536,1.6440,2
11.8214,1.6585,1.6536,1.6448,2
11.8214,1.6552,1.6528,1.6448,2
11.8214,1.6536,1.6536,1.6440,2
11.8214,1.6456,1.6528,1.6432,2
11.8214,1.6440,1.6512,1.6440,2
11.8214,1.6367,1.6512,1.6448,2
11.8214,1.6359,1.6520,1.6448,2
11.8214,1.6367,1.6520,1.6440,2
11.8214,1.6375,1.6520,1.6448,2
11.8214,1.6415,1.6512,1.6456,2
11.8214,1.6407,1.6528,1.6440,2
11.8214,1.6383,1.6536,1.6456,2
11.8214,1.6391,1.6536,1.6456,2
11.8214,1.6464,1.6528,1.6464,2
11.8214,1.6480,1.6536,1.6448,2
11.8214,1.6536,1.6528,1.6448,2
11.8214,1.6552,1.6520,1.6456,2
11.8214,1.6504,1.6528,1.6448,2
11.8214,1.6488,1.6528,1.6456,2
11.8214,1.6464,1.6528,1.6472,2
11.8214,1.6480,1.6512,1.6488,2
11.8214,1.6496,1.6504,1.6480,2
11.8214,1.6496,1.6512,1.6488,2
11.8214,1.6496,1.6520,1.6496,2
11.8214,1.6504,1.6512,1.6512,2
11.8214,1.6520,1.6512,1.6512,2
11.8214,1.6440,1.6528,1.6512,2
11.8214,1.6488,1.6536,1.6520,2
11.8214,1.6432,1.6520,1.6528,2
11.8214,1.6456,1.6528,1.6520,2
11.8214,1.6472,1.6528,1.6528,2
11.8214,1.6480,1.6528,1.6536,2
11.8214,1.6480,1.6528,1.6536,2
11.8214,1.6504,1.6544,1.6528,2
11.8214,1.6504,1.6544,1.6536,2
11.8214,1.6504,1.6544,1.6544,2
11.8214,1.6568,1.6544,1.6552,2
11.8214,1.6560,1.6528,1.6536,2
11.8214,1.6609,1.6528,1.6536,2
11.8214,1.6585,1.6536,1.6544,2
11.8214,1.6577,1.6528,1.6544,2
11.8214,1.6568,1.6528,1.6544,2
11.8214,1.6560,1.6536,1.6552,2
11.8214,1.6528,1.6536,1.6552,2
11.8214,1.6512,1.6544,1.6560,2
11.8214,1.6528,1.6536,1.6536,2
11.8214,1.6528,1.6528,1.6528,2
11.8214,1.6560,1.6520,1.6544,2
11.8214,1.6544,1.6504,1.6536,2
11.8214,1.6536,1.6480,1.6528,2
11.8214,1.6512,1.6488,1.6528,2
11.8214,1.6520,1.6480,1.6512,2
11.8214,1.6520,1.6480,1.6496,2
11.8214,1.6512,1.6456,1.6480,2
11.8214,1.6520,1.6448,1.6472,2
11.8214,1.6488,1.6456,1.6496,2
11.8214,1.6496,1.6464,1.6496,2
11.8214,1.6472,1.6488,1.6496,2
11.8214,1.6496,1.6520,1.6496,2
11.8214,1.6504,1.6520,1.6488,2
11.8214,1.6536,1.6536,1.6488,2
11.8214,1.6593,1.6552,1.6496,2
11.8214,1.6585,1.6560,1.6496,2
11.8214,1.6585,1.6536,1.6496,2
11.8214,1.6568,1.6544,1.6488,2
11.8214,1.6577,1.6536,1.6472,2
11.8214,1.6560,1.6544,1.6472,2
11.8214,1.6560,1.6528,1.6464,2
11.8214,1.6585,1.6520,1.6464,2
11.8214,1.6585,1.6520,1.6464,2
11.8214,1.6577,1.6504,1.6464,2
11.8214,1.6520,1.6496,1.6472,2
11.8214,1.6536,1.6480,1.6480,2
11.8214,1.6520,1.6512,1.6496,2
11.8214,1.6536,1.6520,1.6504,2
11.8214,1.6536,1.6520,1.6520,2
11.8214,1.6544,1.6512,1.6520,2
11.8214,1.6552,1.6512,1.6520,2
11.8214,1.6544,1.6512,1.6520,2
11.8214,1.6536,1.6520,1.6536,2
11.8214,1.6536,1.6520,1.6528,2
11.8214,1.6528,1.6528,1.6512,2
11.8214,1.6544,1.6520,1.6504,2
11.8214,1.6577,1.6536,1.6488,2
11.8555,1.6577,1.6520,1.6488,2
11.8555,1.6585,1.6520,1.6480,2
11.8555,1.6577,1.6528,1.6480,2
11.8555,1.6568,1.6528,1.6488,2
11.8555,1.6544,1.6504,1.6488,2
11.8555,1.6552,1.6504,1.6488,2
11.8555,1.6552,1.6520,1.6488,2
11.8555,1.6504,1.6536,1.6520,2
11.8555,1.6488,1.6560,1.6528,2
11.8555,1.6496,1.6560,1.6528,2
11.8555,1.6488,1.6568,1.6528,2
11.8555,1.6488,1.6560,1.6528,2
11.8555,1.6488,1.6544,1.6528,2
11.8555,1.6528,1.6536,1.6528,2
11.8555,1.6552,1.6560,1.6544,2
11.8555,1.6544,1.6560,1.6544,2
11.8555,1.6488,1.6536,1.6552,2
11.8555,1.6319,1.6520,1.6544,2
11.8555,1.6343,1.6504,1.6544,2
11.8555,1.6351,1.6496,1.6568,2
11.8555,1.6359,1.6496,1.6568,2
11.8555,1.6367,1.6504,1.6560,2
11.8555,1.6303,1.6520,1.6560,2
11.8555,1.6270,1.6520,1.6560,2
11.8555,1.6286,1.6512,1.6544,2
11.8555,1.6198,1.6528,1.6464,2
11.8555,1.6262,1.6552,1.6472,2
11.8555,1.6496,1.6552,1.6456,2
11.8555,1.6488,1.6568,1.6464,2
11.8555,1.6464,1.6560,1.6456,2
11.8555,1.6407,1.6560,1.6440,2
11.8555,1.6375,1.6560,1.6440,2
11.8555,1.6432,1.6560,1.6448,2
11.8555,1.6415,1.6560,1.6440,2
11.8555,1.6391,1.6560,1.6456,2
11.8555,1.6472,1.6568,1.6528,2
11.8555,1.6456,1.6568,1.6528,2
11.8555,1.6423,1.6560,1.6536,2
11.8555,1.6375,1.6544,1.6528,2
11.8555,1.6367,1.6544,1.6536,2
11.8555,1.6399,1.6544,1.6544,2
11.8555,1.6415,1.6544,1.6528,2
11.8555,1.6415,1.6544,1.6504,2
11.8555,1.6391,1.6544,1.6496,2
11.8555,1.6383,1.6560,1.6488,2
11.8555,1.6383,1.6480,1.6472,2
11.8555,1.6383,1.6480,1.6464,2
11.8555,1.6407,1.6488,1.6456,2
11.8555,1.6423,1.6512,1.6456,2
11.8555,1.6407,1.6512,1.6456,2
11.8555,1.6432,1.6504,1.6456,2
11.8555,1.6440,1.6496,1.6464,2
11.8555,1.6464,1.6504,1.6480,2
11.8555,1.6512,1.6504,1.6488,2
11.8555,1.6512,1.6504,1.6488,2
11.8555,1.6536,1.6585,1.6504,2
11.8555,1.6568,1.6560,1.6512,2
11.8555,1.6577,1.6560,1.6520,2
11.8555,1.6593,1.6552,1.6512,2
11.8555,1.6617,1.6536,1.6520,2
11.8555,1.6633,1.6528,1.6520,2
11.8555,1.6625,1.6536,1.6528,2
11.8555,1.6609,1.6528,1.6528,2
11.8555,1.6609,1.6520,1.6528,2
11.8555,1.6641,1.6504,1.6528,2
11.8555,1.6625,1.6488,1.6528,2
11.8555,1.6609,1.6488,1.6512,2
11.8555,1.6585,1.6480,1.6504,2
11.8555,1.6496,1.6472,1.6504,2
11.8555,1.6448,1.6480,1.6504,2
11.8555,1.6448,1.6480,1.6504,2
11.8555,1.6456,1.6496,1.6512,2
11.8555,1.6496,1.6504,1.6504,2
11.8555,1.6488,1.6496,1.6496,2
11.8555,1.6480,1.6520,1.6472,2
11.8555,1.6480,1.6520,1.6464,2
11.8555,1.6472,1.6536,1.6472,2
11.8555,1.6504,1.6528,1.6464,2
11.8555,1.6577,1.6528,1.6472,2
11.8555,1.6609,1.6528,1.6440,2
11.9159,1.6585,1.6544,1.6448,2
11.9159,1.6577,1.6544,1.6440,2
11.9159,1.6826,1.6528,1.6432,2
11.9159,1.6794,1.6528,1.6440,2
11.9159,1.6762,1.6528,1.6464,2
11.9159,1.6730,1.6528,1.6456,2
11.9159,1.6681,1.6528,1.6472,2
11.9159,1.6665,1.6552,1.6456,2
11.9159,1.6657,1.6560,1.6432,2
11.9159,1.6673,1.6577,1.6448,2
11.9159,1.6665,1.6544,1.6423,2
11.9159,1.6681,1.6528,1.6432,2
11.9159,1.6391,1.6544,1.6440,2
11.9159,1.6375,1.6577,1.6423,2
11.9159,1.6415,1.6577,1.6399,2
11.9159,1.6456,1.6568,1.6415,2
11.9159,1.6512,1.6568,1.6391,2
11.9159,1.6536,1.6552,1.6399,2
11.9159,1.6552,1.6536,1.6415,2
11.9159,1.6568,1.6520,1.6415,2
11.9159,1.6585,1.6536,1.6440,2
11.9159,1.6585,1.6528,1.6440,2
11.9159,1.6601,1.6512,1.6432,2
11.9159,1.6665,1.6504,1.6448,2
11.9159,1.6665,1.6480,1.6472,2
11.9159,1.6681,1.6488,1.6496,2
11.9159,1.6730,1.6480,1.6496,2
11.9159,1.6714,1.6504,1.6512,2
11.9159,1.6714,1.6528,1.6512,2
11.9159,1.6681,1.6544,1.6504,2
11.9159,1.6665,1.6560,1.6488,2
11.9159,1.6665,1.6577,1.6488,2
11.9159,1.6625,1.6585,1.6488,2
11.9159,1.6593,1.6577,1.6496,2
11.9159,1.6585,1.6593,1.6496,2
11.9159,1.6528,1.6593,1.6472,2
11.9159,1.6423,1.6601,1.6488,2
11.9159,1.6432,1.6577,1.6480,2
11.9159,1.6440,1.6568,1.6480,2
11.9159,1.6415,1.6552,1.6488,2
11.9159,1.6415,1.6536,1.6520,2
11.9159,1.6432,1.6528,1.6536,2
11.9159,1.6464,1.6520,1.6528,2
11.9159,1.6480,1.6520,1.6512,2
11.9159,1.6472,1.6520,1.6520,2
11.9159,1.6528,1.6512,1.6504,2
11.9159,1.6560,1.6520,1.6496,2
11.9159,1.6544,1.6520,1.6504,2
11.9159,1.6536,1.6504,1.6504,2
11.9159,1.6496,1.6528,1.6488,2
11.9159,1.6504,1.6536,1.6480,2
11.9159,1.6391,1.6544,1.6472,2
11.9159,1.6399,1.6544,1.6464,2
11.9159,1.6407,1.6544,1.6464,2
11.9159,1.6407,1.6536,1.6448,2
11.9159,1.6391,1.6544,1.6448,2
11.9159,1.6407,1.6536,1.6456,2
11.9159,1.6432,1.6528,1.6456,2
11.9159,1.6432,1.6536,1.6432,2
11.9159,1.6544,1.6520,1.6448,2
11.9159,1.6536,1.6536,1.6456,2
11.9159,1.6625,1.6544,1.6464,2
11.9159,1.6609,1.6528,1.6456,2
11.9159,1.6577,1.6544,1.6448,2
11.9159,1.6568,1.6552,1.6456,2
11.9159,1.6536,1.6544,1.6456,2
11.9159,1.6528,1.6552,1.6432,2
11.9159,1.6520,1.6560,1.6432,2
11.9159,1.6528,1.6568,1.6448,2
11.9159,1.6480,1.6585,1.6423,2
11.9159,1.6456,1.6577,1.6407,2
11.9159,1.6456,1.6560,1.6407,2
11.9159,1.6399,1.6568,1.6423,2
11.9159,1.6407,1.6544,1.6423,2
11.9159,1.6464,1.6544,1.6407,2
11.9159,1.6504,1.6552,1.6423,2
11.9159,1.6496,1.6552,1.6440,2
11.9159,1.6512,1.6536,1.6456,2
11.9159,1.6520,1.6536,1.6456,2
11.9159,1.6504,1.6520,1.6480,2
11.9159,1.6544,1.6520,1.6504,2
11.9159,1.6633,1.6528,1.6504,2
11.9159,1.6673,1.6512,1.6496,2
11.9159,1.6681,1.6512,1.6512,2
11.9159,1.6641,1.6520,1.6536,2
11.9159,1.6625,1.6520,1.6536,2
11.9159,1.6633,1.6528,1.6544,2
11.9159,1.6601,1.6544,1.6544,2
11.9159,1.6609,1.6560,1.6552,2
11.9159,1.6625,1.6577,1.6544,2
11.9159,1.6617,1.6577,1.6544,2
11.9159,1.6536,1.6577,1.6544,2
11.9159,1.6536,1.6593,1.6560,2
11.9159,1.6568,1.6601,1.6560,2
11.9159,1.6577,1.6585,1.6560,2
11.9159,1.6585,1.6593,1.6560,2
11.9159,1.6601,1.6585,1.6552,2
11.9159,1.6609,1.6577,1.6552,2
11.9159,1.6601,1.6577,1.6552,2
11.9159,1.6617,1.6568,1.6560,2
11.9159,1.6625,1.6568,1.6568,2
11.9159,1.6633,1.6585,1.6568,2
11.9159,1.6641,1.6585,1.6568,2
11.9159,1.6617,1.6593,1.6577,2
11.9159,1.6609,1.6593,1.6585,2
11.9159,1.6609,1.6585,1.6593,2
11.9159,1.6568,1.6577,1.6593,2
11.9159,1.6577,1.6577,1.6601,2
11.9159,1.6585,1.6577,1.6601,2
11.9634,1.6577,1.6577,1.6609,2
11.9634,1.6585,1.6568,1.6609,2
11.9634,1.6577,1.6568,1.6601,2
11.9634,1.6577,1.6577,1.6601,2
11.9634,1.6585,1.6560,1.6601,2
11.9634,1.6577,1.6577,1.6593,2
11.9634,1.6568,1.6593,1.6585,2
11.9634,1.6585,1.6593,1.6585,2
11.9634,1.6601,1.6585,1.6568,2
11.9634,1.6593,1.6585,1.6568,2
11.9634,1.6568,1.6601,1.6560,2
11.9634,1.6560,1.6593,1.6560,2
11.9634,1.6544,1.6601,1.6568,2
11.9634,1.6528,1.6601,1.6568,2
11.9634,1.6496,1.6601,1.6568,2
11.9634,1.6464,1.6601,1.6568,2
11.9634,1.6818,1.6585,1.6568,2
11.9634,1.6818,1.6593,1.6568,2
11.9634,1.6762,1.6585,1.6568,2
11.9634,1.6673,1.6585,1.6577,2
11.9634,1.6673,1.6585,1.6568,2
11.9634,1.6649,1.6601,1.6568,2
11.9634,1.6649,1.6585,1.6568,2
11.9634,1.6649,1.6585,1.6568,2
11.9634,1.6673,1.6593,1.6568,2
11.9634,1.6705,1.6593,1.6568,2
11.9634,1.6456,1.6593,1.6560,2
11.9634,1.6448,1.6593,1.6568,2
11.9634,1.6480,1.6609,1.6560,2
11.9634,1.6568,1.6609,1.6552,2
11.9634,1.6601,1.6601,1.6552,2
11.9634,1.6617,1.6601,1.6544,2
11.9634,1.6633,1.6593,1.6544,2
11.9634,1.6649,1.6577,1.6544,2
11.9634,1.6657,1.6577,1.6528,2
11.9634,1.6697,1.6560,1.6520,2
11.9634,1.6593,1.6568,1.6520,2
11.9634,1.6617,1.6560,1.6496,2
11.9634,1.6609,1.6544,1.6504,2
11.9634,1.6617,1.6536,1.6504,2
11.9634,1.6617,1.6512,1.6496,2
11.9634,1.6617,1.6512,1.6488,2
11.9634,1.6633,1.6536,1.6480,2
11.9634,1.6609,1.6560,1.6480,2
11.9634,1.6617,1.6552,1.6480,2
11.9634,1.6560,1.6568,1.6488,2
11.9634,1.6585,1.6577,1.6488,2
11.9634,1.6593,1.6577,1.6496,2
11.9634,1.6593,1.6585,1.6488,2
11.9634,1.6585,1.6601,1.6472,2
11.9634,1.6568,1.6617,1.6464,2
11.9634,1.6568,1.6601,1.6456,2
11.9634,1.6552,1.6577,1.6448,2
11.9634,1.6560,1.6577,1.6440,2
11.9634,1.6528,1.6568,1.6448,2
11.9634,1.6528,1.6560,1.6448,2
11.9634,1.6512,1.6560,1.6456,2
11.9634,1.6488,1.6544,1.6464,2
11.9634,1.6520,1.6528,1.6464,2
11.9634,1.6528,1.6504,1.6464,2
11.9634,1.6520,1.6504,1.6480,2
11.9634,1.6432,1.6536,1.6472,2
11.9634,1.6448,1.6552,1.6472,2
11.9634,1.6464,1.6552,1.6472,2
11.9634,1.6472,1.6568,1.6464,2
11.9634,1.6480,1.6568,1.6456,2
11.9634,1.6488,1.6552,1.6456,2
11.9634,1.6504,1.6568,1.6456,2
11.9634,1.6488,1.6585,1.6456,2
11.9634,1.6480,1.6609,1.6464,2
11.9634,1.6512,1.6585,1.6456,2
11.9634,1.6601,1.6585,1.6480,2
11.9634,1.6577,1.6577,1.6488,2
11.9634,1.6560,1.6577,1.6496,2
11.9634,1.6593,1.6560,1.6480,2
11.9634,1.6593,1.6544,1.6496,2
11.9634,1.6568,1.6560,1.6480,2
11.9634,1.6617,1.6544,1.6480,2
11.9634,1.6609,1.6544,1.6480,2
11.9634,1.6609,1.6536,1.6488,2
11.9634,1.6528,1.6552,1.6480,2
11.9634,1.6496,1.6552,1.6488,2
11.9634,1.6496,1.6544,1.6472,2
11.9634,1.6504,1.6544,1.6488,2
11.9634,1.6496,1.6544,1.6504,2
11.9634,1.6496,1.6536,1.6512,2
11.9634,1.6601,1.6536,1.6528,2
11.9634,1.6536,1.6536,1.6528,2
11.9634,1.6520,1.6528,1.6520,2
11.9634,1.6520,1.6536,1.6520,2
11.9634,1.6560,1.6528,1.6512,2
11.9634,1.6601,1.6536,1.6488,2
11.9634,1.6617,1.6520,1.6496,2
11.9634,1.6593,1.6520,1.6472,2
11.9634,1.6568,1.6512,1.6456,2
11.9954,1.6568,1.6536,1.6440,2
11.9954,1.6512,1.6536,1.6423,2
11.9954,1.6520,1.6544,1.6407,2
11.9954,1.6552,1.6552,1.6407,2
11.9954,1.6560,1.6536,1.6391,2
11.9954,1.6577,1.6528,1.6407,2
11.9954,1.6568,1.6504,1.6423,2
11.9954,1.6577,1.6520,1.6440,2
11.9954,1.6593,1.6520,1.6456,2
11.9954,1.6609,1.6512,1.6472,2
11.9954,1.6601,1.6512,1.6480,2
11.9954,1.6560,1.6520,1.6488,2
11.9954,1.6577,1.6520,1.6496,2
11.9954,1.6552,1.6520,1.6504,2
11.9954,1.6383,1.6536,1.6504,2
11.9954,1.6399,1.6552,1.6512,2
11.9954,1.6407,1.6544,1.6504,2
11.9954,1.6407,1.6536,1.6488,2
11.9954,1.6407,1.6520,1.6472,2
11.9954,1.6391,1.6536,1.6456,2
11.9954,1.6375,1.6536,1.6456,2
11.9954,1.6391,1.6536,1.6464,2
11.9954,1.6383,1.6504,1.6472,2
11.9954,1.6295,1.6496,1.6472,2
11.9954,1.6472,1.6488,1.6480,2
11.9954,1.6440,1.6480,1.6480,2
11.9954,1.6440,1.6552,1.6552,2
11.9954,1.6399,1.6528,1.6544,2
11.9954,1.6375,1.6528,1.6544,2
11.9954,1.6351,1.6504,1.6552,2
11.9954,1.6359,1.6504,1.6552,2
11.9954,1.6335,1.6480,1.6552,2
11.9954,1.6335,1.6520,1.6544,2
11.9954,1.6432,1.6520,1.6536,2
11.9954,1.6359,1.6520,1.6536,2
11.9954,1.6375,1.6520,1.6528,2
11.9954,1.6375,1.6456,1.6464,2
11.9954,1.6432,1.6480,1.6488,2
11.9954,1.6432,1.6504,1.6512,2
11.9954,1.6456,1.6504,1.6520,2
11.9954,1.6448,1.6520,1.6536,2
11.9954,1.6448,1.6520,1.6536,2
11.9954,1.6391,1.6520,1.6544,2
11.9954,1.6391,1.6512,1.6544,2
11.9954,1.6448,1.6504,1.6544,2
11.9954,1.6432,1.6520,1.6544,2
11.9954,1.6423,1.6520,1.6552,2
11.9954,1.6407,1.6512,1.6544,2
11.9954,1.6423,1.6520,1.6544,2
11.9954,1.6423,1.6512,1.6536,2
11.9954,1.6423,1.6504,1.6528,2
11.9954,1.6448,1.6496,1.6544,2
11.9954,1.6480,1.6480,1.6536,2
11.9954,1.6472,1.6480,1.6552,2
11.9954,1.6480,1.6488,1.6544,2
11.9954,1.6520,1.6464,1.6560,2
11.9954,1.6520,1.6448,1.6544,2
11.9954,1.6520,1.6456,1.6544,2
11.9954,1.6536,1.6448,1.6536,2
11.9954,1.6544,1.6464,1.6528,2
11.9954,1.6552,1.6472,1.6528,2
11.9954,1.6560,1.6488,1.6504,2
11.9954,1.6577,1.6512,1.6504,2
11.9954,1.6585,1.6536,1.6504,2
11.9954,1.6585,1.6536,1.6504,2
11.9954,1.6560,1.6560,1.6496,2
11.9954,1.6560,1.6577,1.6488,2
11.9954,1.6568,1.6577,1.6480,2
11.9954,1.6560,1.6585,1.6488,2
11.9954,1.6544,1.6585,1.6480,2
11.9954,1.6552,1.6585,1.6480,2
11.9954,1.6544,1.6577,1.6480,2
11.9954,1.6560,1.6577,1.6488,2
11.9954,1.6552,1.6552,1.6496,2
11.9954,1.6528,1.6536,1.6496,2
11.9954,1.6544,1.6528,1.6496,2
11.9954,1.6544,1.6528,1.6504,2
11.9954,1.6536,1.6544,1.6528,2
11.9954,1.6544,1.6536,1.6520,2
11.9954,1.6520,1.6528,1.6536,2
11.9954,1.6536,1.6520,1.6536,2
11.9954,1.6552,1.6512,1.6536,2
11.9954,1.6552,1.6504,1.6536,2
11.9954,1.6560,1.6512,1.6512,2
11.9954,1.6568,1.6536,1.6504,2
11.9954,1.6560,1.6536,1.6520,2
11.9954,1.6568,1.6520,1.6512,2
11.9954,1.6544,1.6520,1.6520,2
11.9954,1.6528,1.6528,1.6520,2
11.9954,1.6568,1.6536,1.6512,2
12.0425,1.6544,1.6552,1.6504,2
12.0425,1.6536,1.6544,1.6496,2
12.0425,1.6528,1.6544,1.6488,2
12.0425,1.6536,1.6544,1.6488,2
12.0425,1.6536,1.6544,1.6496,2
12.0425,1.6536,1.6560,1.6480,2
12.0425,1.6528,1.6568,1.6464,2
12.0425,1.6552,1.6577,1.6448,2
12.0425,1.6568,1.6577,1.6456,2
12.0425,1.6568,1.6560,1.6456,2
12.0425,1.6512,1.6552,1.6464,2
12.0425,1.6512,1.6568,1.6488,2
12.0425,1.6520,1.6577,1.6496,2
12.0425,1.6512,1.6560,1.6496,2
12.0425,1.6528,1.6552,1.6496,2
12.0425,1.6536,1.6544,1.6496,2
12.0425,1.6552,1.6544,1.6512,2
12.0425,1.6560,1.6536,1.6504,2
12.0425,1.6552,1.6520,1.6504,2
12.0425,1.6560,1.6528,1.6496,2
12.0425,1.6593,1.6504,1.6496,2
12.0425,1.6601,1.6504,1.6496,2
12.0425,1.6577,1.6496,1.6488,2
12.0425,1.6585,1.6536,1.6496,2
12.0425,1.6585,1.6528,1.6496,2
12.0425,1.6560,1.6512,1.6512,2
12.0425,1.6536,1.6520,1.6512,2
12.0425,1.6528,1.6536,1.6504,2
12.0425,1.6504,1.6560,1.6488,2
12.0425,1.6496,1.6568,1.6480,2
12.0425,1.6536,1.6593,1.6456,2
12.0425,1.6520,1.6601,1.6440,2
12.0425,1.6544,1.6593,1.6440,2
12.0425,1.6536,1.6593,1.6448,2
12.0425,1.6528,1.6601,1.6456,2
12.0425,1.6536,1.6601,1.6440,2
12.0425,1.6544,1.6593,1.6423,2
12.0425,1.6552,1.6585,1.6432,2
12.0425,1.6568,1.6577,1.6448,2
12.0425,1.6568,1.6577,1.6456,2
12.0425,1.6552,1.6568,1.6480,2
12.0425,1.6552,1.6560,1.6480,2
12.0425,1.6544,1.6568,1.6488,2
12.0425,1.6552,1.6560,1.6480,2
12.0425,1.6560,1.6560,1.6456,2
12.0425,1.6560,1.6560,1.6456,2
12.0425,1.6552,1.6560,1.6472,2
12.0425,1.6536,1.6552,1.6472,2
12.0425,1.6560,1.6552,1.6448,2
12.0425,1.6560,1.6544,1.6440,2
12.0425,1.6560,1.6552,1.6423,2
12.0425,1.6560,1.6568,1.6448,2
12.0425,1.6577,1.6568,1.6423,2
12.0425,1.6568,1.6560,1.6423,2
12.0425,1.6560,1.6568,1.6440,2
12.0425,1.6560,1.6568,1.6440,2
12.0425,1.6577,1.6568,1.6440,2
12.0425,1.6593,1.6560,1.6448,2
12.0425,1.6577,1.6552,1.6464,2
12.0425,1.6585,1.6568,1.6480,2
12.0425,1.6593,1.6568,1.6480,2
12.0425,1.6568,1.6552,1.6480,2
12.0425,1.6552,1.6552,1.6496,2
12.0425,1.6560,1.6544,1.6504,2
12.0425,1.6568,1.6520,1.6504,2
12.0425,1.6585,1.6520,1.6512,2
12.0425,1.6577,1.6528,1.6512,2
12.0425,1.6552,1.6536,1.6496,2
12.0901,1.6552,1.6528,1.6480,2
12.0901,1.6560,1.6528,1.6472,2
12.0901,1.6560,1.6528,1.6464,2
12.0901,1.6568,1.6536,1.6464,2
12.0901,1.6552,1.6536,1.6464,2
12.0901,1.6560,1.6560,1.6448,2
12.0901,1.6536,1.6585,1.6440,2
12.0901,1.6520,1.6585,1.6456,2
12.0901,1.6528,1.6552,1.6464,2
12.0901,1.6536,1.6560,1.6488,2
12.0901,1.6544,1.6568,1.6512,2
12.0901,1.6536,1.6552,1.6512,2
12.0901,1.6391,1.6536,1.6544,2
12.0901,1.6423,1.6520,1.6536,2
12.0901,1.6391,1.6528,1.6544,2
12.0901,1.6399,1.6512,1.6560,2
12.0901,1.6415,1.6504,1.6568,2
12.0901,1.6432,1.6504,1.6552,2
12.0901,1.6432,1.6528,1.6544,2
12.0901,1.6448,1.6536,1.6544,2
12.0901,1.6456,1.6536,1.6536,2
12.0901,1.6415,1.6536,1.6528,2
12.0901,1.6552,1.6552,1.6520,2
12.0901,1.6528,1.6552,1.6520,2
12.0901,1.6544,1.6536,1.6520,2
12.0901,1.6536,1.6536,1.6520,2
12.0901,1.6512,1.6536,1.6512,2
12.0901,1.6641,1.6536,1.6528,2
12.0901,1.6617,1.6536,1.6528,2
12.0901,1.6585,1.6528,1.6528,2
12.0901,1.6568,1.6536,1.6528,2
12.0901,1.6585,1.6552,1.6520,2
12.0901,1.6585,1.6544,1.6520,2
12.0901,1.6544,1.6568,1.6528,2
12.0901,1.6560,1.6560,1.6520,2
12.0901,1.6536,1.6568,1.6520,2
12.0901,1.6585,1.6577,1.6528,2
12.0901,1.6432,1.6585,1.6512,2
12.0901,1.6423,1.6577,1.6512,2
12.0901,1.6448,1.6568,1.6520,2
12.0901,1.6472,1.6568,1.6512,2
12.0901,1.6464,1.6552,1.6528,2
12.0901,1.6407,1.6552,1.6528,2
12.0901,1.6456,1.6552,1.6528,2
12.0901,1.6496,1.6560,1.6536,2
12.0901,1.6528,1.6544,1.6520,2
12.0901,1.6520,1.6544,1.6520,2
12.0901,1.6536,1.6544,1.6520,2
12.0901,1.6568,1.6552,1.6512,2
12.0901,1.6593,1.6577,1.6496,2
12.0901,1.6593,1.6568,1.6512,2
12.0901,1.6633,1.6577,1.6488,2
12.0901,1.6722,1.6585,1.6488,2
12.0901,1.6705,1.6577,1.6488,2
12.0901,1.6681,1.6585,1.6472,2
12.0901,1.6665,1.6585,1.6480,2
12.0901,1.6585,1.6568,1.6480,2
12.0901,1.6577,1.6552,1.6496,2
12.0901,1.6568,1.6560,1.6496,2
12.0901,1.6512,1.6552,1.6504,2
12.0901,1.6512,1.6544,1.6496,2
12.0901,1.6480,1.6536,1.6504,2
12.0901,1.6456,1.6536,1.6504,2
12.0901,1.6456,1.6520,1.6488,2
12.0901,1.6464,1.6520,1.6504,2
12.0901,1.6472,1.6528,1.6496,2
12.0901,1.6520,1.6544,1.6488,2
12.0901,1.6528,1.6544,1.6488,2
12.0901,1.6536,1.6536,1.6488,2
12.0901,1.6544,1.6528,1.6488,2
12.0901,1.6528,1.6528,1.6496,2
12.0901,1.6560,1.6528,1.6488,2
12.0901,1.6560,1.6512,1.6488,2
12.0901,1.6577,1.6520,1.6496,2
12.0901,1.6544,1.6528,1.6496,2
12.0901,1.6480,1.6544,1.6488,2
12.0901,1.6496,1.6544,1.6496,2
12.0901,1.6512,1.6544,1.6488,2
12.0901,1.6480,1.6536,1.6480,2
12.0901,1.6488,1.6544,1.6480,2
12.0901,1.6504,1.6552,1.6464,2
12.0901,1.6496,1.6544,1.6472,2
12.0901,1.6488,1.6552,1.6464,2
12.0901,1.6488,1.6536,1.6464,2
12.0901,1.6520,1.6520,1.6456,2
12.0901,1.6585,1.6504,1.6456,2
12.0901,1.6568,1.6496,1.6448,2
12.0901,1.6560,1.6512,1.6440,2
12.0901,1.6577,1.6520,1.6464,2
12.0901,1.6585,1.6520,1.6472,2
12.0901,1.6577,1.6528,1.6488,2
12.0901,1.6568,1.6544,1.6488,2
12.0901,1.6552,1.6544,1.6496,2
12.0901,1.6552,1.6560,1.6472,2
12.0901,1.6536,1.6577,1.6488,2
12.1379,1.6528,1.6568,1.6512,2
12.1379,1.6528,1.6568,1.6520,2
12.1379,1.6528,1.6560,1.6528,2
12.1379,1.6528,1.6552,1.6512,2
12.1379,1.6528,1.6544,1.6504,2
12.1379,1.6512,1.6536,1.6504,2
12.1379,1.6536,1.6520,1.6520,2
12.1379,1.6536,1.6528,1.6512,2
12.1379,1.6464,1.6528,1.6520,2
12.1379,1.6480,1.6520,1.6520,2
12.1379,1.6504,1.6528,1.6504,2
12.1379,1.6504,1.6544,1.6504,2
12.1379,1.6504,1.6544,1.6512,2
12.1379,1.6504,1.6544,1.6520,2
12.1379,1.6504,1.6552,1.6512,2
12.1379,1.6496,1.6568,1.6504,2
12.1379,1.6496,1.6593,1.6512,2
12.1379,1.6496,1.6568,1.6512,2
12.1379,1.6552,1.6568,1.6520,2
12.1379,1.6528,1.6577,1.6520,2
12.1379,1.6504,1.6568,1.6528,2
12.1379,1.6496,1.6568,1.6528,2
12.1379,1.6488,1.6552,1.6536,2
12.1379,1.6480,1.6560,1.6528,2
12.1379,1.6472,1.6544,1.6544,2
12.1379,1.6496,1.6528,1.6560,2
12.1379,1.6496,1.6520,1.6560,2
12.1379,1.6472,1.6520,1.6560,2
12.1379,1.6496,1.6520,1.6568,2
12.1379,1.6496,1.6520,1.6568,2
12.1379,1.6496,1.6528,1.6568,2
12.1379,1.6496,1.6512,1.6568,2
12.1379,1.6496,1.6512,1.6568,2
12.1379,1.6496,1.6504,1.6568,2
12.1379,1.6488,1.6504,1.6568,2
12.1379,1.6480,1.6504,1.6568,2
12.1379,1.6480,1.6488,1.6568,2
12.1379,1.6512,1.6504,1.6577,2
12.1379,1.6520,1.6496,1.6560,2
12.1379,1.6464,1.6456,1.6568,2
12.1379,1.6407,1.6464,1.6560,2
12.1379,1.6842,1.6456,1.6552,2
12.1379,1.6762,1.6464,1.6552,2
12.1379,1.6746,1.6480,1.6552,2
12.1379,1.6722,1.6488,1.6552,2
12.1379,1.6714,1.6504,1.6544,2
12.1379,1.6697,1.6528,1.6536,2
12.1379,1.6625,1.6552,1.6528,2
12.1379,1.6633,1.6552,1.6520,2
12.1379,1.6705,1.6568,1.6512,2
12.1379,1.6778,1.6552,1.6520,2
12.1379,1.6343,1.6560,1.6520,2
12.1379,1.6432,1.6544,1.6512,2
12.1379,1.6464,1.6536,1.6512,2
12.1379,1.6496,1.6528,1.6504,2
12.1379,1.6488,1.6512,1.6504,2
12.1379,1.6520,1.6488,1.6512,2
12.1379,1.6617,1.6464,1.6520,2
12.1379,1.6593,1.6456,1.6520,2
12.1379,1.6875,1.6472,1.6520,2
12.1379,1.6971,1.6488,1.6504,2
12.1379,1.6955,1.6488,1.6512,2
12.1379,1.6915,1.6496,1.6504,2
12.1379,1.6883,1.6504,1.6504,2
12.1379,1.6851,1.6528,1.6520,2
12.1379,1.6851,1.6528,1.6520,2
12.1379,1.6826,1.6536,1.6488,2
12.1379,1.6802,1.6520,1.6488,2
12.1379,1.6810,1.6520,1.6496,2
12.1379,1.6536,1.6528,1.6488,2
12.1379,1.6432,1.6552,1.6496,2
12.1379,1.6464,1.6552,1.6480,2
12.1379,1.6504,1.6552,1.6496,2
12.1379,1.6552,1.6536,1.6488,2
12.1379,1.6593,1.6544,1.6480,2
12.1379,1.6609,1.6544,1.6480,2
12.1379,1.6625,1.6544,1.6472,2
12.1379,1.6625,1.6568,1.6472,2
12.1379,1.6633,1.6536,1.6464,2
12.1379,1.6625,1.6536,1.6464,2
12.1379,1.6617,1.6496,1.6464,2
12.1379,1.6617,1.6504,1.6480,2
12.1379,1.6601,1.6504,1.6456,2
12.1379,1.6593,1.6520,1.6440,2
12.1379,1.6577,1.6520,1.6440,2
12.1379,1.6568,1.6520,1.6448,2
12.1379,1.6552,1.6520,1.6464,2
12.1379,1.6552,1.6520,1.6472,2
12.1379,1.6319,1.6568,1.6472,2
12.1379,1.6335,1.6568,1.6464,2
12.1379,1.6359,1.6577,1.6472,2
12.1379,1.6375,1.6568,1.6472,2
12.1379,1.6383,1.6568,1.6472,2
12.1379,1.6383,1.6568,1.6496,2
12.1379,1.6383,1.6568,1.6488,2
12.1379,1.6375,1.6560,1.6488,2
12.1852,1.6375,1.6577,1.6480,2
12.1852,1.6367,1.6568,1.6464,2
12.1852,1.6585,1.6560,1.6480,2
12.1852,1.6552,1.6560,1.6480,2
12.1852,1.6536,1.6552,1.6464,2
12.1852,1.6432,1.6552,1.6448,2
12.1852,1.6415,1.6560,1.6448,2
12.1852,1.6383,1.6560,1.6440,2
12.1852,1.6351,1.6552,1.6464,2
12.1852,1.6367,1.6552,1.6472,2
12.1852,1.6375,1.6544,1.6464,2
12.1852,1.6375,1.6544,1.6480,2
12.1852,1.6375,1.6560,1.6480,2
12.1852,1.6375,1.6560,1.6496,2
12.1852,1.6391,1.6577,1.6496,2
12.1852,1.6367,1.6577,1.6512,2
12.1852,1.6383,1.6593,1.6528,2
12.1852,1.6399,1.6577,1.6520,2
12.1852,1.6351,1.6568,1.6520,2
12.1852,1.6375,1.6552,1.6512,2
12.1852,1.6375,1.6577,1.6520,2
12.1852,1.6391,1.6568,1.6512,2
12.1852,1.6391,1.6560,1.6512,2
12.1852,1.6383,1.6560,1.6504,2
12.1852,1.6375,1.6544,1.6520,2
12.1852,1.6472,1.6544,1.6512,2
12.1852,1.6456,1.6536,1.6520,2
12.1852,1.6464,1.6560,1.6528,2
12.1852,1.6544,1.6577,1.6528,2
12.1852,1.6528,1.6568,1.6528,2
12.1852,1.6504,1.6552,1.6528,2
12.1852,1.6488,1.6536,1.6528,2
12.1852,1.6504,1.6536,1.6528,2
12.1852,1.6496,1.6544,1.6536,2
12.1852,1.6496,1.6560,1.6544,2
12.1852,1.6488,1.6560,1.6544,2
12.1852,1.6480,1.6552,1.6528,2
12.1852,1.6448,1.6544,1.6536,2
12.1852,1.6448,1.6520,1.6544,2
12.1852,1.6440,1.6536,1.6544,2
12.1852,1.6464,1.6552,1.6528,2
12.1852,1.6464,1.6552,1.6536,2
12.1852,1.6383,1.6544,1.6536,2
12.1852,1.6415,1.6520,1.6536,2
12.1852,1.6407,1.6504,1.6536,2
12.1852,1.6415,1.6496,1.6536,2
12.1852,1.6440,1.6488,1.6544,2
12.1852,1.6448,1.6472,1.6536,2
12.1852,1.6423,1.6488,1.6512,2
12.1852,1.6407,1.6488,1.6520,2
12.1852,1.6399,1.6472,1.6544,2
12.1852,1.6407,1.6488,1.6544,2
12.1852,1.6496,1.6504,1.6544,2
12.1852,1.6472,1.6528,1.6552,2
12.1852,1.6496,1.6536,1.6560,2
12.1852,1.6528,1.6536,1.6560,2
12.1852,1.6488,1.6544,1.6568,2
12.1852,1.6504,1.6560,1.6560,2
12.1852,1.6520,1.6577,1.6577,2
12.1852,1.6536,1.6560,1.6577,2
12.1852,1.6552,1.6568,1.6577,2
12.1852,1.6552,1.6560,1.6568,2
12.1852,1.6528,1.6488,1.6552,2
12.1852,1.6512,1.6488,1.6544,2
12.1852,1.6504,1.6480,1.6536,2
12.1852,1.6472,1.6504,1.6536,2
12.1852,1.6504,1.6488,1.6536,2
12.1852,1.6496,1.6488,1.6544,2
12.1852,1.6448,1.6488,1.6544,2
12.1852,1.6456,1.6496,1.6544,2
12.1852,1.6448,1.6504,1.6536,2
12.1852,1.6448,1.6496,1.6544,2
12.1852,1.6456,1.6568,1.6552,2
12.1852,1.6488,1.6544,1.6560,2
12.1852,1.6504,1.6544,1.6552,2
12.1852,1.6512,1.6544,1.6552,2
12.1852,1.6520,1.6536,1.6552,2
12.1852,1.6440,1.6520,1.6552,2
12.1852,1.6512,1.6504,1.6560,2
12.1852,1.6512,1.6504,1.6560,2
12.1852,1.6496,1.6496,1.6568,2
12.1852,1.6488,1.6520,1.6552,2
12.1852,1.6504,1.6504,1.6536,2
12.1852,1.6496,1.6520,1.6544,2
12.1852,1.6480,1.6536,1.6536,2
12.1852,1.6432,1.6528,1.6544,2
12.1852,1.6415,1.6536,1.6544,2
12.1852,1.6488,1.6552,1.6536,2
12.1852,1.6464,1.6577,1.6544,2
12.1852,1.6440,1.6568,1.6536,2
12.1852,1.6448,1.6577,1.6536,2
12.1852,1.6480,1.6577,1.6560,2
12.1852,1.6456,1.6577,1.6568,2
12.1852,1.6448,1.6577,1.6552,2
12.1852,1.6432,1.6560,1.6577,2
12.2324,1.6480,1.6568,1.6560,2
12.2324,1.6504,1.6552,1.6560,2
12.2324,1.6496,1.6544,1.6560,2
12.2324,1.6504,1.6528,1.6528,2
12.2324,1.6504,1.6536,1.6528,2
12.2324,1.6488,1.6528,1.6528,2
12.2324,1.6456,1.6520,1.6496,2
12.2324,1.6456,1.6528,1.6496,2
12.2324,1.6448,1.6520,1.6504,2
12.2324,1.6440,1.6528,1.6488,2
12.2324,1.6440,1.6512,1.6480,2
12.2324,1.6432,1.6520,1.6472,2
12.2324,1.6456,1.6512,1.6472,2
12.2324,1.6472,1.6520,1.6480,2
12.2324,1.6480,1.6528,1.6488,2
12.2324,1.6488,1.6520,1.6480,2
12.2324,1.6472,1.6520,1.6504,2
12.2324,1.6480,1.6504,1.6504,2
12.2324,1.6456,1.6520,1.6512,2
12.2324,1.6472,1.6536,1.6520,2
12.2324,1.6464,1.6520,1.6528,2
12.2324,1.6472,1.6512,1.6528,2
12.2324,1.6488,1.6512,1.6528,2
12.2324,1.6496,1.6520,1.6544,2
12.2324,1.6496,1.6512,1.6544,2
12.2324,1.6504,1.6512,1.6536,2
12.2324,1.6520,1.6520,1.6536,2
12.2324,1.6528,1.6512,1.6520,2
12.2324,1.6568,1.6504,1.6512,2
12.2324,1.6552,1.6488,1.6488,2
12.2324,1.6552,1.6480,1.6488,2
12.2324,1.6544,1.6488,1.6488,2
12.2324,1.6520,1.6488,1.6488,2
12.2324,1.6496,1.6472,1.6480,2
12.2324,1.6496,1.6456,1.6472,2
12.2324,1.6464,1.6456,1.6480,2
12.2324,1.6480,1.6448,1.6480,2
12.2324,1.6448,1.6448,1.6472,2
12.2324,1.6448,1.6432,1.6464,2
12.2324,1.6448,1.6423,1.6464,2
12.2324,1.6448,1.6456,1.6464,2
12.2324,1.6432,1.6448,1.6464,2
12.2324,1.6432,1.6440,1.6464,2
12.2324,1.6440,1.6432,1.6464,2
12.2324,1.6440,1.6432,1.6464,2
12.2324,1.6464,1.6407,1.6456,2
12.2324,1.6448,1.6415,1.6456,2
12.2324,1.6472,1.6423,1.6464,2
12.2324,1.6472,1.6432,1.6464,2
12.2324,1.6464,1.6432,1.6464,2
12.2324,1.6480,1.6423,1.6464,2
12.2324,1.6488,1.6423,1.6464,2
12.2324,1.6480,1.6432,1.6464,2
12.2324,1.6496,1.6423,1.6448,2
12.2324,1.6504,1.6432,1.6456,2
12.2324,1.6488,1.6440,1.6448,2
12.2324,1.6496,1.6440,1.6432,2
12.2324,1.6496,1.6432,1.6448,2
12.2324,1.6496,1.6423,1.6448,2
12.2324,1.6496,1.6423,1.6456,2
12.2324,1.6504,1.6415,1.6456,2
12.2324,1.6488,1.6423,1.6432,2
12.2324,1.6504,1.6415,1.6423,2
12.2324,1.6504,1.6415,1.6440,2
12.2324,1.6504,1.6407,1.6448,2
12.2324,1.6520,1.6415,1.6448,2
12.2324,1.6528,1.6399,1.6456,2
12.2324,1.6520,1.6391,1.6448,2
12.2324,1.6512,1.6391,1.6464,2
12.2324,1.6496,1.6383,1.6464,2
12.2324,1.6657,1.6391,1.6464,2
12.2324,1.6649,1.6391,1.6488,2
12.2324,1.6641,1.6399,1.6488,2
12.2324,1.6641,1.6399,1.6496,2
12.2324,1.6633,1.6415,1.6496,2
12.2324,1.6617,1.6415,1.6504,2
12.2324,1.6617,1.6440,1.6512,2
12.2324,1.6641,1.6440,1.6512,2
12.2324,1.6633,1.6440,1.6512,2
12.2324,1.6657,1.6448,1.6512,2
12.2324,1.6536,1.6456,1.6512,2
12.2324,1.6544,1.6464,1.6512,2
12.2324,1.6560,1.6480,1.6512,2
12.2324,1.6560,1.6480,1.6512,2
12.2324,1.6568,1.6472,1.6512,2
12.2324,1.6577,1.6488,1.6528,2
12.2324,1.6577,1.6488,1.6512,2
12.2324,1.6577,1.6480,1.6512,2
12.2324,1.6593,1.6480,1.6528,2
12.2324,1.6585,1.6496,1.6536,2
12.2324,1.6560,1.6488,1.6536,2
12.2324,1.6568,1.6496,1.6536,2
12.2324,1.6560,1.6496,1.6544,2
12.2324,1.6528,1.6496,1.6552,2
12.2799,1.6472,1.6504,1.6552,2
12.2799,1.6488,1.6488,1.6528,2
12.2799,1.6496,1.6472,1.6536,2
12.2799,1.6488,1.6488,1.6544,2
12.2799,1.6496,1.6504,1.6536,2
12.2799,1.6496,1.6512,1.6536,2
12.2799,1.6496,1.6512,1.6536,2
12.2799,1.6488,1.6504,1.6536,2
12.2799,1.6488,1.6480,1.6536,2
12.2799,1.6512,1.6496,1.6536,2
12.2799,1.6560,1.6496,1.6544,2
12.2799,1.6536,1.6504,1.6552,2
12.2799,1.6512,1.6528,1.6552,2
12.2799,1.6504,1.6528,1.6552,2
12.2799,1.6480,1.6528,1.6544,2
12.2799,1.6496,1.6512,1.6520,2
12.2799,1.6464,1.6512,1.6528,2
12.2799,1.6464,1.6512,1.6520,2
12.2799,1.6472,1.6512,1.6520,2
12.2799,1.6456,1.6496,1.6512,2
12.2799,1.6488,1.6496,1.6504,2
12.2799,1.6496,1.6488,1.6504,2
12.2799,1.6512,1.6480,1.6504,2
12.2799,1.6512,1.6496,1.6488,2
12.2799,1.6512,1.6472,1.6480,2
12.2799,1.6496,1.6480,1.6488,2
12.2799,1.6528,1.6464,1.6488,2
12.2799,1.6528,1.6480,1.6504,2
12.2799,1.6520,1.6488,1.6512,2
12.2799,1.6528,1.6488,1.6504,2
12.2799,1.6520,1.6472,1.6504,2
12.2799,1.6504,1.6464,1.6488,2
12.2799,1.6512,1.6480,1.6496,2
12.2799,1.6520,1.6472,1.6512,2
12.2799,1.6520,1.6480,1.6512,2
12.2799,1.6536,1.6480,1.6528,2
12.2799,1.6520,1.6496,1.6528,2
12.2799,1.6480,1.6480,1.6520,2
12.2799,1.6488,1.6480,1.6512,2
12.2799,1.6496,1.6480,1.6520,2
12.2799,1.6504,1.6504,1.6520,2
12.2799,1.6496,1.6504,1.6520,2
12.2799,1.6504,1.6496,1.6512,2
12.2799,1.6504,1.6480,1.6488,2
12.2799,1.6512,1.6496,1.6504,2
12.2799,1.6488,1.6504,1.6504,2
12.2799,1.6504,1.6488,1.6456,2
12.2799,1.6552,1.6504,1.6440,2
12.2799,1.6560,1.6512,1.6448,2
12.2799,1.6560,1.6512,1.6456,2
12.2799,1.6536,1.6512,1.6456,2
12.2799,1.6528,1.6512,1.6480,2
12.2799,1.6512,1.6496,1.6480,2
12.2799,1.6601,1.6496,1.6488,2
12.2799,1.6585,1.6504,1.6488,2
12.2799,1.6593,1.6496,1.6488,2
12.2799,1.6577,1.6504,1.6536,2
12.2799,1.6552,1.6496,1.6544,2
12.2799,1.6528,1.6496,1.6536,2
12.2799,1.6520,1.6512,1.6512,2
12.2799,1.6520,1.6520,1.6504,2
12.2799,1.6528,1.6536,1.6504,2
12.2799,1.6528,1.6552,1.6488,2
12.2799,1.6440,1.6552,1.6488,2
12.2799,1.6448,1.6520,1.6472,2
12.2799,1.6464,1.6544,1.6472,2
12.2799,1.6480,1.6552,1.6456,2
12.2799,1.6480,1.6552,1.6440,2
12.2799,1.6488,1.6560,1.6440,2
12.2799,1.6504,1.6560,1.6456,2
12.2799,1.6504,1.6560,1.6440,2
12.2799,1.6520,1.6536,1.6432,2
12.2799,1.6488,1.6520,1.6456,2
12.2799,1.6496,1.6528,1.6448,2
12.2799,1.6504,1.6552,1.6456,2
12.2799,1.6512,1.6536,1.6448,2
12.2799,1.6520,1.6536,1.6448,2
12.2799,1.6536,1.6544,1.6448,2
12.2799,1.6536,1.6536,1.6440,2
12.2799,1.6528,1.6528,1.6432,2
12.2799,1.6536,1.6496,1.6448,2
12.2799,1.6528,1.6496,1.6440,2
12.2799,1.6577,1.6520,1.6440,2
12.2799,1.6568,1.6528,1.6448,2
12.2799,1.6552,1.6528,1.6432,2
12.2799,1.6544,1.6536,1.6423,2
12.2799,1.6544,1.6536,1.6423,2
12.2799,1.6568,1.6528,1.6415,2
12.2799,1.6544,1.6536,1.6432,2
12.2799,1.6544,1.6528,1.6448,2
12.2799,1.6512,1.6536,1.6440,2
12.2799,1.6512,1.6528,1.6440,2
12.2799,1.6472,1.6528,1.6432,2
12.2799,1.6448,1.6512,1.6440,2
12.2799,1.6432,1.6504,1.6448,2
12.3278,1.6440,1.6496,1.6448,2
12.3278,1.6391,1.6496,1.6464,2
12.3278,1.6214,1.6504,1.6456,2
12.3278,1.6262,1.6512,1.6456,2
12.3278,1.6286,1.6512,1.6440,2
12.3278,1.6278,1.6536,1.6448,2
12.3278,1.6311,1.6552,1.6464,2
12.3278,1.6343,1.6512,1.6464,2
12.3278,1.6375,1.6528,1.6464,2
12.3278,1.6391,1.6528,1.6456,2
12.3278,1.6391,1.6520,1.6480,2
12.3278,1.6440,1.6504,1.6472,2
12.3278,1.6593,1.6496,1.6496,2
12.3278,1.6528,1.6480,1.6496,2
12.3278,1.6496,1.6472,1.6496,2
12.3278,1.6520,1.6472,1.6504,2
12.3278,1.6504,1.6464,1.6512,2
12.3278,1.6480,1.6488,1.6520,2
12.3278,1.6480,1.6472,1.6512,2
12.3278,1.6480,1.6480,1.6520,2
12.3278,1.6456,1.6488,1.6520,2
12.3278,1.6423,1.6504,1.6536,2
12.3278,1.6423,1.6496,1.6512,2
12.3278,1.6448,1.6504,1.6520,2
12.3278,1.6456,1.6528,1.6528,2
12.3278,1.6448,1.6528,1.6520,2
12.3278,1.6432,1.6512,1.6520,2
12.3278,1.6440,1.6520,1.6504,2
12.3278,1.6432,1.6544,1.6488,2
12.3278,1.6407,1.6544,1.6488,2
12.3278,1.6423,1.6536,1.6488,2
12.3278,1.6464,1.6536,1.6472,2
12.3278,1.6448,1.6560,1.6488,2
12.3278,1.6472,1.6552,1.6488,2
12.3278,1.6472,1.6544,1.6496,2
12.3278,1.6472,1.6544,1.6488,2
12.3278,1.6496,1.6544,1.6496,2
12.3278,1.6512,1.6536,1.6512,2
12.3278,1.6464,1.6520,1.6520,2
12.3278,1.6415,1.6520,1.6520,2
12.3278,1.6432,1.6528,1.6528,2
12.3278,1.6415,1.6528,1.6544,2
12.3278,1.6802,1.6528,1.6536,2
12.3278,1.6762,1.6520,1.6528,2
12.3278,1.6738,1.6536,1.6528,2
12.3278,1.6714,1.6536,1.6528,2
12.3278,1.6689,1.6544,1.6520,2
12.3278,1.6633,1.6552,1.6520,2
12.3278,1.6673,1.6552,1.6512,2
12.3278,1.6746,1.6560,1.6496,2
12.3278,1.6697,1.6577,1.6480,2
12.3278,1.6697,1.6577,1.6472,2
12.3278,1.6327,1.6577,1.6480,2
12.3278,1.6335,1.6593,1.6496,2
12.3278,1.6367,1.6593,1.6512,2
12.3278,1.6415,1.6577,1.6512,2
12.3278,1.6432,1.6585,1.6520,2
12.3278,1.6480,1.6585,1.6520,2
12.3278,1.6504,1.6601,1.6520,2
12.3278,1.6504,1.6601,1.6536,2
12.3278,1.6536,1.6593,1.6552,2
12.3278,1.6544,1.6593,1.6552,2
12.3278,1.6560,1.6593,1.6552,2
12.3278,1.6568,1.6593,1.6552,2
12.3278,1.6552,1.6593,1.6536,2
12.3278,1.6560,1.6609,1.6536,2
12.3278,1.6536,1.6593,1.6536,2
12.3278,1.6512,1.6593,1.6544,2
12.3278,1.6528,1.6593,1.6528,2
12.3278,1.6528,1.6593,1.6536,2
12.3278,1.6520,1.6593,1.6544,2
12.3278,1.6512,1.6593,1.6536,2
12.3278,1.6504,1.6585,1.6512,2
12.3278,1.6512,1.6568,1.6512,2
12.3278,1.6512,1.6568,1.6520,2
12.3278,1.6496,1.6577,1.6520,2
12.3278,1.6496,1.6585,1.6496,2
12.3278,1.6520,1.6585,1.6496,2
12.3278,1.6496,1.6568,1.6496,2
12.3278,1.6440,1.6560,1.6504,2
12.3278,1.6423,1.6577,1.6496,2
12.3278,1.6423,1.6577,1.6504,2
12.3278,1.6415,1.6585,1.6520,2
12.3278,1.6415,1.6585,1.6520,2
12.3278,1.6399,1.6577,1.6512,2
12.3278,1.6407,1.6577,1.6512,2
12.3278,1.6432,1.6568,1.6536,2
12.3278,1.6423,1.6568,1.6528,2
12.3278,1.6423,1.6568,1.6528,2
12.3278,1.6480,1.6568,1.6512,2
12.3278,1.6496,1.6568,1.6512,2
12.3278,1.6488,1.6544,1.6512,2
12.3278,1.6504,1.6520,1.6480,2
12.3278,1.6504,1.6552,1.6480,2
12.3278,1.6488,1.6560,1.6464,2
12.3278,1.6480,1.6552,1.6456,2
12.3759,1.6464,1.6568,1.6440,2
12.3759,1.6456,1.6560,1.6440,2
12.3759,1.6448,1.6568,1.6440,2
12.3759,1.6448,1.6560,1.6448,2
12.3759,1.6448,1.6560,1.6440,2
12.3759,1.6448,1.6568,1.6440,2
12.3759,1.6440,1.6585,1.6464,2
12.3759,1.6432,1.6568,1.6472,2
12.3759,1.6472,1.6568,1.6496,2
12.3759,1.6472,1.6568,1.6496,2
12.3759,1.6480,1.6560,1.6512,2
12.3759,1.6496,1.6568,1.6512,2
12.3759,1.6286,1.6568,1.6520,2
12.3759,1.6303,1.6560,1.6512,2
12.3759,1.6319,1.6552,1.6512,2
12.3759,1.6343,1.6552,1.6512,2
12.3759,1.6351,1.6544,1.6512,2
12.3759,1.6367,1.6544,1.6504,2
12.3759,1.6391,1.6544,1.6488,2
12.3759,1.6399,1.6552,1.6480,2
12.3759,1.6415,1.6544,1.6480,2
12.3759,1.6399,1.6552,1.6464,2
12.3759,1.6625,1.6544,1.6472,2
12.3759,1.6601,1.6544,1.6480,2
12.3759,1.6520,1.6568,1.6496,2
12.3759,1.6464,1.6577,1.6504,2
12.3759,1.6448,1.6601,1.6496,2
12.3759,1.6440,1.6609,1.6504,2
12.3759,1.6415,1.6609,1.6512,2
12.3759,1.6383,1.6609,1.6512,2
12.3759,1.6375,1.6593,1.6512,2
12.3759,1.6391,1.6585,1.6528,2
12.3759,1.6391,1.6601,1.6528,2
12.3759,1.6391,1.6609,1.6528,2
12.3759,1.6456,1.6593,1.6536,2
12.3759,1.6488,1.6585,1.6536,2
12.3759,1.6488,1.6544,1.6544,2
12.3759,1.6480,1.6544,1.6536,2
12.3759,1.6480,1.6544,1.6528,2
12.3759,1.6504,1.6528,1.6536,2
12.3759,1.6528,1.6544,1.6536,2
12.3759,1.6496,1.6552,1.6544,2
12.3759,1.6488,1.6552,1.6552,2
12.3759,1.6512,1.6544,1.6552,2
12.3759,1.6512,1.6560,1.6544,2
12.3759,1.6512,1.6552,1.6544,2
12.3759,1.6520,1.6577,1.6528,2
12.3759,1.6528,1.6552,1.6528,2
12.3759,1.6520,1.6544,1.6528,2
12.3759,1.6528,1.6536,1.6520,2
12.3759,1.6496,1.6520,1.6520,2
12.3759,1.6496,1.6504,1.6512,2
12.3759,1.6544,1.6488,1.6496,2
12.3759,1.6528,1.6480,1.6496,2
12.3759,1.6528,1.6464,1.6504,2
12.3759,1.6528,1.6456,1.6512,2
12.3759,1.6512,1.6464,1.6512,2
12.3759,1.6536,1.6464,1.6520,2
12.3759,1.6552,1.6464,1.6536,2
12.3759,1.6536,1.6464,1.6520,2
12.3759,1.6544,1.6472,1.6528,2
12.3759,1.6560,1.6488,1.6528,2
12.3759,1.6512,1.6488,1.6520,2
12.3759,1.6488,1.6504,1.6520,2
12.3759,1.6496,1.6496,1.6512,2
12.3759,1.6480,1.6496,1.6512,2
12.3759,1.6480,1.6488,1.6520,2
12.3759,1.6327,1.6480,1.6512,2
12.3759,1.6343,1.6472,1.6496,2
12.3759,1.6617,1.6472,1.6504,2
12.3759,1.6601,1.6464,1.6488,2
12.3759,1.6585,1.6440,1.6480,2
12.3759,1.6593,1.6432,1.6472,2
12.3759,1.6601,1.6415,1.6472,2
12.3759,1.6585,1.6415,1.6448,2
12.3759,1.6528,1.6415,1.6456,2
12.3759,1.6536,1.6407,1.6440,2
12.3759,1.6665,1.6415,1.6440,2
12.3759,1.6657,1.6432,1.6432,2
12.3759,1.6375,1.6432,1.6440,2
12.3759,1.6383,1.6432,1.6448,2
12.3759,1.6391,1.6432,1.6448,2
12.3759,1.6399,1.6432,1.6448,2
12.3759,1.6432,1.6448,1.6432,2
12.3759,1.6440,1.6448,1.6432,2
12.3759,1.6480,1.6456,1.6415,2
12.3759,1.6480,1.6464,1.6440,2
12.3759,1.6504,1.6472,1.6440,2
12.3759,1.6488,1.6456,1.6440,2
12.3759,1.6504,1.6480,1.6432,2
12.3759,1.6512,1.6480,1.6432,2
12.3759,1.6520,1.6488,1.6440,2
12.3759,1.6528,1.6504,1.6440,2
12.3759,1.6504,1.6504,1.6448,2
12.3759,1.6512,1.6496,1.6448,2
12.3759,1.6319,1.6496,1.6464,2
12.4239,1.6343,1.6512,1.6440,2
12.4239,1.6335,1.6512,1.6432,2
12.4239,1.6351,1.6528,1.6432,2
12.4239,1.6359,1.6528,1.6432,2
12.4239,1.6383,1.6512,1.6440,2
12.4239,1.6391,1.6512,1.6448,2
12.4239,1.6375,1.6520,1.6456,2
12.4239,1.6391,1.6504,1.6464,2
12.4239,1.6391,1.6512,1.6480,2
12.4239,1.6585,1.6504,1.6472,2
12.4239,1.6536,1.6488,1.6488,2
12.4239,1.6496,1.6496,1.6496,2
12.4239,1.6480,1.6488,1.6488,2
12.4239,1.6456,1.6480,1.6480,2
12.4239,1.6423,1.6496,1.6480,2
12.4239,1.6399,1.6504,1.6472,2
12.4239,1.6697,1.6496,1.6472,2
12.4239,1.6617,1.6512,1.6480,2
12.4239,1.6577,1.6512,1.6480,2
12.4239,1.6568,1.6512,1.6480,2
12.4239,1.6568,1.6520,1.6480,2
12.4239,1.6560,1.6520,1.6496,2
12.4239,1.6601,1.6528,1.6512,2
12.4239,1.6593,1.6544,1.6520,2
12.4239,1.6593,1.6544,1.6536,2
12.4239,1.6585,1.6536,1.6544,2
12.4239,1.6303,1.6528,1.6552,2
12.4239,1.6367,1.6528,1.6552,2
12.4239,1.6415,1.6528,1.6560,2
12.4239,1.6448,1.6536,1.6568,2
12.4239,1.6488,1.6544,1.6568,2
12.4239,1.6544,1.6520,1.6560,2
12.4239,1.6488,1.6504,1.6560,2
12.4239,1.6520,1.6496,1.6552,2
12.4239,1.6560,1.6496,1.6536,2
12.4239,1.6552,1.6480,1.6536,2
12.4239,1.6552,1.6472,1.6536,2
12.4239,1.6560,1.6456,1.6528,2
12.4239,1.6577,1.6464,1.6528,2
12.4239,1.6585,1.6448,1.6528,2
12.4239,1.6568,1.6448,1.6520,2
12.4239,1.6577,1.6464,1.6528,2
12.4239,1.6593,1.6472,1.6528,2
12.4239,1.6577,1.6464,1.6536,2
12.4239,1.6544,1.6456,1.6536,2
12.4239,1.6568,1.6472,1.6536,2
12.4239,1.6552,1.6488,1.6536,2
12.4239,1.6536,1.6504,1.6536,2
12.4239,1.6520,1.6504,1.6536,2
12.4239,1.6488,1.6520,1.6536,2
12.4239,1.6472,1.6512,1.6528,2
12.4239,1.6448,1.6512,1.6520,2
12.4239,1.6440,1.6504,1.6504,2
12.4239,1.6415,1.6512,1.6504,2
12.4239,1.6423,1.6512,1.6528,2
12.4239,1.6415,1.6512,1.6520,2
12.4239,1.6295,1.6496,1.6496,2
12.4239,1.6286,1.6480,1.6504,2
12.4239,1.6262,1.6480,1.6504,2
12.4239,1.6295,1.6480,1.6496,2
12.4239,1.6311,1.6496,1.6512,2
12.4239,1.6327,1.6488,1.6512,2
12.4239,1.6343,1.6488,1.6512,2
12.4239,1.6343,1.6488,1.6512,2
12.4239,1.6351,1.6496,1.6504,2
12.4239,1.6278,1.6504,1.6520,2
12.4239,1.6415,1.6512,1.6528,2
12.4239,1.6464,1.6528,1.6520,2
12.4239,1.6472,1.6528,1.6512,2
12.4239,1.6464,1.6520,1.6512,2
12.4239,1.6464,1.6504,1.6504,2
12.4239,1.6448,1.6512,1.6512,2
12.4239,1.6440,1.6512,1.6512,2
12.4239,1.6440,1.6520,1.6512,2
12.4239,1.6440,1.6512,1.6504,2
12.4239,1.6520,1.6512,1.6504,2
12.4239,1.6504,1.6504,1.6512,2
12.4239,1.6472,1.6504,1.6520,2
12.4239,1.6488,1.6512,1.6520,2
12.4239,1.6496,1.6504,1.6512,2
12.4239,1.6496,1.6512,1.6520,2
12.4239,1.6480,1.6512,1.6520,2
12.4239,1.6464,1.6512,1.6520,2
12.4239,1.6448,1.6496,1.6496,2
12.4239,1.6440,1.6512,1.6496,2
12.4239,1.6440,1.6512,1.6504,2
12.4239,1.6464,1.6512,1.6488,2
12.4239,1.6456,1.6480,1.6472,2
12.4239,1.6448,1.6480,1.6464,2
12.4239,1.6464,1.6480,1.6464,2
12.4239,1.6472,1.6472,1.6456,2
12.4239,1.6496,1.6480,1.6456,2
12.4239,1.6528,1.6488,1.6464,2
12.4239,1.6544,1.6504,1.6488,2
12.4239,1.6568,1.6504,1.6496,2
12.4239,1.6560,1.6496,1.6488,2
12.4715,1.6552,1.6496,1.6480,2
12.4715,1.6577,1.6504,1.6504,2
12.4715,1.6560,1.6512,1.6504,2
12.4715,1.6552,1.6512,1.6504,2
12.4715,1.6536,1.6520,1.6520,2
12.4715,1.6552,1.6504,1.6520,2
12.4715,1.6536,1.6488,1.6512,2
12.4715,1.6528,1.6472,1.6496,2
12.4715,1.6504,1.6456,1.6504,2
12.4715,1.6512,1.6456,1.6496,2
12.4715,1.6520,1.6456,1.6496,2
12.4715,1.6488,1.6472,1.6496,2
12.4715,1.6496,1.6472,1.6488,2
12.4715,1.6496,1.6480,1.6496,2
12.4715,1.6496,1.6480,1.6496,2
12.4715,1.6456,1.6496,1.6488,2
12.4715,1.6407,1.6496,1.6488,2
12.4715,1.6432,1.6496,1.6504,2
12.4715,1.6464,1.6504,1.6488,2
12.4715,1.6472,1.6488,1.6496,2
12.4715,1.6456,1.6480,1.6496,2
12.4715,1.6512,1.6480,1.6504,2
12.4715,1.6504,1.6488,1.6496,2
12.4715,1.6504,1.6480,1.6504,2
12.4715,1.6504,1.6480,1.6496,2
12.4715,1.6536,1.6464,1.6504,2
12.4715,1.6585,1.6456,1.6512,2
12.4715,1.6577,1.6448,1.6520,2
12.4715,1.6520,1.6456,1.6528,2
12.4715,1.6520,1.6464,1.6520,2
12.4715,1.6496,1.6472,1.6520,2
12.4715,1.6440,1.6456,1.6512,2
12.4715,1.6415,1.6448,1.6520,2
12.4715,1.6407,1.6448,1.6520,2
12.4715,1.6407,1.6440,1.6528,2
12.4715,1.6415,1.6432,1.6520,2
12.4715,1.6399,1.6448,1.6520,2
12.4715,1.6399,1.6448,1.6512,2
12.4715,1.6423,1.6440,1.6504,2
12.4715,1.6432,1.6367,1.6504,2
12.4715,1.6456,1.6367,1.6512,2
12.4715,1.6488,1.6367,1.6512,2
12.4715,1.6504,1.6367,1.6520,2
12.4715,1.6488,1.6375,1.6512,2
12.4715,1.6488,1.6367,1.6520,2
12.4715,1.6472,1.6375,1.6528,2
12.4715,1.6504,1.6375,1.6528,2
12.4715,1.6504,1.6367,1.6528,2
12.4715,1.6504,1.6295,1.6536,2
12.4715,1.6504,1.6391,1.6528,2
12.4715,1.6488,1.6375,1.6536,2
12.4715,1.6480,1.6383,1.6536,2
12.4715,1.6496,1.6375,1.6536,2
12.4715,1.6520,1.6407,1.6536,2
12.4715,1.6512,1.6399,1.6528,2
12.4715,1.6528,1.6391,1.6520,2
12.4715,1.6520,1.6391,1.6520,2
12.4715,1.6512,1.6399,1.6512,2
12.4715,1.6512,1.6488,1.6504,2
12.4715,1.6504,1.6472,1.6504,2
12.4715,1.6504,1.6480,1.6488,2
12.4715,1.6504,1.6472,1.6504,2
12.4715,1.6504,1.6480,1.6504,2
12.4715,1.6504,1.6456,1.6512,2
12.4715,1.6504,1.6456,1.6528,2
12.4715,1.6488,1.6472,1.6536,2
12.4715,1.6488,1.6488,1.6520,2
12.4715,1.6480,1.6488,1.6520,2
12.4715,1.6488,1.6488,1.6544,2
12.4715,1.6488,1.6496,1.6544,2
12.4715,1.6496,1.6512,1.6560,2
12.4715,1.6496,1.6520,1.6568,2
12.4715,1.6480,1.6536,1.6577,2
12.4715,1.6593,1.6536,1.6568,2
12.4715,1.6504,1.6552,1.6544,2
12.4715,1.6536,1.6560,1.6552,2
12.4715,1.6512,1.6560,1.6560,2
12.4715,1.6544,1.6577,1.6552,2
12.4715,1.6520,1.6568,1.6544,2
12.4715,1.6464,1.6585,1.6544,2
12.4715,1.6448,1.6593,1.6544,2
12.4715,1.6472,1.6593,1.6536,2
12.4715,1.6496,1.6593,1.6496,2
12.4715,1.6391,1.6609,1.6496,2
12.4715,1.6496,1.6593,1.6512,2
12.4715,1.6472,1.6593,1.6480,2
12.4715,1.6480,1.6577,1.6488,2
12.4715,1.6480,1.6577,1.6496,2
12.4715,1.6480,1.6577,1.6488,2
12.4715,1.6544,1.6568,1.6472,2
12.4715,1.6536,1.6552,1.6456,2
12.4715,1.6512,1.6544,1.6456,2
12.4715,1.6496,1.6536,1.6464,2
12.4715,1.6488,1.6512,1.6464,2
12.4715,1.6472,1.6528,1.6448,2
12.5190,1.6496,1.6496,1.6472,2
12.5190,1.6496,1.6504,1.6472,2
12.5190,1.6480,1.6488,1.6480,2
12.5190,1.6488,1.6480,1.6496,2
12.5190,1.6448,1.6472,1.6512,2
12.5190,1.6472,1.6464,1.6512,2
12.5190,1.6480,1.6464,1.6512,2
12.5190,1.6488,1.6456,1.6520,2
12.5190,1.6488,1.6472,1.6520,2
12.5190,1.6496,1.6456,1.6520,2
12.5190,1.6488,1.6464,1.6520,2
12.5190,1.6504,1.6464,1.6504,2
12.5190,1.6512,1.6440,1.6496,2
12.5190,1.6512,1.6415,1.6488,2
12.5190,1.6552,1.6423,1.6480,2
12.5190,1.6520,1.6423,1.6472,2
12.5190,1.6625,1.6415,1.6472,2
12.5190,1.6593,1.6415,1.6472,2
12.5190,1.6560,1.6415,1.6472,2
12.5190,1.6544,1.6423,1.6480,2
12.5190,1.6520,1.6423,1.6480,2
12.5190,1.6520,1.6407,1.6472,2
12.5190,1.6512,1.6432,1.6480,2
12.5190,1.6512,1.6448,1.6472,2
12.5190,1.6520,1.6440,1.6472,2
12.5190,1.6552,1.6440,1.6488,2
12.5190,1.6448,1.6448,1.6488,2
12.5190,1.6472,1.6440,1.6480,2
12.5190,1.6504,1.6432,1.6472,2
12.5190,1.6512,1.6432,1.6472,2
12.5190,1.6520,1.6423,1.6480,2
12.5190,1.6528,1.6440,1.6504,2
12.5190,1.6528,1.6432,1.6512,2
12.5190,1.6536,1.6432,1.6504,2
12.5190,1.6528,1.6448,1.6496,2
12.5190,1.6520,1.6448,1.6480,2
12.5190,1.6504,1.6440,1.6488,2
12.5190,1.6504,1.6448,1.6504,2
12.5190,1.6512,1.6456,1.6512,2
12.5190,1.6520,1.6456,1.6504,2
12.5190,1.6528,1.6456,1.6496,2
12.5190,1.6528,1.6456,1.6496,2
12.5190,1.6528,1.6456,1.6496,2
12.5190,1.6504,1.6448,1.6504,2
12.5190,1.6496,1.6440,1.6520,2
12.5190,1.6488,1.6448,1.6528,2
12.5190,1.6512,1.6440,1.6520,2
12.5190,1.6504,1.6440,1.6520,2
12.5190,1.6512,1.6423,1.6528,2
12.5190,1.6512,1.6423,1.6520,2
12.5190,1.6512,1.6423,1.6512,2
12.5190,1.6488,1.6415,1.6496,2
12.5190,1.6480,1.6415,1.6496,2
12.5190,1.6488,1.6432,1.6496,2
12.5190,1.6504,1.6432,1.6496,2
12.5190,1.6520,1.6415,1.6496,2
12.5190,1.6496,1.6407,1.6488,2
12.5190,1.6520,1.6415,1.6504,2
12.5190,1.6488,1.6432,1.6504,2
12.5190,1.6496,1.6432,1.6520,2
12.5190,1.6432,1.6432,1.6528,2
12.5190,1.6440,1.6432,1.6536,2
12.5190,1.6432,1.6407,1.6544,2
12.5190,1.6448,1.6407,1.6560,2
12.5190,1.6432,1.6407,1.6568,2
12.5190,1.6432,1.6399,1.6577,2
12.5190,1.6464,1.6407,1.6577,2
12.5190,1.6464,1.6399,1.6577,2
12.5190,1.6488,1.6391,1.6577,2
12.5190,1.6472,1.6399,1.6585,2
12.5190,1.6536,1.6391,1.6585,2
12.5190,1.6544,1.6399,1.6577,2
12.5190,1.6536,1.6415,1.6577,2
12.5190,1.6520,1.6407,1.6577,2
12.5190,1.6456,1.6399,1.6577,2
12.5190,1.6432,1.6407,1.6568,2
12.5190,1.6415,1.6407,1.6577,2
12.5190,1.6407,1.6407,1.6577,2
12.5190,1.6407,1.6399,1.6577,2
12.5190,1.6407,1.6391,1.6577,2
12.5190,1.6407,1.6407,1.6577,2
12.5190,1.6423,1.6399,1.6577,2
12.5190,1.6415,1.6391,1.6577,2
12.5190,1.6391,1.6391,1.6568,2
12.5190,1.6472,1.6407,1.6568,2
12.5190,1.6480,1.6415,1.6568,2
12.5190,1.6472,1.6415,1.6568,2
12.5190,1.6440,1.6415,1.6568,2
12.5190,1.6432,1.6423,1.6560,2
12.5190,1.6440,1.6432,1.6504,2
12.5190,1.6423,1.6415,1.6504,2
12.5190,1.6440,1.6415,1.6512,2
12.5190,1.6448,1.6440,1.6520,2
12.5190,1.6448,1.6440,1.6528,2
12.5190,1.6456,1.6423,1.6520,2
12.5664,1.6464,1.6423,1.6504,2
12.5664,1.6472,1.6415,1.6504,2
12.5664,1.6504,1.6407,1.6496,2
12.5664,1.6504,1.6407,1.6496,2
12.5664,1.6480,1.6407,1.6552,2
12.5664,1.6472,1.6415,1.6544,2
12.5664,1.6456,1.6432,1.6536,2
12.5664,1.6448,1.6440,1.6528,2
12.5664,1.6496,1.6440,1.6512,2
12.5664,1.6472,1.6456,1.6504,2
12.5664,1.6480,1.6472,1.6520,2
12.5664,1.6488,1.6464,1.6512,2
12.5664,1.6504,1.6472,1.6520,2
12.5664,1.6496,1.6464,1.6520,2
12.5664,1.6536,1.6472,1.6504,2
12.5664,1.6689,1.6472,1.6504,2
12.5664,1.6681,1.6464,1.6504,2
12.5664,1.6714,1.6456,1.6504,2
12.5664,1.6681,1.6472,1.6512,2
12.5664,1.6681,1.6448,1.6520,2
12.5664,1.6665,1.6440,1.6496,2
12.5664,1.6641,1.6456,1.6480,2
12.5664,1.6625,1.6464,1.6472,2
12.5664,1.6609,1.6480,1.6472,2
12.5664,1.6593,1.6480,1.6472,2
12.5664,1.6456,1.6488,1.6464,2
12.5664,1.6472,1.6480,1.6456,2
12.5664,1.6456,1.6496,1.6456,2
12.5664,1.6480,1.6488,1.6464,2
12.5664,1.6488,1.6504,1.6464,2
12.5664,1.6496,1.6512,1.6464,2
12.5664,1.6504,1.6520,1.6472,2
12.5664,1.6512,1.6528,1.6472,2
12.5664,1.6528,1.6536,1.6464,2
12.5664,1.6593,1.6528,1.6480,2
12.5664,1.6601,1.6520,1.6480,2
12.5664,1.6601,1.6528,1.6480,2
12.5664,1.6601,1.6496,1.6480,2
12.5664,1.6601,1.6488,1.6488,2
12.5664,1.6609,1.6488,1.6488,2
12.5664,1.6609,1.6480,1.6504,2
12.5664,1.6617,1.6464,1.6504,2
12.5664,1.6568,1.6456,1.6512,2
12.5664,1.6585,1.6448,1.6496,2
12.5664,1.6504,1.6456,1.6472,2
12.5664,1.6488,1.6464,1.6472,2
12.5664,1.6496,1.6472,1.6480,2
12.5664,1.6496,1.6488,1.6472,2
12.5664,1.6480,1.6496,1.6456,2
12.5664,1.6480,1.6488,1.6440,2
12.5664,1.6472,1.6480,1.6440,2
12.5664,1.6472,1.6496,1.6440,2
12.5664,1.6512,1.6512,1.6432,2
12.5664,1.6504,1.6496,1.6456,2
12.5664,1.6512,1.6488,1.6456,2
12.5664,1.6496,1.6488,1.6440,2
12.5664,1.6504,1.6480,1.6440,2
12.5664,1.6504,1.6464,1.6432,2
12.5664,1.6512,1.6464,1.6423,2
12.5664,1.6488,1.6456,1.6456,2
12.5664,1.6440,1.6456,1.6440,2
12.5664,1.6456,1.6448,1.6432,2
12.5664,1.6440,1.6432,1.6440,2
12.5664,1.6423,1.6432,1.6432,2
12.5664,1.6440,1.6423,1.6432,2
12.5664,1.6448,1.6440,1.6440,2
12.5664,1.6448,1.6440,1.6440,2
12.5664,1.6432,1.6440,1.6456,2
12.5664,1.6415,1.6440,1.6464,2
12.5664,1.6432,1.6448,1.6464,2
12.5664,1.6496,1.6448,1.6480,2
12.5664,1.6488,1.6456,1.6496,2
12.5664,1.6512,1.6472,1.6496,2
12.5664,1.6512,1.6464,1.6504,2
12.5664,1.6512,1.6456,1.6504,2
12.5664,1.6520,1.6448,1.6504,2
12.5664,1.6504,1.6448,1.6496,2
12.5664,1.6528,1.6440,1.6488,2
12.5664,1.6536,1.6440,1.6472,2
12.5664,1.6512,1.6456,1.6464,2
12.5664,1.6504,1.6440,1.6472,2
12.5664,1.6496,1.6432,1.6464,2
12.5664,1.6456,1.6415,1.6456,2
12.5664,1.6488,1.6432,1.6456,2
12.5664,1.6480,1.6432,1.6472,2
12.5664,1.6472,1.6432,1.6480,2
12.5664,1.6488,1.6432,1.6472,2
12.5664,1.6480,1.6440,1.6472,2
12.5664,1.6464,1.6448,1.6480,2
12.5664,1.6480,1.6440,1.6488,2
12.5664,1.6456,1.6448,1.6472,2
12.5664,1.6480,1.6448,1.6488,2
12.5664,1.6496,1.6464,1.6496,2
12.5664,1.6472,1.6456,1.6480,2
12.5664,1.6472,1.6464,1.6480,2
12.6139,1.6464,1.6464,1.6464,2
12.6139,1.6432,1.6464,1.6488,2
12.6139,1.6440,1.6456,1.6496,2
12.6139,1.6367,1.6464,1.6512,2
12.6139,1.6359,1.6464,1.6512,2
12.6139,1.6383,1.6464,1.6520,2
12.6139,1.6383,1.6464,1.6520,2
12.6139,1.6399,1.6456,1.6512,2
12.6139,1.6423,1.6456,1.6528,2
12.6139,1.6415,1.6464,1.6520,2
12.6139,1.6432,1.6472,1.6544,2
12.6139,1.6480,1.6464,1.6536,2
12.6139,1.6488,1.6464,1.6536,2
12.6139,1.6568,1.6448,1.6536,2
12.6139,1.6512,1.6456,1.6528,2
12.6139,1.6512,1.6456,1.6520,2
12.6139,1.6520,1.6464,1.6520,2
12.6139,1.6480,1.6456,1.6512,2
12.6139,1.6440,1.6472,1.6512,2
12.6139,1.6423,1.6456,1.6496,2
12.6139,1.6423,1.6464,1.6504,2
12.6139,1.6391,1.6464,1.6504,2
12.6139,1.6367,1.6472,1.6504,2
12.6139,1.6335,1.6472,1.6504,2
12.6139,1.6383,1.6472,1.6512,2
12.6139,1.6383,1.6464,1.6496,2
12.6139,1.6375,1.6456,1.6496,2
12.6139,1.6391,1.6464,1.6504,2
12.6139,1.6415,1.6456,1.6504,2
12.6139,1.6423,1.6464,1.6504,2
12.6139,1.6423,1.6456,1.6504,2
12.6139,1.6206,1.6456,1.6496,2
12.6139,1.6254,1.6456,1.6504,2
12.6139,1.6319,1.6456,1.6488,2
12.6139,1.6343,1.6456,1.6488,2
12.6139,1.6359,1.6456,1.6488,2
12.6139,1.6367,1.6456,1.6472,2
12.6139,1.6375,1.6448,1.6456,2
12.6139,1.6319,1.6440,1.6456,2
12.6139,1.6335,1.6440,1.6456,2
12.6139,1.6327,1.6440,1.6464,2
12.6139,1.6552,1.6440,1.6464,2
12.6139,1.6536,1.6448,1.6440,2
12.6139,1.6496,1.6448,1.6448,2
12.6139,1.6496,1.6464,1.6448,2
12.6139,1.6472,1.6464,1.6472,2
12.6139,1.6448,1.6464,1.6488,2
12.6139,1.6432,1.6456,1.6488,2
12.6139,1.6480,1.6480,1.6488,2
12.6139,1.6464,1.6472,1.6504,2
12.6139,1.6464,1.6472,1.6480,2
12.6139,1.6464,1.6464,1.6472,2
12.6139,1.6456,1.6456,1.6480,2
12.6139,1.6464,1.6456,1.6488,2
12.6139,1.6432,1.6456,1.6480,2
12.6139,1.6440,1.6456,1.6472,2
12.6139,1.6440,1.6448,1.6472,2
12.6139,1.6456,1.6456,1.6480,2
12.6139,1.6440,1.6448,1.6480,2
12.6139,1.6432,1.6440,1.6472,2
12.6139,1.6432,1.6440,1.6472,2
12.6139,1.6423,1.6440,1.6496,2
12.6139,1.6440,1.6448,1.6488,2
12.6139,1.6254,1.6440,1.6488,2
12.6139,1.6303,1.6423,1.6488,2
12.6139,1.6440,1.6432,1.6480,2
12.6139,1.6432,1.6448,1.6472,2
12.6139,1.6448,1.6440,1.6456,2
12.6139,1.6480,1.6440,1.6464,2
12.6139,1.6504,1.6456,1.6464,2
12.6139,1.6496,1.6456,1.6480,2
12.6139,1.6488,1.6448,1.6472,2
12.6139,1.6472,1.6448,1.6472,2
12.6139,1.6641,1.6456,1.6464,2
12.6139,1.6585,1.6456,1.6480,2
12.6139,1.6448,1.6448,1.6504,2
12.6139,1.6464,1.6448,1.6504,2
12.6139,1.6456,1.6448,1.6520,2
12.6139,1.6456,1.6464,1.6520,2
12.6139,1.6480,1.6456,1.6520,2
12.6139,1.6480,1.6472,1.6520,2
12.6139,1.6415,1.6488,1.6528,2
12.6139,1.6423,1.6496,1.6536,2
12.6139,1.6440,1.6488,1.6544,2
12.6139,1.6464,1.6496,1.6520,2
12.6139,1.6810,1.6504,1.6512,2
12.6139,1.6754,1.6488,1.6512,2
12.6139,1.6689,1.6480,1.6496,2
12.6139,1.6657,1.6464,1.6480,2
12.6139,1.6609,1.6456,1.6488,2
12.6139,1.6609,1.6440,1.6488,2
12.6139,1.6649,1.6448,1.6488,2
12.6139,1.6649,1.6456,1.6480,2
12.6139,1.6657,1.6464,1.6464,2
12.6139,1.6633,1.6448,1.6456,2
12.6616,1.6286,1.6448,1.6456,2
12.6616,1.6359,1.6456,1.6440,2
12.6616,1.6303,1.6472,1.6456,2
12.6616,1.6351,1.6472,1.6488,2
12.6616,1.6383,1.6480,1.6496,2
12.6616,1.6432,1.6480,1.6488,2
12.6616,1.6472,1.6488,1.6480,2
12.6616,1.6512,1.6472,1.6488,2
12.6616,1.6528,1.6488,1.6488,2
12.6616,1.6560,1.6504,1.6464,2
12.6616,1.6560,1.6528,1.6480,2
12.6616,1.6536,1.6528,1.6488,2
12.6616,1.6633,1.6528,1.6488,2
12.6616,1.6625,1.6544,1.6480,2
12.6616,1.6415,1.6536,1.6464,2
12.6616,1.6399,1.6536,1.6472,2
12.6616,1.6391,1.6520,1.6480,2
12.6616,1.6367,1.6528,1.6480,2
12.6616,1.6367,1.6504,1.6504,2
12.6616,1.6367,1.6496,1.6536,2
12.6616,1.6407,1.6472,1.6536,2
12.6616,1.6399,1.6472,1.6528,2
12.6616,1.6423,1.6472,1.6536,2
12.6616,1.6391,1.6456,1.6520,2
12.6616,1.6577,1.6456,1.6528,2
12.6616,1.6536,1.6456,1.6520,2
12.6616,1.6488,1.6464,1.6504,2
12.6616,1.6480,1.6448,1.6496,2
12.6616,1.6440,1.6464,1.6496,2
12.6616,1.6407,1.6464,1.6480,2
12.6616,1.6343,1.6472,1.6480,2
12.6616,1.6319,1.6496,1.6472,2
12.6616,1.6270,1.6488,1.6464,2
12.6616,1.6286,1.6488,1.6472,2
12.6616,1.6246,1.6496,1.6480,2
12.6616,1.6286,1.6496,1.6488,2
12.6616,1.6311,1.6488,1.6496,2
12.6616,1.6327,1.6496,1.6496,2
12.6616,1.6327,1.6496,1.6488,2
12.6616,1.6367,1.6472,1.6520,2
12.6616,1.6391,1.6472,1.6512,2
12.6616,1.6432,1.6464,1.6520,2
12.6616,1.6456,1.6472,1.6528,2
12.6616,1.6464,1.6464,1.6528,2
12.6616,1.6528,1.6456,1.6512,2
12.6616,1.6528,1.6456,1.6512,2
12.6616,1.6528,1.6456,1.6496,2
12.6616,1.6536,1.6448,1.6504,2
12.6616,1.6577,1.6448,1.6512,2
12.6616,1.6544,1.6464,1.6504,2
12.6616,1.6552,1.6464,1.6496,2
12.6616,1.6552,1.6472,1.6472,2
12.6616,1.6560,1.6472,1.6456,2
12.6616,1.6536,1.6488,1.6432,2
12.6616,1.6520,1.6496,1.6432,2
12.6616,1.6520,1.6512,1.6415,2
12.6616,1.6512,1.6512,1.6423,2
12.6616,1.6504,1.6512,1.6415,2
12.6616,1.6504,1.6496,1.6399,2
12.6616,1.6544,1.6488,1.6391,2
12.6616,1.6520,1.6480,1.6391,2
12.6616,1.6520,1.6456,1.6415,2
12.6616,1.6552,1.6456,1.6432,2
12.6616,1.6585,1.6440,1.6432,2
12.6616,1.6601,1.6432,1.6432,2
12.6616,1.6577,1.6407,1.6440,2
12.6616,1.6649,1.6423,1.6432,2
12.6616,1.6641,1.6423,1.6448,2
12.6616,1.6625,1.6432,1.6440,2
12.6616,1.6585,1.6440,1.6448,2
12.6616,1.6560,1.6448,1.6440,2
12.6616,1.6560,1.6448,1.6423,2
12.6616,1.6528,1.6448,1.6407,2
12.6616,1.6520,1.6464,1.6415,2
12.6616,1.6528,1.6464,1.6407,2
12.6616,1.6552,1.6472,1.6407,2
12.6616,1.6488,1.6472,1.6415,2
12.6616,1.6496,1.6480,1.6399,2
12.6616,1.6504,1.6464,1.6423,2
12.6616,1.6528,1.6464,1.6432,2
12.6616,1.6568,1.6456,1.6432,2
12.6616,1.6585,1.6456,1.6432,2
12.6616,1.6568,1.6456,1.6448,2
12.6616,1.6577,1.6432,1.6448,2
12.6616,1.6568,1.6423,1.6464,2
12.6616,1.6568,1.6415,1.6456,2
12.6616,1.6552,1.6415,1.6464,2
12.6616,1.6577,1.6415,1.6472,2
12.6616,1.6577,1.6415,1.6464,2
12.6616,1.6577,1.6415,1.6464,2
12.6616,1.6560,1.6407,1.6464,2
12.6616,1.6536,1.6407,1.6472,2
12.6616,1.6536,1.6383,1.6472,2
12.6616,1.6544,1.6391,1.6464,2
12.6616,1.6544,1.6399,1.6464,2
12.7051,1.6544,1.6407,1.6464,2
12.7051,1.6520,1.6399,1.6464,2
12.7051,1.6488,1.6399,1.6448,2
12.7051,1.6496,1.6399,1.6448,2
12.7051,1.6488,1.6399,1.6448,2
12.7051,1.6496,1.6407,1.6456,2
12.7051,1.6512,1.6415,1.6440,2
12.7051,1.6520,1.6432,1.6423,2
12.7051,1.6496,1.6423,1.6432,2
12.7051,1.6480,1.6423,1.6432,2
12.7051,1.6480,1.6423,1.6423,2
12.7051,1.6496,1.6415,1.6423,2
12.7051,1.6496,1.6415,1.6423,2
12.7051,1.6488,1.6415,1.6423,2
12.7051,1.6480,1.6423,1.6415,2
12.7051,1.6472,1.6415,1.6415,2
12.7051,1.6432,1.6448,1.6423,2
12.7051,1.6351,1.6448,1.6423,2
12.7051,1.6375,1.6448,1.6432,2
12.7051,1.6407,1.6440,1.6448,2
12.7051,1.6407,1.6440,1.6448,2
12.7051,1.6423,1.6448,1.6440,2
12.7051,1.6423,1.6456,1.6432,2
12.7051,1.6432,1.6423,1.6415,2
12.7051,1.6432,1.6432,1.6415,2
12.7051,1.6448,1.6440,1.6423,2
12.7051,1.6464,1.6407,1.6415,2
12.7051,1.6568,1.6407,1.6415,2
12.7051,1.6560,1.6415,1.6407,2
12.7051,1.6520,1.6423,1.6391,2
12.7051,1.6512,1.6423,1.6375,2
12.7051,1.6480,1.6448,1.6375,2
12.7051,1.6464,1.6456,1.6383,2
12.7051,1.6464,1.6480,1.6383,2
12.7051,1.6464,1.6488,1.6391,2
12.7051,1.6456,1.6488,1.6375,2
12.7051,1.6415,1.6480,1.6399,2
12.7051,1.6391,1.6480,1.6391,2
12.7051,1.6359,1.6488,1.6383,2
12.7051,1.6383,1.6496,1.6391,2
12.7051,1.6375,1.6488,1.6407,2
12.7051,1.6407,1.6464,1.6432,2
12.7051,1.6440,1.6448,1.6440,2
12.7051,1.6432,1.6456,1.6480,2
12.7051,1.6456,1.6456,1.6480,2
12.7051,1.6464,1.6472,1.6480,2
12.7051,1.6528,1.6472,1.6456,2
12.7051,1.6528,1.6480,1.6456,2
12.7051,1.6544,1.6480,1.6456,2
12.7051,1.6512,1.6488,1.6448,2
12.7051,1.6520,1.6504,1.6456,2
12.7051,1.6520,1.6504,1.6432,2
12.7051,1.6488,1.6528,1.6432,2
12.7051,1.6496,1.6528,1.6399,2
12.7051,1.6472,1.6512,1.6399,2
12.7051,1.6464,1.6504,1.6432,2
12.7051,1.6464,1.6504,1.6448,2
12.7051,1.6472,1.6504,1.6464,2
12.7066,1.6488,1.6512,1.6480,2
12.7066,1.6504,1.6504,1.6480,2
12.7066,1.6512,1.6496,1.6472,2
12.7066,1.6520,1.6496,1.6480,2
12.7066,1.6520,1.6496,1.6480,2
12.7066,1.6512,1.6496,1.6488,2
12.7066,1.6504,1.6512,1.6488,2
12.7066,1.6536,1.6512,1.6456,2
12.7066,1.6536,1.6520,1.6456,2
12.7066,1.6536,1.6536,1.6456,2
12.7066,1.6512,1.6528,1.6448,2
12.7066,1.6512,1.6520,1.6472,2
12.7066,1.6520,1.6528,1.6472,2
12.7066,1.6528,1.6528,1.6472,2
12.7066,1.6520,1.6528,1.6480,2
12.7066,1.6520,1.6520,1.6472,2
12.7066,1.6544,1.6512,1.6472,2
12.7066,1.6520,1.6504,1.6496,2
12.7066,1.6504,1.6504,1.6496,2
12.7066,1.6488,1.6480,1.6480,2
12.7066,1.6536,1.6480,1.6496,2
12.7066,1.6552,1.6488,1.6496,2
12.7066,1.6544,1.6488,1.6496,2
12.7066,1.6528,1.6488,1.6520,2
12.7066,1.6625,1.6480,1.6528,2
12.7066,1.6609,1.6480,1.6536,2
12.7066,1.6593,1.6496,1.6520,2
12.7066,1.6593,1.6504,1.6520,2
12.7066,1.6617,1.6512,1.6512,2
12.7066,1.6625,1.6536,1.6528,2
12.7066,1.6633,1.6528,1.6528,2
12.7568,1.6617,1.6520,1.6528,2
12.7568,1.6601,1.6536,1.6528,2
12.7568,1.6593,1.6544,1.6528,2
12.7568,1.6504,1.6544,1.6512,2
12.7568,1.6488,1.6552,1.6512,2
12.7568,1.6496,1.6536,1.6528,2
12.7568,1.6488,1.6544,1.6528,2
12.7568,1.6480,1.6536,1.6536,2
12.7568,1.6504,1.6536,1.6536,2
12.7568,1.6488,1.6544,1.6536,2
12.7568,1.6496,1.6552,1.6512,2
12.7568,1.6536,1.6536,1.6520,2
12.7568,1.6552,1.6520,1.6520,2
12.7568,1.6568,1.6520,1.6520,2
12.7568,1.6601,1.6520,1.6528,2
12.7568,1.6617,1.6536,1.6520,2
12.7568,1.6625,1.6536,1.6512,2
12.7568,1.6617,1.6528,1.6488,2
12.7568,1.6617,1.6520,1.6488,2
12.7568,1.6601,1.6512,1.6488,2
12.7568,1.6593,1.6496,1.6496,2
12.7568,1.6496,1.6496,1.6480,2
12.7568,1.6488,1.6504,1.6480,2
12.7568,1.6496,1.6504,1.6488,2
12.7568,1.6480,1.6496,1.6488,2
12.7568,1.6456,1.6488,1.6496,2
12.7568,1.6448,1.6504,1.6504,2
12.7568,1.6440,1.6512,1.6504,2
12.7568,1.6415,1.6520,1.6496,2
12.7568,1.6423,1.6544,1.6480,2
12.7568,1.6432,1.6552,1.6464,2
12.7568,1.6488,1.6568,1.6496,2
12.7568,1.6488,1.6568,1.6496,2
12.7568,1.6480,1.6568,1.6472,2
12.7568,1.6496,1.6568,1.6456,2
12.7568,1.6512,1.6552,1.6464,2
12.7568,1.6512,1.6528,1.6440,2
12.7568,1.6528,1.6504,1.6440,2
12.7568,1.6536,1.6496,1.6440,2
12.7568,1.6552,1.6472,1.6456,2
12.7568,1.6528,1.6472,1.6440,2
12.7568,1.6536,1.6456,1.6415,2
12.7568,1.6512,1.6472,1.6407,2
12.7568,1.6504,1.6464,1.6415,2
12.7568,1.6504,1.6456,1.6415,2
12.7568,1.6480,1.6456,1.6407,2
12.7568,1.6496,1.6448,1.6415,2
12.7568,1.6480,1.6472,1.6432,2
12.7568,1.6480,1.6472,1.6432,2
12.7568,1.6472,1.6488,1.6432,2
12.7568,1.6488,1.6480,1.6440,2
12.7568,1.6496,1.6496,1.6456,2
12.7568,1.6504,1.6472,1.6440,2
12.7568,1.6496,1.6480,1.6440,2
12.7568,1.6496,1.6488,1.6464,2
12.7568,1.6520,1.6496,1.6456,2
12.7568,1.6512,1.6504,1.6472,2
12.7568,1.6528,1.6488,1.6472,2
12.7568,1.6544,1.6496,1.6488,2
12.7568,1.6536,1.6480,1.6480,2
12.7568,1.6536,1.6480,1.6472,2
12.7568,1.6552,1.6488,1.6480,2
12.7568,1.6560,1.6496,1.6472,2
12.7568,1.6568,1.6504,1.6464,2
12.7568,1.6552,1.6520,1.6440,2
12.7568,1.6560,1.6536,1.6423,2
12.7568,1.6544,1.6536,1.6415,2
12.7568,1.6544,1.6528,1.6415,2
12.7568,1.6512,1.6528,1.6399,2
12.7568,1.6504,1.6544,1.6399,2
12.7568,1.6480,1.6552,1.6423,2
12.7568,1.6448,1.6536,1.6407,2
12.7568,1.6432,1.6520,1.6415,2
12.7568,1.6440,1.6512,1.6440,2
12.7568,1.6448,1.6496,1.6448,2
12.7568,1.6440,1.6480,1.6464,2
12.7568,1.6440,1.6504,1.6464,2
12.7568,1.6351,1.6520,1.6464,2
12.7568,1.6383,1.6536,1.6456,2
12.7568,1.6407,1.6528,1.6456,2
12.7568,1.6423,1.6536,1.6432,2
12.7568,1.6440,1.6552,1.6448,2
12.7568,1.6448,1.6568,1.6440,2
12.7568,1.6407,1.6577,1.6432,2
12.7568,1.6432,1.6585,1.6423,2
12.7568,1.6399,1.6601,1.6407,2
12.7568,1.6407,1.6593,1.6407,2
12.7568,1.6488,1.6568,1.6383,2
12.7568,1.6456,1.6568,1.6407,2
12.7568,1.6440,1.6568,1.6423,2
12.7568,1.6440,1.6568,1.6415,2
12.7568,1.6440,1.6568,1.6407,2
12.7568,1.6351,1.6552,1.6432,2
12.7568,1.6391,1.6544,1.6432,2
12.7568,1.6367,1.6528,1.6423,2
12.7568,1.6399,1.6536,1.6432,2
12.7568,1.6399,1.6520,1.6423,2
12.7568,1.6432,1.6544,1.6432,2
12.7568,1.6415,1.6544,1.6407,2
12.7568,1.6399,1.6528,1.6399,2
12.7568,1.6407,1.6536,1.6407,2
12.7568,1.6423,1.6544,1.6399,2
12.8039,1.6504,1.6552,1.6391,2
12.8039,1.6649,1.6552,1.6399,2
12.8039,1.6625,1.6560,1.6407,2
12.8039,1.6601,1.6560,1.6399,2
12.8039,1.6617,1.6560,1.6423,2
12.8039,1.6585,1.6536,1.6440,2
12.8039,1.6609,1.6528,1.6440,2
12.8039,1.6633,1.6536,1.6423,2
12.8039,1.6609,1.6512,1.6423,2
12.8039,1.6593,1.6488,1.6415,2
12.8039,1.6601,1.6480,1.6432,2
12.8039,1.6448,1.6488,1.6415,2
12.8039,1.6488,1.6480,1.6415,2
12.8039,1.6504,1.6480,1.6440,2
12.8039,1.6512,1.6480,1.6432,2
12.8039,1.6520,1.6488,1.6423,2
12.8039,1.6536,1.6496,1.6432,2
12.8039,1.6560,1.6496,1.6448,2
12.8039,1.6568,1.6496,1.6448,2
12.8039,1.6577,1.6512,1.6448,2
12.8039,1.6593,1.6504,1.6448,2
12.8039,1.6585,1.6496,1.6440,2
12.8039,1.6593,1.6512,1.6440,2
12.8039,1.6609,1.6488,1.6440,2
12.8039,1.6544,1.6480,1.6432,2
12.8039,1.6552,1.6488,1.6415,2
12.8039,1.6552,1.6504,1.6423,2
12.8039,1.6544,1.6480,1.6407,2
12.8039,1.6552,1.6415,1.6415,2
12.8039,1.6560,1.6407,1.6423,2
12.8039,1.6577,1.6423,1.6407,2
12.8039,1.6568,1.6448,1.6407,2
12.8039,1.6552,1.6432,1.6407,2
12.8039,1.6520,1.6440,1.6415,2
12.8039,1.6552,1.6448,1.6415,2
12.8039,1.6544,1.6440,1.6432,2
12.8039,1.6520,1.6423,1.6415,2
12.8039,1.6504,1.6440,1.6423,2
12.8039,1.6488,1.6512,1.6423,2
12.8039,1.6472,1.6512,1.6432,2
12.8039,1.6448,1.6512,1.6423,2
12.8039,1.6432,1.6504,1.6432,2
12.8039,1.6440,1.6496,1.6423,2
12.8039,1.6464,1.6512,1.6399,2
12.8039,1.6480,1.6512,1.6399,2
12.8039,1.6464,1.6512,1.6399,2
12.8039,1.6472,1.6512,1.6399,2
12.8039,1.6456,1.6488,1.6399,2
12.8039,1.6496,1.6488,1.6407,2
12.8039,1.6480,1.6472,1.6399,2
12.8039,1.6464,1.6472,1.6399,2
12.8039,1.6480,1.6464,1.6391,2
12.8039,1.6520,1.6456,1.6399,2
12.8039,1.6278,1.6448,1.6423,2
12.8039,1.6303,1.6448,1.6448,2
12.8039,1.6359,1.6432,1.6448,2
12.8039,1.6375,1.6448,1.6456,2
12.8039,1.6415,1.6456,1.6464,2
12.8039,1.6407,1.6456,1.6456,2
12.8039,1.6407,1.6480,1.6464,2
12.8039,1.6504,1.6488,1.6464,2
12.8039,1.6496,1.6488,1.6480,2
12.8039,1.6528,1.6488,1.6472,2
12.8039,1.6746,1.6496,1.6456,2
12.8039,1.6705,1.6496,1.6440,2
12.8039,1.6649,1.6488,1.6432,2
12.8039,1.6625,1.6480,1.6415,2
12.8039,1.6593,1.6488,1.6432,2
12.8039,1.6585,1.6488,1.6448,2
12.8039,1.6568,1.6480,1.6448,2
12.8039,1.6496,1.6472,1.6464,2
12.8039,1.6488,1.6472,1.6464,2
12.8039,1.6415,1.6464,1.6472,2
12.8039,1.6423,1.6472,1.6480,2
12.8039,1.6448,1.6472,1.6496,2
12.8039,1.6440,1.6472,1.6504,2
12.8039,1.6448,1.6480,1.6520,2
12.8039,1.6480,1.6464,1.6528,2
12.8039,1.6480,1.6464,1.6512,2
12.8039,1.6480,1.6456,1.6512,2
12.8039,1.6520,1.6456,1.6496,2
12.8039,1.6319,1.6464,1.6496,2
12.8039,1.6440,1.6464,1.6496,2
12.8039,1.6472,1.6432,1.6488,2
12.8039,1.6448,1.6440,1.6480,2
12.8039,1.6496,1.6440,1.6472,2
12.8039,1.6520,1.6440,1.6456,2
12.8039,1.6512,1.6440,1.6456,2
12.8039,1.6496,1.6440,1.6464,2
12.8039,1.6528,1.6440,1.6472,2
12.8039,1.6488,1.6448,1.6488,2
12.8039,1.6705,1.6440,1.6488,2
12.8039,1.6585,1.6448,1.6496,2
12.8039,1.6568,1.6456,1.6496,2
12.8520,1.6577,1.6448,1.6512,2
12.8520,1.6552,1.6448,1.6504,2
12.8520,1.6520,1.6440,1.6504,2
12.8520,1.6512,1.6432,1.6496,2
12.8520,1.6488,1.6432,1.6512,2
12.8520,1.6472,1.6423,1.6504,2
12.8520,1.6472,1.6415,1.6488,2
12.8520,1.6472,1.6415,1.6480,2
12.8520,1.6472,1.6415,1.6488,2
12.8520,1.6464,1.6440,1.6488,2
12.8520,1.6480,1.6440,1.6488,2
12.8520,1.6480,1.6432,1.6504,2
12.8520,1.6480,1.6440,1.6504,2
12.8520,1.6464,1.6432,1.6504,2
12.8520,1.6504,1.6423,1.6496,2
12.8520,1.6520,1.6432,1.6472,2
12.8520,1.6504,1.6423,1.6480,2
12.8520,1.6504,1.6440,1.6464,2
12.8520,1.6496,1.6440,1.6456,2
12.8520,1.6480,1.6432,1.6456,2
12.8520,1.6456,1.6423,1.6464,2
12.8520,1.6448,1.6423,1.6456,2
12.8520,1.6464,1.6415,1.6472,2
12.8520,1.6488,1.6415,1.6472,2
12.8520,1.6496,1.6415,1.6488,2
12.8520,1.6504,1.6440,1.6512,2
12.8520,1.6512,1.6440,1.6520,2
12.8520,1.6512,1.6423,1.6536,2
12.8520,1.6375,1.6432,1.6544,2
12.8520,1.6407,1.6415,1.6544,2
12.8520,1.6440,1.6415,1.6520,2
12.8520,1.6456,1.6423,1.6520,2
12.8520,1.6440,1.6432,1.6512,2
12.8520,1.6415,1.6448,1.6512,2
12.8520,1.6432,1.6456,1.6512,2
12.8520,1.6440,1.6440,1.6504,2
12.8520,1.6415,1.6440,1.6512,2
12.8520,1.6415,1.6448,1.6512,2
12.8520,1.6552,1.6432,1.6512,2
12.8520,1.6536,1.6440,1.6512,2
12.8520,1.6528,1.6448,1.6528,2
12.8520,1.6448,1.6440,1.6528,2
12.8520,1.6456,1.6440,1.6536,2
12.8520,1.6464,1.6432,1.6536,2
12.8520,1.6423,1.6432,1.6536,2
12.8520,1.6399,1.6448,1.6544,2
12.8520,1.6399,1.6448,1.6552,2
12.8520,1.6407,1.6456,1.6552,2
12.8520,1.6415,1.6480,1.6544,2
12.8520,1.6415,1.6496,1.6544,2
12.8520,1.6407,1.6488,1.6544,2
12.8520,1.6472,1.6496,1.6544,2
12.8520,1.6472,1.6520,1.6544,2
12.8520,1.6464,1.6520,1.6544,2
12.8520,1.6488,1.6520,1.6544,2
12.8520,1.6504,1.6488,1.6552,2
12.8520,1.6520,1.6488,1.6544,2
12.8520,1.6512,1.6480,1.6552,2
12.8520,1.6512,1.6456,1.6560,2
12.8520,1.6520,1.6432,1.6560,2
12.8520,1.6536,1.6432,1.6560,2
12.8520,1.6577,1.6440,1.6568,2
12.8520,1.6577,1.6407,1.6568,2
12.8520,1.6585,1.6407,1.6568,2
12.8520,1.6593,1.6423,1.6568,2
12.8520,1.6536,1.6456,1.6568,2
12.8520,1.6568,1.6472,1.6552,2
12.8520,1.6585,1.6472,1.6552,2
12.8520,1.6568,1.6488,1.6560,2
12.8520,1.6544,1.6504,1.6552,2
12.8520,1.6544,1.6512,1.6552,2
12.8520,1.6520,1.6512,1.6560,2
12.8520,1.6536,1.6520,1.6560,2
12.8520,1.6528,1.6520,1.6560,2
12.8520,1.6504,1.6512,1.6568,2
12.8520,1.6544,1.6496,1.6577,2
12.8520,1.6504,1.6488,1.6601,2
12.8520,1.6512,1.6488,1.6593,2
12.8520,1.6536,1.6480,1.6585,2
12.8520,1.6488,1.6472,1.6593,2
12.8520,1.6488,1.6472,1.6593,2
12.8520,1.6432,1.6480,1.6593,2
12.8520,1.6383,1.6472,1.6585,2
12.8520,1.6415,1.6464,1.6585,2
12.8520,1.6432,1.6472,1.6585,2
12.8520,1.6440,1.6464,1.6577,2
12.8520,1.6448,1.6415,1.6568,2
12.8520,1.6423,1.6423,1.6568,2
12.8520,1.6432,1.6423,1.6577,2
12.8520,1.6488,1.6407,1.6577,2
12.8520,1.6472,1.6415,1.6585,2
12.8520,1.6504,1.6423,1.6577,2
12.8520,1.6520,1.6423,1.6577,2
12.8520,1.6488,1.6423,1.6577,2
12.8520,1.6472,1.6407,1.6568,2
12.8520,1.6456,1.6415,1.6568,2
12.8993,1.6448,1.6472,1.6568,2
12.8993,1.6432,1.6464,1.6568,2
12.8993,1.6407,1.6456,1.6568,2
12.8993,1.6399,1.6464,1.6568,2
12.8993,1.6391,1.6472,1.6585,2
12.8993,1.6407,1.6464,1.6585,2
12.8993,1.6335,1.6472,1.6585,2
12.8993,1.6343,1.6472,1.6593,2
12.8993,1.6375,1.6472,1.6593,2
12.8993,1.6391,1.6464,1.6593,2
12.8993,1.6391,1.6464,1.6593,2
12.8993,1.6415,1.6464,1.6577,2
12.8993,1.6440,1.6464,1.6552,2
12.8993,1.6440,1.6464,1.6544,2
12.8993,1.6464,1.6440,1.6512,2
12.8993,1.6472,1.6432,1.6480,2
12.8993,1.6577,1.6448,1.6472,2
12.8993,1.6568,1.6456,1.6456,2
12.8993,1.6552,1.6448,1.6448,2
12.8993,1.6552,1.6464,1.6448,2
12.8993,1.6552,1.6456,1.6440,2
12.8993,1.6536,1.6472,1.6440,2
12.8993,1.6528,1.6472,1.6448,2
12.8993,1.6512,1.6480,1.6456,2
12.8993,1.6496,1.6488,1.6448,2
12.8993,1.6496,1.6496,1.6472,2
12.8993,1.6472,1.6480,1.6480,2
12.8993,1.6480,1.6440,1.6488,2
12.8993,1.6480,1.6464,1.6480,2
12.8993,1.6488,1.6472,1.6472,2
12.8993,1.6480,1.6488,1.6464,2
12.8993,1.6488,1.6480,1.6472,2
12.8993,1.6488,1.6480,1.6480,2
12.8993,1.6512,1.6480,1.6464,2
12.8993,1.6520,1.6464,1.6480,2
12.8993,1.6504,1.6480,1.6464,2
12.8993,1.6520,1.6480,1.6464,2
12.8993,1.6512,1.6512,1.6456,2
12.8993,1.6512,1.6488,1.6456,2
12.8993,1.6472,1.6488,1.6456,2
12.8993,1.6488,1.6472,1.6464,2
12.8993,1.6488,1.6480,1.6496,2
12.8993,1.6488,1.6472,1.6472,2
12.8993,1.6480,1.6488,1.6472,2
12.8993,1.6472,1.6504,1.6464,2
12.8993,1.6472,1.6488,1.6488,2
12.8993,1.6464,1.6480,1.6480,2
12.8993,1.6327,1.6488,1.6496,2
12.8993,1.6351,1.6488,1.6504,2
12.8993,1.6383,1.6488,1.6504,2
12.8993,1.6367,1.6488,1.6496,2
12.8993,1.6367,1.6464,1.6456,2
12.8993,1.6399,1.6464,1.6456,2
12.8993,1.6415,1.6472,1.6456,2
12.8993,1.6423,1.6456,1.6448,2
12.8993,1.6423,1.6456,1.6448,2
12.8993,1.6440,1.6464,1.6440,2
12.8993,1.6568,1.6464,1.6448,2
12.8993,1.6544,1.6480,1.6448,2
12.8993,1.6552,1.6472,1.6448,2
12.8993,1.6560,1.6480,1.6448,2
12.8993,1.6544,1.6480,1.6456,2
12.8993,1.6504,1.6496,1.6472,2
12.8993,1.6488,1.6496,1.6496,2
12.8993,1.6496,1.6496,1.6496,2
12.8993,1.6480,1.6488,1.6512,2
12.8993,1.6472,1.6488,1.6504,2
12.8993,1.6472,1.6480,1.6496,2
12.8993,1.6472,1.6496,1.6488,2
12.8993,1.6456,1.6504,1.6464,2
12.8993,1.6456,1.6504,1.6456,2
12.8993,1.6456,1.6520,1.6464,2
12.8993,1.6472,1.6512,1.6456,2
12.8993,1.6480,1.6496,1.6448,2
12.8993,1.6464,1.6512,1.6448,2
12.8993,1.6520,1.6520,1.6440,2
12.8993,1.6520,1.6512,1.6440,2
12.8993,1.6528,1.6528,1.6432,2
12.8993,1.6536,1.6512,1.6456,2
12.8993,1.6544,1.6512,1.6472,2
12.8993,1.6544,1.6504,1.6480,2
12.8993,1.6568,1.6504,1.6480,2
12.8993,1.6577,1.6504,1.6504,2
12.8993,1.6568,1.6520,1.6504,2
12.8993,1.6577,1.6520,1.6504,2
12.8993,1.6536,1.6504,1.6504,2
12.8993,1.6560,1.6512,1.6512,2
12.8993,1.6568,1.6504,1.6520,2
12.8993,1.6536,1.6504,1.6512,2
12.8993,1.6536,1.6496,1.6520,2
12.8993,1.6552,1.6488,1.6528,2
12.8993,1.6544,1.6480,1.6536,2
12.8993,1.6512,1.6496,1.6528,2
12.8993,1.6512,1.6480,1.6544,2
12.8993,1.6496,1.6464,1.6544,2
12.9471,1.6480,1.6480,1.6552,2
12.9471,1.6464,1.6472,1.6552,2
12.9471,1.6456,1.6480,1.6560,2
12.9471,1.6480,1.6480,1.6568,2
12.9471,1.6464,1.6480,1.6568,2
12.9471,1.6464,1.6488,1.6585,2
12.9471,1.6464,1.6480,1.6585,2
12.9471,1.6480,1.6480,1.6601,2
12.9471,1.6488,1.6496,1.6593,2
12.9471,1.6496,1.6496,1.6593,2
12.9471,1.6520,1.6512,1.6593,2
12.9471,1.6560,1.6528,1.6593,2
12.9471,1.6544,1.6528,1.6585,2
12.9471,1.6528,1.6528,1.6585,2
12.9471,1.6536,1.6528,1.6593,2
12.9471,1.6512,1.6520,1.6577,2
12.9471,1.6496,1.6504,1.6577,2
12.9471,1.6496,1.6488,1.6544,2
12.9471,1.6504,1.6488,1.6544,2
12.9471,1.6504,1.6480,1.6544,2
12.9471,1.6496,1.6464,1.6544,2
12.9471,1.6480,1.6448,1.6560,2
12.9471,1.6488,1.6423,1.6552,2
12.9471,1.6512,1.6415,1.6552,2
12.9471,1.6504,1.6432,1.6552,2
12.9471,1.6512,1.6432,1.6544,2
12.9471,1.6512,1.6456,1.6544,2
12.9471,1.6496,1.6480,1.6560,2
12.9471,1.6496,1.6472,1.6568,2
12.9471,1.6512,1.6472,1.6544,2
12.9471,1.6504,1.6472,1.6528,2
12.9471,1.6504,1.6472,1.6520,2
12.9471,1.6496,1.6488,1.6520,2
12.9471,1.6488,1.6488,1.6504,2
12.9471,1.6504,1.6480,1.6496,2
12.9471,1.6512,1.6488,1.6504,2
12.9471,1.6528,1.6496,1.6512,2
12.9471,1.6560,1.6488,1.6512,2
12.9471,1.6560,1.6488,1.6512,2
12.9471,1.6528,1.6496,1.6528,2
12.9471,1.6512,1.6496,1.6528,2
12.9471,1.6512,1.6512,1.6512,2
12.9471,1.6512,1.6504,1.6512,2
12.9471,1.6520,1.6496,1.6528,2
12.9471,1.6520,1.6480,1.6528,2
12.9471,1.6536,1.6480,1.6512,2
12.9471,1.6536,1.6456,1.6512,2
12.9471,1.6520,1.6448,1.6512,2
12.9471,1.6520,1.6464,1.6512,2
12.9471,1.6528,1.6456,1.6504,2
12.9471,1.6544,1.6464,1.6504,2
12.9471,1.6552,1.6440,1.6520,2
12.9471,1.6544,1.6456,1.6528,2
12.9471,1.6536,1.6480,1.6520,2
12.9471,1.6472,1.6496,1.6520,2
12.9471,1.6472,1.6496,1.6528,2
12.9471,1.6464,1.6504,1.6520,2
12.9471,1.6456,1.6496,1.6504,2
12.9471,1.6464,1.6488,1.6504,2
12.9471,1.6472,1.6488,1.6488,2
12.9471,1.6464,1.6488,1.6496,2
12.9471,1.6456,1.6496,1.6472,2
12.9471,1.6472,1.6496,1.6472,2
12.9471,1.6472,1.6496,1.6472,2
12.9471,1.6528,1.6504,1.6480,2
12.9471,1.6520,1.6504,1.6472,2
12.9471,1.6504,1.6496,1.6472,2
12.9471,1.6464,1.6520,1.6464,2
12.9471,1.6440,1.6520,1.6472,2
12.9471,1.6423,1.6528,1.6480,2
12.9471,1.6440,1.6528,1.6480,2
12.9471,1.6440,1.6520,1.6480,2
12.9471,1.6415,1.6504,1.6480,2
12.9471,1.6423,1.6488,1.6480,2
12.9471,1.6440,1.6480,1.6472,2
12.9471,1.6375,1.6488,1.6472,2
12.9471,1.6391,1.6512,1.6448,2
12.9471,1.6448,1.6496,1.6480,2
12.9471,1.6488,1.6496,1.6456,2
12.9471,1.6496,1.6520,1.6464,2
12.9471,1.6464,1.6512,1.6456,2
12.9471,1.6456,1.6512,1.6448,2
12.9471,1.6448,1.6528,1.6448,2
12.9471,1.6423,1.6536,1.6448,2
12.9471,1.6415,1.6528,1.6456,2
12.9471,1.6456,1.6520,1.6464,2
12.9471,1.6432,1.6520,1.6472,2
12.9471,1.6415,1.6512,1.6456,2
12.9471,1.6407,1.6504,1.6440,2
12.9471,1.6383,1.6480,1.6423,2
12.9471,1.6399,1.6488,1.6423,2
12.9471,1.6407,1.6496,1.6440,2
12.9471,1.6440,1.6472,1.6432,2
12.9471,1.6456,1.6472,1.6423,2
12.9471,1.6456,1.6496,1.6423,2
12.9471,1.6472,1.6496,1.6432,2
12.9948,1.6472,1.6488,1.6415,2
12.9948,1.6480,1.6504,1.6415,2
12.9948,1.6472,1.6512,1.6440,2
12.9948,1.6504,1.6504,1.6448,2
12.9948,1.6504,1.6504,1.6456,2
12.9948,1.6488,1.6512,1.6464,2
12.9948,1.6472,1.6536,1.6456,2
12.9948,1.6464,1.6528,1.6472,2
12.9948,1.6472,1.6512,1.6464,2
12.9948,1.6472,1.6528,1.6448,2
12.9948,1.6480,1.6528,1.6440,2
12.9948,1.6480,1.6520,1.6464,2
12.9948,1.6464,1.6512,1.6472,2
12.9948,1.6456,1.6512,1.6464,2
12.9948,1.6472,1.6520,1.6464,2
12.9948,1.6480,1.6512,1.6456,2
12.9948,1.6488,1.6496,1.6464,2
12.9948,1.6496,1.6496,1.6464,2
12.9948,1.6504,1.6504,1.6464,2
12.9948,1.6512,1.6496,1.6464,2
12.9948,1.6504,1.6488,1.6480,2
12.9948,1.6544,1.6496,1.6472,2
12.9948,1.6560,1.6512,1.6480,2
12.9948,1.6568,1.6528,1.6488,2
12.9948,1.6536,1.6528,1.6496,2
12.9948,1.6520,1.6520,1.6496,2
12.9948,1.6504,1.6520,1.6496,2
12.9948,1.6480,1.6520,1.6496,2
12.9948,1.6448,1.6520,1.6512,2
12.9948,1.6448,1.6520,1.6528,2
12.9948,1.6480,1.6512,1.6528,2
12.9948,1.6440,1.6520,1.6528,2
12.9948,1.6440,1.6520,1.6520,2
12.9948,1.6432,1.6504,1.6520,2
12.9948,1.6456,1.6496,1.6520,2
12.9948,1.6472,1.6496,1.6536,2
12.9948,1.6488,1.6488,1.6536,2
12.9948,1.6504,1.6488,1.6520,2
12.9948,1.6520,1.6488,1.6512,2
12.9948,1.6512,1.6496,1.6504,2
12.9948,1.6504,1.6496,1.6504,2
12.9948,1.6464,1.6488,1.6496,2
12.9948,1.6472,1.6464,1.6504,2
12.9948,1.6544,1.6488,1.6504,2
12.9948,1.6560,1.6488,1.6512,2
12.9948,1.6544,1.6504,1.6512,2
12.9948,1.6536,1.6520,1.6512,2
12.9948,1.6496,1.6536,1.6520,2
12.9948,1.6504,1.6536,1.6512,2
12.9948,1.6496,1.6536,1.6512,2
12.9948,1.6488,1.6544,1.6504,2
12.9948,1.6504,1.6544,1.6520,2
12.9948,1.6496,1.6552,1.6520,2
12.9948,1.6335,1.6536,1.6520,2
12.9948,1.6327,1.6544,1.6520,2
12.9948,1.6359,1.6544,1.6512,2
12.9948,1.6383,1.6544,1.6512,2
12.9948,1.6432,1.6536,1.6512,2
12.9948,1.6440,1.6681,1.6681,2
12.9948,1.6351,1.6641,1.6689,2
12.9948,1.6311,1.6544,1.6673,2
12.9948,1.6303,1.6512,1.6633,2
12.9948,1.6238,1.6480,1.6625,2
12.9948,1.6311,1.6472,1.6593,2
12.9948,1.6295,1.6464,1.6585,2
12.9948,1.6262,1.6456,1.6560,2
12.9948,1.6246,1.6472,1.6544,2
12.9948,1.6238,1.6464,1.6552,2
12.9948,1.6246,1.6311,1.6391,2
12.9948,1.6351,1.6367,1.6383,2
