Zaman (sn),Voltaj (V),Label
1.2474,1.7213,1
1.2475,1.7157,1
1.2475,1.7141,1
1.2519,1.7133,1
1.2520,1.7092,1
1.2520,1.6504,1
1.2520,1.7165,1
1.2521,1.7165,1
1.2521,1.7181,1
1.2521,1.7213,1
1.2521,1.7221,1
1.2521,1.7076,1
1.2522,1.7318,1
1.2522,1.7399,1
1.2522,1.7415,1
1.2522,1.7447,1
1.2522,1.7495,1
1.2523,1.7576,1
1.2523,1.7656,1
1.2523,1.7527,1
1.2523,1.7745,1
1.2523,1.7801,1
1.2524,1.7834,1
1.2524,1.7874,1
1.2524,1.7955,1
1.2524,1.8027,1
1.2524,1.8035,1
1.2525,1.8027,1
1.2525,1.8148,1
1.2525,1.8172,1
1.2525,1.8204,1
1.2525,1.8229,1
1.2526,1.8261,1
1.2526,1.8277,1
1.2526,1.8325,1
1.2526,1.8116,1
1.2526,1.8382,1
1.2527,1.8406,1
1.2527,1.8406,1
1.2527,1.8398,1
1.2527,1.8462,1
1.2527,1.8430,1
1.2527,1.8446,1
1.2528,1.8478,1
1.2528,1.8446,1
1.2528,1.8430,1
1.2528,1.8454,1
1.2528,1.8446,1
1.2528,1.8462,1
1.2529,1.8438,1
1.2529,1.8462,1
1.2529,1.8462,1
1.2529,1.8478,1
1.2529,1.8462,1
1.2530,1.8478,1
1.2530,1.8583,1
1.2530,1.8462,1
1.2530,1.8551,1
1.2530,1.8470,1
1.2531,1.8551,1
1.2531,1.8462,1
1.2531,1.8349,1
1.2531,1.8495,1
1.2531,1.8486,1
1.2532,1.8478,1
1.2532,1.8478,1
1.2532,1.8470,1
1.2532,1.8462,1
1.2532,1.8414,1
1.2532,1.8422,1
1.2533,1.8398,1
1.2533,1.8390,1
1.2533,1.8382,1
1.2533,1.8374,1
1.2533,1.8358,1
1.2534,1.8309,1
1.2534,1.7914,1
1.2534,1.8309,1
1.2534,1.8261,1
1.2534,1.8277,1
1.2534,1.8188,1
1.2535,1.8164,1
1.2535,1.8067,1
1.2535,1.8043,1
1.2535,1.8043,1
1.2535,1.7987,1
1.2536,1.7938,1
1.2536,1.7947,1
1.2536,1.7866,1
1.2536,1.7511,1
1.2536,1.7834,1
1.2536,1.7793,1
1.2537,1.7697,1
1.2537,1.7697,1
1.2537,1.8124,1
1.2572,1.7536,1
1.2573,1.7511,1
1.2573,1.7415,1
1.2573,1.7294,1
1.2573,1.7423,1
1.2573,1.7366,1
1.2574,1.7205,1
1.2574,1.7318,1
1.2574,1.7253,1
1.2574,1.7149,1
1.2574,1.7173,1
1.2575,1.7060,1
1.2575,1.6988,1
1.2575,1.7060,1
1.2575,1.6947,1
1.2575,1.6907,1
1.2576,1.6891,1
1.2576,1.6810,1
1.2576,1.6754,1
1.2576,1.6705,1
1.2576,1.6673,1
1.2577,1.6641,1
1.2577,1.6552,1
1.2577,1.6625,1
1.2577,1.6464,1
1.2577,1.6399,1
1.2578,1.6407,1
1.2578,1.6262,1
1.2578,1.6270,1
1.2578,1.6311,1
1.2578,1.6198,1
1.2578,1.6149,1
1.2579,1.6109,1
1.2579,1.6021,1
1.2579,1.6053,1
1.2579,1.5948,1
1.2579,1.5900,1
1.2580,1.5892,1
1.2580,1.5851,1
1.2580,1.5827,1
1.2580,1.5835,1
1.2580,1.5747,1
1.2581,1.5722,1
1.2581,1.5610,1
1.2581,1.5634,1
1.2581,1.5650,1
1.2581,1.5610,1
1.2582,1.5577,1
1.2582,1.5545,1
1.2582,1.5473,1
1.2582,1.5408,1
1.2582,1.5432,1
1.2582,1.5384,1
1.2583,1.5400,1
1.2583,1.5448,1
1.2583,1.5311,1
1.2583,1.5174,1
1.2584,1.5303,1
1.2584,1.5279,1
1.2584,1.5255,1
1.2584,1.5231,1
1.2584,1.5255,1
1.2585,1.5239,1
1.2585,1.5150,1
1.2585,1.5142,1
1.2585,1.5029,1
1.2585,1.5126,1
1.2585,1.5126,1
1.2586,1.5142,1
1.2586,1.5102,1
1.2586,1.5045,1
1.2586,1.4997,1
1.2586,1.5110,1
1.2613,1.5094,1
1.2614,1.4779,1
1.2614,1.5086,1
1.2614,1.5102,1
1.2615,1.5070,1
1.2615,1.5062,1
1.2615,1.5037,1
1.2615,1.5053,1
1.2615,1.5094,1
1.2616,1.5029,1
1.2616,1.4997,1
1.2616,1.5021,1
1.2616,1.5005,1
1.2616,1.5053,1
1.2617,1.4957,1
1.2617,1.4989,1
1.2617,1.5062,1
1.2617,1.5005,1
1.2617,1.5126,1
1.2617,1.4884,1
1.2618,1.5029,1
1.2618,1.5021,1
1.2618,1.4812,1
1.2618,1.5126,1
1.2618,1.5045,1
1.2618,1.5086,1
1.2619,1.5062,1
1.2619,1.5102,1
1.2619,1.5086,1
1.2619,1.5118,1
1.2619,1.5094,1
1.2620,1.5110,1
1.2620,1.5094,1
1.2620,1.5102,1
1.2620,1.5118,1
1.2620,1.5118,1
1.2621,1.5134,1
1.2621,1.5142,1
1.2621,1.5134,1
1.2621,1.5134,1
1.2621,1.5408,1
1.2622,1.5134,1
1.2622,1.5190,1
1.2622,1.5150,1
1.2622,1.5190,1
1.2622,1.5231,1
1.2622,1.5199,1
1.2623,1.5223,1
1.2623,1.5239,1
1.2623,1.5255,1
1.2623,1.5263,1
1.2623,1.5279,1
1.2624,1.5287,1
1.2624,1.5287,1
1.2624,1.5303,1
1.2624,1.5319,1
1.2624,1.5360,1
1.2664,1.5360,1
1.2665,1.5368,1
1.2665,1.5376,1
1.2665,1.5400,1
1.2665,1.5400,1
1.2665,1.5424,1
1.2666,1.5424,1
1.2666,1.5416,1
1.2666,1.5432,1
1.2666,1.5448,1
1.2666,1.5392,1
1.2666,1.5456,1
1.2666,1.5529,1
1.2667,1.5537,1
1.2667,1.5513,1
1.2667,1.5513,1
1.2667,1.5553,1
1.2667,1.5577,1
1.2667,1.5626,1
1.2667,1.5618,1
1.2668,1.5642,1
1.2668,1.5642,1
1.2668,1.5626,1
1.2668,1.5626,1
1.2668,1.5642,1
1.2668,1.5642,1
1.2669,1.5682,1
1.2669,1.5601,1
1.2669,1.5698,1
1.2669,1.5722,1
1.2669,1.5698,1
1.2669,1.5779,1
1.2669,1.5811,1
1.2670,1.5763,1
1.2670,1.5843,1
1.2670,1.5980,1
1.2670,1.6206,1
1.2670,1.6415,1
1.2670,1.6641,1
1.2696,1.6891,1
1.2696,1.7149,1
1.2696,1.7310,1
1.2697,1.7544,1
1.2697,1.7689,1
1.2720,1.7697,1
1.2720,1.7664,1
1.2720,1.7640,1
1.2720,1.7568,1
1.2721,1.7471,1
1.2743,1.7310,1
1.2743,1.7108,1
1.2744,1.6899,1
1.2744,1.6730,1
1.2744,1.6528,1
1.2766,1.6375,1
1.2767,1.6214,1
1.2767,1.6141,1
1.2767,1.6085,1
1.2792,1.6117,1
1.2792,1.6133,1
1.2792,1.6230,1
1.2793,1.6182,1
1.2793,1.6432,1
1.2826,1.6496,1
1.2826,1.6568,1
1.2826,1.6649,1
1.2826,1.6641,1
1.2827,1.6617,1
1.2827,1.6609,1
1.2827,1.6552,1
1.2851,1.6496,1
1.2851,1.6423,1
1.2851,1.6343,1
1.2851,1.6222,1
1.2851,1.6141,1
1.2875,1.6069,1
1.2875,1.6109,1
1.2875,1.6149,1
1.2875,1.6262,1
1.2875,1.6367,1
1.2901,1.6520,1
1.2901,1.6689,1
1.2901,1.6778,1
1.2901,1.6899,1
1.2901,1.6907,1
1.2925,1.6931,1
1.2925,1.6915,1
1.2925,1.6859,1
1.2926,1.6859,1
1.2926,1.6714,1
1.2949,1.6641,1
1.2950,1.6520,1
1.2950,1.6383,1
1.2950,1.6367,1
1.2950,1.6190,1
1.2975,1.6109,1
1.2975,1.6117,1
1.2975,1.6133,1
1.2976,1.6206,1
1.2976,1.6262,1
1.3009,1.6423,1
1.3009,1.6512,1
1.3009,1.6649,1
1.3009,1.6770,1
1.3010,1.6818,1
1.3010,1.6810,1
1.3010,1.6842,1
1.3035,1.6834,1
1.3035,1.6778,1
1.3035,1.6714,1
1.3035,1.6585,1
1.3035,1.6528,1
1.3058,1.6399,1
1.3059,1.6278,1
1.3059,1.6133,1
1.3059,1.6069,1
1.3059,1.6069,1
1.3083,1.6085,1
1.3083,1.6238,1
1.3083,1.6335,1
1.3083,1.6496,1
1.3084,1.6649,1
1.3108,1.6794,1
1.3108,1.6867,1
1.3108,1.6875,1
1.3108,1.6915,1
1.3108,1.6915,1
1.3135,1.6875,1
1.3135,1.6834,1
1.3135,1.6762,1
1.3135,1.6625,1
1.3135,1.6593,1
1.3171,1.6423,1
1.3171,1.6319,1
1.3172,1.6254,1
1.3172,1.6198,1
1.3172,1.6214,1
1.3172,1.6206,1
1.3172,1.6311,1
1.3201,1.6375,1
1.3201,1.6496,1
1.3201,1.6633,1
1.3201,1.6722,1
1.3202,1.6826,1
1.3202,1.6891,1
1.3227,1.6939,1
1.3228,1.6899,1
1.3228,1.6899,1
1.3228,1.6834,1
1.3228,1.6770,1
1.3228,1.6657,1
1.3254,1.6552,1
1.3254,1.6464,1
1.3254,1.6359,1
1.3254,1.6206,1
1.3254,1.6109,1
1.3280,1.6133,1
1.3280,1.6206,1
1.3281,1.6278,1
1.3281,1.6367,1
1.3281,1.6544,1
1.3309,1.6714,1
1.3309,1.6786,1
1.3309,1.6859,1
1.3310,1.6907,1
1.3310,1.6939,1
1.3310,1.6907,1
1.3347,1.6899,1
1.3347,1.6834,1
1.3347,1.6770,1
1.3347,1.6689,1
1.3347,1.6568,1
1.3348,1.6423,1
1.3348,1.6311,1
1.3348,1.6238,1
1.3375,1.6182,1
1.3375,1.6182,1
1.3375,1.6182,1
1.3376,1.6278,1
1.3376,1.6359,1
1.3402,1.6456,1
1.3402,1.6585,1
1.3403,1.6746,1
1.3403,1.6826,1
1.3403,1.6891,1
1.3403,1.6915,1
1.3430,1.6931,1
1.3430,1.6907,1
1.3430,1.6867,1
1.3430,1.6778,1
1.3430,1.6673,1
1.3455,1.6593,1
1.3455,1.6480,1
1.3455,1.6335,1
1.3455,1.6190,1
1.3455,1.6109,1
1.3491,1.6117,1
1.3492,1.6174,1
1.3492,1.6262,1
1.3492,1.6359,1
1.3492,1.6512,1
1.3492,1.6625,1
1.3492,1.6730,1
1.3493,1.6834,1
1.3521,1.6899,1
1.3521,1.6947,1
1.3522,1.6907,1
1.3522,1.6867,1
1.3522,1.6834,1
1.3548,1.6754,1
1.3548,1.6625,1
1.3548,1.6528,1
1.3548,1.6391,1
1.3548,1.6295,1
1.3549,1.6206,1
1.3574,1.6182,1
1.3574,1.6141,1
1.3574,1.6182,1
1.3574,1.6286,1
1.3574,1.6343,1
1.3600,1.6472,1
1.3600,1.6585,1
1.3600,1.6714,1
1.3600,1.6810,1
1.3600,1.6875,1
1.3628,1.7415,1
1.3628,1.6851,1
1.3629,1.6899,1
1.3629,1.6794,1
1.3629,1.6746,1
1.3629,1.6633,1
1.3664,1.6577,1
1.3664,1.6448,1
1.3664,1.6319,1
1.3665,1.6198,1
1.3665,1.6109,1
1.3665,1.6141,1
1.3665,1.6190,1
1.3692,1.6270,1
1.3693,1.6423,1
1.3693,1.6544,1
1.3693,1.6689,1
1.3693,1.6754,1
1.3693,1.6859,1
1.3722,1.6907,1
1.3722,1.6915,1
1.3722,1.6931,1
1.3722,1.6907,1
1.3722,1.6842,1
1.3747,1.6786,1
1.3748,1.6705,1
1.3748,1.6585,1
1.3748,1.6432,1
1.3748,1.6391,1
1.3774,1.6262,1
1.3774,1.6198,1
1.3775,1.6174,1
1.3775,1.6174,1
1.3775,1.6270,1
1.3775,1.6335,1
1.3803,1.6464,1
1.3804,1.6552,1
1.3804,1.6738,1
1.3804,1.6826,1
1.3804,1.6883,1
1.3804,1.6939,1
1.3842,1.6971,1
1.3842,1.6818,1
1.3842,1.6891,1
1.3842,1.6778,1
1.3843,1.6746,1
1.3843,1.6617,1
1.3843,1.6472,1
1.3843,1.6383,1
1.3871,1.6230,1
1.3871,1.6182,1
1.3871,1.6125,1
1.3871,1.6125,1
1.3871,1.6278,1
1.3897,1.6407,1
1.3898,1.6552,1
1.3898,1.6714,1
1.3898,1.6818,1
1.3898,1.6891,1
1.3925,1.6931,1
1.3925,1.6939,1
1.3925,1.6915,1
1.3925,1.6907,1
1.3925,1.6867,1
1.3925,1.6778,1
1.3951,1.6697,1
1.3951,1.6601,1
1.3952,1.6440,1
1.3952,1.6367,1
1.3952,1.6270,1
1.3980,1.6206,1
1.3980,1.6214,1
1.3980,1.6182,1
1.3981,1.6327,1
1.3981,1.6391,1
1.3981,1.6496,1
1.4021,1.6657,1
1.4021,1.6738,1
1.4021,1.6818,1
1.4021,1.6899,1
1.4021,1.6931,1
1.4022,1.6915,1
1.4022,1.6907,1
1.4022,1.6842,1
1.4050,1.6770,1
1.4050,1.6722,1
1.4050,1.6585,1
1.4051,1.6464,1
1.4051,1.6343,1
1.4051,1.6198,1
1.4079,1.6117,1
1.4079,1.6117,1
1.4079,1.6141,1
1.4079,1.6246,1
1.4079,1.6335,1
1.4079,1.6472,1
1.4107,1.6633,1
1.4107,1.6730,1
1.4107,1.6851,1
1.4107,1.6867,1
1.4108,1.6915,1
1.4108,1.6891,1
1.4138,1.6867,1
1.4138,1.6802,1
1.4138,1.6746,1
1.4138,1.6609,1
1.4139,1.6560,1
1.4139,1.6399,1
1.4181,1.6319,1
1.4182,1.6246,1
1.4182,1.6174,1
1.4182,1.6158,1
1.4182,1.6190,1
1.4183,1.6278,1
1.4183,1.6351,1
1.4183,1.6488,1
1.4183,1.6633,1
1.4213,1.6722,1
1.4213,1.6794,1
1.4213,1.6891,1
1.4214,1.6915,1
1.4214,1.6939,1
1.4214,1.6907,1
1.4242,1.6842,1
1.4242,1.6770,1
1.4242,1.6697,1
1.4242,1.6552,1
1.4242,1.6456,1
1.4243,1.6327,1
1.4272,1.6230,1
1.4272,1.6101,1
1.4273,1.6117,1
1.4273,1.6174,1
1.4273,1.6254,1
1.4304,1.6343,1
1.4304,1.6504,1
1.4304,1.6649,1
1.4305,1.6730,1
1.4305,1.6826,1
1.4305,1.6867,1
1.4305,1.6875,1
1.4348,1.6859,1
1.4348,1.6834,1
1.4348,1.6810,1
1.4348,1.6730,1
1.4349,1.6617,1
1.4349,1.6504,1
1.4349,1.6407,1
1.4349,1.6303,1
1.4349,1.6198,1
1.4381,1.6149,1
1.4381,1.6141,1
1.4382,1.6158,1
1.4382,1.6270,1
1.4382,1.6335,1
1.4382,1.6456,1
1.4412,1.6568,1
1.4412,1.6673,1
1.4412,1.6762,1
1.4413,1.6851,1
1.4413,1.6875,1
1.4413,1.6875,1
1.4413,1.6859,1
1.4443,1.6794,1
1.4443,1.6714,1
1.4443,1.6641,1
1.4444,1.6552,1
1.4444,1.6432,1
1.4444,1.6327,1
1.4476,1.6182,1
1.4476,1.6085,1
1.4476,1.6101,1
1.4476,1.6125,1
1.4477,1.6230,1
1.4477,1.6343,1
1.4519,1.6488,1
1.4519,1.6625,1
1.4519,1.6738,1
1.4519,1.6834,1
1.4519,1.6859,1
1.4519,1.6883,1
1.4520,1.6899,1
1.4520,1.6875,1
1.4520,1.6810,1
1.4554,1.6754,1
1.4554,1.6609,1
1.4554,1.6528,1
1.4554,1.6407,1
1.4555,1.6351,1
1.4555,1.6262,1
1.4555,1.6222,1
1.4585,1.6198,1
1.4586,1.6206,1
1.4586,1.6262,1
1.4586,1.6351,1
1.4586,1.6456,1
1.4586,1.6601,1
1.4616,1.6697,1
1.4617,1.6794,1
1.4617,1.6867,1
1.4617,1.6891,1
1.4617,1.6875,1
1.4617,1.6883,1
1.4649,1.6826,1
1.4649,1.6738,1
1.4649,1.6641,1
1.4650,1.6585,1
1.4650,1.6472,1
1.4650,1.6327,1
1.4650,1.6206,1
1.4691,1.6125,1
1.4691,1.6141,1
1.4691,1.6182,1
1.4691,1.6238,1
1.4691,1.6343,1
1.4692,1.6504,1
1.4692,1.6609,1
1.4692,1.6738,1
1.4725,1.6834,1
1.4725,1.6859,1
1.4725,1.7471,1
1.4725,1.6778,1
1.4725,1.6802,1
1.4726,1.6738,1
1.4726,1.6697,1
1.4757,1.6609,1
1.4757,1.6496,1
1.4758,1.6383,1
1.4758,1.6311,1
1.4758,1.6238,1
1.4758,1.6158,1
1.4758,1.6182,1
1.4791,1.6198,1
1.4792,1.6278,1
1.4792,1.6351,1
1.4792,1.6480,1
1.4792,1.6633,1
1.4792,1.6730,1
1.4793,1.6834,1
1.4836,1.6875,1
1.4836,1.6915,1
1.4837,1.6907,1
1.4837,1.6883,1
1.4837,1.6834,1
1.4837,1.6746,1
1.4837,1.6649,1
1.4838,1.6593,1
1.4838,1.6472,1
1.4870,1.6335,1
1.4870,1.6174,1
1.4870,1.6101,1
1.4871,1.6109,1
1.4871,1.6117,1
1.4871,1.6270,1
1.4902,1.6415,1
1.4902,1.6520,1
1.4902,1.6625,1
1.4902,1.6722,1
1.4902,1.6802,1
1.4902,1.6875,1
1.4934,1.6883,1
1.4934,1.6875,1
1.4935,1.6859,1
1.4935,1.6810,1
1.4935,1.6746,1
1.4935,1.6625,1
1.4935,1.6528,1
1.4969,1.6399,1
1.4969,1.6351,1
1.4969,1.6262,1
1.4969,1.6166,1
1.4970,1.6182,1
1.4970,1.6190,1
1.4970,1.6270,1
1.5010,1.6343,1
1.5011,1.6488,1
1.5011,1.6601,1
1.5011,1.6714,1
1.5011,1.6794,1
1.5011,1.6875,1
1.5011,1.6907,1
1.5012,1.6939,1
1.5044,1.6899,1
1.5044,1.6867,1
1.5045,1.6778,1
1.5045,1.6738,1
1.5045,1.6568,1
1.5045,1.6472,1
1.5045,1.6351,1
1.5076,1.6230,1
1.5076,1.6174,1
1.5076,1.6158,1
1.5077,1.6141,1
1.5077,1.6254,1
1.5077,1.6423,1
1.5109,1.6512,1
1.5109,1.6689,1
1.5109,1.6770,1
1.5109,1.6883,1
1.5109,1.6891,1
1.5109,1.6915,1
1.5110,1.6907,1
1.5144,1.6867,1
1.5144,1.6818,1
1.5145,1.6754,1
1.5145,1.6689,1
1.5145,1.6536,1
1.5145,1.6415,1
1.5145,1.6359,1
1.5189,1.6262,1
1.5189,1.6174,1
1.5189,1.6182,1
1.5189,1.6198,1
1.5190,1.6286,1
1.5190,1.6383,1
1.5190,1.6472,1
1.5190,1.6552,1
1.5190,1.6730,1
1.5223,1.6770,1
1.5223,1.6859,1
1.5223,1.6859,1
1.5224,1.6883,1
1.5224,1.6842,1
1.5224,1.6778,1
1.5224,1.6730,1
1.5256,1.6625,1
1.5257,1.6560,1
1.5257,1.6423,1
1.5257,1.6270,1
1.5257,1.6182,1
1.5257,1.6109,1
1.5292,1.6109,1
1.5292,1.6182,1
1.5292,1.6206,1
1.5292,1.6432,1
1.5293,1.6464,1
1.5293,1.6593,1
1.5293,1.6689,1
1.5335,1.6794,1
1.5335,1.6826,1
1.5336,1.6851,1
1.5336,1.6859,1
1.5336,1.6842,1
1.5336,1.6810,1
1.5336,1.6496,1
1.5336,1.6641,1
1.5336,1.6528,1
1.5370,1.6391,1
1.5370,1.6303,1
1.5370,1.6230,1
1.5370,1.6182,1
1.5370,1.6174,1
1.5370,1.6109,1
1.5371,1.6262,1
1.5404,1.6327,1
1.5405,1.6472,1
1.5405,1.6552,1
1.5405,1.6681,1
1.5405,1.6834,1
1.5405,1.6842,1
1.5405,1.6963,1
1.5437,1.6899,1
1.5437,1.6859,1
1.5438,1.6794,1
1.5438,1.6738,1
1.5438,1.6609,1
1.5438,1.6560,1
1.5473,1.6432,1
1.5473,1.6327,1
1.5473,1.6174,1
1.5474,1.5988,1
1.5474,1.6125,1
1.5474,1.6158,1
1.5474,1.6262,1
1.5474,1.6343,1
1.5518,1.6496,1
1.5519,1.6681,1
1.5519,1.6754,1
1.5519,1.6826,1
1.5519,1.6875,1
1.5519,1.6867,1
1.5520,1.6891,1
1.5520,1.7020,1
1.5520,1.6786,1
1.5554,1.6705,1
1.5554,1.6617,1
1.5554,1.6359,1
1.5554,1.6407,1
1.5555,1.6319,1
1.5555,1.6246,1
1.5555,1.6174,1
1.5590,1.6174,1
1.5590,1.6190,1
1.5590,1.6278,1
1.5591,1.6367,1
1.5591,1.6464,1
1.5591,1.6601,1
1.5591,1.6697,1
1.5629,1.6794,1
1.5629,1.6875,1
1.5629,1.6883,1
1.5629,1.6867,1
1.5629,1.6842,1
1.5630,1.6794,1
1.5630,1.6649,1
1.5630,1.6633,1
1.5676,1.6657,1
1.5676,1.6448,1
1.5676,1.6593,1
1.5676,1.6166,1
1.5676,1.6069,1
1.5676,1.6085,1
1.5677,1.6141,1
1.5677,1.6254,1
1.5677,1.6472,1
1.5714,1.6512,1
1.5715,1.6593,1
1.5715,1.6794,1
1.5715,1.6915,1
1.5715,1.6907,1
1.5715,1.6915,1
1.5715,1.6907,1
1.5715,1.6899,1
1.5752,1.6842,1
1.5753,1.6722,1
1.5753,1.6665,1
1.5753,1.6544,1
1.5753,1.6423,1
1.5753,1.6335,1
1.5754,1.6238,1
1.5754,1.6206,1
1.5793,1.6222,1
1.5793,1.6182,1
1.5793,1.6311,1
1.5793,1.6375,1
1.5793,1.6560,1
1.5794,1.6657,1
1.5794,1.6746,1
1.5794,1.6585,1
1.5841,1.6907,1
1.5842,1.6939,1
1.5842,1.6947,1
1.5842,1.6915,1
1.5842,1.6883,1
1.5842,1.6786,1
1.5842,1.6705,1
1.5843,1.6488,1
1.5843,1.6448,1
1.5881,1.6303,1
1.5881,1.6182,1
1.5881,1.6182,1
1.5882,1.6125,1
1.5882,1.6141,1
1.5882,1.6246,1
1.5882,1.6399,1
1.5882,1.6488,1
1.5920,1.6649,1
1.5921,1.6722,1
1.5921,1.6842,1
1.5921,1.6859,1
1.5921,1.6891,1
1.5921,1.6867,1
1.5921,1.6842,1
1.5922,1.6802,1
1.5962,1.6689,1
1.5962,1.6609,1
1.5963,1.6891,1
1.5963,1.6367,1
1.5963,1.6278,1
1.5963,1.6214,1
1.5963,1.6158,1
1.5963,1.6174,1
1.5964,1.6158,1
1.6013,1.6270,1
1.6013,1.6319,1
1.6014,1.6480,1
1.6014,1.6617,1
1.6014,1.6730,1
1.6014,1.6939,1
1.6014,1.6891,1
1.6014,1.7092,1
1.6015,1.6907,1
1.6015,1.6851,1
1.6056,1.6794,1
1.6056,1.6754,1
1.6056,1.6697,1
1.6056,1.6665,1
1.6057,1.6440,1
1.6057,1.6335,1
1.6057,1.6198,1
1.6057,1.6037,1
1.6098,1.6109,1
1.6098,1.6286,1
1.6098,1.6262,1
1.6098,1.6432,1
1.6099,1.6480,1
1.6099,1.6649,1
1.6099,1.6778,1
1.6099,1.6826,1
1.6099,1.6883,1
1.6144,1.6802,1
1.6144,1.6891,1
1.6145,1.6875,1
1.6145,1.6802,1
1.6145,1.6754,1
1.6145,1.6617,1
1.6145,1.6528,1
1.6145,1.6432,1
1.6145,1.6407,1
1.6197,1.6246,1
1.6197,1.6278,1
1.6197,1.6149,1
1.6198,1.6166,1
1.6198,1.6254,1
1.6198,1.6327,1
1.6199,1.6432,1
1.6199,1.6593,1
1.6199,1.6697,1
1.6199,1.6778,1
1.6199,1.6851,1
1.6245,1.6859,1
1.6246,1.6883,1
1.6246,1.6859,1
1.6246,1.6826,1
1.6246,1.6754,1
1.6246,1.6681,1
1.6247,1.6568,1
1.6247,1.6432,1
1.6247,1.6198,1
1.6292,1.6222,1
1.6292,1.6101,1
1.6292,1.6133,1
1.6292,1.6174,1
1.6292,1.6262,1
1.6293,1.6230,1
1.6293,1.6528,1
1.6293,1.6697,1
1.6293,1.6770,1
1.6293,1.6762,1
1.6349,1.6891,1
1.6349,1.6907,1
1.6349,1.6875,1
1.6349,1.6851,1
1.6350,1.6778,1
1.6350,1.6786,1
1.6350,1.6601,1
1.6350,1.6536,1
1.6350,1.6359,1
1.6350,1.6295,1
1.6351,1.6238,1
1.6395,1.6149,1
1.6395,1.6174,1
1.6396,1.6174,1
1.6396,1.6278,1
1.6396,1.6415,1
1.6396,1.6488,1
1.6396,1.6665,1
1.6396,1.6705,1
1.6396,1.6786,1
1.6440,1.6851,1
1.6441,1.6770,1
1.6441,1.6931,1
1.6441,1.6875,1
1.6441,1.6826,1
1.6441,1.6762,1
1.6441,1.6681,1
1.6441,1.6552,1
1.6442,1.6432,1
1.6487,1.6303,1
1.6487,1.6174,1
1.6488,1.6093,1
1.6488,1.6109,1
1.6488,1.6166,1
1.6488,1.6238,1
1.6488,1.6407,1
1.6488,1.6504,1
1.6489,1.6673,1
1.6489,1.6754,1
1.6534,1.7036,1
1.6534,1.6851,1
1.6534,1.6818,1
1.6534,1.6851,1
1.6535,1.6826,1
1.6535,1.6762,1
1.6535,1.6697,1
1.6535,1.6585,1
1.6535,1.6472,1
1.6579,1.6375,1
1.6580,1.6262,1
1.6580,1.6190,1
1.6580,1.6141,1
1.6580,1.6158,1
1.6580,1.6141,1
1.6580,1.6246,1
1.6581,1.6367,1
1.6581,1.6480,1
1.6626,1.6593,1
1.6626,1.6722,1
1.6626,1.6802,1
1.6626,1.6834,1
1.6627,1.6859,1
1.6627,1.6851,1
1.6627,1.6859,1
1.6627,1.6778,1
1.6627,1.6705,1
1.6681,1.6625,1
1.6681,1.6552,1
1.6681,1.6423,1
1.6681,1.6286,1
1.6681,1.6174,1
1.6681,1.6125,1
1.6682,1.6093,1
1.6682,1.6149,1
1.6682,1.6246,1
1.6682,1.6391,1
1.6682,1.6488,1
1.6728,1.6673,1
1.6728,1.6746,1
1.6729,1.6826,1
1.6729,1.6875,1
1.6729,1.6826,1
1.6729,1.6851,1
1.6729,1.6826,1
1.6729,1.6778,1
1.6730,1.7374,1
1.6730,1.6528,1
1.6774,1.6423,1
1.6774,1.6311,1
1.6775,1.6238,1
1.6775,1.6166,1
1.6775,1.6125,1
1.6775,1.6166,1
1.6775,1.5174,1
1.6775,1.6359,1
1.6776,1.6432,1
1.6822,1.6536,1
1.6822,1.6633,1
1.6822,1.6754,1
1.6823,1.6851,1
1.6823,1.6883,1
1.6823,1.6810,1
1.6823,1.6891,1
1.6823,1.6867,1
1.6823,1.6802,1
1.6824,1.6722,1
1.6870,1.6665,1
1.6870,1.6536,1
1.6870,1.6407,1
1.6871,1.6278,1
1.6871,1.6133,1
1.6871,1.6125,1
1.6871,1.6045,1
1.6871,1.6069,1
1.6871,1.6166,1
1.6917,1.6335,1
1.6917,1.6415,1
1.6917,1.6585,1
1.6918,1.6681,1
1.6918,1.6786,1
1.6918,1.6810,1
1.6918,1.6810,1
1.6918,1.6851,1
1.6919,1.6818,1
1.6919,1.6754,1
1.6965,1.6697,1
1.6965,1.6601,1
1.6965,1.6504,1
1.6965,1.6415,1
1.6966,1.6335,1
1.6966,1.6222,1
1.6966,1.6182,1
1.6966,1.6190,1
1.6966,1.6190,1
1.7021,1.6278,1
1.7021,1.6343,1
1.7021,1.6480,1
1.7021,1.6609,1
1.7022,1.6714,1
1.7022,1.6794,1
1.7022,1.6859,1
1.7022,1.6875,1
1.7022,1.6867,1
1.7022,1.6859,1
1.7023,1.6786,1
1.7023,1.6722,1
1.7072,1.6657,1
1.7072,1.6504,1
1.7072,1.6391,1
1.7072,1.6238,1
1.7073,1.6125,1
1.7073,1.6045,1
1.7073,1.6077,1
1.7073,1.6117,1
1.7073,1.6214,1
1.7073,1.6319,1
1.7119,1.6472,1
1.7119,1.6625,1
1.7119,1.6730,1
1.7119,1.6794,1
1.7120,1.6851,1
1.7120,1.6842,1
1.7120,1.6851,1
1.7120,1.6786,1
1.7120,1.6786,1
1.7167,1.6705,1
1.7167,1.6577,1
1.7167,1.6480,1
1.7168,1.6375,1
1.7168,1.6238,1
1.7168,1.6190,1
1.7168,1.6149,1
1.7168,1.6149,1
1.7168,1.6158,1
1.7169,1.6270,1
1.7216,1.6319,1
1.7216,1.6464,1
1.7216,1.6585,1
1.7216,1.6673,1
1.7217,1.6770,1
1.7217,1.6834,1
1.7217,1.6875,1
1.7217,1.6883,1
1.7217,1.6851,1
1.7263,1.6770,1
1.7264,1.6730,1
1.7264,1.6657,1
1.7264,1.6577,1
1.7264,1.6415,1
1.7264,1.6303,1
1.7265,1.6182,1
1.7265,1.6125,1
1.7265,1.6077,1
1.7265,1.6141,1
1.7312,1.6214,1
1.7312,1.6391,1
1.7312,1.6480,1
1.7313,1.6649,1
1.7313,1.6746,1
1.7313,1.6834,1
1.7313,1.6867,1
1.7313,1.6883,1
1.7314,1.6875,1
1.7314,1.6875,1
1.7362,1.6786,1
1.7362,1.6722,1
1.7362,1.6601,1
1.7362,1.6496,1
1.7363,1.6367,1
1.7363,1.6295,1
1.7363,1.6230,1
1.7363,1.6190,1
1.7363,1.6190,1
1.7364,1.6182,1
1.7410,1.6278,1
1.7410,1.6335,1
1.7411,1.6512,1
1.7411,1.6633,1
1.7411,1.6697,1
1.7411,1.6770,1
1.7411,1.6834,1
1.7411,1.6851,1
1.7411,1.6842,1
1.7459,1.6834,1
1.7459,1.6770,1
1.7459,1.6722,1
1.7459,1.6593,1
1.7459,1.6472,1
1.7460,1.6415,1
1.7460,1.6311,1
1.7460,1.6149,1
1.7460,1.6077,1
1.7460,1.6109,1
1.7514,1.6166,1
1.7515,1.6295,1
1.7515,1.6375,1
1.7515,1.6488,1
1.7515,1.6657,1
1.7515,1.6738,1
1.7515,1.6810,1
1.7515,1.6834,1
1.7516,1.6842,1
1.7516,1.6834,1
1.7516,1.6810,1
1.7564,1.6738,1
1.7564,1.6689,1
1.7564,1.6577,1
1.7564,1.6504,1
1.7564,1.6359,1
1.7565,1.6270,1
1.7565,1.6190,1
1.7565,1.6149,1
1.7565,1.6166,1
1.7565,1.6158,1
1.7612,1.6238,1
1.7612,1.6319,1
1.7612,1.6456,1
1.7612,1.6593,1
1.7612,1.6697,1
1.7612,1.6794,1
1.7613,1.6859,1
1.7613,1.6867,1
1.7613,1.6859,1
1.7614,1.6851,1
1.7662,1.6786,1
1.7662,1.6714,1
1.7662,1.6609,1
1.7662,1.6528,1
1.7662,1.6415,1
1.7663,1.6311,1
1.7663,1.6141,1
1.7663,1.6141,1
1.7663,1.6085,1
1.7663,1.6117,1
1.7712,1.6222,1
1.7712,1.6375,1
1.7712,1.6472,1
1.7713,1.6625,1
1.7713,1.6722,1
1.7713,1.6786,1
1.7713,1.6842,1
1.7713,1.6826,1
1.7713,1.6851,1
1.7714,1.6834,1
1.7761,1.6762,1
1.7761,1.6705,1
1.7761,1.6601,1
1.7761,1.6496,1
1.7761,1.6399,1
1.7762,1.6295,1
1.7762,1.6230,1
1.7762,1.6149,1
1.7762,1.6158,1
1.7810,1.6158,1
1.7810,1.6262,1
1.7810,1.6335,1
1.7811,1.6440,1
1.7811,1.6577,1
1.7811,1.6657,1
1.7811,1.6778,1
1.7811,1.6826,1
1.7811,1.6851,1
1.7811,1.6859,1
1.7867,1.6859,1
1.7867,1.6786,1
1.7867,1.6689,1
1.7867,1.6593,1
1.7867,1.6544,1
1.7867,1.6407,1
1.7868,1.6286,1
1.7868,1.6133,1
1.7868,1.6077,1
1.7868,1.6085,1
1.7868,1.6133,1
1.7868,1.6222,1
1.7919,1.6311,1
1.7919,1.6472,1
1.7919,1.6617,1
1.7919,1.6697,1
1.7919,1.6794,1
1.7919,1.6802,1
1.7920,1.6818,1
1.7920,1.6842,1
1.7920,1.6778,1
1.7920,1.6762,1
1.7969,1.6697,1
1.7969,1.6593,1
1.7970,1.6480,1
1.7970,1.6375,1
1.7970,1.6286,1
1.7970,1.6222,1
1.7970,1.6141,1
1.7970,1.6133,1
1.7971,1.6141,1
1.7971,1.6238,1
1.8027,1.6311,1
1.8027,1.6440,1
1.8027,1.6568,1
1.8027,1.6657,1
1.8027,1.6778,1
1.8028,1.6834,1
1.8028,1.6851,1
1.8028,1.6867,1
1.8028,1.6826,1
1.8028,1.6778,1
1.8028,1.6714,1
1.8029,1.6601,1
1.8077,1.6520,1
1.8078,1.6432,1
1.8078,1.6246,1
1.8078,1.6198,1
1.8078,1.6141,1
1.8078,1.6109,1
1.8079,1.6149,1
1.8079,1.6238,1
1.8079,1.6375,1
1.8079,1.6480,1
1.8128,1.6633,1
1.8128,1.6730,1
1.8128,1.6786,1
1.8128,1.6859,1
1.8129,1.6834,1
1.8129,1.6851,1
1.8129,1.6818,1
1.8129,1.6762,1
1.8129,1.6697,1
1.8129,1.6585,1
1.8186,1.6480,1
1.8186,1.6335,1
1.8187,1.6343,1
1.8187,1.6190,1
1.8187,1.6093,1
1.8187,1.6133,1
1.8187,1.6166,1
1.8187,1.6238,1
1.8187,1.6319,1
1.8188,1.6448,1
1.8188,1.6593,1
1.8188,1.6681,1
1.8236,1.6802,1
1.8237,1.6826,1
1.8237,1.6859,1
1.8237,1.6883,1
1.8237,1.6851,1
1.8237,1.6786,1
1.8237,1.6714,1
1.8238,1.6665,1
1.8238,1.6552,1
1.8238,1.6407,1
1.8286,1.6303,1
1.8286,1.6133,1
1.8286,1.6093,1
1.8286,1.6085,1
1.8287,1.6141,1
1.8287,1.6262,1
1.8287,1.6367,1
1.8287,1.6536,1
1.8287,1.6665,1
1.8337,1.6738,1
1.8337,1.6842,1
1.8337,1.6875,1
1.8337,1.6899,1
1.8338,1.6867,1
1.8338,1.6859,1
1.8338,1.6778,1
1.8338,1.6794,1
1.8338,1.6593,1
1.8338,1.6488,1
1.8339,1.6375,1
1.8389,1.6295,1
1.8389,1.6238,1
1.8390,1.6166,1
1.8390,1.6198,1
1.8390,1.6190,1
1.8390,1.6295,1
1.8390,1.6375,1
1.8390,1.6488,1
1.8391,1.6593,1
1.8391,1.6738,1
1.8439,1.6794,1
1.8440,1.6867,1
1.8440,1.6923,1
1.8440,1.6891,1
1.8440,1.6875,1
1.8440,1.6818,1
1.8440,1.6738,1
1.8441,1.6657,1
1.8441,1.6544,1
1.8441,1.6391,1
1.8488,1.6238,1
1.8488,1.6190,1
1.8489,1.6133,1
1.8489,1.6093,1
1.8489,1.6158,1
1.8489,1.6238,1
1.8489,1.6383,1
1.8489,1.6504,1
1.8490,1.6657,1
1.8490,1.6754,1
1.8538,1.6818,1
1.8538,1.6875,1
1.8538,1.6851,1
1.8538,1.6859,1
1.8538,1.6440,1
1.8539,1.6818,1
1.8539,1.6746,1
1.8539,1.6625,1
1.8539,1.6520,1
1.8539,1.6383,1
1.8585,1.6295,1
1.8585,1.6198,1
1.8586,1.6286,1
1.8586,1.6117,1
1.8586,1.6158,1
1.8586,1.6238,1
1.8587,1.6303,1
1.8587,1.6440,1
1.8587,1.6577,1
1.8635,1.6689,1
1.8635,1.6754,1
1.8635,1.6834,1
1.8635,1.6851,1
1.8635,1.6875,1
1.8636,1.6834,1
1.8636,1.6778,1
1.8636,1.6689,1
1.8636,1.6633,1
1.8636,1.6488,1
1.8690,1.6375,1
1.8690,1.6270,1
1.8690,1.6141,1
1.8690,1.6061,1
1.8690,1.6085,1
1.8691,1.6109,1
1.8691,1.6222,1
1.8691,1.6399,1
1.8691,1.6456,1
1.8691,1.6593,1
1.8691,1.6697,1
1.8741,1.6802,1
1.8741,1.6810,1
1.8741,1.6818,1
1.8741,1.6818,1
1.8742,1.6786,1
1.8742,1.6762,1
1.8742,1.6641,1
1.8742,1.6568,1
1.8742,1.6472,1
1.8742,1.6343,1
1.8789,1.6254,1
1.8789,1.6166,1
1.8789,1.6101,1
1.8790,1.6117,1
1.8790,1.6149,1
1.8790,1.6198,1
1.8790,1.6311,1
1.8790,1.6456,1
1.8790,1.6568,1
1.8791,1.6649,1
1.8847,1.6738,1
1.8847,1.6810,1
1.8848,1.6834,1
1.8848,1.6818,1
1.8848,1.6802,1
1.8848,1.6746,1
1.8848,1.6673,1
1.8848,1.6552,1
1.8848,1.6472,1
1.8849,1.6351,1
1.8849,1.6206,1
1.8849,1.6133,1
1.8897,1.6029,1
1.8897,1.6069,1
1.8897,1.6117,1
1.8898,1.6222,1
1.8898,1.6367,1
1.8898,1.6480,1
1.8898,1.6633,1
1.8898,1.6722,1
1.8898,1.6786,1
1.8899,1.6810,1
1.8948,1.6786,1
1.8948,1.6834,1
1.8948,1.6786,1
1.8949,1.6754,1
1.8949,1.6705,1
1.8949,1.6593,1
1.8949,1.6512,1
1.8949,1.6351,1
1.8949,1.6262,1
1.8949,1.6174,1
1.9000,1.6512,1
1.9000,1.6101,1
1.9000,1.6101,1
1.9000,1.6206,1
1.9001,1.6278,1
1.9001,1.6423,1
1.9001,1.6560,1
1.9001,1.6665,1
1.9001,1.6770,1
1.9001,1.6834,1
1.9052,1.6867,1
1.9053,1.6883,1
1.9053,1.6834,1
1.9053,1.6794,1
1.9053,1.7004,1
1.9053,1.6560,1
1.9053,1.6504,1
1.9054,1.6375,1
1.9054,1.5932,1
1.9054,1.6182,1
1.9054,1.6182,1
1.9102,1.6141,1
1.9102,1.6133,1
1.9102,1.6254,1
1.9102,1.6230,1
1.9102,1.6512,1
1.9102,1.6552,1
1.9103,1.6770,1
1.9103,1.6818,1
1.9103,1.6867,1
1.9103,1.6859,1
1.9151,1.6875,1
1.9151,1.6818,1
1.9152,1.6762,1
1.9152,1.6689,1
1.9152,1.6577,1
1.9152,1.6730,1
1.9152,1.6303,1
1.9152,1.6230,1
1.9153,1.6174,1
1.9202,1.6117,1
1.9203,1.6125,1
1.9203,1.6077,1
1.9203,1.6238,1
1.9203,1.6230,1
1.9203,1.6464,1
1.9203,1.6585,1
1.9204,1.6681,1
1.9204,1.6778,1
1.9204,1.6875,1
1.9204,1.6899,1
1.9252,1.6883,1
1.9252,1.6754,1
1.9252,1.6786,1
1.9252,1.6754,1
1.9252,1.6657,1
1.9253,1.6681,1
1.9253,1.6399,1
1.9253,1.6262,1
1.9253,1.6149,1
1.9253,1.6029,1
1.9302,1.6077,1
1.9302,1.6133,1
1.9302,1.6246,1
1.9302,1.6375,1
1.9302,1.6488,1
1.9303,1.6601,1
1.9303,1.6746,1
1.9303,1.6851,1
1.9303,1.6810,1
1.9303,1.6851,1
1.9358,1.6851,1
1.9358,1.6818,1
1.9358,1.6754,1
1.9359,1.6689,1
1.9359,1.6577,1
1.9359,1.6738,1
1.9359,1.6343,1
1.9359,1.6488,1
1.9359,1.6133,1
1.9360,1.6166,1
1.9360,1.6133,1
1.9410,1.6117,1
1.9410,1.6230,1
1.9410,1.6254,1
1.9410,1.6456,1
1.9411,1.6585,1
1.9411,1.6681,1
1.9411,1.6794,1
1.9411,1.6842,1
1.9411,1.6722,1
1.9411,1.6931,1
1.9460,1.6834,1
1.9460,1.6842,1
1.9460,1.6762,1
1.9460,1.6681,1
1.9461,1.6617,1
1.9461,1.6456,1
1.9461,1.6319,1
1.9461,1.6198,1
1.9461,1.6222,1
1.9461,1.6093,1
1.9516,1.6125,1
1.9516,1.6262,1
1.9516,1.6286,1
1.9516,1.6480,1
1.9516,1.6617,1
1.9517,1.6722,1
1.9517,1.6818,1
1.9517,1.6842,1
1.9517,1.6851,1
1.9517,1.6859,1
1.9517,1.6818,1
1.9568,1.6786,1
1.9568,1.6730,1
1.9568,1.6568,1
1.9568,1.6432,1
1.9568,1.6335,1
1.9569,1.6383,1
1.9569,1.6190,1
1.9569,1.6141,1
1.9569,1.6133,1
1.9569,1.6149,1
1.9569,1.6222,1
1.9617,1.6335,1
1.9617,1.6448,1
1.9617,1.6593,1
1.9617,1.6681,1
1.9618,1.6794,1
1.9618,1.6826,1
1.9618,1.6867,1
1.9618,1.6842,1
1.9618,1.6851,1
1.9618,1.6746,1
1.9668,1.6681,1
1.9668,1.6593,1
1.9668,1.6496,1
1.9668,1.6383,1
1.9668,1.6399,1
1.9669,1.6125,1
1.9669,1.6109,1
1.9669,1.6077,1
1.9669,1.6093,1
1.9669,1.6222,1
1.9719,1.6375,1
1.9719,1.6456,1
1.9719,1.6641,1
1.9719,1.6705,1
1.9720,1.6770,1
1.9720,1.6818,1
1.9720,1.6834,1
1.9720,1.6826,1
1.9720,1.6786,1
1.9720,1.6754,1
1.9769,1.6681,1
1.9769,1.6552,1
1.9769,1.6472,1
1.9769,1.6375,1
1.9769,1.6278,1
1.9770,1.6198,1
1.9770,1.6012,1
1.9770,1.6149,1
1.9770,1.6230,1
1.9770,1.6270,1
1.9820,1.6343,1
1.9820,1.6448,1
1.9820,1.6609,1
1.9820,1.6673,1
1.9820,1.6472,1
1.9820,1.6851,1
1.9821,1.6859,1
1.9821,1.6907,1
1.9821,1.6859,1
1.9821,1.6810,1
1.9873,1.6601,1
1.9873,1.6649,1
1.9873,1.6504,1
1.9873,1.6407,1
1.9873,1.6278,1
1.9874,1.6174,1
1.9874,1.6117,1
1.9874,1.6085,1
1.9874,1.6141,1
1.9874,1.6254,1
1.9874,1.6262,1
1.9928,1.6520,1
1.9928,1.6641,1
1.9929,1.6730,1
1.9929,1.6818,1
1.9929,1.6842,1
1.9929,1.6842,1
1.9929,1.6859,1
1.9929,1.6818,1
1.9930,1.6778,1
1.9930,1.6649,1
1.9930,1.6593,1
1.9984,1.6504,1
1.9984,1.6407,1
1.9984,1.6351,1
1.9985,1.6222,1
1.9985,1.6174,1
1.9985,1.6182,1
1.9985,1.6254,1
1.9985,1.6278,1
1.9986,1.6423,1
1.9986,1.6496,1
1.9986,1.6464,1
2.0042,1.6738,1
2.0042,1.6786,1
2.0042,1.6859,1
2.0043,1.6923,1
2.0043,1.6907,1
2.0043,1.6851,1
2.0043,1.6810,1
2.0043,1.6834,1
2.0043,1.6633,1
2.0043,1.6536,1
2.0044,1.6391,1
2.0044,1.6278,1
2.0099,1.6158,1
2.0099,1.6125,1
2.0099,1.6101,1
2.0099,1.6149,1
2.0099,1.6262,1
2.0099,1.6407,1
2.0100,1.6504,1
2.0100,1.6617,1
2.0100,1.6754,1
2.0100,1.6834,1
2.0100,1.6875,1
2.0156,1.6883,1
2.0156,1.6875,1
2.0157,1.6818,1
2.0157,1.6802,1
2.0157,1.6714,1
2.0157,1.6593,1
2.0157,1.6552,1
2.0157,1.6383,1
2.0157,1.6327,1
2.0158,1.6222,1
2.0158,1.6149,1
2.0158,1.6149,1
2.0215,1.6480,1
2.0215,1.6246,1
2.0215,1.6311,1
2.0215,1.6464,1
2.0215,1.6617,1
2.0215,1.6673,1
2.0216,1.6770,1
2.0216,1.6834,1
2.0216,1.6899,1
2.0216,1.6867,1
2.0216,1.6875,1
2.0271,1.6818,1
2.0271,1.6738,1
2.0271,1.6689,1
2.0272,1.6552,1
2.0272,1.6440,1
2.0272,1.6359,1
2.0272,1.6198,1
2.0272,1.6149,1
2.0272,1.6125,1
2.0273,1.6141,1
2.0273,1.6262,1
2.0273,1.6295,1
2.0332,1.6496,1
2.0332,1.6665,1
2.0332,1.6762,1
2.0332,1.6859,1
2.0332,1.6883,1
2.0332,1.6851,1
2.0333,1.6859,1
2.0333,1.6867,1
2.0333,1.6802,1
2.0333,1.6657,1
2.0333,1.6593,1
2.0333,1.6488,1
2.0395,1.6375,1
2.0395,1.6295,1
2.0395,1.6190,1
2.0395,1.6158,1
2.0395,1.6182,1
2.0396,1.6158,1
2.0396,1.6254,1
2.0396,1.6335,1
2.0396,1.6456,1
2.0396,1.6577,1
2.0396,1.6681,1
2.0396,1.6786,1
2.0455,1.6842,1
2.0455,1.6867,1
2.0455,1.6883,1
2.0455,1.6826,1
2.0455,1.6746,1
2.0456,1.6681,1
2.0456,1.6625,1
2.0456,1.6496,1
2.0456,1.6407,1
2.0456,1.6286,1
2.0456,1.6125,1
2.0457,1.6117,1
2.0523,1.6101,1
2.0524,1.6149,1
2.0524,1.6262,1
2.0524,1.6375,1
2.0524,1.6488,1
2.0524,1.6633,1
2.0524,1.6746,1
2.0524,1.6786,1
2.0525,1.6859,1
2.0525,1.6867,1
2.0525,1.6859,1
2.0525,1.6818,1
2.0525,1.6770,1
2.0525,1.6689,1
2.0587,1.6577,1
2.0587,1.6496,1
2.0587,1.6367,1
2.0587,1.6278,1
2.0587,1.6222,1
2.0587,1.6166,1
2.0587,1.6182,1
2.0588,1.6174,1
2.0588,1.6295,1
2.0588,1.6351,1
2.0588,1.6512,1
2.0588,1.6609,1
2.0589,1.6722,1
2.0650,1.6786,1
2.0651,1.6883,1
2.0651,1.6891,1
2.0651,1.6891,1
2.0651,1.6834,1
2.0651,1.6794,1
2.0651,1.6697,1
2.0652,1.6641,1
2.0652,1.6528,1
2.0652,1.6391,1
2.0652,1.6270,1
2.0652,1.6133,1
2.0717,1.6109,1
2.0717,1.6117,1
2.0717,1.6158,1
2.0717,1.6286,1
2.0718,1.6375,1
2.0718,1.6504,1
2.0718,1.6657,1
2.0718,1.6730,1
2.0718,1.6834,1
2.0719,1.6851,1
2.0719,1.6842,1
2.0719,1.6875,1
2.0719,1.6963,1
2.0719,1.6746,1
2.0782,1.6681,1
2.0782,1.6577,1
2.0782,1.6496,1
2.0782,1.6343,1
2.0782,1.6278,1
2.0782,1.6206,1
2.0783,1.6125,1
2.0783,1.6158,1
2.0783,1.6166,1
2.0783,1.6254,1
2.0783,1.6351,1
2.0783,1.6464,1
2.0784,1.6601,1
2.0845,1.6714,1
2.0845,1.6786,1
2.0846,1.6851,1
2.0846,1.6891,1
2.0846,1.6899,1
2.0846,1.6851,1
2.0846,1.6810,1
2.0846,1.6714,1
2.0846,1.6649,1
2.0847,1.6504,1
2.0847,1.6399,1
2.0847,1.6286,1
2.0911,1.6158,1
2.0911,1.6117,1
2.0911,1.6101,1
2.0911,1.6125,1
2.0912,1.6278,1
2.0912,1.6391,1
2.0912,1.6496,1
2.0912,1.6649,1
2.0912,1.6746,1
2.0912,1.6818,1
2.0913,1.6867,1
2.0913,1.6834,1
2.0913,1.6859,1
2.0913,1.6778,1
2.0978,1.6762,1
2.0978,1.6705,1
2.0978,1.6585,1
2.0978,1.6488,1
2.0979,1.6367,1
2.0979,1.6270,1
2.0979,1.6182,1
2.0979,1.6141,1
2.0979,1.6133,1
2.0979,1.6190,1
2.0980,1.6246,1
2.0980,1.6327,1
2.0980,1.6440,1
2.1053,1.6568,1
2.1053,1.6665,1
2.1054,1.6762,1
2.1054,1.6810,1
2.1054,1.6826,1
2.1054,1.6851,1
2.1054,1.6834,1
2.1054,1.6770,1
2.1055,1.6697,1
2.1055,1.6641,1
2.1055,1.6504,1
2.1055,1.6407,1
2.1055,1.6270,1
2.1055,1.6166,1
2.1055,1.6117,1
2.1125,1.6117,1
2.1125,1.6117,1
2.1125,1.6246,1
2.1125,1.6351,1
2.1125,1.6520,1
2.1126,1.6633,1
2.1126,1.6730,1
2.1126,1.6802,1
2.1126,1.6851,1
2.1126,1.6859,1
2.1126,1.6842,1
2.1126,1.6818,1
2.1127,1.6770,1
2.1127,1.6681,1
2.1202,1.6577,1
2.1202,1.6488,1
2.1202,1.6375,1
2.1202,1.6295,1
2.1202,1.6230,1
2.1202,1.6198,1
2.1203,1.6174,1
2.1203,1.6166,1
2.1203,1.6254,1
2.1203,1.6343,1
2.1203,1.6472,1
2.1204,1.6609,1
2.1204,1.6746,1
2.1204,1.6818,1
2.1204,1.6834,1
2.1204,1.6915,1
2.1277,1.6867,1
2.1277,1.6826,1
2.1277,1.6786,1
2.1277,1.6705,1
2.1277,1.6641,1
2.1278,1.6544,1
2.1278,1.6391,1
2.1278,1.6278,1
2.1278,1.6141,1
2.1278,1.6077,1
2.1279,1.6061,1
2.1279,1.6125,1
2.1279,1.6254,1
2.1279,1.6383,1
2.1279,1.6488,1
2.1350,1.6641,1
2.1350,1.6722,1
2.1350,1.6810,1
2.1350,1.6851,1
2.1350,1.6826,1
2.1351,1.6834,1
2.1351,1.6770,1
2.1351,1.6786,1
2.1351,1.6689,1
2.1351,1.6568,1
2.1351,1.6472,1
2.1352,1.6335,1
2.1352,1.6270,1
2.1352,1.6174,1
2.1424,1.6133,1
2.1424,1.6158,1
2.1424,1.6166,1
2.1424,1.6262,1
2.1424,1.6295,1
2.1425,1.6440,1
2.1425,1.6601,1
2.1425,1.6681,1
2.1425,1.6762,1
2.1425,1.6851,1
2.1425,1.6907,1
2.1426,1.6891,1
2.1426,1.6842,1
2.1426,1.6802,1
2.1426,1.6689,1
2.1497,1.6641,1
2.1497,1.6536,1
2.1498,1.6391,1
2.1498,1.6254,1
2.1498,1.6133,1
2.1498,1.6093,1
2.1498,1.6101,1
2.1498,1.6109,1
2.1499,1.6238,1
2.1499,1.6367,1
2.1499,1.6472,1
2.1499,1.6617,1
2.1499,1.6730,1
2.1499,1.6851,1
2.1500,1.6891,1
2.1571,1.6907,1
2.1571,1.6875,1
2.1571,1.6851,1
2.1572,1.6778,1
2.1572,1.6705,1
2.1572,1.6585,1
2.1572,1.6488,1
2.1572,1.6407,1
2.1572,1.6295,1
2.1573,1.6238,1
2.1573,1.6158,1
2.1573,1.6158,1
2.1573,1.6214,1
2.1573,1.6303,1
2.1573,1.6335,1
2.1645,1.6488,1
2.1645,1.6601,1
2.1645,1.6705,1
2.1645,1.6762,1
2.1645,1.6826,1
2.1645,1.6891,1
2.1646,1.6867,1
2.1646,1.6810,1
2.1646,1.6786,1
2.1646,1.6730,1
2.1646,1.6641,1
2.1646,1.6544,1
2.1647,1.6399,1
2.1647,1.6270,1
2.1726,1.6166,1
2.1727,1.6037,1
2.1727,1.6085,1
2.1727,1.6141,1
2.1727,1.6278,1
2.1727,1.6375,1
2.1727,1.6488,1
2.1728,1.6633,1
2.1728,1.6746,1
2.1728,1.6786,1
2.1728,1.6834,1
2.1728,1.6810,1
2.1728,1.6851,1
2.1729,1.6762,1
2.1729,1.6770,1
2.1729,1.6697,1
2.1729,1.6560,1
2.1804,1.6480,1
2.1805,1.6327,1
2.1805,1.6246,1
2.1805,1.6174,1
2.1805,1.6206,1
2.1805,1.6166,1
2.1806,1.6166,1
2.1806,1.6262,1
2.1806,1.6335,1
2.1806,1.6440,1
2.1806,1.6585,1
2.1806,1.6697,1
2.1806,1.6770,1
2.1807,1.6810,1
2.1807,1.6875,1
2.1884,1.6851,1
2.1884,1.6826,1
2.1884,1.6770,1
2.1884,1.6722,1
2.1885,1.6649,1
2.1885,1.6520,1
2.1885,1.6391,1
2.1885,1.6262,1
2.1885,1.6174,1
2.1885,1.6109,1
2.1886,1.6117,1
2.1886,1.6125,1
2.1886,1.6278,1
2.1886,1.6391,1
2.1886,1.6520,1
2.1886,1.6657,1
2.1960,1.6770,1
2.1960,1.6826,1
2.1960,1.6859,1
2.1960,1.6875,1
2.1960,1.6851,1
2.1961,1.6842,1
2.1961,1.6762,1
2.1961,1.6689,1
2.1961,1.6585,1
2.1961,1.6488,1
2.1961,1.6383,1
2.1962,1.6278,1
2.1962,1.6190,1
2.1962,1.6166,1
2.1962,1.6166,1
2.2043,1.6174,1
2.2043,1.6278,1
2.2043,1.6343,1
2.2043,1.6456,1
2.2044,1.6593,1
2.2044,1.6681,1
2.2044,1.6826,1
2.2044,1.6875,1
2.2044,1.6842,1
2.2044,1.6875,1
2.2045,1.6810,1
2.2045,1.6778,1
2.2045,1.6689,1
2.2045,1.6625,1
2.2045,1.6528,1
2.2045,1.6407,1
2.2046,1.6286,1
2.2122,1.6182,1
2.2122,1.6141,1
2.2122,1.6149,1
2.2122,1.6230,1
2.2123,1.6270,1
2.2123,1.6415,1
2.2123,1.6528,1
2.2123,1.6657,1
2.2123,1.6738,1
2.2123,1.6826,1
2.2124,1.6859,1
2.2124,1.6859,1
2.2124,1.6883,1
2.2124,1.6834,1
2.2124,1.6786,1
2.2124,1.6705,1
2.2207,1.6617,1
2.2207,1.6512,1
2.2207,1.6383,1
2.2207,1.6303,1
2.2207,1.6238,1
2.2208,1.6174,1
2.2208,1.6214,1
2.2208,1.6182,1
2.2208,1.6295,1
2.2208,1.6415,1
2.2208,1.6504,1
2.2209,1.6601,1
2.2209,1.6722,1
2.2209,1.6778,1
2.2209,1.6834,1
2.2209,1.6907,1
2.2209,1.6867,1
2.2284,1.6931,1
2.2284,1.6794,1
2.2284,1.6689,1
2.2285,1.6633,1
2.2285,1.6488,1
2.2285,1.6375,1
2.2285,1.6246,1
2.2285,1.6141,1
2.2285,1.6085,1
2.2286,1.6125,1
2.2286,1.6061,1
2.2286,1.6262,1
2.2286,1.6391,1
2.2286,1.6536,1
2.2286,1.6697,1
2.2362,1.6786,1
2.2362,1.6867,1
2.2363,1.6907,1
2.2363,1.6923,1
2.2363,1.6931,1
2.2363,1.6834,1
2.2363,1.6754,1
2.2363,1.6681,1
2.2364,1.6560,1
2.2364,1.6456,1
2.2364,1.6367,1
2.2364,1.6278,1
2.2364,1.6206,1
2.2364,1.6133,1
2.2365,1.6166,1
2.2365,1.6182,1
2.2443,1.6295,1
2.2443,1.6343,1
2.2443,1.6520,1
2.2443,1.6625,1
2.2443,1.6730,1
2.2444,1.6802,1
2.2444,1.6891,1
2.2444,1.6915,1
2.2444,1.6891,1
2.2444,1.6867,1
2.2444,1.6818,1
2.2445,1.6714,1
2.2445,1.6657,1
2.2445,1.6552,1
2.2445,1.6391,1
2.2445,1.6286,1
2.2522,1.6198,1
2.2522,1.6133,1
2.2522,1.6133,1
2.2522,1.6198,1
2.2522,1.6270,1
2.2523,1.6415,1
2.2523,1.6528,1
2.2523,1.6649,1
2.2523,1.6746,1
2.2523,1.6818,1
2.2523,1.6851,1
2.2524,1.6867,1
2.2524,1.6851,1
2.2524,1.6834,1
2.2524,1.6786,1
2.2524,1.6730,1
2.2602,1.6593,1
2.2602,1.6480,1
2.2602,1.6367,1
2.2603,1.6319,1
2.2603,1.6190,1
2.2603,1.6166,1
2.2603,1.6141,1
2.2603,1.6166,1
2.2604,1.6295,1
2.2604,1.6359,1
2.2604,1.6480,1
2.2604,1.6609,1
2.2604,1.6697,1
2.2604,1.6778,1
2.2605,1.6842,1
2.2605,1.6842,1
2.2683,1.6859,1
2.2683,1.6842,1
2.2683,1.6786,1
2.2683,1.6714,1
2.2684,1.6641,1
2.2684,1.6544,1
2.2684,1.6375,1
2.2684,1.6262,1
2.2684,1.6141,1
2.2684,1.5956,1
2.2685,1.6021,1
2.2685,1.6109,1
2.2685,1.6206,1
2.2685,1.6351,1
2.2685,1.6464,1
2.2685,1.6601,1
2.2765,1.6730,1
2.2766,1.6423,1
2.2766,1.6907,1
2.2766,1.6915,1
2.2766,1.6883,1
2.2766,1.6867,1
2.2767,1.6786,1
2.2767,1.6697,1
2.2767,1.6577,1
2.2767,1.6448,1
2.2767,1.6343,1
2.2767,1.6536,1
2.2768,1.6166,1
2.2768,1.6101,1
2.2768,1.6109,1
2.2768,1.6158,1
2.2768,1.6214,1
2.2846,1.6311,1
2.2847,1.6423,1
2.2847,1.6568,1
2.2847,1.6657,1
2.2847,1.6762,1
2.2847,1.6818,1
2.2847,1.6834,1
2.2848,1.6851,1
2.2848,1.6818,1
2.2848,1.6762,1
2.2848,1.7237,1
2.2848,1.6593,1
2.2848,1.6512,1
2.2849,1.6343,1
2.2849,1.6246,1
2.2849,1.6109,1
2.2930,1.6093,1
2.2930,1.6085,1
2.2930,1.6125,1
2.2930,1.6270,1
2.2930,1.6222,1
2.2930,1.6512,1
2.2931,1.6786,1
2.2931,1.6746,1
2.2931,1.6851,1
2.2931,1.6859,1
2.2931,1.6891,1
2.2931,1.6859,1
2.2932,1.6826,1
2.2932,1.6754,1
2.2932,1.6665,1
2.2932,1.6552,1
2.3012,1.6496,1
2.3012,1.6319,1
2.3012,1.6270,1
2.3012,1.6182,1
2.3012,1.6319,1
2.3012,1.6141,1
2.3013,1.6133,1
2.3013,1.6238,1
2.3013,1.6319,1
2.3013,1.6456,1
2.3013,1.6601,1
2.3013,1.6665,1
2.3014,1.6738,1
2.3014,1.6826,1
2.3014,1.6883,1
2.3014,1.6891,1
2.3014,1.6859,1
2.3094,1.6802,1
2.3095,1.6705,1
2.3095,1.6657,1
2.3095,1.6512,1
2.3095,1.6432,1
2.3095,1.6214,1
2.3096,1.6190,1
2.3096,1.6117,1
2.3096,1.6117,1
2.3096,1.6206,1
2.3096,1.6254,1
2.3096,1.6311,1
2.3096,1.6528,1
2.3097,1.6649,1
2.3097,1.6738,1
2.3097,1.6826,1
2.3177,1.6851,1
2.3177,1.6802,1
2.3177,1.6851,1
2.3178,1.6842,1
2.3178,1.6762,1
2.3178,1.6319,1
2.3178,1.6585,1
2.3178,1.6456,1
2.3178,1.6351,1
2.3179,1.6383,1
2.3179,1.6182,1
2.3179,1.6109,1
2.3179,1.6133,1
2.3179,1.6053,1
2.3179,1.6270,1
2.3180,1.6319,1
2.3180,1.6504,1
2.3261,1.6472,1
2.3261,1.6714,1
2.3261,1.6633,1
2.3261,1.6875,1
2.3261,1.6899,1
2.3261,1.6875,1
2.3262,1.6794,1
2.3262,1.6754,1
2.3262,1.6665,1
2.3262,1.6625,1
2.3262,1.6520,1
2.3262,1.6391,1
2.3263,1.6238,1
2.3263,1.6117,1
2.3263,1.6093,1
2.3263,1.6077,1
2.3263,1.6158,1
2.3345,1.6214,1
2.3345,1.6327,1
2.3345,1.6488,1
2.3345,1.6609,1
2.3345,1.6714,1
2.3346,1.6818,1
2.3346,1.6859,1
2.3346,1.6883,1
2.3346,1.6859,1
2.3346,1.6818,1
2.3346,1.6770,1
2.3347,1.6722,1
2.3347,1.6601,1
2.3347,1.6536,1
2.3347,1.6399,1
2.3347,1.6303,1
2.3429,1.6246,1
2.3430,1.6190,1
2.3430,1.6166,1
2.3430,1.6190,1
2.3430,1.6270,1
2.3430,1.6327,1
2.3431,1.6488,1
2.3431,1.6593,1
2.3431,1.6722,1
2.3431,1.6810,1
2.3431,1.6891,1
2.3432,1.6883,1
2.3432,1.6851,1
2.3432,1.6818,1
2.3432,1.6770,1
2.3432,1.7028,1
2.3432,1.6601,1
2.3514,1.6488,1
2.3514,1.6359,1
2.3514,1.6286,1
2.3515,1.6158,1
2.3515,1.6125,1
2.3515,1.6109,1
2.3515,1.6238,1
2.3515,1.6262,1
2.3515,1.6383,1
2.3516,1.6528,1
2.3516,1.6335,1
2.3516,1.6786,1
2.3516,1.6891,1
2.3516,1.6915,1
2.3516,1.6907,1
2.3517,1.6988,1
2.3517,1.6979,1
2.3599,1.6786,1
2.3599,1.6681,1
2.3599,1.6601,1
2.3599,1.6568,1
2.3599,1.6367,1
2.3600,1.6262,1
2.3600,1.6214,1
2.3600,1.6166,1
2.3600,1.6125,1
2.3600,1.6174,1
2.3600,1.6270,1
2.3601,1.6343,1
2.3601,1.6488,1
2.3601,1.6609,1
2.3601,1.6705,1
2.3601,1.6762,1
2.3601,1.6834,1
2.3684,1.6794,1
2.3684,1.6899,1
2.3684,1.6859,1
2.3684,1.6826,1
2.3684,1.6697,1
2.3684,1.6633,1
2.3685,1.6472,1
2.3685,1.6399,1
2.3685,1.6214,1
2.3685,1.6158,1
2.3685,1.6182,1
2.3685,1.6109,1
2.3686,1.6198,1
2.3686,1.6270,1
2.3686,1.6560,1
2.3686,1.6504,1
2.3686,1.6867,1
2.3771,1.6722,1
2.3771,1.6786,1
2.3771,1.6826,1
2.3772,1.6851,1
2.3772,1.6818,1
2.3772,1.6818,1
2.3772,1.6730,1
2.3772,1.6593,1
2.3773,1.6585,1
2.3773,1.6472,1
2.3773,1.6375,1
2.3773,1.6278,1
2.3773,1.6246,1
2.3773,1.6149,1
2.3774,1.6198,1
2.3774,1.6037,1
2.3774,1.6327,1
2.3774,1.6440,1
2.3857,1.6488,1
2.3857,1.6641,1
2.3857,1.6746,1
2.3857,1.6818,1
2.3857,1.6842,1
2.3858,1.6834,1
2.3858,1.6867,1
2.3858,1.6834,1
2.3858,1.6786,1
2.3858,1.6786,1
2.3858,1.6633,1
2.3859,1.6520,1
2.3859,1.6367,1
2.3859,1.6238,1
2.3859,1.6133,1
2.3859,1.6971,1
2.3859,1.6037,1
2.3944,1.6101,1
2.3944,1.6190,1
2.3944,1.6295,1
2.3944,1.6464,1
2.3945,1.6625,1
2.3945,1.6705,1
2.3945,1.6786,1
2.3945,1.6842,1
2.3945,1.6891,1
2.3945,1.6867,1
2.3946,1.6842,1
2.3946,1.6802,1
2.3946,1.6754,1
2.3946,1.6601,1
2.3946,1.6512,1
2.3946,1.6407,1
2.3947,1.6295,1
2.4032,1.6214,1
2.4032,1.6182,1
2.4032,1.6190,1
2.4033,1.6617,1
2.4033,1.6270,1
2.4033,1.6343,1
2.4033,1.6480,1
2.4033,1.6222,1
2.4034,1.6754,1
2.4034,1.6826,1
2.4034,1.6883,1
2.4034,1.6963,1
2.4034,1.6883,1
2.4034,1.6689,1
2.4035,1.6802,1
2.4035,1.6665,1
2.4035,1.6641,1
2.4035,1.6552,1
2.4120,1.6399,1
2.4121,1.6230,1
2.4121,1.6125,1
2.4121,1.6077,1
2.4121,1.6085,1
2.4121,1.6174,1
2.4121,1.6230,1
2.4122,1.6407,1
2.4122,1.6504,1
2.4122,1.6601,1
2.4122,1.6697,1
2.4122,1.6859,1
2.4122,1.6834,1
2.4123,1.6810,1
2.4123,1.6834,1
2.4123,1.6818,1
2.4123,1.6754,1
2.4123,1.6697,1
2.4213,1.6585,1
2.4213,1.6488,1
2.4213,1.6335,1
2.4213,1.6270,1
2.4213,1.6174,1
2.4214,1.6158,1
2.4214,1.6182,1
2.4214,1.6158,1
2.4214,1.6262,1
2.4214,1.6343,1
2.4214,1.6448,1
2.4214,1.6585,1
2.4215,1.6722,1
2.4215,1.7318,1
2.4215,1.6778,1
2.4215,1.6818,1
2.4215,1.6834,1
2.4215,1.6778,1
2.4300,1.6722,1
2.4300,1.6657,1
2.4300,1.6593,1
2.4300,1.6496,1
2.4300,1.6343,1
2.4300,1.6133,1
2.4301,1.6141,1
2.4301,1.6117,1
2.4301,1.6109,1
2.4301,1.6198,1
2.4301,1.6270,1
2.4301,1.6399,1
2.4301,1.6512,1
2.4302,1.6625,1
2.4302,1.6738,1
2.4302,1.6826,1
2.4302,1.6859,1
2.4392,1.6875,1
2.4392,1.6859,1
2.4393,1.6834,1
2.4393,1.6746,1
2.4393,1.6673,1
2.4393,1.6552,1
2.4393,1.6464,1
2.4393,1.6327,1
2.4394,1.6270,1
2.4394,1.6174,1
2.4394,1.6158,1
2.4394,1.6109,1
2.4394,1.6158,1
2.4394,1.6262,1
2.4395,1.6391,1
2.4395,1.6448,1
2.4395,1.6577,1
2.4395,1.6705,1
2.4395,1.6738,1
2.4481,1.6818,1
2.4481,1.6859,1
2.4481,1.6851,1
2.4481,1.6818,1
2.4481,1.6786,1
2.4482,1.6681,1
2.4482,1.6641,1
2.4482,1.6520,1
2.4482,1.6407,1
2.4482,1.6254,1
2.4482,1.6149,1
2.4483,1.6141,1
2.4483,1.6117,1
2.4483,1.6198,1
2.4483,1.6246,1
2.4483,1.6391,1
2.4483,1.6512,1
2.4484,1.6657,1
2.4578,1.6730,1
2.4579,1.6842,1
2.4579,1.6859,1
2.4579,1.6867,1
2.4579,1.6842,1
2.4579,1.6851,1
2.4579,1.6770,1
2.4580,1.6697,1
2.4580,1.6560,1
2.4580,1.6464,1
2.4580,1.6367,1
2.4580,1.6359,1
2.4580,1.6190,1
2.4580,1.6141,1
2.4581,1.6174,1
2.4581,1.6174,1
2.4581,1.6262,1
2.4581,1.6335,1
2.4581,1.6504,1
2.4669,1.6593,1
2.4669,1.6714,1
2.4669,1.6754,1
2.4669,1.6867,1
2.4669,1.6859,1
2.4669,1.6851,1
2.4670,1.6826,1
2.4670,1.6770,1
2.4670,1.6705,1
2.4670,1.6625,1
2.4670,1.6528,1
2.4670,1.6375,1
2.4670,1.6254,1
2.4671,1.6149,1
2.4671,1.6101,1
2.4671,1.6109,1
2.4671,1.6198,1
2.4671,1.6254,1
2.4765,1.6391,1
2.4765,1.6512,1
2.4765,1.6633,1
2.4765,1.6794,1
2.4766,1.6810,1
2.4766,1.6851,1
2.4766,1.6834,1
2.4766,1.6842,1
2.4766,1.6818,1
2.4766,1.6770,1
2.4766,1.6681,1
2.4767,1.6577,1
2.4767,1.6496,1
2.4767,1.6375,1
2.4767,1.6262,1
2.4767,1.6222,1
2.4767,1.6149,1
2.4768,1.6198,1
2.4768,1.6182,1
2.4768,1.6286,1
2.4855,1.6359,1
2.4855,1.6488,1
2.4855,1.6601,1
2.4855,1.6754,1
2.4855,1.6818,1
2.4856,1.6899,1
2.4856,1.6899,1
2.4856,1.6883,1
2.4856,1.6834,1
2.4856,1.6794,1
2.4856,1.6770,1
2.4856,1.6625,1
2.4857,1.6512,1
2.4857,1.6359,1
2.4857,1.6246,1
2.4857,1.6133,1
2.4857,1.6085,1
2.4944,1.6093,1
2.4945,1.6182,1
2.4945,1.6238,1
2.4945,1.6359,1
2.4945,1.6488,1
2.4945,1.6609,1
2.4946,1.6746,1
2.4946,1.6794,1
2.4946,1.6859,1
2.4946,1.6859,1
2.4946,1.6851,1
2.4946,1.6834,1
2.4946,1.6770,1
2.4947,1.6681,1
2.4947,1.6577,1
2.4947,1.6464,1
2.4947,1.6359,1
2.4947,1.6295,1
2.5035,1.6166,1
2.5035,1.6141,1
2.5035,1.6141,1
2.5035,1.6222,1
2.5035,1.6270,1
2.5035,1.6407,1
2.5036,1.6480,1
2.5036,1.6593,1
2.5036,1.6714,1
2.5036,1.6746,1
2.5036,1.6859,1
2.5036,1.6875,1
2.5036,1.6875,1
2.5037,1.6851,1
2.5037,1.6818,1
2.5037,1.6738,1
2.5037,1.6633,1
2.5037,1.6544,1
2.5126,1.6407,1
2.5127,1.6262,1
2.5127,1.6166,1
2.5127,1.6117,1
2.5127,1.6133,1
2.5127,1.6206,1
2.5127,1.6295,1
2.5128,1.6456,1
2.5128,1.6528,1
2.5128,1.6697,1
2.5128,1.6762,1
2.5128,1.6867,1
2.5128,1.6867,1
2.5129,1.6875,1
2.5129,1.6883,1
2.5129,1.6826,1
2.5129,1.6802,1
2.5129,1.6689,1
2.5129,1.6601,1
2.5222,1.6496,1
2.5222,1.6383,1
2.5222,1.6303,1
2.5222,1.6230,1
2.5223,1.6158,1
2.5223,1.6190,1
2.5223,1.6214,1
2.5223,1.6295,1
2.5223,1.6415,1
2.5223,1.6488,1
2.5224,1.6609,1
2.5224,1.6730,1
2.5224,1.6810,1
2.5224,1.6851,1
2.5224,1.6883,1
2.5224,1.6851,1
2.5225,1.6826,1
2.5225,1.6794,1
2.5225,1.6689,1
2.5315,1.6633,1
2.5315,1.6504,1
2.5315,1.6423,1
2.5315,1.6262,1
2.5315,1.6141,1
2.5315,1.6109,1
2.5316,1.6125,1
2.5316,1.6190,1
2.5316,1.6262,1
2.5316,1.6399,1
2.5316,1.6504,1
2.5316,1.6641,1
2.5316,1.6738,1
2.5317,1.6834,1
2.5317,1.6859,1
2.5317,1.6875,1
2.5317,1.6842,1
2.5317,1.6810,1
2.5410,1.6762,1
2.5410,1.6689,1
2.5410,1.6568,1
2.5410,1.6617,1
2.5410,1.6343,1
2.5410,1.6278,1
2.5411,1.6214,1
2.5411,1.6149,1
2.5411,1.6174,1
2.5411,1.6190,1
2.5411,1.6278,1
2.5411,1.6335,1
2.5412,1.6480,1
2.5412,1.6577,1
2.5412,1.6754,1
2.5412,1.6802,1
2.5412,1.6867,1
2.5412,1.6899,1
2.5413,1.6883,1
2.5413,1.6875,1
2.5502,1.6802,1
2.5502,1.6746,1
2.5502,1.6665,1
2.5502,1.6536,1
2.5502,1.6440,1
2.5502,1.6254,1
2.5503,1.6149,1
2.5503,1.6109,1
2.5503,1.6117,1
2.5503,1.6182,1
2.5503,1.6278,1
2.5503,1.6399,1
2.5504,1.6528,1
2.5504,1.6641,1
2.5504,1.6730,1
2.5504,1.6818,1
2.5504,1.6842,1
2.5504,1.6875,1
2.5594,1.6859,1
2.5594,1.6842,1
2.5594,1.6786,1
2.5595,1.6722,1
2.5595,1.6593,1
2.5595,1.6496,1
2.5595,1.6391,1
2.5595,1.6327,1
2.5595,1.6182,1
2.5596,1.6141,1
2.5596,1.6149,1
2.5596,1.6133,1
2.5596,1.6254,1
2.5596,1.6327,1
2.5596,1.6456,1
2.5597,1.6617,1
2.5597,1.6722,1
2.5597,1.6770,1
2.5686,1.6851,1
2.5686,1.6891,1
2.5686,1.6859,1
2.5686,1.6810,1
2.5686,1.6786,1
2.5687,1.6681,1
2.5687,1.6625,1
2.5687,1.6512,1
2.5687,1.6391,1
2.5687,1.6238,1
2.5687,1.6117,1
2.5688,1.6109,1
2.5688,1.6117,1
2.5688,1.6190,1
2.5688,1.6270,1
2.5688,1.6432,1
2.5688,1.6504,1
2.5689,1.6641,1
2.5689,1.6738,1
2.5780,1.6851,1
2.5780,1.6826,1
2.5780,1.6842,1
2.5780,1.6826,1
2.5780,1.6786,1
2.5781,1.6738,1
2.5781,1.6641,1
2.5781,1.6544,1
2.5781,1.6440,1
2.5781,1.6327,1
2.5782,1.6270,1
2.5782,1.6198,1
2.5782,1.6174,1
2.5782,1.6182,1
2.5782,1.6222,1
2.5782,1.6303,1
2.5783,1.6399,1
2.5783,1.6504,1
2.5783,1.6641,1
2.5872,1.6714,1
2.5872,1.6794,1
2.5873,1.6851,1
2.5873,1.6851,1
2.5873,1.6851,1
2.5873,1.6842,1
2.5873,1.6762,1
2.5873,1.6730,1
2.5873,1.6665,1
2.5874,1.6544,1
2.5874,1.6383,1
2.5874,1.6254,1
2.5874,1.6125,1
2.5874,1.6109,1
2.5874,1.6109,1
2.5875,1.6166,1
2.5875,1.6230,1
2.5875,1.6399,1
2.5967,1.6512,1
2.5967,1.6649,1
2.5968,1.6746,1
2.5968,1.6842,1
2.5968,1.6875,1
2.5968,1.6859,1
2.5968,1.6851,1
2.5968,1.6818,1
2.5968,1.6794,1
2.5969,1.6705,1
2.5969,1.6593,1
2.5969,1.6488,1
2.5969,1.6375,1
2.5969,1.6270,1
2.5969,1.6190,1
2.5970,1.6174,1
2.5970,1.6182,1
2.5970,1.6166,1
2.5970,1.6278,1
2.6069,1.6383,1
2.6069,1.6488,1
2.6069,1.6601,1
2.6069,1.6697,1
2.6069,1.6778,1
2.6069,1.6851,1
2.6070,1.6875,1
2.6070,1.6867,1
2.6070,1.6802,1
2.6070,1.6770,1
2.6070,1.6738,1
2.6070,1.6649,1
2.6070,1.6520,1
2.6071,1.6391,1
2.6071,1.6311,1
2.6071,1.6158,1
2.6071,1.6125,1
2.6071,1.6117,1
2.6071,1.6198,1
2.6071,1.6278,1
2.6164,1.6415,1
2.6165,1.6512,1
2.6165,1.6649,1
2.6165,1.6802,1
2.6165,1.6818,1
2.6165,1.6859,1
2.6165,1.6867,1
2.6165,1.6875,1
2.6166,1.6834,1
2.6166,1.6778,1
2.6166,1.6697,1
2.6166,1.6585,1
2.6166,1.6504,1
2.6166,1.6367,1
2.6166,1.6295,1
2.6167,1.6198,1
2.6167,1.6166,1
2.6167,1.6174,1
2.6167,1.6182,1
2.6261,1.6278,1
2.6261,1.6399,1
2.6261,1.6520,1
2.6261,1.6601,1
2.6261,1.6689,1
2.6262,1.6794,1
2.6262,1.6810,1
2.6262,1.6851,1
2.6262,1.6842,1
2.6262,1.6915,1
2.6262,1.6746,1
2.6263,1.6722,1
2.6263,1.6593,1
2.6263,1.6496,1
2.6263,1.6383,1
2.6263,1.6238,1
2.6263,1.6166,1
2.6264,1.6238,1
2.6264,1.6109,1
2.6264,1.6149,1
2.6356,1.6254,1
2.6356,1.6391,1
2.6357,1.6496,1
2.6357,1.6673,1
2.6357,1.6738,1
2.6357,1.6810,1
2.6357,1.6842,1
2.6357,1.6867,1
2.6358,1.6867,1
2.6358,1.6826,1
2.6358,1.6770,1
2.6358,1.6681,1
2.6358,1.6568,1
2.6358,1.6480,1
2.6359,1.6359,1
2.6359,1.6286,1
2.6359,1.6198,1
2.6359,1.6174,1
2.6359,1.6174,1
2.6453,1.6214,1
2.6453,1.6286,1
2.6453,1.6327,1
2.6453,1.6488,1
2.6454,1.6601,1
2.6454,1.6730,1
2.6454,1.6778,1
2.6454,1.6875,1
2.6454,1.6883,1
2.6454,1.6859,1
2.6454,1.6851,1
2.6455,1.6786,1
2.6455,1.6722,1
2.6455,1.6625,1
2.6455,1.6504,1
2.6455,1.6375,1
2.6455,1.6190,1
2.6456,1.6125,1
2.6456,1.6101,1
2.6555,1.6101,1
2.6555,1.6174,1
2.6556,1.6254,1
2.6556,1.6214,1
2.6556,1.6512,1
2.6556,1.6649,1
2.6556,1.6714,1
2.6556,1.6802,1
2.6557,1.6834,1
2.6557,1.6818,1
2.6557,1.6826,1
2.6557,1.6754,1
2.6557,1.6754,1
2.6557,1.6681,1
2.6557,1.6577,1
2.6558,1.6448,1
2.6558,1.6327,1
2.6558,1.6464,1
2.6558,1.6149,1
2.6558,1.6166,1
2.6558,1.6166,1
2.6653,1.6182,1
2.6654,1.6262,1
2.6654,1.6391,1
2.6654,1.6440,1
2.6654,1.6577,1
2.6654,1.6689,1
2.6654,1.6818,1
2.6655,1.6842,1
2.6655,1.6834,1
2.6655,1.6842,1
2.6655,1.6802,1
2.6655,1.6778,1
2.6655,1.6738,1
2.6656,1.6625,1
2.6656,1.6512,1
2.6656,1.6383,1
2.6656,1.6246,1
2.6656,1.6149,1
2.6656,1.6109,1
2.6751,1.6117,1
2.6751,1.6198,1
2.6751,1.6270,1
2.6751,1.6577,1
2.6752,1.6512,1
2.6752,1.6649,1
2.6752,1.6730,1
2.6752,1.6810,1
2.6752,1.6826,1
2.6753,1.6907,1
2.6753,1.6834,1
2.6753,1.6730,1
2.6753,1.6754,1
2.6753,1.6681,1
2.6753,1.6568,1
2.6753,1.6456,1
2.6754,1.6383,1
2.6754,1.6286,1
2.6754,1.6222,1
2.6754,1.6149,1
2.6848,1.6158,1
2.6848,1.6166,1
2.6849,1.6262,1
2.6849,1.6383,1
2.6849,1.6480,1
2.6849,1.6577,1
2.6849,1.6714,1
2.6849,1.6794,1
2.6849,1.6851,1
2.6850,1.6915,1
2.6850,1.6859,1
2.6850,1.6867,1
2.6850,1.6762,1
2.6850,1.6730,1
2.6850,1.6609,1
2.6851,1.6512,1
2.6851,1.6399,1
2.6851,1.6246,1
2.6851,1.6117,1
2.6963,1.6085,1
2.6963,1.6093,1
2.6963,1.6174,1
2.6963,1.6254,1
2.6963,1.6206,1
2.6964,1.6568,1
2.6964,1.6722,1
2.6964,1.6738,1
2.6964,1.6915,1
2.6964,1.6842,1
2.6964,1.6891,1
2.6965,1.6859,1
2.6965,1.6834,1
2.6965,1.6778,1
2.6965,1.6722,1
2.6965,1.6577,1
2.6965,1.6472,1
2.6966,1.6375,1
2.6966,1.6262,1
2.6966,1.6222,1
2.6966,1.6133,1
2.6966,1.6166,1
2.6966,1.6158,1
2.7087,1.6270,1
2.7087,1.6399,1
2.7087,1.6488,1
2.7087,1.6625,1
2.7087,1.6722,1
2.7087,1.6794,1
2.7088,1.6842,1
2.7088,1.6867,1
2.7088,1.6867,1
2.7088,1.6657,1
2.7088,1.6786,1
2.7088,1.6625,1
2.7088,1.6633,1
2.7089,1.6488,1
2.7089,1.6415,1
2.7089,1.6270,1
2.7089,1.6166,1
2.7089,1.6149,1
2.7089,1.6117,1
2.7090,1.6174,1
2.7090,1.6270,1
2.7090,1.6399,1
2.7090,1.6496,1
2.7090,1.6625,1
2.7090,1.6722,1
2.7204,1.6826,1
2.7204,1.6859,1
2.7204,1.6859,1
2.7204,1.6834,1
2.7205,1.6641,1
2.7205,1.6754,1
2.7205,1.6633,1
2.7205,1.6585,1
2.7205,1.6488,1
2.7205,1.6383,1
2.7206,1.6303,1
2.7206,1.6206,1
2.7206,1.6158,1
2.7206,1.6174,1
2.7206,1.6730,1
2.7206,1.6222,1
2.7206,1.6222,1
2.7207,1.6440,1
2.7207,1.6528,1
2.7207,1.6665,1
2.7207,1.6746,1
2.7207,1.6794,1
2.7207,1.6842,1
2.7322,1.6891,1
2.7322,1.6875,1
2.7322,1.6786,1
2.7323,1.6738,1
2.7323,1.6625,1
2.7323,1.6544,1
2.7323,1.6399,1
2.7323,1.6262,1
2.7323,1.6166,1
2.7324,1.6133,1
2.7324,1.6141,1
2.7324,1.5867,1
2.7324,1.6327,1
2.7324,1.6480,1
2.7324,1.6568,1
2.7325,1.6705,1
2.7325,1.6802,1
2.7325,1.6762,1
2.7325,1.6883,1
2.7325,1.6891,1
2.7325,1.6851,1
2.7325,1.6762,1
2.7326,1.6770,1
2.7326,1.6714,1
2.7439,1.6536,1
2.7440,1.6407,1
2.7440,1.6351,1
2.7440,1.6246,1
2.7440,1.6158,1
2.7440,1.6109,1
2.7440,1.6141,1
2.7441,1.6262,1
2.7441,1.6254,1
2.7441,1.6238,1
2.7441,1.6440,1
2.7441,1.6488,1
2.7441,1.6705,1
2.7442,1.6794,1
2.7442,1.6859,1
2.7442,1.6875,1
2.7442,1.6851,1
2.7442,1.6859,1
2.7442,1.6770,1
2.7443,1.6730,1
2.7443,1.6609,1
2.7443,1.6504,1
2.7443,1.6407,1
2.7443,1.6286,1
2.7556,1.6149,1
2.7556,1.6149,1
2.7556,1.6101,1
2.7556,1.6246,1
2.7557,1.6214,1
2.7557,1.6335,1
2.7557,1.6504,1
2.7557,1.6633,1
2.7557,1.6714,1
2.7557,1.6746,1
2.7558,1.6851,1
2.7558,1.7036,1
2.7558,1.6818,1
2.7558,1.6851,1
2.7558,1.6738,1
2.7558,1.6641,1
2.7558,1.6552,1
2.7559,1.6448,1
2.7559,1.6327,1
2.7559,1.6270,1
2.7559,1.6198,1
2.7559,1.6166,1
2.7559,1.6182,1
2.7675,1.6270,1
2.7676,1.6262,1
2.7676,1.6327,1
2.7676,1.6504,1
2.7676,1.6697,1
2.7676,1.6722,1
2.7676,1.6826,1
2.7677,1.6834,1
2.7677,1.6762,1
2.7677,1.6842,1
2.7677,1.6794,1
2.7677,1.6754,1
2.7677,1.6609,1
2.7678,1.6601,1
2.7678,1.6480,1
2.7678,1.6391,1
2.7678,1.6649,1
2.7678,1.6077,1
2.7678,1.6141,1
2.7679,1.6069,1
2.7679,1.6029,1
2.7679,1.6246,1
2.7679,1.6383,1
2.7679,1.6504,1
2.7796,1.6609,1
2.7796,1.6722,1
2.7796,1.6826,1
2.7796,1.6851,1
2.7796,1.6867,1
2.7797,1.6939,1
2.7797,1.6842,1
2.7797,1.6770,1
2.7797,1.6681,1
2.7797,1.6585,1
2.7797,1.6681,1
2.7798,1.6327,1
2.7798,1.6254,1
2.7798,1.6166,1
2.7798,1.6037,1
2.7798,1.6174,1
2.7798,1.6206,1
2.7799,1.6303,1
2.7799,1.6407,1
2.7799,1.6512,1
2.7799,1.6641,1
2.7799,1.6705,1
2.7799,1.6786,1
2.7799,1.6859,1
2.7922,1.6504,1
2.7923,1.6907,1
2.7923,1.6842,1
2.7923,1.6802,1
2.7923,1.6754,1
2.7923,1.6633,1
2.7924,1.6536,1
2.7924,1.6391,1
2.7924,1.6214,1
2.7924,1.6117,1
2.7924,1.6085,1
2.7924,1.6085,1
2.7924,1.6141,1
2.7925,1.6254,1
2.7925,1.6375,1
2.7925,1.6480,1
2.7925,1.6617,1
2.7925,1.6705,1
2.7925,1.6786,1
2.7926,1.6826,1
2.7926,1.6955,1
2.7926,1.6899,1
2.7926,1.6770,1
2.7926,1.6730,1
2.7926,1.6601,1
2.8045,1.6568,1
2.8045,1.6440,1
2.8045,1.6303,1
2.8045,1.6262,1
2.8046,1.6149,1
2.8046,1.6141,1
2.8046,1.6158,1
2.8046,1.6166,1
2.8046,1.6270,1
2.8046,1.6415,1
2.8046,1.6472,1
2.8047,1.6577,1
2.8047,1.6714,1
2.8047,1.6786,1
2.8047,1.6826,1
2.8047,1.6883,1
2.8047,1.6851,1
2.8048,1.6794,1
2.8048,1.6802,1
2.8048,1.6738,1
2.8048,1.6625,1
2.8048,1.6520,1
2.8048,1.6407,1
2.8048,1.6254,1
2.8049,1.6149,1
2.8166,1.6117,1
2.8166,1.6069,1
2.8166,1.6166,1
2.8166,1.6230,1
2.8166,1.6383,1
2.8167,1.6488,1
2.8167,1.6617,1
2.8167,1.6714,1
2.8167,1.6802,1
2.8167,1.6818,1
2.8167,1.6834,1
2.8168,1.6826,1
2.8168,1.6826,1
2.8168,1.6730,1
2.8168,1.6665,1
2.8168,1.6544,1
2.8168,1.6456,1
2.8169,1.6351,1
2.8169,1.6254,1
2.8169,1.6190,1
2.8169,1.6190,1
2.8169,1.6158,1
2.8169,1.6206,1
2.8169,1.6270,1
2.8295,1.6423,1
2.8295,1.6496,1
2.8295,1.6617,1
2.8295,1.6730,1
2.8296,1.6810,1
2.8296,1.6859,1
2.8296,1.6859,1
2.8296,1.6867,1
2.8296,1.6842,1
2.8296,1.6778,1
2.8297,1.6762,1
2.8297,1.6625,1
2.8297,1.6504,1
2.8297,1.6391,1
2.8297,1.6270,1
2.8297,1.6125,1
2.8297,1.6085,1
2.8298,1.6077,1
2.8298,1.6166,1
2.8298,1.6238,1
2.8298,1.6351,1
2.8298,1.6512,1
2.8298,1.6649,1
2.8299,1.6746,1
2.8299,1.6826,1
2.8299,1.6883,1
2.8429,1.6875,1
2.8430,1.6867,1
2.8430,1.6826,1
2.8430,1.6770,1
2.8430,1.6689,1
2.8430,1.6601,1
2.8430,1.6415,1
2.8430,1.6351,1
2.8431,1.6246,1
2.8431,1.6174,1
2.8431,1.6141,1
2.8431,1.6166,1
2.8431,1.6174,1
2.8431,1.6262,1
2.8431,1.6383,1
2.8432,1.6480,1
2.8432,1.6593,1
2.8432,1.6705,1
2.8432,1.6794,1
2.8432,1.6834,1
2.8432,1.6834,1
2.8433,1.6851,1
2.8433,1.6834,1
2.8433,1.6770,1
2.8433,1.6714,1
2.8433,1.6633,1
2.8433,1.6512,1
2.8563,1.6391,1
2.8563,1.6238,1
2.8563,1.6149,1
2.8563,1.6109,1
2.8563,1.6093,1
2.8564,1.6190,1
2.8564,1.6262,1
2.8564,1.6432,1
2.8564,1.6536,1
2.8564,1.6649,1
2.8564,1.6730,1
2.8565,1.6802,1
2.8565,1.6834,1
2.8565,1.6802,1
2.8565,1.6834,1
2.8565,1.6810,1
2.8565,1.6754,1
2.8565,1.6705,1
2.8566,1.6585,1
2.8566,1.6415,1
2.8566,1.6383,1
2.8566,1.6295,1
2.8566,1.6254,1
2.8566,1.6190,1
2.8566,1.6190,1
2.8567,1.6214,1
2.8702,1.6278,1
2.8702,1.6367,1
2.8702,1.6472,1
2.8703,1.6633,1
2.8703,1.6697,1
2.8703,1.6778,1
2.8703,1.6826,1
2.8703,1.6859,1
2.8703,1.6842,1
2.8704,1.6842,1
2.8704,1.6754,1
2.8704,1.6730,1
2.8704,1.6633,1
2.8704,1.6496,1
2.8704,1.6359,1
2.8705,1.6278,1
2.8705,1.6109,1
2.8705,1.6149,1
2.8705,1.6093,1
2.8705,1.6149,1
2.8705,1.6238,1
2.8705,1.6423,1
2.8706,1.6512,1
2.8706,1.6625,1
2.8706,1.6714,1
2.8706,1.6834,1
2.8706,1.6842,1
2.8706,1.6875,1
2.8848,1.6867,1
2.8848,1.6834,1
2.8848,1.6770,1
2.8848,1.6697,1
2.8848,1.6552,1
2.8849,1.6448,1
2.8849,1.6343,1
2.8849,1.6286,1
2.8849,1.6222,1
2.8849,1.6166,1
2.8849,1.6182,1
2.8849,1.6246,1
2.8850,1.6254,1
2.8850,1.6367,1
2.8850,1.6464,1
2.8850,1.6593,1
2.8850,1.6673,1
2.8850,1.6770,1
2.8850,1.6810,1
2.8851,1.6859,1
2.8851,1.6818,1
2.8851,1.6794,1
2.8851,1.6738,1
2.8851,1.6633,1
2.8851,1.6609,1
2.8851,1.6464,1
2.8852,1.6359,1
2.8852,1.6246,1
2.8852,1.6149,1
2.8996,1.6101,1
2.8996,1.6109,1
2.8997,1.6174,1
2.8997,1.6262,1
2.8997,1.6415,1
2.8997,1.6496,1
2.8997,1.6625,1
2.8997,1.6705,1
2.8998,1.6810,1
2.8998,1.6810,1
2.8998,1.6794,1
2.8998,1.6810,1
2.8998,1.6738,1
2.8998,1.6722,1
2.8999,1.6673,1
2.8999,1.6536,1
2.8999,1.6415,1
2.8999,1.6319,1
2.8999,1.6246,1
2.8999,1.6174,1
2.8999,1.6109,1
2.9000,1.6174,1
2.9000,1.6174,1
2.9000,1.6286,1
2.9000,1.6367,1
2.9000,1.6464,1
2.9000,1.6577,1
2.9001,1.6681,1
2.9001,1.6746,1
2.9001,1.6802,1
2.9151,1.6842,1
2.9151,1.6810,1
2.9151,1.6770,1
2.9151,1.6722,1
2.9151,1.6641,1
2.9152,1.6577,1
2.9152,1.6440,1
2.9152,1.6391,1
2.9152,1.6222,1
2.9152,1.6158,1
2.9152,1.6109,1
2.9153,1.6117,1
2.9153,1.6174,1
2.9153,1.6270,1
2.9153,1.6383,1
2.9153,1.6488,1
2.9153,1.6609,1
2.9153,1.6689,1
2.9154,1.6778,1
2.9154,1.6810,1
2.9154,1.6826,1
2.9154,1.6810,1
2.9154,1.6778,1
2.9154,1.6738,1
2.9155,1.6657,1
2.9155,1.6536,1
2.9155,1.6440,1
2.9155,1.6335,1
2.9155,1.6262,1
2.9155,1.6166,1
2.9156,1.6149,1
2.9302,1.6190,1
2.9303,1.6190,1
2.9304,1.6278,1
2.9304,1.6407,1
2.9304,1.6496,1
2.9304,1.6577,1
2.9305,1.6681,1
2.9305,1.6770,1
2.9305,1.6834,1
2.9305,1.6867,1
2.9305,1.6842,1
2.9305,1.6851,1
2.9306,1.6770,1
2.9306,1.6746,1
2.9306,1.6601,1
2.9306,1.6504,1
2.9306,1.6383,1
2.9306,1.6303,1
2.9306,1.6133,1
2.9307,1.6133,1
2.9307,1.6085,1
2.9307,1.6141,1
2.9307,1.6238,1
2.9307,1.6351,1
2.9307,1.6488,1
2.9308,1.6617,1
2.9308,1.6738,1
2.9308,1.6802,1
2.9308,1.6818,1
2.9308,1.6802,1
2.9308,1.6810,1
2.9465,1.6778,1
2.9465,1.6746,1
2.9465,1.6689,1
2.9465,1.6577,1
2.9465,1.6480,1
2.9465,1.6367,1
2.9466,1.6262,1
2.9466,1.6198,1
2.9466,1.6158,1
2.9466,1.6158,1
2.9466,1.6166,1
2.9466,1.6286,1
2.9467,1.6359,1
2.9467,1.6480,1
2.9467,1.6609,1
2.9467,1.6705,1
2.9467,1.6786,1
2.9467,1.6834,1
2.9467,1.6842,1
2.9468,1.6834,1
2.9468,1.6826,1
2.9468,1.6754,1
2.9468,1.6714,1
2.9468,1.6625,1
2.9468,1.6496,1
2.9469,1.6375,1
2.9469,1.6286,1
2.9469,1.6133,1
2.9469,1.6133,1
2.9469,1.6077,1
2.9469,1.6182,1
2.9469,1.6270,1
2.9621,1.6415,1
2.9622,1.6520,1
2.9622,1.6657,1
2.9623,1.6722,1
2.9623,1.6810,1
2.9623,1.6826,1
2.9623,1.6915,1
2.9623,1.6818,1
2.9623,1.6802,1
2.9624,1.6738,1
2.9624,1.6641,1
2.9624,1.6544,1
2.9624,1.6520,1
2.9624,1.6319,1
2.9624,1.6238,1
2.9624,1.6141,1
2.9625,1.6109,1
2.9625,1.6117,1
2.9625,1.6125,1
2.9625,1.6230,1
2.9625,1.6311,1
2.9625,1.6448,1
2.9626,1.6560,1
2.9626,1.6657,1
2.9626,1.6754,1
2.9626,1.6810,1
2.9626,1.6867,1
2.9626,1.6818,1
2.9626,1.6802,1
2.9627,1.6746,1
2.9627,1.6625,1
2.9780,1.6601,1
2.9780,1.6464,1
2.9780,1.6399,1
2.9780,1.6190,1
2.9780,1.6141,1
2.9781,1.6101,1
2.9781,1.6109,1
2.9781,1.6158,1
2.9781,1.6230,1
2.9781,1.6399,1
2.9781,1.6440,1
2.9781,1.6601,1
2.9782,1.6681,1
2.9782,1.6770,1
2.9782,1.6754,1
2.9782,1.6818,1
2.9782,1.6770,1
2.9783,1.6762,1
2.9783,1.6754,1
2.9783,1.6665,1
2.9783,1.6536,1
2.9783,1.6448,1
2.9783,1.6343,1
2.9784,1.6262,1
2.9784,1.6198,1
2.9784,1.6133,1
2.9784,1.6166,1
2.9784,1.6158,1
2.9784,1.6254,1
2.9785,1.6407,1
2.9785,1.6472,1
2.9785,1.6585,1
2.9936,1.6697,1
2.9936,1.7028,1
2.9937,1.6818,1
2.9937,1.6818,1
2.9937,1.6842,1
2.9937,1.6802,1
2.9937,1.6794,1
2.9937,1.6689,1
2.9938,1.6601,1
2.9938,1.6480,1
2.9938,1.6367,1
2.9938,1.6214,1
2.9938,1.6117,1
2.9938,1.6109,1
2.9939,1.6085,1
2.9939,1.6182,1
2.9939,1.6238,1
2.9939,1.6407,1
2.9939,1.6520,1
2.9939,1.6625,1
2.9940,1.6730,1
2.9940,1.6810,1
2.9940,1.6875,1
2.9940,1.6875,1
2.9940,1.6859,1
2.9940,1.6842,1
2.9941,1.6770,1
2.9941,1.6714,1
2.9941,1.6585,1
2.9941,1.6488,1
2.9941,1.6367,1
3.0097,1.6286,1
3.0097,1.6222,1
3.0097,1.6246,1
3.0098,1.6158,1
3.0098,1.6190,1
3.0098,1.6278,1
3.0098,1.6375,1
3.0098,1.6472,1
3.0098,1.6601,1
3.0099,1.6714,1
3.0099,1.6762,1
3.0099,1.6826,1
3.0099,1.6842,1
3.0099,1.6867,1
3.0099,1.6826,1
3.0100,1.6770,1
3.0100,1.6714,1
3.0100,1.6625,1
3.0100,1.6528,1
3.0100,1.6399,1
3.0100,1.6286,1
3.0100,1.6166,1
3.0101,1.6133,1
3.0101,1.6117,1
3.0101,1.6190,1
3.0101,1.6286,1
3.0101,1.6375,1
3.0101,1.6504,1
3.0102,1.6633,1
3.0102,1.6738,1
3.0102,1.6794,1
3.0102,1.6851,1
3.0258,1.6834,1
3.0258,1.6842,1
3.0258,1.6770,1
3.0259,1.6778,1
3.0259,1.6681,1
3.0259,1.6568,1
3.0259,1.6464,1
3.0259,1.6327,1
3.0259,1.6278,1
3.0260,1.6182,1
3.0260,1.6174,1
3.0260,1.6133,1
3.0260,1.6190,1
3.0260,1.6222,1
3.0260,1.6359,1
3.0261,1.6448,1
3.0261,1.6528,1
3.0261,1.6665,1
3.0261,1.6730,1
3.0261,1.6794,1
3.0261,1.6802,1
3.0261,1.6810,1
3.0262,1.6770,1
3.0262,1.6738,1
3.0262,1.6689,1
3.0262,1.6560,1
3.0262,1.6456,1
3.0262,1.6311,1
3.0263,1.6254,1
3.0263,1.6117,1
3.0263,1.6093,1
3.0263,1.6085,1
3.0263,1.6198,1
3.0427,1.6262,1
3.0427,1.6415,1
3.0428,1.6488,1
3.0428,1.6633,1
3.0428,1.6705,1
3.0428,1.6939,1
3.0428,1.6794,1
3.0428,1.6697,1
3.0429,1.6802,1
3.0429,1.6746,1
3.0429,1.6722,1
3.0429,1.6520,1
3.0429,1.6544,1
3.0429,1.6432,1
3.0430,1.6319,1
3.0430,1.5996,1
3.0430,1.6190,1
3.0430,1.6158,1
3.0430,1.6166,1
3.0430,1.6182,1
3.0431,1.6270,1
3.0431,1.6270,1
3.0431,1.6464,1
3.0431,1.6681,1
3.0431,1.6673,1
3.0431,1.7302,1
3.0431,1.6762,1
3.0432,1.6770,1
3.0432,1.6762,1
3.0432,1.6762,1
3.0432,1.6697,1
3.0432,1.6665,1
3.0432,1.6577,1
3.0433,1.6448,1
3.0598,1.6335,1
3.0599,1.6198,1
3.0599,1.6101,1
3.0599,1.6077,1
3.0599,1.6093,1
3.0599,1.6166,1
3.0600,1.6254,1
3.0600,1.6440,1
3.0600,1.6512,1
3.0600,1.6633,1
3.0600,1.6770,1
3.0600,1.6883,1
3.0601,1.6875,1
3.0601,1.6899,1
3.0601,1.6859,1
3.0601,1.6826,1
3.0601,1.6778,1
3.0601,1.6689,1
3.0601,1.6593,1
3.0602,1.6464,1
3.0602,1.6367,1
3.0602,1.6343,1
3.0602,1.6174,1
3.0602,1.6093,1
3.0602,1.6149,1
3.0603,1.6206,1
3.0603,1.6270,1
3.0603,1.6198,1
3.0603,1.6496,1
3.0603,1.6609,1
3.0603,1.6705,1
3.0604,1.7648,1
3.0604,1.6754,1
3.0604,1.7310,1
3.0772,1.6689,1
3.0773,1.6673,1
3.0773,1.6641,1
3.0773,1.6568,1
3.0773,1.6544,1
3.0773,1.6456,1
3.0773,1.6327,1
3.0774,1.6206,1
3.0774,1.6133,1
3.0774,1.6093,1
3.0774,1.6125,1
3.0774,1.6190,1
3.0774,1.6311,1
3.0775,1.6351,1
3.0775,1.6568,1
3.0775,1.6689,1
3.0775,1.6786,1
3.0775,1.6834,1
3.0775,1.6875,1
3.0776,1.6883,1
3.0776,1.6842,1
3.0776,1.6730,1
3.0776,1.6746,1
3.0776,1.6464,1
3.0776,1.6568,1
3.0776,1.6480,1
3.0777,1.6303,1
3.0777,1.6230,1
3.0777,1.6133,1
3.0777,1.6093,1
3.0777,1.6093,1
3.0777,1.6149,1
3.0778,1.6206,1
3.0778,1.6335,1
3.0778,1.6432,1
3.0951,1.6415,1
3.0951,1.6649,1
3.0951,1.7028,1
3.0951,1.6770,1
3.0951,1.6810,1
3.0951,1.6802,1
3.0952,1.6810,1
3.0952,1.6705,1
3.0952,1.7221,1
3.0952,1.6536,1
3.0952,1.6407,1
3.0952,1.6319,1
3.0953,1.6182,1
3.0953,1.6101,1
3.0953,1.6069,1
3.0953,1.6085,1
3.0953,1.6705,1
3.0953,1.6190,1
3.0954,1.6367,1
3.0954,1.6496,1
3.0954,1.6633,1
3.0954,1.6738,1
3.0954,1.6834,1
3.0954,1.6851,1
3.0955,1.6899,1
3.0955,1.6883,1
3.0955,1.6738,1
3.0955,1.6786,1
3.0955,1.6689,1
3.0955,1.6601,1
3.0956,1.6504,1
3.0956,1.6399,1
3.0956,1.6278,1
3.0956,1.6222,1
3.0956,1.6141,1
3.1129,1.6198,1
3.1129,1.6174,1
3.1129,1.6319,1
3.1129,1.6399,1
3.1129,1.6496,1
3.1130,1.6585,1
3.1130,1.6697,1
3.1130,1.6802,1
3.1130,1.6810,1
3.1130,1.6826,1
3.1130,1.6794,1
3.1131,1.6794,1
3.1131,1.6738,1
3.1131,1.6705,1
3.1131,1.6585,1
3.1131,1.6464,1
3.1131,1.6343,1
3.1132,1.6246,1
3.1132,1.6093,1
3.1132,1.6045,1
3.1132,1.6093,1
3.1132,1.6214,1
3.1132,1.6238,1
3.1132,1.6383,1
3.1133,1.6488,1
3.1133,1.6585,1
3.1133,1.6722,1
3.1133,1.6802,1
3.1133,1.6842,1
3.1133,1.6617,1
3.1134,1.6859,1
3.1134,1.6496,1
3.1134,1.6794,1
3.1134,1.6722,1
3.1134,1.6617,1
3.1134,1.6931,1
3.1322,1.6335,1
3.1322,1.6230,1
3.1322,1.6141,1
3.1322,1.6109,1
3.1322,1.6133,1
3.1323,1.6125,1
3.1323,1.6230,1
3.1323,1.6286,1
3.1323,1.6440,1
3.1323,1.6528,1
3.1323,1.6665,1
3.1323,1.6754,1
3.1324,1.6794,1
3.1324,1.6842,1
3.1324,1.6794,1
3.1324,1.6770,1
3.1324,1.6730,1
3.1324,1.6633,1
3.1324,1.6568,1
3.1325,1.6480,1
3.1325,1.6327,1
3.1325,1.6206,1
3.1325,1.6101,1
3.1325,1.6117,1
3.1325,1.6101,1
3.1326,1.5988,1
3.1326,1.6254,1
3.1326,1.6407,1
3.1326,1.6504,1
3.1326,1.6625,1
3.1326,1.6722,1
3.1326,1.6810,1
3.1327,1.6851,1
3.1327,1.6826,1
3.1327,1.6818,1
3.1327,1.6778,1
3.1327,1.6705,1
3.1328,1.6617,1
3.1328,1.6512,1
3.1514,1.6383,1
3.1515,1.6262,1
3.1515,1.6149,1
3.1515,1.6133,1
3.1515,1.6077,1
3.1515,1.6109,1
3.1516,1.6149,1
3.1516,1.6270,1
3.1516,1.6311,1
3.1516,1.6423,1
3.1516,1.6585,1
3.1516,1.6697,1
3.1516,1.6762,1
3.1517,1.6818,1
3.1517,1.6834,1
3.1517,1.6834,1
3.1517,1.6802,1
3.1517,1.6714,1
3.1517,1.6689,1
3.1518,1.6552,1
3.1518,1.6399,1
3.1518,1.6343,1
3.1518,1.6190,1
3.1518,1.6085,1
3.1518,1.6053,1
3.1519,1.6085,1
3.1519,1.6182,1
3.1519,1.6190,1
3.1519,1.6367,1
3.1519,1.6480,1
3.1519,1.6601,1
3.1519,1.6697,1
3.1520,1.6762,1
3.1520,1.6794,1
3.1520,1.6794,1
3.1520,1.6786,1
3.1520,1.6786,1
3.1520,1.6722,1
3.1713,1.6641,1
3.1713,1.6520,1
3.1713,1.6415,1
3.1713,1.6311,1
3.1713,1.6230,1
3.1713,1.6149,1
3.1714,1.6117,1
3.1714,1.6117,1
3.1714,1.6158,1
3.1714,1.6246,1
3.1714,1.6311,1
3.1714,1.6456,1
3.1715,1.6552,1
3.1715,1.6681,1
3.1715,1.6705,1
3.1715,1.6794,1
3.1715,1.6834,1
3.1715,1.6802,1
3.1716,1.6770,1
3.1716,1.6730,1
3.1716,1.6625,1
3.1716,1.6568,1
3.1716,1.6464,1
3.1716,1.6383,1
3.1716,1.6230,1
3.1717,1.6125,1
3.1717,1.6101,1
3.1717,1.6085,1
3.1717,1.6158,1
3.1717,1.6246,1
3.1718,1.6383,1
3.1718,1.6496,1
3.1718,1.6617,1
3.1718,1.6705,1
3.1718,1.6794,1
3.1718,1.6834,1
3.1719,1.6778,1
3.1719,1.6842,1
3.1719,1.6705,1
3.1719,1.6738,1
3.1909,1.6657,1
3.1910,1.6536,1
3.1911,1.6375,1
3.1911,1.6303,1
3.1911,1.6238,1
3.1912,1.6166,1
3.1912,1.6174,1
3.1912,1.6125,1
3.1912,1.6246,1
3.1912,1.6246,1
3.1912,1.6383,1
3.1912,1.6464,1
3.1913,1.6560,1
3.1913,1.6673,1
3.1913,1.6738,1
3.1913,1.6802,1
3.1913,1.6826,1
3.1913,1.6818,1
3.1914,1.6770,1
3.1914,1.6722,1
3.1914,1.6681,1
3.1914,1.6568,1
3.1914,1.6472,1
3.1914,1.6335,1
3.1914,1.6214,1
3.1915,1.6093,1
3.1915,1.6069,1
3.1915,1.6077,1
3.1915,1.6141,1
3.1915,1.6222,1
3.1915,1.6367,1
3.1916,1.6472,1
3.1916,1.6617,1
3.1916,1.6697,1
3.1916,1.6794,1
3.1916,1.6826,1
3.1916,1.6842,1
3.1916,1.6818,1
3.1917,1.6770,1
3.2107,1.6722,1
3.2107,1.6649,1
3.2107,1.6528,1
3.2107,1.6407,1
3.2108,1.6303,1
3.2108,1.6238,1
3.2108,1.6133,1
3.2108,1.6117,1
3.2108,1.6125,1
3.2108,1.6149,1
3.2108,1.6246,1
3.2109,1.6391,1
3.2109,1.6472,1
3.2109,1.6585,1
3.2109,1.6689,1
3.2109,1.6770,1
3.2109,1.6818,1
3.2109,1.6810,1
3.2110,1.6826,1
3.2110,1.6834,1
3.2110,1.6754,1
3.2110,1.6681,1
3.2110,1.6601,1
3.2110,1.6423,1
3.2111,1.6311,1
3.2111,1.6206,1
3.2111,1.6133,1
3.2111,1.6109,1
3.2111,1.6109,1
3.2111,1.6182,1
3.2111,1.6286,1
3.2112,1.6399,1
3.2112,1.6504,1
3.2112,1.6649,1
3.2112,1.6722,1
3.2112,1.6794,1
3.2112,1.6834,1
3.2113,1.6834,1
3.2113,1.6842,1
3.2113,1.6802,1
3.2305,1.6714,1
3.2306,1.6689,1
3.2306,1.6528,1
3.2306,1.6456,1
3.2306,1.6327,1
3.2307,1.6262,1
3.2307,1.6182,1
3.2307,1.6158,1
3.2307,1.6166,1
3.2307,1.6166,1
3.2307,1.6278,1
3.2308,1.6327,1
3.2308,1.6496,1
3.2308,1.6593,1
3.2308,1.6697,1
3.2308,1.6778,1
3.2308,1.6826,1
3.2309,1.6851,1
3.2309,1.6842,1
3.2309,1.6770,1
3.2309,1.6754,1
3.2309,1.6697,1
3.2309,1.6568,1
3.2310,1.6472,1
3.2310,1.6359,1
3.2310,1.6230,1
3.2310,1.6109,1
3.2310,1.6109,1
3.2310,1.6109,1
3.2310,1.6166,1
3.2311,1.6230,1
3.2311,1.6375,1
3.2311,1.6480,1
3.2311,1.6568,1
3.2311,1.6714,1
3.2311,1.6762,1
3.2312,1.6810,1
3.2312,1.6794,1
3.2312,1.6802,1
3.2505,1.6786,1
3.2506,1.6730,1
3.2506,1.6657,1
3.2506,1.6528,1
3.2506,1.6440,1
3.2506,1.6295,1
3.2506,1.6254,1
3.2506,1.6158,1
3.2507,1.6085,1
3.2507,1.6125,1
3.2507,1.6149,1
3.2507,1.6246,1
3.2507,1.6327,1
3.2508,1.6472,1
3.2508,1.6544,1
3.2508,1.6673,1
3.2508,1.6754,1
3.2508,1.6818,1
3.2508,1.6851,1
3.2508,1.6826,1
3.2509,1.6794,1
3.2509,1.6738,1
3.2509,1.6681,1
3.2509,1.6593,1
3.2509,1.6472,1
3.2509,1.6367,1
3.2510,1.6246,1
3.2510,1.6085,1
3.2510,1.6101,1
3.2510,1.6077,1
3.2510,1.6149,1
3.2510,1.6222,1
3.2511,1.6367,1
3.2511,1.6480,1
3.2511,1.6601,1
3.2511,1.6714,1
3.2511,1.6826,1
3.2511,1.6842,1
3.2512,1.6834,1
3.2512,1.6818,1
3.2705,1.6802,1
3.2706,1.6746,1
3.2706,1.6673,1
3.2706,1.6577,1
3.2706,1.6480,1
3.2706,1.6319,1
3.2706,1.6149,1
3.2706,1.6149,1
3.2707,1.6101,1
3.2707,1.6141,1
3.2707,1.6214,1
3.2707,1.6238,1
3.2707,1.6335,1
3.2707,1.6432,1
3.2708,1.6577,1
3.2708,1.6673,1
3.2708,1.6705,1
3.2708,1.6762,1
3.2708,1.6818,1
3.2708,1.6802,1
3.2709,1.6778,1
3.2709,1.6730,1
3.2709,1.6633,1
3.2709,1.6593,1
3.2709,1.6464,1
3.2709,1.6343,1
3.2710,1.6206,1
3.2710,1.6069,1
3.2710,1.6061,1
3.2710,1.6053,1
3.2710,1.6133,1
3.2710,1.6198,1
3.2711,1.6367,1
3.2711,1.6464,1
3.2711,1.6560,1
3.2711,1.6673,1
3.2711,1.6786,1
3.2711,1.6794,1
3.2712,1.6818,1
3.2712,1.6786,1
3.2909,1.6770,1
3.2909,1.6714,1
3.2909,1.6633,1
3.2910,1.6528,1
3.2910,1.6423,1
3.2910,1.6303,1
3.2910,1.6246,1
3.2910,1.6222,1
3.2910,1.6149,1
3.2910,1.6182,1
3.2911,1.6206,1
3.2911,1.6335,1
3.2911,1.6456,1
3.2911,1.6520,1
3.2911,1.6649,1
3.2911,1.6746,1
3.2912,1.6802,1
3.2912,1.6891,1
3.2912,1.6907,1
3.2912,1.6883,1
3.2912,1.6859,1
3.2912,1.6826,1
3.2913,1.6705,1
3.2913,1.6617,1
3.2913,1.6496,1
3.2913,1.6391,1
3.2913,1.6270,1
3.2913,1.6198,1
3.2913,1.6125,1
3.2914,1.6133,1
3.2914,1.6174,1
3.2914,1.6230,1
3.2914,1.6351,1
3.2914,1.6488,1
3.2914,1.6609,1
3.2915,1.6697,1
3.2915,1.6714,1
3.2915,1.6786,1
3.2915,1.6778,1
3.2915,1.6786,1
3.2915,1.6754,1
3.3115,1.6689,1
3.3116,1.6641,1
3.3116,1.6512,1
3.3116,1.6407,1
3.3116,1.6295,1
3.3116,1.6190,1
3.3116,1.6158,1
3.3117,1.6101,1
3.3117,1.6109,1
3.3117,1.6133,1
3.3117,1.6230,1
3.3117,1.6351,1
3.3117,1.6415,1
3.3118,1.6504,1
3.3118,1.6625,1
3.3118,1.6705,1
3.3119,1.6738,1
3.3119,1.6754,1
3.3119,1.6762,1
3.3119,1.6697,1
3.3119,1.6665,1
3.3119,1.6577,1
3.3120,1.6520,1
3.3120,1.6423,1
3.3120,1.6286,1
3.3120,1.6158,1
3.3120,1.6037,1
3.3120,1.6029,1
3.3120,1.5996,1
3.3121,1.6037,1
3.3121,1.6141,1
3.3121,1.6238,1
3.3121,1.6407,1
3.3121,1.6496,1
3.3121,1.6609,1
3.3122,1.6633,1
3.3122,1.6746,1
3.3122,1.6714,1
3.3122,1.6705,1
3.3122,1.6697,1
3.3122,1.6649,1
3.3123,1.6552,1
3.3323,1.6488,1
3.3323,1.6391,1
3.3323,1.6270,1
3.3323,1.6174,1
3.3324,1.6133,1
3.3324,1.6133,1
3.3324,1.6133,1
3.3324,1.6166,1
3.3324,1.6230,1
3.3324,1.6319,1
3.3325,1.6415,1
3.3325,1.6480,1
3.3325,1.6609,1
3.3325,1.6681,1
3.3325,1.6746,1
3.3325,1.6770,1
3.3326,1.6746,1
3.3326,1.6762,1
3.3326,1.6673,1
3.3326,1.6625,1
3.3326,1.6536,1
3.3326,1.6415,1
3.3327,1.6286,1
3.3327,1.6182,1
3.3327,1.6085,1
3.3327,1.6077,1
3.3327,1.6037,1
3.3327,1.6109,1
3.3327,1.6206,1
3.3328,1.6359,1
3.3328,1.6456,1
3.3328,1.6568,1
3.3328,1.6665,1
3.3328,1.6705,1
3.3328,1.6762,1
3.3328,1.6746,1
3.3329,1.6762,1
3.3329,1.6754,1
3.3329,1.6673,1
3.3329,1.6609,1
3.3329,1.6472,1
3.3529,1.6391,1
3.3529,1.6311,1
3.3530,1.6182,1
3.3530,1.6149,1
3.3530,1.6125,1
3.3530,1.6133,1
3.3530,1.6166,1
3.3530,1.6222,1
3.3531,1.6327,1
3.3531,1.6399,1
3.3531,1.6536,1
3.3531,1.6617,1
3.3531,1.6697,1
3.3531,1.6762,1
3.3531,1.6762,1
3.3532,1.6802,1
3.3532,1.6762,1
3.3532,1.6681,1
3.3532,1.6617,1
3.3532,1.6568,1
3.3532,1.6440,1
3.3533,1.6343,1
3.3533,1.6198,1
3.3533,1.6117,1
3.3533,1.6077,1
3.3533,1.6101,1
3.3533,1.6125,1
3.3534,1.6214,1
3.3534,1.6367,1
3.3534,1.6488,1
3.3534,1.6641,1
3.3534,1.6665,1
3.3534,1.6762,1
3.3535,1.6794,1
3.3535,1.6786,1
3.3535,1.6778,1
3.3535,1.6754,1
3.3535,1.6705,1
3.3535,1.6649,1
3.3536,1.6528,1
3.3536,1.6472,1
3.3743,1.6343,1
3.3743,1.6262,1
3.3744,1.6166,1
3.3744,1.6133,1
3.3744,1.6149,1
3.3744,1.6166,1
3.3744,1.6230,1
3.3744,1.6351,1
3.3745,1.6440,1
3.3745,1.6448,1
3.3745,1.6689,1
3.3745,1.6754,1
3.3745,1.6786,1
3.3745,1.6826,1
3.3746,1.6770,1
3.3746,1.6786,1
3.3746,1.6786,1
3.3746,1.6714,1
3.3746,1.6609,1
3.3746,1.6335,1
3.3746,1.6375,1
3.3747,1.6270,1
3.3747,1.6158,1
3.3747,1.6125,1
3.3747,1.6109,1
3.3747,1.6182,1
3.3747,1.6270,1
3.3748,1.6335,1
3.3748,1.6456,1
3.3748,1.6585,1
3.3748,1.6673,1
3.3748,1.6754,1
3.3748,1.6794,1
3.3749,1.6770,1
3.3749,1.6770,1
3.3749,1.6754,1
3.3749,1.6705,1
3.3749,1.6625,1
3.3749,1.6520,1
3.3750,1.6440,1
3.3750,1.6319,1
3.3750,1.6254,1
3.3750,1.6174,1
3.3957,1.6141,1
3.3957,1.6158,1
3.3957,1.6166,1
3.3957,1.6246,1
3.3957,1.6335,1
3.3958,1.6440,1
3.3958,1.6552,1
3.3958,1.6625,1
3.3958,1.6730,1
3.3958,1.6762,1
3.3958,1.6770,1
3.3958,1.6786,1
3.3959,1.6754,1
3.3959,1.6681,1
3.3959,1.6657,1
3.3959,1.6528,1
3.3959,1.6448,1
3.3959,1.6351,1
3.3960,1.6230,1
3.3960,1.6133,1
3.3960,1.6141,1
3.3960,1.6117,1
3.3960,1.6101,1
3.3960,1.6254,1
3.3961,1.6375,1
3.3961,1.6488,1
3.3961,1.6649,1
3.3961,1.6714,1
3.3961,1.6762,1
3.3961,1.6786,1
3.3962,1.6794,1
3.3962,1.6770,1
3.3962,1.6762,1
3.3962,1.6705,1
3.3962,1.6609,1
3.3962,1.6496,1
3.3962,1.6415,1
3.3963,1.6319,1
3.3963,1.6278,1
3.3963,1.6230,1
3.3963,1.6053,1
3.3963,1.6166,1
3.3963,1.6190,1
3.4173,1.6262,1
3.4174,1.6383,1
3.4175,1.6472,1
3.4175,1.6568,1
3.4175,1.6689,1
3.4175,1.6834,1
3.4176,1.6770,1
3.4176,1.6730,1
3.4176,1.6802,1
3.4176,1.6496,1
3.4176,1.6738,1
3.4176,1.6673,1
3.4176,1.6601,1
3.4177,1.6496,1
3.4177,1.6375,1
3.4177,1.6238,1
3.4177,1.6117,1
3.4177,1.6270,1
3.4178,1.6101,1
3.4178,1.6190,1
3.4178,1.6246,1
3.4178,1.6375,1
3.4178,1.6496,1
3.4178,1.6617,1
3.4179,1.6697,1
3.4179,1.6762,1
3.4179,1.6802,1
3.4179,1.6794,1
3.4179,1.6802,1
3.4179,1.6770,1
3.4180,1.6714,1
3.4180,1.6641,1
3.4180,1.6560,1
3.4180,1.6415,1
3.4180,1.6295,1
3.4180,1.6303,1
3.4181,1.6109,1
3.4181,1.6077,1
3.4181,1.6085,1
3.4181,1.6125,1
3.4181,1.6214,1
3.4181,1.6295,1
3.4182,1.6423,1
3.4391,1.6423,1
3.4392,1.6641,1
3.4392,1.6738,1
3.4392,1.6778,1
3.4392,1.6786,1
3.4392,1.6770,1
3.4392,1.6738,1
3.4393,1.6681,1
3.4393,1.6568,1
3.4393,1.6528,1
3.4393,1.6440,1
3.4393,1.6303,1
3.4393,1.6101,1
3.4393,1.6093,1
3.4394,1.6069,1
3.4394,1.6061,1
3.4394,1.6045,1
3.4394,1.6262,1
3.4394,1.6391,1
3.4394,1.6504,1
3.4394,1.6625,1
3.4395,1.6722,1
3.4395,1.6794,1
3.4395,1.6826,1
3.4395,1.6802,1
3.4395,1.6802,1
3.4395,1.6746,1
3.4395,1.6730,1
3.4396,1.6641,1
3.4396,1.6536,1
3.4396,1.6472,1
3.4396,1.6303,1
3.4396,1.6238,1
3.4396,1.6158,1
3.4396,1.5771,1
3.4397,1.6182,1
3.4397,1.5875,1
3.4397,1.6311,1
3.4397,1.6415,1
3.4397,1.6496,1
3.4397,1.6585,1
3.4398,1.6665,1
3.4398,1.6762,1
3.4398,1.6802,1
3.4611,1.6665,1
3.4612,1.6794,1
3.4612,1.6770,1
3.4612,1.6714,1
3.4612,1.6697,1
3.4612,1.6560,1
3.4613,1.6456,1
3.4613,1.6335,1
3.4613,1.6206,1
3.4613,1.6085,1
3.4613,1.6037,1
3.4613,1.6053,1
3.4613,1.6125,1
3.4614,1.6214,1
3.4614,1.6375,1
3.4614,1.6504,1
3.4614,1.6601,1
3.4614,1.6689,1
3.4614,1.6786,1
3.4615,1.6786,1
3.4615,1.6786,1
3.4615,1.6786,1
3.4615,1.6988,1
3.4615,1.6714,1
3.4615,1.6625,1
3.4616,1.6504,1
3.4616,1.6375,1
3.4616,1.6278,1
3.4616,1.6262,1
3.4616,1.6133,1
3.4616,1.6021,1
3.4617,1.6117,1
3.4617,1.6158,1
3.4617,1.6286,1
3.4617,1.6319,1
3.4617,1.6488,1
3.4617,1.6601,1
3.4618,1.6697,1
3.4618,1.6794,1
3.4618,1.6834,1
3.4618,1.6826,1
3.4618,1.6867,1
3.4618,1.6834,1
3.4618,1.6738,1
3.4830,1.6665,1
3.4831,1.6552,1
3.4831,1.6448,1
3.4831,1.6335,1
3.4831,1.6206,1
3.4831,1.6085,1
3.4831,1.6093,1
3.4832,1.6061,1
3.4832,1.6238,1
3.4832,1.6230,1
3.4832,1.6383,1
3.4832,1.6480,1
3.4832,1.6601,1
3.4833,1.6705,1
3.4833,1.6705,1
3.4833,1.6842,1
3.4833,1.6794,1
3.4833,1.6818,1
3.4833,1.6762,1
3.4833,1.6754,1
3.4834,1.6657,1
3.4834,1.6536,1
3.4834,1.6448,1
3.4834,1.6295,1
3.4834,1.6198,1
3.4834,1.6149,1
3.4834,1.5795,1
3.4835,1.6174,1
3.4835,1.6149,1
3.4835,1.6303,1
3.4835,1.6327,1
3.4835,1.6496,1
3.4835,1.6625,1
3.4835,1.6689,1
3.4836,1.6762,1
3.4836,1.6810,1
3.4836,1.6899,1
3.4836,1.6786,1
3.4836,1.6681,1
3.4836,1.6722,1
3.4837,1.6673,1
3.4837,1.6593,1
3.4837,1.6351,1
3.5048,1.6335,1
3.5049,1.6198,1
3.5049,1.6109,1
3.5049,1.6125,1
3.5049,1.6085,1
3.5049,1.6158,1
3.5050,1.6230,1
3.5050,1.6440,1
3.5050,1.6480,1
3.5050,1.6738,1
3.5050,1.6689,1
3.5050,1.6786,1
3.5051,1.6826,1
3.5051,1.6867,1
3.5051,1.6810,1
3.5051,1.6714,1
3.5051,1.6754,1
3.5051,1.6673,1
3.5051,1.6544,1
3.5052,1.6440,1
3.5052,1.6327,1
3.5052,1.6295,1
3.5052,1.6190,1
3.5052,1.6158,1
3.5052,1.6125,1
3.5052,1.6206,1
3.5053,1.6295,1
3.5053,1.6407,1
3.5053,1.6480,1
3.5053,1.6585,1
3.5053,1.6714,1
3.5053,1.6875,1
3.5053,1.6834,1
3.5054,1.6883,1
3.5054,1.6818,1
3.5054,1.6794,1
3.5054,1.6722,1
3.5054,1.6673,1
3.5054,1.6568,1
3.5055,1.6407,1
3.5055,1.6335,1
3.5055,1.6158,1
3.5055,1.6117,1
3.5055,1.6093,1
3.5270,1.6093,1
3.5271,1.6117,1
3.5271,1.6262,1
3.5271,1.6359,1
3.5271,1.6480,1
3.5272,1.6617,1
3.5272,1.6697,1
3.5272,1.6818,1
3.5272,1.6802,1
3.5272,1.6786,1
3.5272,1.6818,1
3.5273,1.6762,1
3.5273,1.6714,1
3.5273,1.6657,1
3.5273,1.6536,1
3.5273,1.6415,1
3.5273,1.6286,1
3.5274,1.6190,1
3.5274,1.6174,1
3.5274,1.6198,1
3.5274,1.6198,1
3.5274,1.6262,1
3.5274,1.6246,1
3.5274,1.6351,1
3.5275,1.6480,1
3.5275,1.6577,1
3.5275,1.6665,1
3.5275,1.6754,1
3.5275,1.6818,1
3.5275,1.6826,1
3.5276,1.6810,1
3.5276,1.6794,1
3.5276,1.6714,1
3.5276,1.6714,1
3.5276,1.6617,1
3.5276,1.6464,1
3.5277,1.6359,1
3.5277,1.6230,1
3.5277,1.6101,1
3.5277,1.6117,1
3.5277,1.6109,1
3.5277,1.6182,1
3.5277,1.6254,1
3.5278,1.6415,1
3.5278,1.6496,1
3.5492,1.6625,1
3.5492,1.6722,1
3.5492,1.6794,1
3.5493,1.6810,1
3.5493,1.6802,1
3.5493,1.6802,1
3.5493,1.6754,1
3.5493,1.6722,1
3.5493,1.6633,1
3.5494,1.6544,1
3.5494,1.6432,1
3.5494,1.6311,1
3.5494,1.6295,1
3.5494,1.6166,1
3.5494,1.6141,1
3.5495,1.6125,1
3.5495,1.6141,1
3.5495,1.6230,1
3.5495,1.6303,1
3.5495,1.6423,1
3.5495,1.6528,1
3.5496,1.6641,1
3.5496,1.6730,1
3.5496,1.6834,1
3.5496,1.6810,1
3.5496,1.6826,1
3.5497,1.6794,1
3.5497,1.6730,1
3.5497,1.6705,1
3.5497,1.6625,1
3.5497,1.6448,1
3.5497,1.6359,1
3.5497,1.6246,1
3.5498,1.6109,1
3.5498,1.5884,1
3.5498,1.6117,1
3.5498,1.6214,1
3.5498,1.6254,1
3.5498,1.6391,1
3.5498,1.6504,1
3.5499,1.6625,1
3.5499,1.6730,1
3.5499,1.6802,1
3.5499,1.6842,1
3.5718,1.6834,1
3.5719,1.6834,1
3.5719,1.6794,1
3.5719,1.6722,1
3.5719,1.6649,1
3.5719,1.6552,1
3.5720,1.6423,1
3.5720,1.6295,1
3.5720,1.6198,1
3.5720,1.6166,1
3.5720,1.6109,1
3.5720,1.6141,1
3.5721,1.6166,1
3.5721,1.6270,1
3.5721,1.6399,1
3.5721,1.6448,1
3.5721,1.6601,1
3.5721,1.6697,1
3.5721,1.6802,1
3.5722,1.6802,1
3.5722,1.6834,1
3.5722,1.6826,1
3.5722,1.6746,1
3.5722,1.6714,1
3.5722,1.6617,1
3.5722,1.6552,1
3.5723,1.6456,1
3.5723,1.6311,1
3.5723,1.6182,1
3.5723,1.6101,1
3.5723,1.6109,1
3.5723,1.6077,1
3.5724,1.6141,1
3.5724,1.6222,1
3.5724,1.6375,1
3.5724,1.6472,1
3.5724,1.6609,1
3.5724,1.6689,1
3.5724,1.6762,1
3.5725,1.6810,1
3.5725,1.6770,1
3.5725,1.6778,1
3.5725,1.6746,1
3.5725,1.6714,1
3.5725,1.6673,1
3.5942,1.6544,1
3.5942,1.6415,1
3.5943,1.6286,1
3.5943,1.6182,1
3.5943,1.6133,1
3.5943,1.6101,1
3.5943,1.6141,1
3.5943,1.6158,1
3.5944,1.6270,1
3.5944,1.6383,1
3.5944,1.6464,1
3.5944,1.6585,1
3.5944,1.6673,1
3.5944,1.6770,1
3.5945,1.6794,1
3.5945,1.6826,1
3.5945,1.6818,1
3.5945,1.6762,1
3.5945,1.6730,1
3.5945,1.6625,1
3.5945,1.6568,1
3.5946,1.6456,1
3.5946,1.6343,1
3.5946,1.6206,1
3.5946,1.6101,1
3.5946,1.6093,1
3.5946,1.6093,1
3.5946,1.6166,1
3.5947,1.6230,1
3.5947,1.6351,1
3.5947,1.6504,1
3.5947,1.6617,1
3.5947,1.6689,1
3.5947,1.6955,1
3.5948,1.6802,1
3.5948,1.6778,1
3.5948,1.6778,1
3.5948,1.6786,1
3.5948,1.6722,1
3.5948,1.6681,1
3.5948,1.6520,1
3.5949,1.6415,1
3.5949,1.6319,1
3.5949,1.6254,1
3.5949,1.6166,1
3.6189,1.6093,1
3.6190,1.6141,1
3.6190,1.6149,1
3.6190,1.6270,1
3.6190,1.6319,1
3.6191,1.6480,1
3.6191,1.6593,1
3.6191,1.6705,1
3.6191,1.6754,1
3.6191,1.6818,1
3.6191,1.6826,1
3.6192,1.6786,1
3.6192,1.6754,1
3.6192,1.6714,1
3.6192,1.6625,1
3.6192,1.6568,1
3.6192,1.6480,1
3.6193,1.6319,1
3.6193,1.6190,1
3.6193,1.6093,1
3.6193,1.6053,1
3.6193,1.6061,1
3.6193,1.6133,1
3.6194,1.6206,1
3.6194,1.6367,1
3.6194,1.6448,1
3.6194,1.6577,1
3.6194,1.6673,1
3.6194,1.6738,1
3.6195,1.6786,1
3.6195,1.6770,1
3.6195,1.6730,1
3.6195,1.6714,1
3.6195,1.6657,1
3.6195,1.6601,1
3.6196,1.6488,1
3.6196,1.6423,1
3.6196,1.6286,1
3.6196,1.6190,1
3.6196,1.6133,1
3.6196,1.6109,1
3.6197,1.6117,1
3.6197,1.6158,1
3.6197,1.6230,1
3.6197,1.6278,1
3.6197,1.6399,1
3.6197,1.6544,1
3.6198,1.6609,1
3.6198,1.6689,1
3.6198,1.6754,1
3.6449,1.6786,1
3.6450,1.6810,1
3.6450,1.6722,1
3.6450,1.6705,1
3.6450,1.6617,1
3.6450,1.6560,1
3.6451,1.6432,1
3.6451,1.6303,1
3.6451,1.6182,1
3.6451,1.6053,1
3.6451,1.6061,1
3.6451,1.6053,1
3.6452,1.6077,1
3.6452,1.6238,1
3.6452,1.6359,1
3.6452,1.6456,1
3.6452,1.6568,1
3.6453,1.6641,1
3.6453,1.6722,1
3.6453,1.6754,1
3.6453,1.6778,1
3.6453,1.6762,1
3.6453,1.6754,1
3.6454,1.6705,1
3.6454,1.6609,1
3.6454,1.6480,1
3.6454,1.6359,1
3.6454,1.6295,1
3.6454,1.6158,1
3.6454,1.6125,1
3.6455,1.6085,1
3.6455,1.6085,1
3.6455,1.6141,1
3.6455,1.6238,1
3.6455,1.6311,1
3.6455,1.6456,1
3.6456,1.6560,1
3.6456,1.6665,1
3.6456,1.6714,1
3.6456,1.6794,1
3.6456,1.6802,1
3.6456,1.6786,1
3.6457,1.6738,1
3.6457,1.6689,1
3.6457,1.6617,1
3.6457,1.6544,1
3.6457,1.6432,1
3.6457,1.6343,1
3.6458,1.6222,1
3.6458,1.6109,1
3.6458,1.6069,1
3.6458,1.6045,1
3.6712,1.6149,1
3.6713,1.6214,1
3.6713,1.6375,1
3.6713,1.6488,1
3.6713,1.6617,1
3.6714,1.6705,1
3.6714,1.6802,1
3.6714,1.6818,1
3.6714,1.6802,1
3.6714,1.6794,1
3.6714,1.6762,1
3.6715,1.6705,1
3.6715,1.6625,1
3.6715,1.6488,1
3.6715,1.6399,1
3.6715,1.6295,1
3.6715,1.6190,1
3.6716,1.6166,1
3.6716,1.6101,1
3.6716,1.6141,1
3.6716,1.6174,1
3.6716,1.6246,1
3.6716,1.6327,1
3.6717,1.6472,1
3.6717,1.6577,1
3.6717,1.6673,1
3.6717,1.6770,1
3.6717,1.6810,1
3.6717,1.6826,1
3.6718,1.6794,1
3.6718,1.6762,1
3.6718,1.6689,1
3.6718,1.6673,1
3.6718,1.6544,1
3.6718,1.6464,1
3.6719,1.6335,1
3.6719,1.6190,1
3.6719,1.6109,1
3.6719,1.6093,1
3.6719,1.6077,1
3.6719,1.6158,1
3.6720,1.6254,1
3.6720,1.6391,1
3.6720,1.6504,1
3.6720,1.6657,1
3.6720,1.6786,1
3.6720,1.6786,1
3.6721,1.6818,1
3.6721,1.6834,1
3.6721,1.6818,1
3.6721,1.6794,1
3.6721,1.6738,1
3.6967,1.6665,1
3.6967,1.6552,1
3.6967,1.6456,1
3.6968,1.6286,1
3.6968,1.6182,1
3.6968,1.6149,1
3.6968,1.6085,1
3.6968,1.6133,1
3.6968,1.6141,1
3.6969,1.6270,1
3.6969,1.6295,1
3.6969,1.6464,1
3.6969,1.6585,1
3.6969,1.6697,1
3.6969,1.6746,1
3.6970,1.6802,1
3.6970,1.6883,1
3.6970,1.6826,1
3.6970,1.6786,1
3.6970,1.6738,1
3.6970,1.6681,1
3.6971,1.6568,1
3.6971,1.6464,1
3.6971,1.6295,1
3.6971,1.6190,1
3.6971,1.6085,1
3.6971,1.6053,1
3.6972,1.6061,1
3.6972,1.6174,1
3.6972,1.6254,1
3.6972,1.6383,1
3.6972,1.6504,1
3.6972,1.6657,1
3.6973,1.6770,1
3.6973,1.6794,1
3.6973,1.6818,1
3.6973,1.6842,1
3.6973,1.6810,1
3.6973,1.6810,1
3.6974,1.6730,1
3.6974,1.6665,1
3.6974,1.6568,1
3.6974,1.6448,1
3.6974,1.6303,1
3.6974,1.6246,1
3.6975,1.6141,1
3.6975,1.6085,1
3.6975,1.6109,1
3.6975,1.6182,1
3.6975,1.6222,1
3.6975,1.6327,1
3.7224,1.6448,1
3.7225,1.6585,1
3.7225,1.6657,1
3.7225,1.6754,1
3.7225,1.6810,1
3.7225,1.6810,1
3.7225,1.6826,1
3.7226,1.6770,1
3.7226,1.6762,1
3.7226,1.6327,1
3.7226,1.6625,1
3.7226,1.6512,1
3.7226,1.6383,1
3.7227,1.6222,1
3.7227,1.6117,1
3.7227,1.6085,1
3.7227,1.6093,1
3.7227,1.6158,1
3.7227,1.6270,1
3.7227,1.6375,1
3.7228,1.6480,1
3.7228,1.6649,1
3.7228,1.6746,1
3.7228,1.6778,1
3.7228,1.6802,1
3.7228,1.6786,1
3.7228,1.6794,1
3.7229,1.6786,1
3.7229,1.6714,1
3.7229,1.6681,1
3.7229,1.6528,1
3.7229,1.6415,1
3.7229,1.6286,1
3.7229,1.6198,1
3.7230,1.6166,1
3.7230,1.6101,1
3.7230,1.6125,1
3.7230,1.6061,1
3.7230,1.6238,1
3.7230,1.6198,1
3.7231,1.6472,1
3.7231,1.6577,1
3.7231,1.6705,1
3.7231,1.6802,1
3.7231,1.6810,1
3.7231,1.6818,1
3.7232,1.6842,1
3.7232,1.6810,1
3.7232,1.6730,1
3.7232,1.6633,1
3.7232,1.6568,1
3.7484,1.6423,1
3.7485,1.6311,1
3.7485,1.6182,1
3.7485,1.6093,1
3.7485,1.6085,1
3.7486,1.6117,1
3.7486,1.6182,1
3.7486,1.6254,1
3.7486,1.6383,1
3.7486,1.6536,1
3.7486,1.6633,1
3.7487,1.6746,1
3.7487,1.6810,1
3.7487,1.6842,1
3.7487,1.6907,1
3.7487,1.6867,1
3.7487,1.6609,1
3.7488,1.6778,1
3.7488,1.6625,1
3.7488,1.6552,1
3.7488,1.6456,1
3.7488,1.6335,1
3.7488,1.6270,1
3.7489,1.6174,1
3.7489,1.6125,1
3.7489,1.6125,1
3.7489,1.6198,1
3.7489,1.6303,1
3.7489,1.6375,1
3.7489,1.6512,1
3.7490,1.6641,1
3.7490,1.6762,1
3.7490,1.6794,1
3.7490,1.6834,1
3.7490,1.6851,1
3.7490,1.6834,1
3.7491,1.6802,1
3.7491,1.6738,1
3.7491,1.6641,1
3.7491,1.6560,1
3.7491,1.6472,1
3.7491,1.6303,1
3.7491,1.6198,1
3.7492,1.6093,1
3.7492,1.6069,1
3.7492,1.6069,1
3.7492,1.6141,1
3.7492,1.6246,1
3.7492,1.6375,1
3.7492,1.6480,1
3.7493,1.6641,1
3.7493,1.6746,1
3.7493,1.6762,1
3.7744,1.6834,1
3.7745,1.6818,1
3.7745,1.6867,1
3.7745,1.6754,1
3.7745,1.6697,1
3.7745,1.6665,1
3.7746,1.6504,1
3.7746,1.6399,1
3.7746,1.6270,1
3.7746,1.6061,1
3.7746,1.6174,1
3.7746,1.6012,1
3.7746,1.6158,1
3.7747,1.6182,1
3.7747,1.6262,1
3.7747,1.6351,1
3.7747,1.6472,1
3.7747,1.6665,1
3.7747,1.6714,1
3.7747,1.6786,1
3.7748,1.6818,1
3.7748,1.6851,1
3.7748,1.6867,1
3.7748,1.6794,1
3.7748,1.6746,1
3.7748,1.6649,1
3.7748,1.6568,1
3.7749,1.6488,1
3.7749,1.6351,1
3.7749,1.6238,1
3.7749,1.6093,1
3.7749,1.6077,1
3.7750,1.6053,1
3.7750,1.6391,1
3.7750,1.6230,1
3.7750,1.6359,1
3.7750,1.6440,1
3.7750,1.6496,1
3.7750,1.6722,1
3.7751,1.6770,1
3.7751,1.6802,1
3.7751,1.6826,1
3.7751,1.6810,1
3.7751,1.6633,1
3.7751,1.6746,1
3.7752,1.6705,1
3.7752,1.6560,1
3.7752,1.6448,1
3.7752,1.6303,1
3.7752,1.6222,1
3.7752,1.6149,1
3.8012,1.6101,1
3.8012,1.6125,1
3.8013,1.6182,1
3.8013,1.6238,1
3.8013,1.6472,1
3.8013,1.6456,1
3.8013,1.6609,1
3.8013,1.6665,1
3.8014,1.6730,1
3.8014,1.6794,1
3.8014,1.6875,1
3.8014,1.6818,1
3.8015,1.6738,1
3.8015,1.6697,1
3.8015,1.6552,1
3.8015,1.6544,1
3.8015,1.6488,1
3.8015,1.6303,1
3.8016,1.6190,1
3.8016,1.6093,1
3.8016,1.6109,1
3.8016,1.6045,1
3.8016,1.6190,1
3.8016,1.6206,1
3.8017,1.6359,1
3.8017,1.6464,1
3.8017,1.6617,1
3.8017,1.6738,1
3.8017,1.6722,1
3.8017,1.6826,1
3.8018,1.6826,1
3.8018,1.6786,1
3.8018,1.7125,1
3.8018,1.6681,1
3.8018,1.6568,1
3.8018,1.6448,1
3.8019,1.6359,1
3.8019,1.6278,1
3.8019,1.6174,1
3.8019,1.6149,1
3.8019,1.6093,1
3.8019,1.6125,1
3.8020,1.6367,1
3.8020,1.6198,1
3.8020,1.6286,1
3.8020,1.6432,1
3.8020,1.6407,1
3.8020,1.6649,1
3.8021,1.6770,1
3.8021,1.6810,1
3.8021,1.6826,1
3.8021,1.6826,1
3.8021,1.6625,1
3.8021,1.6714,1
3.8278,1.6673,1
3.8279,1.6593,1
3.8279,1.6770,1
3.8279,1.6319,1
3.8279,1.6166,1
3.8280,1.6053,1
3.8280,1.5948,1
3.8280,1.6029,1
3.8280,1.6528,1
3.8280,1.6166,1
3.8280,1.6303,1
3.8281,1.6415,1
3.8281,1.6577,1
3.8281,1.6705,1
3.8281,1.6746,1
3.8281,1.6778,1
3.8281,1.7108,1
3.8282,1.6754,1
3.8282,1.6625,1
3.8282,1.6697,1
3.8282,1.6544,1
3.8282,1.6520,1
3.8282,1.6423,1
3.8283,1.6303,1
3.8283,1.6214,1
3.8283,1.6198,1
3.8283,1.6149,1
3.8283,1.6149,1
3.8283,1.6085,1
3.8284,1.6278,1
3.8284,1.6480,1
3.8284,1.6480,1
3.8284,1.6601,1
3.8284,1.6689,1
3.8284,1.6778,1
3.8285,1.6810,1
3.8285,1.6851,1
3.8285,1.6851,1
3.8285,1.6794,1
3.8285,1.6738,1
3.8285,1.6722,1
3.8286,1.6560,1
3.8286,1.6448,1
3.8286,1.6278,1
3.8286,1.6166,1
3.8286,1.6053,1
3.8286,1.6029,1
3.8287,1.6021,1
3.8287,1.6004,1
3.8287,1.6198,1
3.8287,1.6335,1
3.8287,1.6448,1
3.8287,1.6593,1
3.8553,1.6689,1
3.8553,1.6883,1
3.8554,1.6770,1
3.8554,1.6730,1
3.8554,1.6746,1
3.8554,1.6722,1
3.8554,1.6673,1
3.8554,1.6585,1
3.8555,1.6496,1
3.8555,1.6440,1
3.8555,1.6303,1
3.8555,1.6190,1
3.8555,1.6149,1
3.8555,1.6069,1
3.8556,1.6125,1
3.8556,1.6149,1
3.8556,1.6222,1
3.8556,1.6319,1
3.8556,1.6448,1
3.8556,1.6512,1
3.8557,1.6697,1
3.8557,1.6778,1
3.8557,1.6786,1
3.8557,1.6810,1
3.8557,1.6794,1
3.8557,1.6738,1
3.8558,1.6697,1
3.8558,1.6673,1
3.8558,1.6512,1
3.8558,1.6415,1
3.8558,1.6262,1
3.8558,1.6166,1
3.8559,1.6045,1
3.8559,1.6004,1
3.8559,1.6029,1
3.8559,1.6238,1
3.8559,1.6198,1
3.8559,1.6351,1
3.8560,1.6456,1
3.8560,1.6601,1
3.8560,1.6681,1
3.8560,1.6738,1
3.8560,1.6786,1
3.8560,1.6794,1
3.8561,1.6754,1
3.8561,1.6730,1
3.8561,1.6673,1
3.8561,1.6601,1
3.8561,1.6480,1
3.8561,1.6440,1
3.8562,1.6262,1
3.8562,1.6166,1
3.8562,1.6133,1
3.8562,1.6077,1
3.8562,1.6101,1
3.8563,1.6125,1
3.8830,1.6190,1
3.8830,1.6351,1
3.8830,1.6440,1
3.8830,1.6544,1
3.8831,1.6649,1
3.8831,1.6689,1
3.8831,1.6754,1
3.8831,1.6826,1
3.8831,1.6770,1
3.8832,1.6730,1
3.8832,1.6689,1
3.8832,1.6689,1
3.8832,1.6520,1
3.8832,1.6423,1
3.8832,1.6278,1
3.8833,1.6149,1
3.8833,1.6069,1
3.8833,1.6045,1
3.8833,1.6053,1
3.8833,1.6133,1
3.8833,1.6214,1
3.8834,1.6391,1
3.8834,1.6464,1
3.8834,1.6681,1
3.8834,1.6657,1
3.8834,1.6810,1
3.8834,1.6754,1
3.8835,1.6754,1
3.8835,1.6786,1
3.8835,1.6746,1
3.8835,1.6714,1
3.8835,1.6665,1
3.8835,1.6520,1
3.8836,1.6254,1
3.8836,1.6327,1
3.8836,1.6270,1
3.8836,1.6174,1
3.8836,1.6109,1
3.8836,1.6133,1
3.8837,1.6125,1
3.8837,1.6270,1
3.8837,1.6327,1
3.8837,1.6464,1
3.8837,1.6593,1
3.8837,1.6705,1
3.8838,1.6778,1
3.8838,1.6818,1
3.8838,1.6842,1
3.8838,1.6810,1
3.8838,1.6770,1
3.8838,1.6722,1
3.8839,1.6689,1
3.8839,1.6568,1
3.8839,1.6472,1
3.8839,1.6359,1
3.9096,1.6190,1
3.9096,1.6077,1
3.9097,1.6109,1
3.9097,1.6061,1
3.9097,1.6109,1
3.9097,1.6214,1
3.9097,1.6375,1
3.9097,1.6472,1
3.9097,1.6754,1
3.9098,1.6681,1
3.9098,1.6689,1
3.9098,1.6802,1
3.9098,1.6810,1
3.9098,1.6770,1
3.9098,1.6762,1
3.9099,1.6689,1
3.9099,1.6617,1
3.9099,1.6552,1
3.9099,1.6399,1
3.9099,1.6311,1
3.9099,1.6198,1
3.9100,1.6158,1
3.9100,1.6109,1
3.9100,1.6125,1
3.9100,1.6166,1
3.9100,1.6262,1
3.9100,1.6327,1
3.9100,1.6432,1
3.9101,1.6552,1
3.9101,1.6625,1
3.9101,1.6536,1
3.9101,1.6794,1
3.9101,1.6810,1
3.9101,1.6802,1
3.9102,1.6770,1
3.9102,1.6705,1
3.9102,1.6633,1
3.9102,1.6585,1
3.9102,1.6480,1
3.9102,1.6359,1
3.9103,1.6190,1
3.9103,1.6085,1
3.9103,1.6069,1
3.9103,1.6053,1
3.9103,1.6117,1
3.9103,1.6198,1
3.9103,1.6343,1
3.9104,1.6472,1
3.9104,1.6601,1
3.9104,1.6681,1
3.9104,1.6770,1
3.9104,1.6794,1
3.9104,1.6851,1
3.9354,1.6810,1
3.9354,1.6762,1
3.9354,1.6730,1
3.9354,1.6625,1
3.9354,1.6504,1
3.9354,1.6415,1
3.9355,1.6286,1
3.9355,1.6206,1
3.9355,1.6158,1
3.9355,1.6077,1
3.9355,1.6125,1
3.9355,1.6166,1
3.9356,1.6230,1
3.9356,1.6311,1
3.9356,1.6456,1
3.9356,1.6577,1
3.9356,1.6649,1
3.9357,1.6762,1
3.9357,1.6786,1
3.9357,1.6826,1
3.9357,1.6802,1
3.9357,1.6754,1
3.9357,1.6705,1
3.9358,1.6601,1
3.9358,1.6536,1
3.9358,1.6448,1
3.9358,1.6303,1
3.9358,1.6190,1
3.9358,1.6077,1
3.9359,1.6037,1
3.9359,1.6053,1
3.9359,1.6117,1
3.9359,1.6214,1
3.9359,1.6286,1
3.9359,1.6456,1
3.9360,1.6577,1
3.9360,1.6657,1
3.9360,1.6705,1
3.9360,1.6754,1
3.9360,1.6754,1
3.9360,1.6754,1
3.9361,1.6738,1
3.9361,1.6673,1
3.9361,1.6617,1
3.9361,1.6488,1
3.9361,1.6407,1
3.9361,1.6278,1
3.9362,1.6198,1
3.9362,1.6158,1
3.9362,1.6093,1
3.9362,1.6109,1
3.9614,1.6141,1
3.9614,1.6214,1
3.9614,1.6335,1
3.9614,1.6423,1
3.9615,1.6552,1
3.9615,1.6681,1
3.9615,1.6762,1
3.9615,1.6770,1
3.9615,1.6818,1
3.9615,1.6778,1
3.9616,1.6657,1
3.9616,1.6714,1
3.9616,1.6665,1
3.9616,1.6577,1
3.9616,1.6464,1
3.9616,1.6295,1
3.9616,1.6182,1
3.9617,1.6109,1
3.9617,1.6061,1
3.9617,1.6061,1
3.9617,1.6158,1
3.9617,1.6254,1
3.9617,1.6359,1
3.9617,1.6504,1
3.9618,1.6609,1
3.9618,1.6689,1
3.9618,1.6794,1
3.9618,1.6802,1
3.9618,1.6786,1
3.9618,1.6770,1
3.9619,1.6762,1
3.9619,1.6689,1
3.9619,1.6641,1
3.9619,1.6512,1
3.9619,1.6423,1
3.9619,1.6311,1
3.9620,1.6174,1
3.9620,1.6166,1
3.9620,1.6093,1
3.9620,1.6109,1
3.9620,1.6158,1
3.9620,1.6230,1
3.9620,1.6335,1
3.9621,1.6456,1
3.9621,1.6585,1
3.9621,1.6673,1
3.9621,1.6754,1
3.9621,1.6802,1
3.9621,1.6842,1
3.9622,1.6810,1
3.9622,1.6810,1
3.9622,1.6730,1
3.9623,1.6673,1
3.9879,1.6577,1
3.9879,1.6432,1
3.9879,1.6335,1
3.9879,1.6182,1
3.9880,1.6109,1
3.9880,1.6085,1
3.9880,1.6077,1
3.9880,1.6149,1
3.9880,1.6230,1
3.9880,1.6391,1
3.9881,1.6496,1
3.9881,1.6633,1
3.9881,1.6722,1
3.9881,1.6802,1
3.9881,1.6826,1
3.9881,1.6859,1
3.9881,1.6842,1
3.9882,1.6842,1
3.9882,1.6730,1
3.9882,1.6617,1
3.9882,1.6544,1
3.9882,1.6464,1
3.9882,1.6311,1
3.9883,1.6206,1
3.9883,1.6174,1
3.9883,1.6125,1
3.9883,1.6149,1
3.9883,1.6182,1
3.9883,1.6262,1
3.9883,1.6351,1
3.9884,1.6464,1
3.9884,1.6585,1
3.9884,1.6705,1
3.9884,1.6778,1
3.9884,1.6826,1
3.9884,1.6810,1
3.9884,1.6762,1
3.9885,1.6762,1
3.9885,1.6697,1
3.9885,1.6593,1
3.9885,1.6544,1
3.9885,1.6496,1
3.9885,1.6319,1
3.9886,1.6295,1
3.9886,1.6069,1
3.9886,1.6045,1
3.9886,1.6069,1
3.9886,1.6149,1
3.9886,1.6238,1
3.9887,1.6375,1
3.9887,1.6488,1
3.9887,1.6617,1
4.0141,1.6697,1
4.0141,1.6738,1
4.0141,1.6786,1
4.0141,1.6794,1
4.0142,1.6754,1
4.0142,1.6746,1
4.0142,1.6705,1
4.0142,1.6625,1
4.0142,1.6504,1
4.0143,1.6423,1
4.0143,1.6295,1
4.0143,1.6190,1
4.0143,1.6158,1
4.0143,1.6085,1
4.0143,1.6125,1
4.0144,1.6158,1
4.0144,1.6238,1
4.0144,1.6303,1
4.0144,1.6432,1
4.0144,1.6560,1
4.0144,1.6641,1
4.0145,1.6722,1
4.0145,1.6778,1
4.0145,1.6794,1
4.0145,1.6794,1
4.0145,1.6722,1
4.0145,1.6665,1
4.0145,1.6593,1
4.0146,1.6552,1
4.0146,1.6448,1
4.0146,1.6319,1
4.0146,1.6222,1
4.0146,1.6109,1
4.0146,1.6077,1
4.0147,1.6085,1
4.0147,1.6158,1
4.0147,1.6222,1
4.0147,1.6383,1
4.0147,1.6480,1
4.0147,1.6657,1
4.0148,1.6705,1
4.0148,1.6778,1
4.0148,1.6818,1
4.0148,1.6818,1
4.0148,1.6802,1
4.0148,1.6770,1
4.0148,1.6689,1
4.0149,1.6657,1
4.0149,1.6488,1
4.0149,1.6456,1
4.0149,1.6278,1
4.0149,1.6190,1
4.0149,1.6141,1
4.0403,1.6101,1
4.0403,1.6125,1
4.0403,1.6166,1
4.0403,1.6246,1
4.0403,1.6343,1
4.0403,1.6456,1
4.0404,1.6544,1
4.0404,1.6673,1
4.0404,1.6754,1
4.0404,1.6794,1
4.0404,1.6794,1
4.0404,1.6818,1
4.0406,1.6754,1
4.0406,1.6738,1
4.0406,1.6625,1
4.0406,1.6552,1
4.0406,1.6375,1
4.0407,1.6295,1
4.0407,1.6166,1
4.0407,1.6069,1
4.0407,1.6037,1
4.0407,1.6037,1
4.0407,1.6133,1
4.0408,1.6214,1
4.0408,1.6351,1
4.0408,1.6464,1
4.0408,1.6609,1
4.0408,1.6673,1
4.0408,1.6770,1
4.0408,1.6802,1
4.0409,1.6770,1
4.0409,1.6802,1
4.0409,1.6770,1
4.0409,1.6705,1
4.0409,1.6633,1
4.0409,1.6504,1
4.0410,1.6383,1
4.0410,1.6262,1
4.0410,1.6141,1
4.0410,1.6093,1
4.0410,1.6069,1
4.0410,1.6037,1
4.0410,1.6101,1
4.0411,1.6238,1
4.0411,1.6319,1
4.0411,1.6456,1
4.0411,1.6593,1
4.0411,1.6689,1
4.0411,1.6770,1
4.0412,1.6778,1
4.0412,1.6786,1
4.0412,1.6810,1
4.0670,1.6834,1
4.0670,1.6705,1
4.0670,1.6593,1
4.0670,1.6536,1
4.0671,1.6423,1
4.0671,1.6295,1
4.0671,1.6174,1
4.0671,1.6053,1
4.0671,1.6029,1
4.0671,1.6053,1
4.0671,1.6125,1
4.0672,1.6190,1
4.0672,1.6343,1
4.0672,1.6504,1
4.0672,1.6641,1
4.0672,1.6681,1
4.0672,1.6738,1
4.0672,1.6786,1
4.0673,1.6778,1
4.0673,1.6778,1
4.0673,1.6730,1
4.0673,1.6665,1
4.0673,1.6601,1
4.0673,1.6488,1
4.0674,1.6399,1
4.0674,1.6270,1
4.0674,1.6158,1
4.0674,1.6117,1
4.0674,1.6085,1
4.0674,1.6045,1
4.0675,1.6093,1
4.0675,1.6206,1
4.0675,1.6270,1
4.0675,1.6407,1
4.0675,1.6512,1
4.0675,1.6657,1
4.0675,1.6730,1
4.0676,1.6786,1
4.0676,1.6826,1
4.0676,1.6810,1
4.0676,1.6778,1
4.0676,1.6746,1
4.0676,1.6617,1
4.0677,1.6552,1
4.0677,1.6448,1
4.0677,1.6319,1
4.0677,1.6158,1
4.0677,1.6077,1
4.0677,1.5980,1
4.0678,1.6053,1
4.0678,1.6117,1
4.0678,1.6222,1
4.0678,1.6343,1
4.0678,1.6472,1
4.0932,1.6625,1
4.0932,1.6665,1
4.0933,1.6746,1
4.0933,1.6810,1
4.0933,1.6786,1
4.0933,1.6786,1
4.0933,1.6738,1
4.0933,1.6714,1
4.0934,1.6641,1
4.0934,1.6504,1
4.0934,1.6407,1
4.0934,1.6303,1
4.0934,1.6190,1
4.0934,1.6166,1
4.0934,1.6093,1
4.0935,1.6077,1
4.0935,1.6149,1
4.0935,1.6222,1
4.0935,1.6311,1
4.0935,1.6432,1
4.0936,1.6544,1
4.0936,1.6641,1
4.0936,1.6722,1
4.0936,1.6770,1
4.0936,1.6794,1
4.0936,1.6810,1
4.0936,1.6738,1
4.0937,1.6665,1
4.0937,1.6875,1
4.0937,1.6504,1
4.0937,1.6407,1
4.0937,1.6254,1
4.0937,1.6133,1
4.0938,1.6037,1
4.0938,1.6004,1
4.0938,1.6037,1
4.0938,1.6117,1
4.0938,1.6182,1
4.0938,1.6335,1
4.0938,1.6448,1
4.0939,1.6577,1
4.0939,1.6665,1
4.0939,1.6746,1
4.0939,1.6786,1
4.0939,1.6802,1
4.0939,1.6786,1
4.0940,1.6730,1
4.0940,1.6705,1
4.0940,1.6601,1
4.0940,1.6496,1
4.0940,1.6423,1
4.0940,1.6278,1
4.1202,1.6174,1
4.1202,1.6149,1
4.1202,1.6093,1
4.1202,1.6061,1
4.1203,1.6149,1
4.1203,1.6230,1
4.1203,1.6327,1
4.1203,1.6423,1
4.1203,1.6577,1
4.1203,1.6633,1
4.1204,1.6722,1
4.1204,1.6770,1
4.1204,1.6802,1
4.1204,1.6762,1
4.1204,1.6722,1
4.1204,1.6665,1
4.1204,1.6601,1
4.1205,1.6528,1
4.1205,1.6391,1
4.1205,1.6286,1
4.1205,1.6158,1
4.1205,1.6053,1
4.1205,1.6004,1
4.1206,1.6021,1
4.1206,1.6061,1
4.1206,1.6198,1
4.1206,1.6109,1
4.1206,1.6351,1
4.1206,1.6617,1
4.1207,1.6730,1
4.1207,1.6778,1
4.1207,1.6786,1
4.1207,1.6802,1
4.1207,1.6754,1
4.1207,1.6705,1
4.1208,1.6665,1
4.1208,1.6585,1
4.1208,1.6488,1
4.1208,1.6383,1
4.1208,1.6278,1
4.1208,1.6158,1
4.1208,1.6117,1
4.1209,1.6069,1
4.1209,1.6029,1
4.1209,1.6109,1
4.1209,1.6190,1
4.1209,1.6286,1
4.1209,1.6432,1
4.1210,1.6560,1
4.1210,1.6657,1
4.1210,1.6730,1
4.1210,1.7052,1
4.1210,1.6810,1
4.1210,1.6786,1
4.1471,1.6746,1
4.1471,1.6689,1
4.1471,1.6617,1
4.1472,1.6544,1
4.1472,1.6423,1
4.1472,1.6303,1
4.1472,1.6182,1
4.1472,1.5964,1
4.1472,1.6061,1
4.1473,1.6053,1
4.1473,1.6085,1
4.1473,1.6238,1
4.1473,1.6351,1
4.1473,1.6536,1
4.1473,1.6641,1
4.1473,1.6673,1
4.1474,1.6810,1
4.1474,1.6834,1
4.1474,1.6810,1
4.1474,1.6834,1
4.1474,1.6762,1
4.1474,1.6738,1
4.1475,1.6552,1
4.1475,1.6432,1
4.1475,1.6407,1
4.1475,1.6270,1
4.1475,1.6133,1
4.1475,1.6141,1
4.1476,1.6109,1
4.1476,1.6117,1
4.1476,1.6149,1
4.1476,1.6214,1
4.1476,1.6375,1
4.1476,1.6464,1
4.1476,1.6560,1
4.1477,1.6641,1
4.1477,1.6568,1
4.1477,1.6867,1
4.1477,1.6762,1
4.1477,1.6826,1
4.1477,1.6802,1
4.1477,1.6722,1
4.1478,1.6649,1
4.1478,1.6552,1
4.1478,1.6464,1
4.1478,1.6311,1
4.1478,1.6214,1
4.1478,1.6085,1
4.1479,1.6278,1
4.1479,1.6069,1
4.1479,1.6230,1
4.1479,1.6230,1
4.1479,1.6351,1
4.1479,1.6448,1
4.1739,1.6593,1
4.1740,1.6697,1
4.1740,1.6786,1
4.1740,1.6794,1
4.1740,1.6802,1
4.1740,1.6826,1
4.1741,1.6762,1
4.1741,1.6649,1
4.1741,1.6649,1
4.1741,1.6560,1
4.1741,1.6407,1
4.1741,1.6359,1
4.1741,1.6190,1
4.1742,1.6182,1
4.1742,1.6093,1
4.1742,1.6069,1
4.1742,1.6045,1
4.1742,1.6246,1
4.1742,1.6278,1
4.1742,1.6343,1
4.1743,1.6544,1
4.1743,1.6722,1
4.1743,1.6754,1
4.1743,1.7012,1
4.1743,1.6778,1
4.1743,1.6802,1
4.1743,1.6754,1
4.1744,1.6714,1
4.1744,1.6496,1
4.1744,1.6544,1
4.1744,1.6423,1
4.1744,1.6303,1
4.1744,1.6182,1
4.1745,1.6069,1
4.1745,1.6045,1
4.1745,1.6053,1
4.1745,1.6141,1
4.1745,1.6222,1
4.1745,1.6343,1
4.1745,1.6448,1
4.1746,1.6585,1
4.1746,1.6689,1
4.1746,1.6770,1
4.1746,1.6802,1
4.1746,1.6834,1
4.1746,1.6746,1
4.1747,1.6762,1
4.1747,1.6730,1
4.1747,1.6633,1
4.1747,1.6536,1
4.1747,1.6472,1
4.1747,1.6303,1
4.1748,1.6198,1
4.1748,1.6166,1
4.2015,1.6206,1
4.2015,1.6141,1
4.2015,1.6174,1
4.2015,1.6262,1
4.2015,1.6351,1
4.2016,1.6456,1
4.2016,1.6633,1
4.2016,1.6673,1
4.2016,1.6617,1
4.2016,1.6818,1
4.2016,1.6891,1
4.2017,1.6834,1
4.2017,1.6810,1
4.2017,1.6754,1
4.2017,1.6657,1
4.2017,1.6158,1
4.2017,1.6512,1
4.2018,1.6391,1
4.2018,1.6270,1
4.2018,1.6246,1
4.2018,1.5948,1
4.2018,1.6214,1
4.2018,1.6190,1
4.2019,1.6303,1
4.2019,1.6415,1
4.2019,1.6480,1
4.2019,1.6560,1
4.2019,1.7173,1
4.2019,1.6722,1
4.2019,1.6786,1
4.2020,1.6818,1
4.2020,1.7100,1
4.2020,1.6738,1
4.2020,1.6673,1
4.2020,1.6641,1
4.2020,1.6504,1
4.2021,1.6407,1
4.2021,1.6295,1
4.2021,1.6214,1
4.2021,1.6182,1
4.2021,1.6158,1
4.2021,1.6166,1
4.2021,1.6206,1
4.2022,1.6311,1
4.2022,1.6375,1
4.2022,1.6504,1
4.2022,1.6560,1
4.2022,1.6762,1
4.2022,1.6722,1
4.2023,1.6875,1
4.2023,1.6915,1
4.2023,1.6875,1
4.2023,1.6931,1
4.2023,1.6786,1
4.2023,1.6754,1
4.2296,1.6593,1
4.2296,1.6480,1
4.2296,1.6383,1
4.2296,1.6286,1
4.2297,1.6101,1
4.2297,1.6109,1
4.2297,1.6069,1
4.2297,1.6158,1
4.2297,1.6254,1
4.2297,1.6383,1
4.2298,1.6504,1
4.2298,1.6931,1
4.2298,1.6746,1
4.2298,1.6770,1
4.2298,1.6689,1
4.2298,1.6883,1
4.2298,1.6826,1
4.2299,1.6722,1
4.2299,1.6746,1
4.2299,1.6722,1
4.2299,1.6528,1
4.2299,1.6351,1
4.2299,1.6335,1
4.2299,1.6327,1
4.2300,1.6190,1
4.2300,1.5867,1
4.2300,1.6190,1
4.2300,1.6254,1
4.2300,1.6286,1
4.2300,1.6496,1
4.2301,1.6520,1
4.2301,1.6665,1
4.2301,1.6754,1
4.2301,1.6601,1
4.2301,1.6842,1
4.2301,1.6681,1
4.2301,1.6867,1
4.2302,1.6810,1
4.2302,1.6738,1
4.2302,1.6665,1
4.2302,1.6560,1
4.2302,1.6440,1
4.2303,1.6278,1
4.2303,1.6149,1
4.2303,1.6069,1
4.2303,1.6029,1
4.2303,1.6045,1
4.2303,1.6117,1
4.2304,1.6222,1
4.2304,1.6351,1
4.2304,1.6480,1
4.2304,1.6593,1
4.2304,1.6714,1
4.2304,1.6786,1
4.2304,1.6802,1
4.2305,1.6778,1
4.2581,1.6810,1
4.2581,1.6786,1
4.2581,1.6689,1
4.2582,1.6560,1
4.2582,1.6488,1
4.2582,1.6391,1
4.2582,1.6303,1
4.2582,1.6206,1
4.2582,1.6125,1
4.2582,1.6021,1
4.2583,1.6029,1
4.2583,1.6166,1
4.2583,1.6133,1
4.2583,1.6343,1
4.2583,1.6472,1
4.2583,1.6641,1
4.2583,1.6681,1
4.2584,1.6681,1
4.2584,1.6794,1
4.2584,1.6802,1
4.2584,1.6818,1
4.2584,1.6714,1
4.2584,1.6762,1
4.2585,1.6657,1
4.2585,1.6568,1
4.2585,1.6480,1
4.2585,1.6222,1
4.2585,1.6206,1
4.2585,1.6109,1
4.2586,1.6045,1
4.2586,1.6077,1
4.2586,1.6133,1
4.2586,1.6407,1
4.2586,1.6391,1
4.2586,1.6536,1
4.2586,1.6665,1
4.2587,1.6746,1
4.2587,1.6778,1
4.2587,1.6851,1
4.2587,1.6834,1
4.2587,1.6826,1
4.2587,1.6786,1
4.2588,1.6738,1
4.2588,1.6689,1
4.2588,1.6464,1
4.2588,1.6504,1
4.2588,1.6319,1
4.2588,1.6238,1
4.2589,1.6206,1
4.2589,1.6141,1
4.2589,1.6190,1
4.2589,1.6746,1
4.2589,1.6488,1
4.2589,1.6295,1
4.2589,1.6295,1
4.2590,1.6585,1
4.2590,1.6673,1
4.2868,1.6770,1
4.2868,1.6802,1
4.2868,1.6875,1
4.2868,1.6851,1
4.2868,1.6810,1
4.2869,1.6754,1
4.2869,1.6697,1
4.2869,1.6593,1
4.2870,1.6488,1
4.2870,1.6351,1
4.2870,1.6246,1
4.2870,1.6125,1
4.2870,1.6117,1
4.2870,1.6222,1
4.2871,1.6182,1
4.2871,1.6270,1
4.2871,1.6383,1
4.2871,1.6496,1
4.2871,1.6665,1
4.2871,1.6560,1
4.2871,1.6818,1
4.2872,1.6939,1
4.2872,1.6842,1
4.2872,1.6786,1
4.2872,1.6842,1
4.2872,1.6738,1
4.2872,1.6673,1
4.2873,1.6528,1
4.2873,1.6432,1
4.2873,1.6295,1
4.2873,1.6206,1
4.2873,1.6480,1
4.2873,1.6061,1
4.2874,1.6101,1
4.2874,1.6149,1
4.2874,1.6222,1
4.2874,1.6327,1
4.2874,1.6472,1
4.2874,1.6552,1
4.2874,1.6762,1
4.2875,1.6770,1
4.2875,1.6859,1
4.2875,1.6794,1
4.2875,1.6851,1
4.2875,1.6818,1
4.2875,1.6786,1
4.2875,1.6689,1
4.2876,1.6601,1
4.2876,1.6480,1
4.2876,1.6391,1
4.2876,1.6238,1
4.2876,1.6214,1
4.2876,1.6093,1
4.2877,1.6085,1
4.2877,1.6198,1
4.2877,1.6327,1
4.2877,1.6399,1
4.3160,1.6552,1
4.3160,1.6665,1
4.3160,1.6770,1
4.3160,1.6826,1
4.3160,1.6859,1
4.3160,1.6834,1
4.3161,1.6923,1
4.3161,1.6786,1
4.3161,1.6754,1
4.3161,1.6657,1
4.3161,1.6552,1
4.3161,1.6432,1
4.3162,1.6246,1
4.3162,1.6206,1
4.3162,1.6149,1
4.3162,1.6133,1
4.3162,1.6174,1
4.3162,1.6182,1
4.3162,1.6270,1
4.3163,1.6375,1
4.3163,1.6512,1
4.3163,1.6536,1
4.3163,1.6705,1
4.3163,1.6842,1
4.3163,1.6834,1
4.3164,1.6842,1
4.3164,1.6899,1
4.3164,1.6818,1
4.3164,1.7084,1
4.3164,1.6633,1
4.3164,1.6552,1
4.3164,1.6456,1
4.3165,1.6359,1
4.3165,1.6182,1
4.3165,1.6093,1
4.3165,1.6061,1
4.3165,1.6069,1
4.3165,1.6149,1
4.3166,1.6246,1
4.3166,1.6383,1
4.3166,1.6617,1
4.3166,1.6649,1
4.3166,1.6657,1
4.3166,1.6810,1
4.3167,1.6818,1
4.3167,1.6867,1
4.3167,1.6851,1
4.3167,1.6818,1
4.3167,1.6778,1
4.3167,1.6689,1
4.3167,1.6568,1
4.3168,1.6456,1
4.3168,1.6295,1
4.3168,1.6214,1
4.3168,1.5795,1
4.3168,1.6166,1
4.3168,1.6117,1
4.3168,1.6230,1
4.3169,1.6286,1
4.3454,1.6407,1
4.3454,1.6512,1
4.3454,1.6577,1
4.3455,1.6738,1
4.3455,1.6794,1
4.3455,1.6818,1
4.3455,1.6883,1
4.3455,1.6915,1
4.3455,1.6754,1
4.3455,1.6746,1
4.3456,1.6697,1
4.3456,1.6560,1
4.3456,1.6456,1
4.3456,1.6206,1
4.3456,1.6190,1
4.3456,1.6101,1
4.3457,1.6101,1
4.3457,1.6069,1
4.3457,1.6182,1
4.3457,1.6254,1
4.3457,1.6375,1
4.3457,1.6552,1
4.3458,1.6641,1
4.3458,1.6778,1
4.3458,1.6842,1
4.3458,1.6722,1
4.3458,1.6963,1
4.3458,1.7028,1
4.3459,1.6794,1
4.3459,1.6746,1
4.3459,1.6641,1
4.3459,1.6544,1
4.3459,1.6464,1
4.3459,1.6311,1
4.3459,1.6230,1
4.3460,1.6198,1
4.3460,1.6141,1
4.3460,1.6206,1
4.3460,1.6198,1
4.3460,1.6327,1
4.3460,1.6367,1
4.3461,1.6504,1
4.3461,1.6633,1
4.3461,1.6697,1
4.3461,1.6794,1
4.3461,1.6834,1
4.3461,1.6947,1
4.3462,1.6867,1
4.3462,1.6834,1
4.3462,1.6754,1
4.3462,1.6665,1
4.3462,1.6609,1
4.3462,1.6472,1
4.3463,1.6351,1
4.3463,1.6206,1
4.3463,1.5980,1
4.3463,1.6101,1
4.3463,1.6117,1
4.3463,1.6222,1
4.3747,1.6286,1
4.3747,1.6399,1
4.3748,1.6560,1
4.3748,1.6673,1
4.3748,1.6657,1
4.3748,1.6859,1
4.3748,1.6899,1
4.3749,1.6939,1
4.3749,1.6899,1
4.3749,1.6794,1
4.3749,1.6722,1
4.3749,1.6681,1
4.3749,1.6552,1
4.3749,1.6456,1
4.3750,1.6335,1
4.3750,1.6270,1
4.3750,1.6174,1
4.3750,1.6117,1
4.3750,1.6141,1
4.3750,1.6158,1
4.3751,1.6303,1
4.3751,1.6359,1
4.3751,1.6496,1
4.3751,1.6633,1
4.3751,1.6738,1
4.3751,1.6802,1
4.3751,1.6851,1
4.3752,1.6859,1
4.3752,1.6867,1
4.3752,1.6802,1
4.3752,1.6754,1
4.3752,1.6665,1
4.3752,1.6585,1
4.3753,1.6512,1
4.3753,1.6367,1
4.3753,1.6222,1
4.3753,1.6141,1
4.3753,1.6093,1
4.3753,1.6077,1
4.3753,1.6182,1
4.3754,1.6254,1
4.3754,1.6383,1
4.3754,1.6488,1
4.3754,1.6609,1
4.3754,1.6746,1
4.3754,1.6762,1
4.3755,1.6859,1
4.3755,1.6794,1
4.3755,1.6826,1
4.3755,1.6786,1
4.3755,1.6851,1
4.3755,1.6681,1
4.3756,1.6560,1
4.3756,1.6472,1
4.3756,1.6319,1
4.3756,1.6270,1
4.3756,1.6182,1
4.3756,1.6158,1
4.4048,1.6141,1
4.4048,1.6198,1
4.4048,1.6262,1
4.4048,1.6343,1
4.4048,1.6480,1
4.4049,1.6577,1
4.4049,1.6689,1
4.4049,1.6754,1
4.4049,1.6818,1
4.4049,1.6859,1
4.4049,1.6867,1
4.4049,1.6826,1
4.4050,1.6762,1
4.4050,1.6665,1
4.4050,1.6625,1
4.4050,1.6496,1
4.4050,1.6335,1
4.4050,1.6230,1
4.4050,1.6149,1
4.4051,1.6133,1
4.4051,1.6077,1
4.4051,1.6166,1
4.4051,1.6278,1
4.4051,1.6407,1
4.4051,1.6552,1
4.4051,1.6649,1
4.4052,1.6746,1
4.4052,1.6681,1
4.4052,1.6891,1
4.4052,1.6931,1
4.4052,1.6883,1
4.4053,1.6867,1
4.4053,1.6778,1
4.4053,1.6665,1
4.4053,1.6512,1
4.4053,1.6456,1
4.4053,1.6351,1
4.4054,1.6286,1
4.4054,1.6166,1
4.4054,1.6117,1
4.4054,1.6125,1
4.4054,1.6190,1
4.4054,1.6278,1
4.4055,1.6375,1
4.4055,1.6496,1
4.4055,1.6641,1
4.4055,1.6722,1
4.4055,1.6802,1
4.4055,1.6851,1
4.4055,1.6891,1
4.4056,1.6875,1
4.4056,1.6826,1
4.4056,1.6762,1
4.4056,1.6681,1
4.4056,1.6609,1
4.4056,1.6496,1
4.4057,1.6343,1
4.4057,1.6214,1
4.4057,1.6158,1
4.4057,1.6045,1
4.4349,1.6093,1
4.4349,1.6174,1
4.4349,1.6278,1
4.4349,1.6488,1
4.4349,1.6560,1
4.4350,1.6641,1
4.4350,1.6810,1
4.4350,1.6859,1
4.4350,1.6818,1
4.4350,1.6915,1
4.4350,1.6512,1
4.4351,1.6915,1
4.4351,1.6778,1
4.4351,1.6689,1
4.4351,1.6568,1
4.4351,1.6480,1
4.4351,1.6319,1
4.4352,1.6278,1
4.4352,1.6206,1
4.4352,1.6166,1
4.4352,1.6166,1
4.4352,1.6190,1
4.4353,1.6286,1
4.4353,1.6375,1
4.4353,1.6528,1
4.4353,1.6657,1
4.4353,1.6714,1
4.4353,1.6786,1
4.4354,1.6851,1
4.4354,1.6851,1
4.4354,1.6875,1
4.4354,1.6842,1
4.4354,1.6810,1
4.4354,1.6794,1
4.4354,1.6625,1
4.4355,1.6512,1
4.4355,1.6391,1
4.4355,1.6262,1
4.4355,1.6125,1
4.4355,1.6125,1
4.4355,1.6125,1
4.4355,1.6182,1
4.4356,1.6278,1
4.4356,1.6407,1
4.4356,1.6544,1
4.4356,1.6649,1
4.4356,1.6786,1
4.4356,1.6875,1
4.4357,1.6802,1
4.4357,1.6915,1
4.4357,1.6923,1
4.4357,1.6778,1
4.4357,1.6730,1
4.4357,1.6665,1
4.4358,1.6496,1
4.4358,1.6488,1
4.4358,1.6351,1
4.4358,1.6311,1
4.4358,1.6214,1
4.4358,1.6141,1
4.4359,1.6174,1
4.4744,1.6206,1
4.4745,1.6278,1
4.4745,1.6375,1
4.4745,1.6520,1
4.4745,1.6649,1
4.4745,1.6754,1
4.4746,1.6794,1
4.4746,1.6875,1
4.4746,1.6851,1
4.4746,1.6867,1
4.4746,1.6826,1
4.4746,1.6754,1
4.4747,1.6730,1
4.4747,1.6601,1
4.4747,1.6520,1
4.4747,1.6375,1
4.4747,1.6254,1
4.4747,1.6198,1
4.4748,1.6101,1
4.4748,1.6125,1
4.4748,1.6214,1
4.4748,1.6303,1
4.4748,1.6423,1
4.4748,1.6552,1
4.4749,1.6536,1
4.4749,1.6786,1
4.4749,1.6826,1
4.4749,1.6867,1
4.4749,1.6851,1
4.4749,1.6907,1
4.4749,1.6818,1
4.4750,1.6754,1
4.4750,1.6689,1
4.4750,1.6577,1
4.4750,1.6488,1
4.4750,1.6295,1
4.4750,1.6286,1
4.4751,1.6230,1
4.4751,1.6198,1
4.4751,1.6182,1
4.4751,1.6182,1
4.4751,1.6327,1
4.4751,1.6270,1
4.4751,1.6577,1
4.4752,1.6657,1
4.4752,1.6762,1
4.4752,1.6842,1
4.4752,1.6899,1
4.4752,1.6915,1
4.4752,1.6875,1
4.4753,1.6851,1
4.4753,1.6802,1
4.4753,1.6770,1
4.4753,1.6673,1
4.4753,1.6472,1
4.4753,1.6359,1
4.4754,1.6206,1
4.4754,1.6109,1
4.4754,1.6085,1
4.4754,1.6101,1
4.4754,1.6214,1
4.4754,1.6295,1
4.4755,1.6456,1
4.4755,1.6560,1
4.4755,1.6697,1
4.4755,1.6794,1
4.4755,1.6859,1
4.4755,1.6867,1
4.4755,1.6947,1
4.4756,1.6883,1
4.4756,1.6915,1
4.4756,1.6794,1
4.4756,1.6673,1
4.4756,1.6633,1
4.4756,1.6480,1
4.4757,1.6375,1
4.4757,1.6327,1
4.4757,1.6198,1
4.4757,1.6190,1
4.5126,1.6206,1
4.5126,1.6214,1
4.5126,1.6375,1
4.5127,1.6383,1
4.5127,1.6536,1
4.5127,1.6657,1
4.5127,1.6762,1
4.5127,1.6826,1
4.5127,1.6899,1
4.5128,1.6923,1
4.5128,1.6891,1
4.5128,1.6867,1
4.5128,1.6786,1
4.5128,1.6738,1
4.5128,1.6673,1
4.5129,1.6544,1
4.5129,1.6448,1
4.5129,1.6278,1
4.5129,1.6319,1
4.5129,1.6149,1
4.5129,1.6149,1
4.5130,1.6222,1
4.5130,1.6319,1
4.5130,1.6440,1
4.5130,1.6577,1
4.5130,1.6681,1
4.5130,1.6770,1
4.5130,1.6826,1
4.5131,1.6818,1
4.5131,1.6826,1
4.5131,1.6754,1
4.5131,1.6738,1
4.5131,1.6746,1
4.5131,1.6834,1
4.5132,1.6593,1
4.5132,1.6488,1
4.5132,1.6399,1
4.5132,1.6303,1
4.5132,1.6327,1
4.5133,1.6198,1
4.5133,1.6262,1
4.5133,1.6351,1
4.5133,1.6448,1
4.5133,1.6552,1
4.5133,1.6665,1
4.5133,1.6730,1
4.5134,1.6867,1
4.5134,1.6810,1
4.5134,1.6867,1
4.5134,1.6971,1
4.5134,1.7020,1
4.5134,1.6939,1
4.5134,1.6899,1
4.5135,1.6722,1
4.5135,1.6665,1
4.5135,1.6577,1
4.5135,1.6270,1
4.5136,1.6319,1
4.5136,1.6085,1
4.5136,1.6174,1
4.5136,1.6182,1
4.5136,1.6246,1
4.5136,1.6270,1
4.5136,1.6399,1
4.5137,1.6520,1
4.5137,1.6601,1
4.5137,1.6649,1
4.5137,1.6738,1
4.5137,1.6786,1
4.5138,1.6746,1
4.5138,1.6762,1
4.5138,1.6778,1
4.5138,1.6681,1
4.5138,1.6722,1
4.5138,1.6568,1
4.5138,1.6383,1
4.5139,1.6351,1
4.5511,1.6319,1
4.5511,1.6230,1
4.5511,1.6206,1
4.5511,1.6214,1
4.5512,1.6238,1
4.5512,1.6351,1
4.5512,1.6440,1
4.5512,1.6520,1
4.5512,1.6633,1
4.5512,1.6730,1
4.5512,1.6705,1
4.5513,1.6722,1
4.5513,1.6883,1
4.5513,1.6859,1
4.5513,1.6778,1
4.5513,1.6786,1
4.5513,1.6714,1
4.5514,1.6633,1
4.5514,1.6560,1
4.5514,1.6367,1
4.5514,1.6246,1
4.5514,1.6206,1
4.5514,1.6109,1
4.5515,1.6085,1
4.5515,1.6262,1
4.5515,1.6286,1
4.5515,1.6335,1
4.5515,1.6432,1
4.5515,1.6432,1
4.5516,1.6617,1
4.5516,1.6665,1
4.5516,1.6778,1
4.5516,1.6746,1
4.5516,1.6762,1
4.5516,1.6786,1
4.5517,1.6746,1
4.5517,1.6633,1
4.5517,1.6560,1
4.5517,1.6472,1
4.5517,1.6262,1
4.5517,1.6158,1
4.5517,1.6230,1
4.5518,1.6343,1
4.5518,1.6117,1
4.5518,1.6166,1
4.5518,1.6295,1
4.5518,1.6399,1
4.5518,1.6504,1
4.5518,1.6617,1
4.5519,1.6681,1
4.5519,1.6762,1
4.5519,1.6883,1
4.5519,1.6875,1
4.5519,1.6762,1
4.5519,1.6778,1
4.5520,1.6738,1
4.5520,1.6560,1
4.5520,1.6585,1
4.5520,1.6488,1
4.5520,1.6375,1
4.5520,1.6270,1
4.5521,1.6133,1
4.5521,1.6149,1
4.5521,1.6141,1
4.5521,1.6093,1
4.5521,1.6295,1
4.5521,1.6456,1
4.5522,1.6544,1
4.5522,1.6641,1
4.5522,1.6722,1
4.5522,1.6714,1
4.5522,1.6810,1
4.5522,1.6818,1
4.5523,1.6802,1
4.5523,1.6722,1
4.5523,1.6762,1
4.5523,1.6697,1
4.5897,1.6577,1
4.5897,1.6464,1
4.5897,1.6222,1
4.5898,1.6174,1
4.5898,1.6278,1
4.5898,1.6206,1
4.5898,1.6198,1
4.5898,1.6214,1
4.5898,1.6311,1
4.5898,1.6391,1
4.5899,1.6536,1
4.5899,1.6601,1
4.5899,1.6673,1
4.5899,1.6738,1
4.5899,1.6786,1
4.5899,1.6826,1
4.5900,1.6786,1
4.5900,1.6568,1
4.5900,1.6754,1
4.5900,1.6673,1
4.5900,1.6633,1
4.5900,1.6512,1
4.5900,1.6383,1
4.5901,1.6295,1
4.5901,1.6222,1
4.5901,1.6174,1
4.5901,1.6077,1
4.5901,1.6101,1
4.5901,1.6311,1
4.5902,1.6383,1
4.5902,1.6528,1
4.5902,1.6657,1
4.5902,1.6762,1
4.5902,1.6601,1
4.5903,1.6867,1
4.5903,1.6883,1
4.5903,1.6842,1
4.5903,1.6826,1
4.5903,1.6754,1
4.5903,1.6722,1
4.5904,1.6585,1
4.5904,1.6448,1
4.5904,1.6415,1
4.5904,1.6182,1
4.5904,1.6278,1
4.5904,1.6254,1
4.5905,1.6238,1
4.5905,1.6367,1
4.5905,1.6351,1
4.5905,1.6456,1
4.5905,1.6617,1
4.5905,1.6633,1
4.5905,1.6722,1
4.5906,1.6883,1
4.5906,1.6738,1
4.5906,1.6859,1
4.5906,1.6867,1
4.5906,1.6842,1
4.5906,1.6818,1
4.5907,1.6730,1
4.5907,1.6617,1
4.5907,1.6544,1
4.5907,1.6456,1
4.5907,1.6593,1
4.5907,1.6238,1
4.5908,1.6182,1
4.5908,1.6158,1
4.5908,1.6319,1
4.5908,1.6359,1
4.5908,1.6496,1
4.5908,1.6585,1
4.5909,1.6681,1
4.5909,1.6818,1
4.5909,1.6867,1
4.5909,1.6875,1
4.5909,1.6939,1
4.5909,1.6923,1
4.6323,1.6859,1
4.6323,1.6673,1
4.6324,1.6851,1
4.6324,1.6649,1
4.6324,1.6560,1
4.6324,1.6440,1
4.6324,1.6375,1
4.6324,1.6319,1
4.6325,1.6286,1
4.6325,1.6278,1
4.6325,1.6367,1
4.6325,1.6351,1
4.6325,1.6456,1
4.6325,1.6577,1
4.6326,1.6649,1
4.6326,1.6762,1
4.6326,1.6834,1
4.6326,1.6891,1
4.6326,1.6907,1
4.6326,1.6875,1
4.6327,1.6834,1
4.6327,1.6834,1
4.6327,1.6738,1
4.6327,1.6673,1
4.6327,1.6657,1
4.6327,1.6415,1
4.6328,1.6311,1
4.6328,1.6254,1
4.6328,1.6230,1
4.6328,1.6270,1
4.6328,1.6585,1
4.6328,1.6343,1
4.6328,1.6520,1
4.6329,1.6560,1
4.6329,1.6722,1
4.6329,1.6802,1
4.6329,1.6754,1
4.6329,1.6907,1
4.6329,1.6891,1
4.6330,1.6826,1
4.6330,1.6891,1
4.6330,1.6851,1
4.6330,1.6810,1
4.6330,1.6657,1
4.6330,1.6585,1
4.6331,1.6456,1
4.6331,1.6399,1
4.6331,1.6343,1
4.6331,1.6254,1
4.6331,1.6295,1
4.6331,1.6335,1
4.6332,1.6359,1
4.6332,1.6593,1
4.6332,1.6601,1
4.6332,1.6697,1
4.6332,1.6762,1
4.6332,1.6875,1
4.6333,1.6875,1
4.6333,1.6923,1
4.6333,1.6560,1
4.6333,1.6939,1
4.6333,1.6875,1
4.6333,1.6818,1
4.6333,1.6722,1
4.6334,1.6601,1
4.6334,1.6488,1
4.6334,1.6407,1
4.6334,1.6327,1
4.6334,1.6303,1
4.6334,1.6174,1
4.6335,1.6319,1
4.6335,1.6383,1
4.6335,1.6617,1
4.6335,1.6560,1
4.6335,1.6705,1
4.6335,1.6794,1
4.6336,1.6859,1
4.6336,1.6875,1
4.6336,1.6923,1
4.6336,1.6883,1
4.6336,1.6834,1
4.6336,1.6875,1
4.6336,1.6762,1
4.6337,1.6375,1
4.6337,1.6568,1
4.6756,1.6472,1
4.6756,1.6407,1
4.6757,1.6335,1
4.6757,1.6311,1
4.6757,1.6295,1
4.6757,1.6415,1
4.6757,1.6391,1
4.6758,1.6488,1
4.6758,1.6472,1
4.6758,1.5932,1
4.6758,1.6851,1
4.6758,1.6931,1
4.6758,1.6971,1
4.6758,1.6963,1
4.6759,1.6923,1
4.6759,1.6939,1
4.6759,1.6875,1
4.6759,1.6754,1
4.6759,1.6673,1
4.6759,1.6585,1
4.6760,1.6440,1
4.6760,1.6286,1
4.6760,1.6295,1
4.6760,1.6174,1
4.6760,1.6053,1
4.6760,1.6295,1
4.6760,1.6198,1
4.6761,1.6496,1
4.6761,1.6601,1
4.6761,1.6705,1
4.6761,1.6778,1
4.6761,1.6851,1
4.6761,1.6875,1
4.6761,1.6875,1
4.6762,1.6875,1
4.6762,1.6851,1
4.6762,1.7036,1
4.6762,1.6754,1
4.6762,1.6617,1
4.6762,1.6504,1
4.6763,1.6448,1
4.6763,1.6423,1
4.6763,1.6278,1
4.6763,1.6335,1
4.6763,1.6262,1
4.6763,1.6375,1
4.6764,1.6375,1
4.6764,1.6488,1
4.6764,1.6601,1
4.6764,1.6714,1
4.6764,1.6665,1
4.6764,1.6859,1
4.6765,1.6915,1
4.6765,1.6931,1
4.6765,1.6963,1
4.6765,1.6891,1
4.6765,1.6834,1
4.6765,1.6738,1
4.6766,1.6730,1
4.6766,1.6577,1
4.6766,1.6480,1
4.6766,1.6391,1
4.6766,1.6303,1
4.6766,1.6262,1
4.6767,1.6311,1
4.6767,1.6286,1
4.6767,1.6327,1
4.6767,1.6480,1
4.6767,1.6585,1
4.6767,1.6705,1
4.6768,1.6786,1
4.6768,1.6834,1
4.6768,1.6915,1
4.6768,1.6915,1
4.6768,1.6907,1
4.6768,1.6891,1
4.6768,1.6842,1
4.6769,1.6762,1
4.6769,1.6673,1
4.6769,1.6577,1
4.6769,1.6407,1
4.6769,1.6399,1
4.6769,1.6351,1
4.6770,1.6359,1
4.6770,1.6214,1
4.6770,1.6359,1
4.6770,1.6335,1
4.7214,1.6512,1
4.7214,1.6593,1
4.7215,1.6786,1
4.7215,1.6770,1
4.7215,1.6899,1
4.7215,1.6923,1
4.7215,1.6971,1
4.7215,1.7004,1
4.7216,1.6907,1
4.7216,1.6818,1
4.7216,1.6730,1
4.7216,1.6681,1
4.7216,1.6609,1
4.7216,1.6464,1
4.7217,1.6335,1
4.7217,1.6278,1
4.7217,1.6238,1
4.7217,1.6270,1
4.7217,1.6335,1
4.7217,1.6391,1
4.7218,1.6512,1
4.7218,1.6617,1
4.7218,1.6641,1
4.7218,1.6577,1
4.7218,1.6891,1
4.7218,1.6907,1
4.7219,1.6939,1
4.7219,1.6923,1
4.7219,1.6867,1
4.7219,1.6786,1
4.7219,1.6754,1
4.7219,1.6649,1
4.7219,1.6528,1
4.7220,1.6665,1
4.7220,1.6367,1
4.7220,1.6270,1
4.7220,1.6246,1
4.7220,1.6246,1
4.7220,1.6303,1
4.7221,1.6335,1
4.7221,1.6464,1
4.7221,1.6512,1
4.7221,1.6673,1
4.7221,1.6738,1
4.7221,1.6818,1
4.7222,1.6577,1
4.7222,1.6931,1
4.7222,1.6939,1
4.7222,1.6963,1
4.7222,1.6859,1
4.7222,1.6778,1
4.7223,1.6939,1
4.7223,1.6568,1
4.7223,1.6456,1
4.7223,1.6367,1
4.7223,1.6560,1
4.7223,1.6230,1
4.7224,1.6206,1
4.7224,1.6278,1
4.7224,1.6399,1
4.7224,1.6504,1
4.7224,1.6585,1
4.7224,1.6738,1
4.7225,1.6810,1
4.7225,1.6883,1
4.7225,1.6705,1
4.7225,1.6939,1
4.7225,1.6923,1
4.7225,1.6883,1
4.7225,1.6859,1
4.7226,1.6794,1
4.7226,1.6697,1
4.7226,1.6593,1
4.7226,1.6488,1
4.7226,1.6407,1
4.7226,1.6303,1
4.7227,1.6303,1
4.7227,1.6278,1
4.7227,1.6351,1
4.7227,1.6391,1
4.7227,1.6504,1
4.7227,1.6601,1
4.7228,1.6705,1
4.7228,1.6851,1
4.7228,1.6818,1
4.7228,1.6867,1
4.7228,1.6899,1
4.7228,1.6899,1
4.7228,1.6875,1
4.7229,1.6810,1
4.7229,1.6778,1
4.7229,1.6681,1
4.7679,1.6601,1
4.7679,1.6536,1
4.7679,1.6383,1
4.7679,1.6286,1
4.7680,1.6246,1
4.7680,1.6254,1
4.7680,1.6286,1
4.7680,1.6399,1
4.7680,1.6512,1
4.7680,1.6609,1
4.7681,1.6697,1
4.7681,1.6826,1
4.7681,1.6931,1
4.7681,1.6883,1
4.7681,1.6899,1
4.7681,1.6883,1
4.7682,1.6859,1
4.7682,1.6875,1
4.7682,1.6770,1
4.7682,1.6673,1
4.7682,1.6568,1
4.7682,1.6472,1
4.7683,1.6407,1
4.7683,1.6327,1
4.7683,1.6391,1
4.7683,1.6262,1
4.7683,1.6335,1
4.7683,1.6359,1
4.7684,1.6480,1
4.7684,1.6601,1
4.7684,1.6730,1
4.7684,1.6794,1
4.7684,1.6867,1
4.7684,1.6931,1
4.7684,1.6939,1
4.7685,1.6923,1
4.7685,1.6907,1
4.7685,1.6826,1
4.7685,1.6786,1
4.7686,1.6689,1
4.7686,1.6665,1
4.7686,1.6480,1
4.7686,1.6407,1
4.7686,1.6230,1
4.7686,1.6254,1
4.7687,1.6262,1
4.7687,1.6432,1
4.7687,1.6391,1
4.7687,1.6496,1
4.7687,1.6593,1
4.7687,1.6730,1
4.7688,1.6818,1
4.7688,1.6859,1
4.7688,1.6859,1
4.7688,1.6923,1
4.7688,1.6963,1
4.7688,1.6851,1
4.7688,1.6842,1
4.7689,1.6762,1
4.7689,1.6681,1
4.7689,1.6568,1
4.7689,1.6472,1
4.7689,1.6415,1
4.7689,1.6319,1
4.7690,1.6295,1
4.7690,1.6254,1
4.7690,1.6327,1
4.7690,1.6367,1
4.7690,1.6488,1
4.7690,1.6568,1
4.7691,1.6681,1
4.7691,1.6746,1
4.7691,1.6891,1
4.7691,1.6867,1
4.7691,1.6907,1
4.7691,1.6923,1
4.7692,1.6891,1
4.7692,1.6867,1
4.7692,1.6786,1
4.7692,1.6657,1
4.7692,1.6601,1
4.7692,1.6520,1
4.7693,1.6391,1
4.7693,1.6303,1
4.7693,1.6254,1
4.7693,1.6230,1
4.7693,1.6303,1
4.7693,1.6399,1
4.7693,1.6512,1
4.7694,1.6617,1
4.7694,1.6722,1
4.7694,1.6834,1
4.7694,1.6923,1
4.8167,1.6955,1
4.8167,1.6931,1
4.8167,1.6931,1
4.8167,1.6867,1
4.8167,1.6834,1
4.8168,1.6786,1
4.8168,1.6657,1
4.8168,1.6577,1
4.8168,1.6577,1
4.8168,1.6399,1
4.8168,1.6343,1
4.8168,1.6383,1
4.8169,1.6303,1
4.8169,1.6343,1
4.8169,1.6464,1
4.8169,1.6520,1
4.8169,1.6625,1
4.8169,1.6697,1
4.8170,1.6697,1
4.8170,1.6907,1
4.8170,1.6931,1
4.8170,1.6947,1
4.8170,1.6947,1
4.8170,1.6915,1
4.8171,1.6875,1
4.8171,1.6786,1
4.8171,1.6746,1
4.8171,1.6625,1
4.8171,1.6544,1
4.8171,1.6415,1
4.8171,1.6303,1
4.8172,1.6254,1
4.8172,1.6238,1
4.8172,1.6303,1
4.8172,1.6391,1
4.8172,1.6585,1
4.8172,1.6609,1
4.8173,1.6746,1
4.8173,1.6818,1
4.8173,1.6851,1
4.8173,1.6947,1
4.8173,1.6923,1
4.8173,1.6939,1
4.8173,1.6883,1
4.8174,1.6859,1
4.8174,1.6762,1
4.8174,1.6641,1
4.8174,1.6544,1
4.8174,1.6488,1
4.8174,1.6367,1
4.8175,1.6319,1
4.8175,1.6278,1
4.8175,1.6262,1
4.8175,1.6319,1
4.8175,1.6367,1
4.8175,1.6464,1
4.8176,1.6577,1
4.8176,1.6681,1
4.8176,1.6834,1
4.8176,1.6883,1
4.8176,1.6907,1
4.8176,1.6931,1
4.8177,1.6923,1
4.8177,1.6891,1
4.8177,1.6851,1
4.8177,1.6762,1
4.8177,1.6649,1
4.8177,1.6577,1
4.8177,1.6520,1
4.8178,1.6383,1
4.8178,1.6319,1
4.8178,1.6238,1
4.8178,1.6222,1
4.8178,1.6286,1
4.8178,1.6383,1
4.8179,1.6480,1
4.8179,1.6601,1
4.8179,1.6705,1
4.8179,1.6794,1
4.8179,1.6867,1
4.8179,1.6923,1
4.8179,1.6883,1
4.8180,1.6875,1
4.8180,1.6802,1
4.8180,1.6867,1
4.8180,1.6746,1
4.8180,1.6657,1
4.8180,1.6552,1
4.8181,1.6440,1
4.8181,1.6391,1
4.8181,1.6343,1
4.8181,1.6278,1
4.8181,1.6278,1
4.8181,1.6351,1
4.8182,1.6440,1
4.8182,1.6456,1
4.8182,1.6609,1
4.8182,1.6697,1
4.8662,1.6778,1
4.8662,1.6851,1
4.8662,1.6899,1
4.8662,1.6915,1
4.8662,1.6915,1
4.8662,1.6899,1
4.8663,1.6794,1
4.8663,1.6770,1
4.8663,1.6722,1
4.8663,1.6593,1
4.8663,1.6520,1
4.8663,1.6423,1
4.8664,1.6335,1
4.8664,1.6286,1
4.8664,1.6327,1
4.8664,1.6311,1
4.8664,1.6423,1
4.8664,1.6512,1
4.8664,1.6601,1
4.8665,1.6714,1
4.8665,1.6826,1
4.8665,1.6923,1
4.8665,1.6955,1
4.8665,1.6947,1
4.8665,1.6963,1
4.8666,1.6891,1
4.8666,1.6875,1
4.8666,1.6851,1
4.8666,1.6730,1
4.8666,1.6609,1
4.8666,1.6568,1
4.8667,1.6415,1
4.8667,1.6351,1
4.8667,1.6319,1
4.8667,1.6295,1
4.8667,1.6367,1
4.8667,1.6391,1
4.8668,1.6496,1
4.8668,1.6609,1
4.8668,1.6746,1
4.8668,1.6851,1
4.8668,1.6907,1
4.8668,1.6859,1
4.8668,1.6979,1
4.8669,1.6649,1
4.8669,1.6947,1
4.8669,1.6899,1
4.8669,1.6842,1
4.8669,1.6544,1
4.8669,1.6568,1
4.8670,1.6585,1
4.8670,1.6456,1
4.8670,1.6327,1
4.8670,1.6270,1
4.8670,1.6254,1
4.8670,1.6327,1
4.8671,1.6407,1
4.8671,1.6496,1
4.8671,1.6560,1
4.8671,1.6762,1
4.8671,1.6818,1
4.8671,1.6883,1
4.8671,1.6939,1
4.8672,1.6899,1
4.8672,1.6899,1
4.8672,1.6955,1
4.8672,1.6826,1
4.8672,1.6762,1
4.8672,1.6593,1
4.8673,1.6625,1
4.8673,1.6536,1
4.8673,1.6456,1
4.8673,1.6359,1
4.8673,1.6351,1
4.8673,1.6327,1
4.8673,1.6351,1
4.8674,1.6448,1
4.8674,1.6689,1
4.8674,1.6528,1
4.8674,1.6673,1
4.8674,1.6754,1
4.8674,1.6794,1
4.8675,1.6810,1
4.8675,1.6842,1
4.8675,1.6834,1
4.8675,1.6818,1
4.8675,1.6810,1
4.8675,1.6754,1
4.8676,1.6681,1
4.8676,1.6560,1
4.8676,1.6496,1
4.8676,1.6399,1
4.8676,1.6327,1
4.8676,1.6214,1
4.8677,1.6383,1
4.8677,1.6254,1
4.8677,1.6311,1
4.8677,1.6448,1
4.9162,1.6552,1
4.9162,1.6673,1
4.9162,1.6786,1
4.9163,1.6810,1
4.9163,1.6834,1
4.9163,1.6883,1
4.9163,1.6915,1
4.9163,1.6810,1
4.9163,1.6794,1
4.9164,1.6730,1
4.9164,1.6689,1
4.9164,1.6834,1
4.9164,1.6190,1
4.9164,1.6343,1
4.9164,1.6214,1
4.9164,1.6141,1
4.9165,1.6141,1
4.9165,1.6278,1
4.9165,1.6303,1
4.9165,1.6448,1
4.9165,1.6520,1
4.9165,1.6738,1
4.9166,1.6730,1
4.9166,1.6810,1
4.9166,1.6778,1
4.9166,1.6867,1
4.9166,1.6867,1
4.9166,1.6923,1
4.9167,1.6810,1
4.9167,1.6810,1
4.9167,1.6746,1
4.9167,1.6649,1
4.9167,1.6641,1
4.9167,1.6641,1
4.9168,1.6375,1
4.9168,1.6432,1
4.9168,1.6512,1
4.9168,1.6278,1
4.9168,1.6512,1
4.9168,1.6552,1
4.9168,1.6689,1
4.9169,1.6705,1
4.9169,1.6834,1
4.9169,1.6899,1
4.9169,1.6883,1
4.9169,1.6883,1
4.9169,1.6778,1
4.9170,1.6891,1
4.9170,1.6834,1
4.9170,1.6657,1
4.9170,1.6665,1
4.9170,1.6480,1
4.9170,1.6399,1
4.9170,1.6367,1
4.9171,1.6053,1
4.9171,1.6351,1
4.9171,1.6343,1
4.9171,1.6270,1
4.9171,1.6464,1
4.9171,1.6609,1
4.9172,1.6641,1
4.9172,1.6738,1
4.9172,1.6810,1
4.9172,1.6931,1
4.9172,1.7004,1
4.9172,1.6851,1
4.9173,1.6931,1
4.9173,1.6851,1
4.9173,1.6826,1
4.9173,1.6673,1
4.9173,1.6657,1
4.9173,1.6625,1
4.9173,1.6448,1
4.9174,1.6303,1
4.9174,1.6182,1
4.9174,1.6109,1
4.9174,1.6117,1
4.9174,1.6214,1
4.9174,1.6182,1
4.9175,1.6738,1
4.9175,1.6488,1
4.9175,1.6560,1
4.9175,1.6641,1
4.9175,1.6665,1
4.9175,1.6383,1
4.9176,1.6697,1
4.9176,1.6818,1
4.9176,1.6714,1
4.9176,1.6625,1
4.9176,1.6577,1
4.9176,1.6568,1
4.9176,1.6520,1
4.9177,1.6448,1
4.9177,1.6230,1
4.9177,1.6343,1
4.9177,1.6391,1
4.9177,1.6399,1
4.9177,1.6480,1
4.9178,1.6593,1
4.9178,1.6673,1
4.9178,1.6770,1
4.9689,1.6891,1
4.9689,1.6899,1
4.9689,1.7197,1
4.9689,1.6971,1
4.9689,1.6963,1
4.9690,1.6915,1
4.9690,1.6778,1
4.9690,1.6762,1
4.9690,1.6665,1
4.9690,1.6577,1
4.9690,1.6536,1
4.9691,1.6448,1
4.9691,1.6278,1
4.9691,1.6246,1
4.9691,1.6512,1
4.9691,1.6230,1
4.9691,1.6311,1
4.9692,1.6319,1
4.9692,1.6504,1
4.9692,1.6295,1
4.9692,1.6947,1
4.9692,1.6834,1
4.9692,1.6907,1
4.9692,1.6955,1
4.9693,1.6955,1
4.9693,1.6947,1
4.9693,1.6988,1
4.9693,1.6907,1
4.9693,1.6842,1
4.9693,1.6754,1
4.9694,1.6641,1
4.9694,1.6512,1
4.9694,1.6480,1
4.9694,1.6327,1
4.9694,1.6286,1
4.9694,1.6262,1
4.9694,1.6383,1
4.9695,1.6351,1
4.9695,1.6399,1
4.9695,1.6544,1
4.9695,1.6625,1
4.9695,1.6714,1
4.9695,1.6842,1
4.9696,1.6794,1
4.9696,1.6851,1
4.9696,1.6826,1
4.9696,1.6818,1
4.9696,1.6746,1
4.9696,1.6705,1
4.9697,1.6617,1
4.9697,1.6504,1
4.9697,1.6383,1
4.9697,1.6270,1
4.9697,1.6238,1
4.9697,1.6222,1
4.9698,1.6270,1
4.9698,1.6359,1
4.9698,1.6464,1
4.9698,1.6601,1
4.9698,1.6738,1
4.9698,1.6971,1
4.9698,1.7004,1
4.9699,1.7092,1
4.9699,1.7108,1
4.9699,1.6238,1
4.9699,1.7253,1
4.9699,1.7165,1
4.9699,1.7004,1
4.9700,1.6891,1
4.9700,1.6778,1
4.9700,1.6609,1
4.9700,1.6504,1
4.9700,1.6440,1
4.9700,1.6246,1
4.9700,1.6230,1
4.9701,1.6214,1
4.9701,1.6343,1
4.9701,1.6270,1
4.9701,1.6319,1
4.9701,1.6448,1
4.9701,1.6568,1
4.9702,1.6633,1
4.9702,1.6367,1
4.9702,1.6697,1
4.9702,1.6689,1
4.9702,1.6689,1
4.9702,1.6625,1
4.9703,1.6601,1
4.9703,1.6512,1
4.9703,1.6504,1
4.9703,1.6375,1
4.9703,1.6262,1
4.9703,1.6125,1
4.9703,1.6077,1
4.9704,1.6045,1
4.9704,1.6077,1
4.9704,1.5996,1
4.9704,1.6254,1
4.9704,1.6488,1
4.9704,1.6560,1
4.9705,1.6738,1
4.9705,1.6714,1
4.9705,1.6818,1
4.9705,1.6867,1
4.9705,1.6891,1
5.0210,1.6859,1
5.0210,1.6673,1
5.0210,1.6705,1
5.0210,1.6609,1
5.0210,1.6504,1
5.0210,1.6391,1
5.0211,1.6359,1
5.0211,1.6198,1
5.0211,1.6520,1
5.0211,1.6117,1
5.0211,1.6053,1
5.0211,1.6101,1
5.0212,1.6246,1
5.0212,1.6399,1
5.0212,1.6568,1
5.0212,1.6705,1
5.0212,1.6834,1
5.0212,1.6883,1
5.0213,1.7036,1
5.0213,1.7108,1
5.0213,1.7173,1
5.0213,1.7125,1
5.0213,1.7399,1
5.0213,1.7004,1
5.0213,1.6996,1
5.0214,1.7399,1
5.0214,1.6988,1
5.0214,1.6681,1
5.0214,1.6705,1
5.0215,1.6585,1
5.0215,1.6552,1
5.0215,1.6778,1
5.0215,1.6665,1
5.0215,1.6754,1
5.0215,1.6851,1
5.0216,1.7052,1
5.0216,1.7044,1
5.0216,1.7125,1
5.0216,1.7141,1
5.0216,1.7141,1
5.0216,1.7141,1
5.0216,1.7100,1
5.0217,1.6923,1
5.0217,1.6939,1
5.0217,1.6851,1
5.0217,1.6778,1
5.0217,1.6705,1
5.0217,1.6568,1
5.0218,1.6633,1
5.0218,1.6488,1
5.0218,1.6504,1
5.0218,1.6504,1
5.0218,1.6560,1
5.0218,1.6714,1
5.0218,1.6730,1
5.0219,1.6883,1
5.0219,1.6996,1
5.0219,1.6915,1
5.0219,1.6931,1
5.0219,1.6899,1
5.0219,1.6738,1
5.0220,1.6826,1
5.0220,1.6762,1
5.0220,1.6681,1
5.0220,1.6544,1
5.0220,1.6464,1
5.0220,1.6383,1
5.0220,1.6206,1
5.0221,1.6158,1
5.0221,1.6109,1
5.0221,1.6125,1
5.0221,1.6182,1
5.0221,1.6319,1
5.0221,1.6367,1
5.0222,1.6432,1
5.0222,1.6625,1
5.0222,1.6754,1
5.0222,1.6778,1
5.0222,1.6834,1
5.0222,1.6810,1
5.0223,1.6810,1
5.0223,1.6810,1
5.0223,1.6818,1
5.0223,1.6697,1
5.0223,1.6625,1
5.0223,1.6496,1
5.0223,1.6504,1
5.0224,1.6278,1
5.0224,1.6270,1
5.0224,1.6270,1
5.0224,1.6061,1
5.0224,1.6359,1
5.0224,1.6448,1
5.0225,1.6528,1
5.0225,1.6649,1
5.0225,1.6738,1
5.0225,1.6826,1
5.0225,1.6915,1
5.0225,1.6979,1
5.0226,1.6979,1
5.0226,1.6963,1
5.0226,1.6923,1
5.0226,1.6915,1
5.0226,1.6762,1
5.0741,1.6746,1
5.0741,1.6625,1
5.0742,1.6520,1
5.0742,1.6399,1
5.0742,1.6222,1
5.0742,1.6190,1
5.0742,1.5980,1
5.0742,1.6125,1
5.0743,1.6174,1
5.0743,1.6327,1
5.0743,1.6432,1
5.0743,1.6577,1
5.0743,1.6335,1
5.0743,1.6738,1
5.0743,1.6770,1
5.0744,1.6834,1
5.0744,1.6810,1
5.0744,1.6754,1
5.0744,1.6617,1
5.0744,1.6673,1
5.0744,1.6504,1
5.0745,1.6432,1
5.0745,1.6230,1
5.0745,1.6278,1
5.0745,1.6182,1
5.0745,1.6158,1
5.0745,1.6109,1
5.0746,1.6238,1
5.0746,1.6085,1
5.0746,1.6399,1
5.0746,1.6512,1
5.0746,1.6585,1
5.0746,1.6657,1
5.0746,1.6754,1
5.0747,1.6802,1
5.0747,1.6810,1
5.0747,1.6802,1
5.0747,1.6770,1
5.0747,1.6681,1
5.0748,1.6689,1
5.0748,1.6577,1
5.0748,1.6536,1
5.0748,1.6480,1
5.0748,1.6367,1
5.0748,1.6270,1
5.0748,1.6238,1
5.0749,1.6270,1
5.0749,1.6311,1
5.0749,1.6383,1
5.0749,1.6544,1
5.0749,1.6657,1
5.0749,1.6810,1
5.0750,1.6931,1
5.0750,1.6907,1
5.0750,1.6947,1
5.0750,1.6971,1
5.0750,1.6907,1
5.0750,1.6867,1
5.0750,1.6818,1
5.0751,1.6705,1
5.0751,1.6536,1
5.0751,1.6472,1
5.0751,1.6432,1
5.0751,1.6278,1
5.0752,1.6214,1
5.0752,1.6133,1
5.0752,1.6158,1
5.0752,1.6166,1
5.0752,1.6174,1
5.0752,1.6367,1
5.0753,1.6456,1
5.0753,1.6544,1
5.0753,1.6730,1
5.0753,1.6601,1
5.0753,1.6786,1
5.0753,1.6641,1
5.0753,1.6593,1
5.0754,1.6568,1
5.0754,1.6528,1
5.0754,1.6423,1
5.0754,1.6367,1
5.0754,1.6278,1
5.0754,1.6158,1
5.0755,1.6012,1
5.0755,1.5956,1
5.0755,1.5875,1
5.0755,1.5924,1
5.0755,1.5964,1
5.0755,1.6077,1
5.0755,1.6206,1
5.0756,1.6278,1
5.0756,1.6367,1
5.0756,1.6456,1
5.0756,1.6480,1
5.0756,1.6480,1
5.0756,1.6520,1
5.0757,1.6512,1
5.0757,1.6504,1
5.0757,1.6528,1
5.0757,1.6552,1
5.0757,1.6480,1
5.0758,1.6423,1
5.0758,1.6448,1
5.0758,1.6391,1
5.0758,1.6415,1
5.0758,1.6383,1
5.0758,1.6472,1
5.1284,1.6512,2
5.1284,1.6577,2
5.1284,1.6681,2
5.1285,1.6802,2
5.1285,1.6907,2
5.1285,1.7012,2
5.1285,1.7060,2
5.1285,1.7116,2
5.1285,1.7141,2
5.1285,1.7125,2
5.1286,1.7133,2
5.1286,1.7076,2
5.1286,1.7028,2
5.1286,1.6923,2
5.1286,1.6859,2
5.1286,1.6834,2
5.1286,1.6609,2
5.1287,1.6697,2
5.1287,1.6536,2
5.1287,1.6552,2
5.1287,1.6568,2
5.1287,1.6689,2
5.1287,1.6786,2
5.1288,1.6931,2
5.1288,1.6996,2
5.1288,1.7084,2
5.1288,1.7092,2
5.1288,1.7116,2
5.1288,1.7092,2
5.1288,1.7012,2
5.1289,1.6979,2
5.1289,1.6875,2
5.1289,1.6778,2
5.1289,1.6585,2
5.1289,1.6391,2
5.1289,1.6367,2
5.1289,1.6246,2
5.1290,1.6198,2
5.1290,1.6166,2
5.1290,1.6158,2
5.1290,1.6214,2
5.1290,1.6230,2
5.1290,1.6311,2
5.1290,1.6375,2
5.1291,1.6512,2
5.1291,1.6577,2
5.1291,1.6577,2
5.1291,1.6625,2
5.1291,1.6641,2
5.1291,1.6681,2
5.1291,1.6625,2
5.1292,1.6536,2
5.1292,1.6456,2
5.1292,1.6367,2
5.1292,1.6238,2
5.1292,1.6166,2
5.1292,1.6061,2
5.1293,1.5972,2
5.1293,1.5972,2
5.1293,1.5988,2
5.1293,1.6037,2
5.1293,1.6166,2
5.1293,1.6230,2
5.1293,1.6407,2
5.1294,1.6625,2
5.1294,1.6641,2
5.1294,1.6738,2
5.1294,1.6810,2
5.1294,1.6786,2
5.1294,1.6778,2
5.1294,1.6730,2
5.1295,1.6689,2
5.1295,1.6657,2
5.1295,1.6528,2
5.1295,1.6512,2
5.1295,1.6432,2
5.1295,1.6343,2
5.1295,1.6327,2
5.1296,1.6286,2
5.1296,1.6246,2
5.1296,1.6335,2
5.1296,1.6432,2
5.1296,1.6528,2
5.1296,1.6593,2
5.1296,1.6738,2
5.1297,1.6818,2
5.1297,1.6883,2
5.1297,1.6939,2
5.1297,1.6971,2
5.1297,1.6963,2
5.1297,1.6955,2
5.1297,1.6915,2
5.1298,1.6834,2
5.1298,1.6770,2
5.1298,1.6730,2
5.1298,1.6601,2
5.1298,1.6520,2
5.1298,1.6407,2
5.1298,1.6343,2
5.1299,1.6343,2
5.1299,1.6391,2
5.1299,1.6544,2
5.1299,1.6633,2
5.1299,1.6762,2
5.1299,1.6867,2
5.1299,1.6931,2
5.1300,1.6947,2
5.1300,1.6955,2
5.1902,1.6931,2
5.1902,1.6891,2
5.1903,1.6859,2
5.1903,1.6859,2
5.1903,1.6697,2
5.1903,1.6609,2
5.1903,1.6423,2
5.1903,1.6230,2
5.1903,1.6133,2
5.1904,1.6093,2
5.1904,1.5988,2
5.1904,1.6029,2
5.1904,1.6004,2
5.1904,1.6133,2
5.1904,1.6190,2
5.1905,1.6351,2
5.1905,1.6432,2
5.1905,1.6560,2
5.1905,1.6609,2
5.1905,1.6705,2
5.1905,1.6673,2
5.1906,1.6665,2
5.1906,1.6617,2
5.1906,1.6617,2
5.1906,1.6560,2
5.1906,1.6472,2
5.1906,1.6327,2
5.1906,1.6214,2
5.1907,1.6093,2
5.1907,1.6012,2
5.1907,1.5972,2
5.1907,1.5988,2
5.1907,1.6037,2
5.1907,1.6133,2
5.1907,1.6311,2
5.1908,1.6488,2
5.1908,1.6657,2
5.1908,1.6851,2
5.1908,1.6907,2
5.1908,1.7012,2
5.1908,1.7044,2
5.1908,1.7012,2
5.1909,1.7004,2
5.1909,1.6939,2
5.1909,1.6770,2
5.1909,1.6641,2
5.1909,1.6480,2
5.1909,1.6786,2
5.1910,1.6246,2
5.1910,1.6198,2
5.1910,1.6149,2
5.1910,1.6158,2
5.1910,1.6214,2
5.1910,1.6270,2
5.1910,1.6375,2
5.1911,1.6423,2
5.1911,1.6544,2
5.1911,1.6601,2
5.1911,1.6649,2
5.1911,1.6673,2
5.1911,1.6681,2
5.1912,1.6665,2
5.1912,1.6641,2
5.1912,1.6601,2
5.1912,1.6536,2
5.1912,1.6448,2
5.1913,1.6407,2
5.1913,1.6319,2
5.1913,1.6206,2
5.1913,1.6109,2
5.1913,1.6093,2
5.1913,1.6166,2
5.1913,1.6303,2
5.1914,1.6464,2
5.1914,1.6617,2
5.1914,1.6762,2
5.1914,1.6818,2
5.1914,1.6899,2
5.1914,1.6955,2
5.1914,1.6947,2
5.1915,1.6899,2
5.1915,1.6915,2
5.1915,1.6851,2
5.1915,1.6818,2
5.1915,1.6714,2
5.1915,1.6504,2
5.1916,1.6504,2
5.1916,1.6407,2
5.1916,1.6367,2
5.1916,1.6391,2
5.1916,1.6367,2
5.1916,1.6432,2
5.1916,1.6496,2
5.1917,1.6560,2
5.1917,1.6609,2
5.1917,1.6657,2
5.1917,1.6786,2
5.1917,1.6875,2
5.1917,1.6988,2
5.1918,1.6979,2
5.1918,1.6907,2
5.1918,1.7084,2
5.1918,1.7092,2
5.1918,1.7100,2
5.1918,1.6915,2
5.1918,1.6802,2
5.1919,1.6641,2
5.1919,1.6464,2
5.1919,1.6286,2
5.1919,1.6141,2
5.1919,1.6085,2
5.1919,1.6004,2
5.1919,1.5996,2
5.1920,1.6085,2
5.1920,1.6101,2
5.1920,1.6214,2
5.1920,1.6383,2
5.1920,1.6415,2
5.1920,1.6456,2
5.1921,1.6448,2
5.1921,1.6472,2
5.1921,1.6432,2
5.1921,1.6375,2
5.1921,1.6568,2
5.2547,1.6214,2
5.2548,1.6149,2
5.2548,1.6029,2
5.2548,1.6085,2
5.2548,1.6004,2
5.2548,1.6012,2
5.2548,1.5956,2
5.2548,1.6004,2
5.2549,1.6061,2
5.2549,1.6190,2
5.2549,1.6327,2
5.2549,1.6504,2
5.2549,1.6714,2
5.2549,1.6851,2
5.2550,1.7004,2
5.2550,1.7044,2
5.2550,1.7060,2
5.2550,1.7116,2
5.2550,1.7141,2
5.2550,1.7076,2
5.2550,1.6988,2
5.2551,1.6915,2
5.2551,1.6762,2
5.2551,1.6601,2
5.2551,1.6512,2
5.2551,1.6383,2
5.2551,1.6327,2
5.2552,1.6327,2
5.2552,1.6335,2
5.2552,1.6448,2
5.2552,1.6512,2
5.2552,1.6762,2
5.2552,1.6778,2
5.2553,1.6963,2
5.2553,1.6931,2
5.2553,1.6963,2
5.2553,1.6971,2
5.2553,1.6963,2
5.2553,1.6915,2
5.2553,1.6851,2
5.2553,1.6754,2
5.2554,1.6681,2
5.2554,1.6528,2
5.2554,1.6448,2
5.2554,1.6359,2
5.2554,1.6077,2
5.2554,1.6222,2
5.2554,1.6198,2
5.2555,1.6174,2
5.2555,1.6359,2
5.2555,1.6278,2
5.2555,1.6319,2
5.2555,1.6319,2
5.2555,1.6448,2
5.2556,1.6472,2
5.2556,1.6512,2
5.2556,1.6609,2
5.2556,1.6697,2
5.2556,1.6681,2
5.2556,1.6625,2
5.2556,1.6577,2
5.2557,1.6528,2
5.2557,1.6528,2
5.2557,1.6432,2
5.2558,1.6311,2
5.2558,1.6190,2
5.2558,1.6214,2
5.2558,1.6109,2
5.2558,1.6286,2
5.2558,1.6367,2
5.2558,1.6496,2
5.2559,1.6609,2
5.2559,1.6722,2
5.2559,1.6859,2
5.2559,1.6931,2
5.2559,1.7004,2
5.2559,1.7197,2
5.2559,1.6988,2
5.2560,1.6867,2
5.2560,1.6730,2
5.2560,1.6673,2
5.2560,1.6488,2
5.2560,1.6504,2
5.2560,1.6488,2
5.2560,1.6270,2
5.2561,1.6238,2
5.2561,1.6117,2
5.2561,1.6069,2
5.2561,1.5996,2
5.2561,1.6149,2
5.2561,1.6198,2
5.2562,1.6286,2
5.2562,1.6367,2
5.2562,1.6432,2
5.2562,1.6448,2
5.2562,1.6440,2
5.2562,1.6472,2
5.2563,1.6440,2
5.2563,1.6399,2
5.2563,1.6262,2
5.2563,1.6246,2
5.2563,1.6182,2
5.2563,1.6158,2
5.2563,1.5956,2
5.2564,1.5972,2
5.2564,1.5972,2
5.2564,1.5859,2
5.2564,1.6012,2
5.2564,1.6101,2
5.2564,1.6109,2
5.2564,1.6295,2
5.2565,1.6448,2
5.2565,1.6520,2
5.2565,1.6722,2
5.2565,1.6867,2
5.2565,1.6923,2
5.2565,1.6963,2
5.2566,1.7028,2
5.2566,1.6947,2
5.2566,1.6996,2
5.2566,1.6979,2
5.2566,1.6875,2
5.2566,1.6915,2
5.2567,1.6560,2
5.2567,1.6528,2
5.2567,1.6488,2
5.2567,1.6496,2
5.2567,1.6552,2
5.2567,1.6552,2
5.3199,1.6681,2
5.3199,1.6842,2
5.3199,1.6947,2
5.3199,1.6705,2
5.3199,1.7141,2
5.3200,1.7213,2
5.3200,1.7262,2
5.3200,1.7262,2
5.3200,1.7253,2
5.3200,1.7197,2
5.3200,1.7100,2
5.3201,1.7318,2
5.3201,1.6931,2
5.3201,1.6762,2
5.3201,1.6649,2
5.3201,1.6504,2
5.3201,1.6351,2
5.3202,1.6286,2
5.3202,1.6286,2
5.3202,1.5738,2
5.3202,1.6319,2
5.3202,1.6448,2
5.3202,1.6432,2
5.3202,1.6504,2
5.3203,1.6464,2
5.3203,1.6512,2
5.3203,1.6689,2
5.3203,1.6472,2
5.3203,1.6448,2
5.3203,1.6448,2
5.3203,1.6359,2
5.3204,1.6311,2
5.3204,1.6343,2
5.3204,1.6182,2
5.3204,1.6101,2
5.3204,1.6029,2
5.3204,1.5996,2
5.3204,1.5956,2
5.3205,1.6021,2
5.3205,1.6037,2
5.3205,1.6149,2
5.3205,1.6407,2
5.3205,1.6311,2
5.3205,1.6448,2
5.3205,1.6802,2
5.3206,1.6593,2
5.3206,1.6649,2
5.3206,1.6746,2
5.3206,1.6705,2
5.3206,1.6754,2
5.3206,1.6649,2
5.3207,1.6601,2
5.3207,1.6367,2
5.3207,1.6440,2
5.3207,1.6246,2
5.3207,1.6246,2
5.3207,1.6101,2
5.3208,1.6037,2
5.3208,1.6045,2
5.3208,1.6125,2
5.3208,1.6246,2
5.3208,1.6407,2
5.3208,1.6609,2
5.3208,1.6697,2
5.3209,1.6818,2
5.3209,1.6867,2
5.3209,1.6947,2
5.3209,1.7020,2
5.3209,1.7004,2
5.3209,1.6996,2
5.3209,1.6939,2
5.3210,1.6802,2
5.3210,1.6738,2
5.3210,1.6641,2
5.3210,1.6464,2
5.3210,1.6303,2
5.3210,1.6230,2
5.3210,1.6158,2
5.3211,1.6101,2
5.3211,1.6117,2
5.3211,1.6174,2
5.3211,1.6262,2
5.3211,1.6351,2
5.3211,1.6456,2
5.3212,1.6609,2
5.3212,1.6697,2
5.3212,1.6778,2
5.3212,1.6786,2
5.3212,1.6826,2
5.3212,1.6875,2
5.3213,1.6826,2
5.3213,1.6665,2
5.3213,1.6738,2
5.3213,1.6609,2
5.3213,1.6536,2
5.3213,1.6367,2
5.3213,1.6230,2
5.3214,1.5835,2
5.3214,1.6125,2
5.3214,1.6149,2
5.3214,1.6085,2
5.3214,1.6149,2
5.3214,1.6222,2
5.3214,1.6238,2
5.3215,1.6432,2
5.3215,1.6415,2
5.3215,1.6440,2
5.3215,1.6432,2
5.3215,1.6480,2
5.3215,1.6319,2
5.3216,1.6432,2
5.3216,1.6278,2
5.3216,1.6335,2
5.3216,1.6214,2
5.3216,1.6182,2
5.3216,1.6085,2
5.3217,1.6077,2
5.3217,1.6061,2
5.3217,1.6093,2
5.3217,1.6198,2
5.3217,1.6238,2
5.3217,1.6295,2
5.3218,1.6504,2
5.3218,1.6488,2
5.3218,1.6826,2
5.3218,1.6947,2
5.3218,1.6947,2
5.3218,1.6988,2
5.3218,1.7044,2
5.3219,1.7100,2
5.3219,1.6923,2
5.3864,1.6826,2
5.3865,1.6705,2
5.3865,1.6665,2
5.3865,1.6496,2
5.3865,1.6375,2
5.3865,1.6190,2
5.3865,1.6375,2
5.3866,1.6238,2
5.3866,1.6303,2
5.3866,1.6391,2
5.3866,1.6593,2
5.3866,1.6746,2
5.3866,1.6899,2
5.3867,1.6996,2
5.3867,1.7068,2
5.3867,1.7116,2
5.3867,1.7076,2
5.3867,1.7366,2
5.3867,1.7068,2
5.3867,1.6867,2
5.3868,1.6834,2
5.3868,1.6689,2
5.3868,1.6593,2
5.3868,1.6472,2
5.3868,1.6367,2
5.3868,1.6335,2
5.3868,1.5795,2
5.3869,1.6311,2
5.3869,1.6125,2
5.3869,1.6367,2
5.3869,1.6464,2
5.3869,1.6407,2
5.3869,1.6673,2
5.3869,1.6754,2
5.3870,1.6794,2
5.3870,1.6875,2
5.3870,1.6875,2
5.3870,1.6810,2
5.3870,1.6778,2
5.3870,1.6665,2
5.3871,1.6536,2
5.3871,1.6415,2
5.3871,1.6270,2
5.3871,1.6149,2
5.3871,1.6069,2
5.3871,1.5964,2
5.3871,1.5924,2
5.3872,1.5892,2
5.3872,1.6012,2
5.3872,1.6149,2
5.3872,1.6286,2
5.3872,1.6407,2
5.3872,1.6472,2
5.3873,1.6689,2
5.3873,1.6915,2
5.3873,1.6883,2
5.3873,1.6875,2
5.3873,1.6899,2
5.3873,1.6923,2
5.3873,1.6971,2
5.3874,1.6834,2
5.3874,1.6802,2
5.3874,1.6528,2
5.3874,1.6391,2
5.3874,1.6923,2
5.3874,1.6117,2
5.3875,1.6021,2
5.3875,1.6037,2
5.3875,1.6045,2
5.3875,1.6101,2
5.3875,1.6246,2
5.3875,1.6238,2
5.3875,1.6407,2
5.3876,1.6544,2
5.3876,1.6528,2
5.3876,1.6633,2
5.3876,1.6593,2
5.3876,1.6528,2
5.3876,1.6609,2
5.3877,1.6520,2
5.3877,1.6367,2
5.3877,1.6286,2
5.3877,1.6158,2
5.3877,1.5988,2
5.3877,1.5875,2
5.3878,1.5730,2
5.3878,1.5722,2
5.3878,1.5618,2
5.3878,1.5779,2
5.3878,1.5988,2
5.3878,1.5972,2
5.3878,1.6141,2
5.3879,1.6270,2
5.3879,1.6432,2
5.3879,1.6504,2
5.3879,1.6697,2
5.3879,1.6665,2
5.3879,1.6714,2
5.3879,1.6810,2
5.3880,1.6899,2
5.3880,1.6730,2
5.3880,1.6665,2
5.3880,1.6585,2
5.3880,1.6480,2
5.3880,1.6464,2
5.3881,1.6407,2
5.3881,1.6335,2
5.3881,1.6375,2
5.3881,1.6327,2
5.3881,1.6407,2
5.3881,1.6496,2
5.3881,1.6335,2
5.3882,1.6722,2
5.3882,1.6818,2
5.3882,1.6923,2
5.3882,1.6963,2
5.3882,1.7020,2
5.3882,1.7044,2
5.3883,1.7004,2
5.3883,1.6988,2
5.3883,1.6931,2
5.3883,1.6834,2
5.3883,1.6762,2
5.3883,1.6657,2
5.3883,1.6512,2
5.3884,1.6335,2
5.3884,1.6343,2
5.3884,1.6278,2
5.3884,1.6391,2
5.3884,1.6432,2
5.3884,1.6423,2
5.3884,1.6448,2
5.3885,1.6665,2
5.4541,1.6617,2
5.4541,1.6641,2
5.4542,1.7447,2
5.4542,1.6528,2
5.4542,1.6472,2
5.4542,1.6432,2
5.4542,1.6351,2
5.4543,1.6303,2
5.4543,1.6214,2
5.4543,1.6158,2
5.4543,1.6117,2
5.4543,1.6109,2
5.4543,1.6077,2
5.4544,1.6053,2
5.4544,1.5996,2
5.4544,1.6085,2
5.4544,1.6117,2
5.4544,1.6206,2
5.4544,1.6278,2
5.4544,1.6303,2
5.4545,1.6383,2
5.4545,1.6415,2
5.4545,1.6512,2
5.4545,1.6520,2
5.4545,1.6520,2
5.4545,1.6528,2
5.4545,1.6496,2
5.4546,1.6577,2
5.4546,1.6415,2
5.4546,1.6367,2
5.4546,1.6343,2
5.4546,1.6246,2
5.4546,1.6407,2
5.4546,1.6182,2
5.4547,1.6182,2
5.4547,1.6286,2
5.4547,1.6456,2
5.4547,1.6536,2
5.4547,1.6657,2
5.4547,1.6714,2
5.4547,1.6762,2
5.4548,1.6746,2
5.4548,1.6722,2
5.4548,1.6746,2
5.4548,1.6681,2
5.4548,1.6722,2
5.4548,1.6705,2
5.4549,1.6649,2
5.4549,1.6601,2
5.4549,1.6625,2
5.4549,1.6415,2
5.4549,1.6343,2
5.4549,1.6238,2
5.4550,1.6270,2
5.4550,1.6230,2
5.4550,1.6286,2
5.4550,1.6335,2
5.4550,1.6415,2
5.4550,1.6536,2
5.4550,1.6649,2
5.4551,1.6730,2
5.4551,1.6730,2
5.4551,1.6859,2
5.4551,1.6875,2
5.4551,1.6891,2
5.4551,1.6875,2
5.4552,1.6818,2
5.4552,1.6722,2
5.4552,1.6617,2
5.4552,1.6504,2
5.4552,1.6415,2
5.4552,1.6343,2
5.4553,1.6214,2
5.4553,1.6198,2
5.4553,1.6182,2
5.4553,1.6262,2
5.4553,1.6278,2
5.4553,1.6464,2
5.4553,1.6617,2
5.4554,1.6705,2
5.4554,1.6673,2
5.4554,1.6770,2
5.4554,1.6778,2
5.4554,1.6754,2
5.4554,1.6762,2
5.4555,1.6697,2
5.4555,1.6577,2
5.4555,1.6625,2
5.4555,1.6351,2
5.4555,1.6464,2
5.4555,1.6359,2
5.4555,1.6286,2
5.4556,1.6190,2
5.4556,1.6109,2
5.4556,1.6166,2
5.4556,1.6206,2
5.4556,1.6625,2
5.4556,1.6343,2
5.4556,1.6480,2
5.4557,1.6577,2
5.4557,1.6746,2
5.4557,1.6665,2
5.4557,1.6673,2
5.4557,1.6705,2
5.4558,1.6697,2
5.4558,1.6641,2
5.4558,1.6625,2
5.4558,1.6504,2
5.4558,1.6472,2
5.4558,1.6278,2
5.4558,1.6125,2
5.4559,1.6012,2
5.4559,1.5908,2
5.4559,1.5843,2
5.4559,1.5875,2
5.4559,1.5980,2
5.4559,1.6037,2
5.4560,1.6149,2
5.4560,1.6319,2
5.4560,1.6440,2
5.4560,1.6560,2
5.4560,1.6617,2
5.4560,1.7479,2
5.4560,1.6552,2
5.4561,1.6520,2
5.4561,1.6472,2
5.4561,1.6399,2
5.4561,1.6343,2
5.4561,1.6222,2
5.4561,1.6093,2
5.4562,1.6029,2
5.4562,1.6004,2
5.4562,1.5956,2
5.4562,1.5867,2
5.4562,1.5884,2
5.4562,1.6738,2
5.5225,1.5875,2
5.5225,1.5980,2
5.5225,1.6101,2
5.5225,1.6230,2
5.5226,1.6367,2
5.5226,1.6432,2
5.5226,1.6496,2
5.5226,1.6496,2
5.5226,1.6552,2
5.5226,1.6585,2
5.5226,1.6568,2
5.5227,1.6585,2
5.5227,1.6560,2
5.5227,1.6496,2
5.5227,1.6496,2
5.5228,1.6423,2
5.5228,1.6367,2
5.5228,1.6351,2
5.5228,1.6375,2
5.5228,1.6407,2
5.5228,1.6456,2
5.5228,1.6456,2
5.5229,1.6625,2
5.5229,1.6625,2
5.5229,1.6714,2
5.5229,1.6738,2
5.5229,1.6770,2
5.5229,1.6730,2
5.5229,1.6722,2
5.5230,1.6649,2
5.5230,1.6649,2
5.5230,1.6601,2
5.5230,1.6488,2
5.5230,1.6496,2
5.5230,1.6432,2
5.5231,1.6383,2
5.5231,1.6319,2
5.5231,1.6238,2
5.5231,1.6230,2
5.5231,1.6238,2
5.5231,1.6254,2
5.5231,1.6254,2
5.5232,1.6335,2
5.5232,1.6335,2
5.5232,1.6303,2
5.5232,1.6295,2
5.5232,1.6182,2
5.5232,1.6319,2
5.5233,1.6246,2
5.5233,1.6174,2
5.5233,1.6125,2
5.5233,1.6029,2
5.5233,1.5884,2
5.5233,1.5738,2
5.5233,1.5610,2
5.5234,1.5448,2
5.5234,1.5336,2
5.5234,1.5336,2
5.5234,1.5271,2
5.5234,1.5327,2
5.5234,1.5392,2
5.5235,1.5448,2
5.5235,1.5505,2
5.5235,1.5601,2
5.5235,1.5666,2
5.5235,1.5787,2
5.5235,1.5924,2
5.5235,1.6061,2
5.5236,1.6206,2
5.5236,1.6319,2
5.5236,1.6399,2
5.5236,1.6448,2
5.5236,1.6448,2
5.5236,1.6552,2
5.5237,1.6609,2
5.5237,1.6697,2
5.5237,1.6770,2
5.5237,1.6746,2
5.5237,1.6738,2
5.5237,1.6697,2
5.5238,1.6697,2
5.5238,1.6722,2
5.5238,1.6778,2
5.5238,1.6899,2
5.5238,1.6907,2
5.5238,1.7012,2
5.5238,1.7044,2
5.5239,1.7116,2
5.5239,1.7181,2
5.5239,1.7181,2
5.5239,1.7197,2
5.5239,1.7116,2
5.5239,1.7052,2
5.5240,1.6979,2
5.5240,1.6939,2
5.5240,1.6923,2
5.5240,1.6867,2
5.5240,1.6867,2
5.5240,1.6907,2
5.5240,1.6939,2
5.5241,1.6988,2
5.5241,1.7076,2
5.5241,1.7133,2
5.5241,1.7181,2
5.5241,1.7173,2
5.5241,1.7173,2
5.5242,1.7157,2
5.5242,1.7068,2
5.5242,1.6996,2
5.5242,1.6762,2
5.5242,1.6625,2
5.5242,1.6496,2
5.5243,1.6303,2
5.5243,1.6190,2
5.5243,1.6093,2
5.5243,1.6012,2
5.5243,1.5875,2
5.5243,1.5779,2
5.5243,1.5682,2
5.5244,1.5650,2
5.5244,1.5642,2
5.5244,1.5682,2
5.5244,1.5658,2
5.5244,1.5658,2
5.5244,1.5593,2
5.5244,1.5553,2
5.5245,1.5513,2
5.5245,1.5481,2
5.5245,1.5489,2
5.5245,1.5368,2
5.5245,1.5295,2
5.5245,1.5271,2
5.5246,1.5239,2
5.5246,1.5199,2
5.5246,1.5150,2
5.5246,1.5199,2
5.5918,1.5311,2
5.5918,1.5440,2
5.5918,1.5634,2
5.5918,1.5940,2
5.5919,1.6182,2
5.5919,1.6520,2
5.5919,1.6810,2
5.5919,1.6996,2
5.5919,1.7149,2
5.5919,1.7125,2
5.5920,1.6955,2
5.5920,1.6778,2
5.5920,1.6617,2
5.5920,1.6544,2
5.5920,1.6464,2
5.5920,1.6448,2
5.5921,1.6488,2
5.5921,1.6464,2
5.5921,1.6544,2
5.5921,1.6496,2
5.5921,1.6488,2
5.5921,1.6536,2
5.5921,1.6560,2
5.5922,1.6601,2
5.5922,1.6657,2
5.5922,1.6762,2
5.5922,1.6810,2
5.5922,1.6891,2
5.5922,1.6939,2
5.5923,1.7004,2
5.5923,1.6971,2
5.5923,1.7004,2
5.5923,1.6891,2
5.5923,1.6891,2
5.5923,1.6883,2
5.5923,1.6786,2
5.5924,1.6714,2
5.5924,1.6593,2
5.5924,1.6512,2
5.5924,1.6407,2
5.5924,1.6359,2
5.5924,1.6399,2
5.5925,1.6440,2
5.5925,1.6593,2
5.5925,1.6705,2
5.5925,1.6738,2
5.5925,1.6689,2
5.5925,1.6609,2
5.5925,1.6375,2
5.5926,1.6270,2
5.5926,1.6021,2
5.5926,1.5755,2
5.5926,1.5537,2
5.5926,1.5408,2
5.5926,1.5360,2
5.5927,1.5303,2
5.5927,1.5158,2
5.5927,1.5223,2
5.5927,1.5207,2
5.5927,1.5223,2
5.5927,1.5231,2
5.5928,1.5384,2
5.5928,1.5545,2
5.5928,1.5666,2
5.5928,1.5948,2
5.5928,1.6238,2
5.5928,1.6488,2
5.5928,1.6657,2
5.5929,1.6834,2
5.5929,1.6955,2
5.5929,1.7052,2
5.5929,1.7012,2
5.5929,1.6923,2
5.5929,1.6778,2
5.5929,1.6697,2
5.5930,1.6464,2
5.5930,1.6343,2
5.5930,1.6198,2
5.5930,1.6109,2
5.5930,1.6004,2
5.5930,1.5964,2
5.5931,1.5932,2
5.5931,1.5980,2
5.5931,1.6101,2
5.5931,1.6270,2
5.5931,1.6407,2
5.5931,1.6633,2
5.5932,1.6818,2
5.5932,1.6810,2
5.5932,1.6762,2
5.5932,1.6601,2
5.5932,1.6109,2
5.5932,1.6174,2
5.5933,1.5932,2
5.5933,1.5690,2
5.5933,1.5521,2
5.5933,1.5658,2
5.5933,1.5158,2
5.5933,1.5013,2
5.5933,1.5045,2
5.5934,1.5110,2
5.5934,1.5215,2
5.5934,1.5352,2
5.5934,1.5497,2
5.5934,1.5473,2
5.5934,1.5714,2
5.5934,1.5867,2
5.5935,1.6021,2
5.5935,1.6198,2
5.5935,1.6319,2
5.5935,1.6415,2
5.5935,1.6649,2
5.5935,1.6601,2
5.5936,1.6665,2
5.5936,1.6697,2
5.5936,1.6746,2
5.5936,1.6722,2
5.5936,1.6915,2
5.5936,1.7004,2
5.5937,1.6963,2
5.5937,1.7020,2
5.5937,1.7108,2
5.5937,1.7076,2
5.5937,1.6971,2
5.5937,1.6786,2
5.5938,1.6560,2
5.5938,1.6423,2
5.5938,1.6214,2
5.5938,1.6166,2
5.5938,1.6101,2
5.5938,1.5851,2
5.5938,1.5408,2
5.5939,1.5956,2
5.5939,1.5747,2
5.5939,1.5593,2
5.5939,1.5481,2
5.5939,1.5400,2
5.5939,1.5287,2
5.5940,1.5223,2
5.6624,1.4908,2
5.6624,1.5424,2
5.6624,1.5577,2
5.6624,1.5875,2
5.6625,1.6077,2
5.6625,1.6375,2
5.6625,1.6568,2
5.6625,1.6851,2
5.6625,1.7108,2
5.6625,1.7213,2
5.6626,1.7245,2
5.6626,1.7068,2
5.6626,1.6722,2
5.6626,1.6528,2
5.6626,1.6512,2
5.6626,1.6432,2
5.6626,1.6278,2
5.6627,1.6085,2
5.6627,1.5988,2
5.6627,1.5884,2
5.6627,1.5779,2
5.6627,1.5722,2
5.6627,1.5714,2
5.6628,1.5884,2
5.6628,1.6037,2
5.6628,1.6190,2
5.6628,1.6359,2
5.6628,1.6641,2
5.6628,1.6988,2
5.6628,1.7294,2
5.6629,1.7536,2
5.6629,1.7858,2
5.6629,1.7898,2
5.6629,1.8100,2
5.6629,1.8253,2
5.6629,1.8583,2
5.6629,1.8809,2
5.6630,1.9051,2
5.6630,1.9067,2
5.6630,1.9188,2
5.6630,1.9075,2
5.6630,1.8793,2
5.6630,1.8382,2
5.6630,1.8422,2
5.6631,1.8293,2
5.6631,1.8196,2
5.6631,1.8156,2
5.6631,1.8043,2
5.6631,1.7834,2
5.6631,1.7648,2
5.6632,1.7423,2
5.6632,1.7262,2
5.6632,1.7036,2
5.6632,1.7052,2
5.6632,1.6883,2
5.6632,1.6633,2
5.6633,1.6649,2
5.6633,1.6327,2
5.6633,1.6198,2
5.6633,1.5948,2
5.6633,1.5706,2
5.6633,1.5626,2
5.6633,1.5666,2
5.6634,1.5674,2
5.6634,1.5908,2
5.6634,1.5924,2
5.6634,1.6423,2
5.6634,1.6206,2
5.6634,1.6464,2
5.6634,1.6391,2
5.6635,1.6311,2
5.6635,1.6480,2
5.6635,1.6343,2
5.6635,1.6270,2
5.6635,1.6198,2
5.6635,1.6158,2
5.6635,1.6254,2
5.6636,1.5940,2
5.6636,1.5835,2
5.6636,1.5835,2
5.6636,1.6012,2
5.6636,1.5827,2
5.6636,1.6117,2
5.6637,1.6093,2
5.6637,1.6166,2
5.6637,1.6093,2
5.6637,1.6037,2
5.6637,1.5964,2
5.6637,1.6061,2
5.6637,1.6786,2
5.6638,1.6206,2
5.6638,1.6278,2
5.6638,1.6327,2
5.6638,1.6158,2
5.6638,1.6109,2
5.6638,1.6206,2
5.6639,1.6246,2
5.6639,1.6270,2
5.6639,1.6399,2
5.6639,1.6375,2
5.6639,1.6520,2
5.6639,1.6714,2
5.6639,1.7020,2
5.6640,1.7213,2
5.6640,1.7390,2
5.6640,1.7624,2
5.6640,1.7713,2
5.6640,1.7721,2
5.6640,1.7527,2
5.6641,1.7390,2
5.6641,1.7302,2
5.6641,1.7149,2
5.6641,1.6963,2
5.6641,1.6585,2
5.6641,1.6149,2
5.6641,1.5803,2
5.6642,1.5207,2
5.6642,1.5207,2
5.6642,1.4981,2
5.6642,1.4868,2
5.6642,1.4812,2
5.6642,1.4868,2
5.6643,1.4723,2
5.6643,1.4820,2
5.6643,1.5013,2
5.6643,1.5182,2
5.6643,1.5352,2
5.6643,1.5505,2
5.6643,1.5577,2
5.6644,1.5553,2
5.6644,1.5416,2
5.6644,1.5158,2
5.6644,1.4836,2
5.6644,1.4489,2
5.6644,1.4240,2
5.6644,1.4127,2
5.6645,1.3764,2
5.6645,1.3756,2
5.6645,1.3812,2
5.6645,1.3829,2
5.6645,1.3966,2
5.7364,1.4159,2
5.7364,1.4505,2
5.7365,1.4957,2
5.7365,1.5400,2
5.7365,1.6214,2
5.7365,1.6818,2
5.7365,1.7390,2
5.7365,1.7777,2
5.7366,1.7963,2
5.7366,1.8067,2
5.7366,1.8100,2
5.7366,1.8067,2
5.7366,1.8067,2
5.7366,1.8164,2
5.7366,1.8317,2
5.7367,1.8341,2
5.7367,1.8132,2
5.7367,1.8374,2
5.7367,1.8067,2
5.7367,1.8019,2
5.7367,1.7971,2
5.7368,1.7995,2
5.7368,1.8027,2
5.7368,1.8269,2
5.7368,1.8430,2
5.7368,1.8156,2
5.7368,1.8229,2
5.7368,1.8204,2
5.7369,1.8309,2
5.7369,1.8188,2
5.7369,1.8269,2
5.7369,1.8140,2
5.7369,1.7938,2
5.7369,1.7608,2
5.7369,1.7229,2
5.7370,1.6818,2
5.7370,1.6415,2
5.7370,1.5972,2
5.7370,1.5618,2
5.7370,1.5053,2
5.7370,1.4683,2
5.7370,1.4312,2
5.7371,1.4111,2
5.7371,1.4030,2
5.7371,1.4054,2
5.7371,1.3297,2
5.7371,1.4538,2
5.7372,1.4949,2
5.7372,1.5481,2
5.7372,1.6585,2
5.7372,1.6254,2
5.7372,1.6617,2
5.7372,1.6714,2
5.7373,1.6714,2
5.7373,1.7012,2
5.7373,1.6778,2
5.7373,1.6472,2
5.7373,1.6254,2
5.7373,1.6149,2
5.7373,1.5239,2
5.7374,1.6246,2
5.7374,1.6367,2
5.7374,1.6432,2
5.7374,1.6560,2
5.7374,1.6754,2
5.7374,1.6907,2
5.7374,1.7100,2
5.7375,1.7302,2
5.7375,1.7511,2
5.7375,1.7826,2
5.7375,1.8084,2
5.7375,1.8462,2
5.7375,1.8583,2
5.7376,1.8873,2
5.7376,1.8865,2
5.7376,1.8809,2
5.7376,1.8873,2
5.7376,1.8728,2
5.7376,1.8680,2
5.7377,1.8478,2
5.7377,1.8180,2
5.7377,1.7930,2
5.7377,1.7713,2
5.7378,1.7584,2
5.7378,1.7407,2
5.7378,1.6762,2
5.7378,1.6738,2
5.7378,1.6262,2
5.7378,1.5859,2
5.7378,1.5473,2
5.7379,1.5199,2
5.7379,1.4997,2
5.7379,1.4860,2
5.7379,1.4763,2
5.7379,1.4779,2
5.7379,1.4820,2
5.7379,1.4836,2
5.7380,1.4852,2
5.7380,1.4965,2
5.7380,1.5037,2
5.7380,1.5174,2
5.7380,1.4949,2
5.7380,1.4755,2
5.7380,1.4393,2
5.7381,1.3966,2
5.7381,1.3619,2
5.7381,1.3369,2
5.7381,1.3256,2
5.7381,1.3337,2
5.7381,1.3506,2
5.7382,1.3748,2
5.7382,1.4070,2
5.7382,1.4683,2
5.7382,1.5062,2
5.7382,1.5650,2
5.7383,1.5964,2
5.7383,1.6448,2
5.7383,1.6697,2
5.7383,1.7060,2
5.7383,1.7141,2
5.7383,1.7342,2
5.7384,1.7092,2
5.7384,1.7568,2
5.7384,1.7382,2
5.7384,1.7334,2
5.7384,1.7221,2
5.7384,1.7213,2
5.7385,1.7076,2
5.7385,1.7076,2
5.7385,1.7173,2
5.7385,1.7302,2
5.7385,1.7455,2
5.7385,1.7729,2
5.7386,1.8011,2
5.7386,1.8229,2
5.7386,1.8438,2
5.7386,1.8349,2
5.7386,1.8543,2
5.7386,1.8543,2
5.7387,1.8551,2
5.7387,1.8462,2
5.7387,1.8309,2
5.7387,1.8124,2
5.7387,1.7963,2
5.7387,1.7850,2
5.7388,1.7850,2
5.7388,1.7922,2
5.7388,1.8027,2
5.7388,1.8164,2
5.8120,1.8253,2
5.8121,1.8341,2
5.8121,1.8261,2
5.8121,1.8108,2
5.8121,1.7858,2
5.8121,1.7560,2
5.8122,1.7326,2
5.8122,1.7125,2
5.8122,1.6722,2
5.8122,1.6359,2
5.8122,1.6053,2
5.8123,1.5755,2
5.8123,1.5537,2
5.8123,1.5311,2
5.8123,1.5118,2
5.8123,1.4965,2
5.8123,1.4844,2
5.8123,1.4779,2
5.8124,1.4691,2
5.8124,1.4610,2
5.8124,1.4562,2
5.8124,1.4659,2
5.8124,1.4707,2
5.8124,1.4771,2
5.8124,1.4731,2
5.8125,1.4828,2
5.8125,1.4925,2
5.8125,1.5037,2
5.8125,1.5102,2
5.8125,1.5287,2
5.8125,1.5424,2
5.8126,1.5666,2
5.8126,1.5682,2
5.8126,1.5561,2
5.8126,1.5424,2
5.8126,1.5166,2
5.8126,1.5102,2
5.8126,1.5174,2
5.8127,1.5352,2
5.8127,1.5626,2
5.8127,1.5988,2
5.8127,1.6432,2
5.8127,1.6867,2
5.8127,1.6979,2
5.8128,1.7270,2
5.8128,1.7334,2
5.8128,1.7197,2
5.8128,1.7157,2
5.8128,1.7100,2
5.8128,1.7036,2
5.8129,1.6988,2
5.8129,1.7004,2
5.8129,1.7141,2
5.8129,1.7294,2
5.8129,1.7640,2
5.8129,1.8011,2
5.8129,1.8277,2
5.8130,1.8325,2
5.8130,1.8188,2
5.8130,1.7922,2
5.8130,1.7955,2
5.8130,1.7914,2
5.8130,1.7874,2
5.8130,1.7729,2
5.8131,1.7721,2
5.8131,1.7624,2
5.8131,1.7471,2
5.8131,1.8059,2
5.8131,1.7278,2
5.8131,1.7181,2
5.8132,1.7100,2
5.8132,1.7028,2
5.8132,1.7036,2
5.8132,1.6988,2
5.8132,1.6939,2
5.8132,1.6899,2
5.8133,1.6834,2
5.8133,1.6842,2
5.8133,1.6826,2
5.8133,1.6842,2
5.8133,1.6786,2
5.8133,1.6786,2
5.8133,1.6754,2
5.8134,1.6714,2
5.8134,1.6601,2
5.8134,1.6504,2
5.8134,1.6440,2
5.8134,1.6432,2
5.8134,1.6303,2
5.8134,1.6174,2
5.8135,1.6029,2
5.8135,1.5859,2
5.8135,1.5956,2
5.8135,1.5932,2
5.8135,1.5996,2
5.8135,1.5972,2
5.8136,1.5948,2
5.8136,1.5900,2
5.8136,1.5932,2
5.8136,1.5964,2
5.8136,1.5948,2
5.8136,1.5875,2
5.8136,1.5827,2
5.8137,1.5593,2
5.8137,1.5545,2
5.8137,1.5327,2
5.8137,1.5102,2
5.8137,1.4691,2
5.8138,1.4393,2
5.8138,1.4086,2
5.8138,1.3869,2
5.8138,1.3708,2
5.8138,1.3611,2
5.8138,1.3619,2
5.8138,1.3756,2
5.8139,1.4014,2
5.8139,1.4481,2
5.8139,1.4731,2
5.8139,1.5158,2
5.8139,1.5464,2
5.8139,1.5851,2
5.8139,1.6327,2
5.8140,1.6714,2
5.8140,1.6842,2
5.8140,1.7004,2
5.8140,1.6891,2
5.8140,1.6746,2
5.8140,1.6480,2
5.8140,1.6303,2
5.8141,1.6222,2
5.8141,1.6117,2
5.8141,1.6254,2
5.8141,1.6133,2
5.8141,1.6149,2
5.8141,1.6311,2
5.8142,1.6552,2
5.8142,1.6778,2
5.8142,1.6867,2
5.8142,1.6939,2
5.8142,1.7028,2
5.8143,1.7060,2
5.8143,1.7213,2
5.8143,1.7342,2
5.8143,1.7447,2
5.8143,1.7536,2
5.8143,1.7697,2
5.8143,1.7842,2
5.8144,1.8027,2
5.8144,1.8148,2
5.8144,1.8237,2
5.8144,1.8446,2
5.8893,1.8607,2
5.8894,1.8640,2
5.8894,1.7463,2
5.8894,1.8221,2
5.8894,1.7955,2
5.8894,1.7785,2
5.8895,1.7527,2
5.8895,1.7431,2
5.8895,1.7213,2
5.8895,1.7108,2
5.8895,1.7020,2
5.8895,1.6915,2
5.8895,1.6891,2
5.8896,1.6842,2
5.8896,1.6762,2
5.8896,1.6649,2
5.8896,1.6488,2
5.8896,1.6319,2
5.8896,1.6174,2
5.8896,1.6004,2
5.8897,1.5908,2
5.8897,1.5908,2
5.8897,1.5996,2
5.8897,1.5932,2
5.8897,1.6021,2
5.8897,1.6101,2
5.8898,1.6230,2
5.8898,1.6262,2
5.8898,1.6295,2
5.8898,1.6311,2
5.8898,1.6319,2
5.8898,1.6286,2
5.8898,1.6262,2
5.8899,1.6238,2
5.8899,1.6158,2
5.8899,1.6125,2
5.8899,1.6149,2
5.8899,1.6093,2
5.8899,1.6109,2
5.8900,1.6149,2
5.8900,1.6238,2
5.8900,1.6367,2
5.8900,1.6383,2
5.8900,1.6407,2
5.8900,1.6399,2
5.8900,1.6335,2
5.8901,1.6367,2
5.8901,1.6472,2
5.8901,1.6488,2
5.8901,1.6448,2
5.8901,1.6456,2
5.8901,1.6351,2
5.8902,1.6375,2
5.8902,1.6335,2
5.8902,1.6286,2
5.8902,1.6214,2
5.8902,1.6149,2
5.8902,1.6053,2
5.8903,1.6012,2
5.8903,1.5908,2
5.8903,1.5835,2
5.8903,1.5851,2
5.8903,1.5811,2
5.8903,1.5948,2
5.8903,1.6053,2
5.8904,1.6238,2
5.8904,1.6440,2
5.8904,1.6697,2
5.8904,1.6915,2
5.8904,1.7052,2
5.8904,1.7149,2
5.8904,1.7253,2
5.8905,1.7245,2
5.8905,1.7165,2
5.8905,1.7068,2
5.8905,1.6859,2
5.8905,1.6625,2
5.8905,1.6303,2
5.8906,1.6004,2
5.8906,1.5722,2
5.8906,1.5505,2
5.8906,1.5231,2
5.8906,1.5062,2
5.8906,1.4997,2
5.8907,1.5062,2
5.8907,1.5174,2
5.8907,1.5368,2
5.8907,1.5634,2
5.8907,1.5875,2
5.8907,1.6206,2
5.8908,1.6456,2
5.8908,1.6705,2
5.8908,1.7125,2
5.8908,1.7568,2
5.8908,1.7761,2
5.8908,1.7705,2
5.8908,1.7342,2
5.8909,1.7060,2
5.8909,1.6681,2
5.8909,1.6246,2
5.8909,1.5843,2
5.8909,1.5569,2
5.8909,1.5464,2
5.8910,1.5392,2
5.8910,1.5271,2
5.8910,1.5223,2
5.8910,1.5190,2
5.8910,1.5142,2
5.8910,1.5045,2
5.8910,1.4892,2
5.8911,1.4731,2
5.8911,1.4634,2
5.8911,1.4522,2
5.8911,1.4433,2
5.8911,1.4401,2
5.8911,1.4385,2
5.8912,1.4465,2
5.8912,1.4594,2
5.8912,1.4852,2
5.8912,1.5126,2
5.8912,1.5513,2
5.8912,1.5875,2
5.8913,1.6335,2
5.8913,1.6722,2
5.8913,1.7068,2
5.8913,1.7326,2
5.8913,1.7527,2
5.8913,1.7576,2
5.8914,1.7390,2
5.8914,1.7012,2
5.8914,1.6633,2
5.8914,1.6464,2
5.8914,1.6391,2
5.8914,1.6407,2
5.8914,1.6423,2
5.8915,1.6351,2
5.8915,1.6286,2
5.8915,1.6303,2
5.8915,1.6375,2
5.8915,1.6415,2
5.8915,1.6536,2
5.8916,1.6770,2
5.8916,1.6996,2
5.8916,1.7253,2
5.8916,1.7842,2
5.8916,1.7834,2
5.8916,1.8172,2
5.8916,1.8382,2
5.8917,1.8567,2
5.8917,1.8712,2
5.8917,1.8914,2
5.8917,1.9002,2
5.8917,1.9123,2
5.8917,1.9204,2
5.8918,1.9196,2
5.9695,1.9051,2
5.9695,1.8809,2
5.9695,1.8454,2
5.9695,1.8084,2
5.9695,1.7793,2
5.9696,1.7608,2
5.9696,1.7374,2
5.9696,1.7149,2
5.9696,1.7036,2
5.9696,1.6939,2
5.9696,1.6891,2
5.9696,1.6770,2
5.9697,1.6826,2
5.9697,1.6802,2
5.9697,1.6786,2
5.9697,1.6762,2
5.9697,1.6665,2
5.9697,1.6673,2
5.9698,1.6552,2
5.9698,1.6528,2
5.9698,1.6407,2
5.9698,1.6399,2
5.9698,1.6311,2
5.9698,1.6238,2
5.9699,1.6133,2
5.9699,1.6037,2
5.9699,1.6012,2
5.9699,1.6012,2
5.9699,1.6029,2
5.9699,1.6133,2
5.9699,1.6206,2
5.9700,1.6319,2
5.9700,1.6375,2
5.9700,1.6359,2
5.9700,1.6343,2
5.9700,1.6230,2
5.9700,1.6077,2
5.9700,1.5948,2
5.9701,1.5763,2
5.9701,1.5505,2
5.9701,1.5215,2
5.9701,1.5013,2
5.9701,1.4852,2
5.9701,1.4788,2
5.9702,1.4788,2
5.9702,1.4779,2
5.9702,1.4844,2
5.9702,1.4804,2
5.9702,1.5013,2
5.9703,1.5174,2
5.9703,1.5239,2
5.9703,1.5521,2
5.9703,1.5223,2
5.9703,1.5239,2
5.9703,1.5174,2
5.9704,1.5053,2
5.9704,1.4949,2
5.9704,1.4788,2
5.9704,1.4586,2
5.9704,1.4441,2
5.9704,1.4360,2
5.9704,1.4401,2
5.9704,1.4546,2
5.9705,1.4788,2
5.9705,1.5207,2
5.9705,1.5738,2
5.9705,1.6391,2
5.9705,1.7213,2
5.9705,1.7866,2
5.9706,1.8229,2
5.9706,1.8446,2
5.9706,1.8607,2
5.9706,1.8583,2
5.9706,1.8325,2
5.9706,1.7955,2
5.9707,1.7616,2
5.9707,1.7278,2
5.9707,1.7173,2
5.9707,1.7165,2
5.9707,1.6762,2
5.9707,1.7125,2
5.9708,1.7100,2
5.9708,1.7084,2
5.9708,1.7100,2
5.9708,1.7229,2
5.9708,1.7253,2
5.9708,1.7342,2
5.9708,1.7463,2
5.9709,1.7584,2
5.9709,1.7673,2
5.9709,1.7801,2
5.9709,1.7866,2
5.9709,1.7971,2
5.9709,1.8092,2
5.9709,1.7971,2
5.9710,1.7906,2
5.9710,1.7705,2
5.9710,1.7777,2
5.9710,1.7511,2
5.9710,1.7302,2
5.9710,1.7125,2
5.9710,1.6842,2
5.9711,1.6705,2
5.9711,1.6432,2
5.9711,1.6182,2
5.9711,1.5940,2
5.9712,1.5722,2
5.9712,1.5682,2
5.9712,1.5730,2
5.9712,1.5722,2
5.9712,1.5867,2
5.9712,1.5924,2
5.9713,1.5956,2
5.9713,1.5996,2
5.9713,1.6012,2
5.9713,1.6021,2
5.9713,1.6037,2
5.9713,1.6045,2
5.9714,1.6053,2
5.9714,1.6093,2
5.9714,1.6182,2
5.9714,1.6206,2
5.9714,1.6528,2
5.9714,1.6182,2
5.9714,1.6238,2
5.9715,1.6367,2
5.9715,1.6415,2
5.9715,1.6480,2
5.9715,1.6464,2
5.9715,1.6456,2
5.9715,1.6440,2
5.9715,1.6705,2
5.9716,1.7028,2
5.9716,1.6842,2
5.9716,1.6923,2
5.9716,1.6867,2
5.9716,1.6931,2
5.9716,1.6891,2
5.9717,1.6810,2
5.9717,1.6705,2
5.9717,1.6496,2
5.9717,1.6295,2
5.9717,1.6117,2
5.9717,1.5916,2
5.9718,1.5706,2
5.9718,1.5626,2
5.9718,1.5464,2
5.9718,1.5239,2
5.9718,1.5207,2
5.9718,1.5150,2
5.9719,1.5174,2
5.9719,1.5086,2
5.9719,1.5223,2
5.9719,1.5303,2
5.9719,1.5311,2
5.9719,1.5344,2
5.9719,1.5440,2
5.9720,1.5448,2
5.9720,1.5473,2
5.9720,1.5400,2
6.0497,1.5464,2
6.0498,1.5505,2
6.0498,1.5714,2
6.0498,1.5795,2
6.0498,1.6069,2
6.0498,1.6303,2
6.0498,1.6544,2
6.0499,1.6335,2
6.0499,1.6230,2
6.0499,1.6423,2
6.0499,1.6842,2
6.0499,1.7004,2
6.0499,1.7318,2
6.0499,1.7511,2
6.0500,1.7447,2
6.0500,1.7358,2
6.0500,1.7278,2
6.0500,1.7253,2
6.0500,1.7116,2
6.0500,1.7237,2
6.0500,1.7149,2
6.0501,1.7084,2
6.0501,1.7044,2
6.0501,1.6915,2
6.0501,1.6996,2
6.0501,1.6746,2
6.0501,1.6754,2
6.0502,1.6891,2
6.0502,1.6794,2
6.0502,1.7012,2
6.0502,1.7229,2
6.0502,1.7149,2
6.0502,1.7270,2
6.0502,1.7205,2
6.0503,1.7358,2
6.0503,1.7310,2
6.0503,1.7157,2
6.0503,1.7197,2
6.0503,1.7141,2
6.0503,1.6963,2
6.0504,1.6552,2
6.0504,1.6722,2
6.0504,1.6568,2
6.0504,1.6399,2
6.0504,1.6149,2
6.0504,1.5956,2
6.0504,1.5464,2
6.0505,1.5698,2
6.0505,1.5521,2
6.0505,1.5400,2
6.0505,1.5311,2
6.0505,1.5271,2
6.0505,1.5319,2
6.0506,1.5344,2
6.0506,1.5448,2
6.0506,1.5456,2
6.0506,1.5464,2
6.0506,1.5553,2
6.0506,1.5843,2
6.0507,1.5714,2
6.0507,1.5843,2
6.0507,1.5908,2
6.0507,1.6246,2
6.0507,1.6045,2
6.0507,1.6077,2
6.0508,1.6174,2
6.0508,1.6456,2
6.0508,1.6786,2
6.0508,1.7108,2
6.0508,1.7237,2
6.0508,1.7278,2
6.0508,1.7350,2
6.0509,1.7342,2
6.0509,1.7390,2
6.0509,1.7326,2
6.0509,1.7245,2
6.0509,1.7165,2
6.0509,1.7149,2
6.0509,1.7116,2
6.0510,1.7084,2
6.0510,1.7092,2
6.0510,1.7068,2
6.0510,1.6996,2
6.0510,1.6851,2
6.0510,1.6939,2
6.0511,1.7366,2
6.0511,1.6697,2
6.0511,1.6689,2
6.0511,1.6778,2
6.0511,1.6834,2
6.0511,1.7229,2
6.0511,1.7028,2
6.0512,1.7084,2
6.0512,1.7100,2
6.0512,1.7165,2
6.0512,1.7197,2
6.0512,1.7157,2
6.0512,1.7100,2
6.0513,1.6955,2
6.0513,1.6859,2
6.0513,1.6697,2
6.0513,1.6480,2
6.0513,1.6158,2
6.0513,1.6045,2
6.0513,1.5875,2
6.0514,1.5626,2
6.0514,1.5529,2
6.0514,1.5529,2
6.0514,1.5537,2
6.0514,1.5714,2
6.0514,1.5811,2
6.0514,1.6021,2
6.0515,1.6351,2
6.0515,1.6254,2
6.0515,1.6399,2
6.0515,1.6423,2
6.0515,1.6528,2
6.0515,1.6552,2
6.0516,1.6496,2
6.0516,1.6673,2
6.0516,1.6802,2
6.0516,1.6488,2
6.0516,1.6190,2
6.0516,1.5916,2
6.0517,1.5747,2
6.0517,1.5593,2
6.0517,1.5521,2
6.0517,1.5440,2
6.0517,1.5174,2
6.0517,1.5666,2
6.0518,1.5771,2
6.0518,1.5964,2
6.0518,1.6133,2
6.0518,1.6246,2
6.0518,1.6367,2
6.0518,1.6504,2
6.0518,1.6649,2
6.0519,1.6738,2
6.0519,1.6536,2
6.0519,1.6826,2
6.0519,1.6794,2
6.0519,1.6826,2
6.0519,1.6705,2
6.0519,1.6609,2
6.0520,1.6214,2
6.0520,1.6214,2
6.0520,1.6004,2
6.0520,1.5859,2
6.0520,1.5771,2
6.0520,1.5634,2
6.0521,1.5803,2
6.0521,1.5843,2
6.0521,1.5956,2
6.0521,1.6037,2
6.0521,1.6061,2
6.0521,1.6085,2
6.0522,1.6037,2
6.0522,1.5980,2
6.0522,1.6077,2
6.0522,1.5843,2
6.0522,1.5819,2
6.1309,1.5682,2
6.1309,1.5553,2
6.1310,1.5473,2
6.1310,1.5327,2
6.1310,1.5392,2
6.1310,1.5424,2
6.1310,1.5577,2
6.1310,1.5811,2
6.1310,1.5964,2
6.1311,1.6174,2
6.1311,1.6037,2
6.1311,1.6012,2
6.1311,1.6214,2
6.1311,1.6053,2
6.1311,1.6383,2
6.1312,1.6311,2
6.1312,1.6246,2
6.1312,1.5843,2
6.1312,1.6021,2
6.1312,1.5940,2
6.1312,1.5610,2
6.1313,1.5473,2
6.1313,1.5368,2
6.1313,1.5376,2
6.1313,1.5585,2
6.1313,1.5714,2
6.1313,1.6077,2
6.1314,1.6230,2
6.1314,1.6472,2
6.1314,1.7229,2
6.1314,1.7108,2
6.1314,1.7270,2
6.1314,1.7681,2
6.1314,1.7971,2
6.1315,1.8188,2
6.1315,1.8269,2
6.1315,1.8100,2
6.1315,1.7914,2
6.1315,1.7592,2
6.1315,1.7366,2
6.1316,1.6810,2
6.1316,1.6738,2
6.1316,1.6343,2
6.1316,1.6198,2
6.1316,1.6093,2
6.1316,1.6077,2
6.1316,1.6166,2
6.1317,1.6238,2
6.1317,1.6303,2
6.1317,1.6432,2
6.1317,1.6464,2
6.1317,1.6593,2
6.1318,1.6722,2
6.1318,1.6851,2
6.1318,1.7060,2
6.1318,1.7229,2
6.1318,1.7366,2
6.1318,1.7527,2
6.1318,1.7495,2
6.1319,1.7503,2
6.1319,1.7463,2
6.1319,1.7423,2
6.1319,1.7366,2
6.1319,1.7020,2
6.1319,1.6714,2
6.1319,1.6544,2
6.1320,1.6488,2
6.1320,1.6536,2
6.1320,1.6802,2
6.1320,1.6448,2
6.1320,1.6488,2
6.1320,1.6488,2
6.1321,1.6528,2
6.1321,1.6544,2
6.1321,1.6544,2
6.1321,1.6448,2
6.1321,1.6633,2
6.1321,1.6625,2
6.1322,1.6472,2
6.1322,1.6649,2
6.1322,1.6609,2
6.1323,1.6593,2
6.1323,1.6544,2
6.1323,1.6496,2
6.1323,1.6512,2
6.1323,1.6512,2
6.1323,1.6520,2
6.1323,1.6625,2
6.1324,1.5867,2
6.1324,1.6988,2
6.1324,1.7052,2
6.1324,1.7165,2
6.1324,1.7237,2
6.1324,1.7334,2
6.1324,1.7253,2
6.1325,1.7374,2
6.1325,1.7294,2
6.1325,1.7181,2
6.1325,1.7044,2
6.1325,1.6907,2
6.1325,1.6657,2
6.1326,1.6432,2
6.1326,1.6448,2
6.1326,1.6166,2
6.1326,1.6158,2
6.1326,1.5900,2
6.1326,1.5892,2
6.1327,1.5924,2
6.1327,1.5932,2
6.1327,1.6053,2
6.1327,1.6174,2
6.1327,1.6359,2
6.1328,1.6448,2
6.1328,1.6544,2
6.1328,1.6528,2
6.1328,1.6649,2
6.1328,1.6681,2
6.1328,1.6697,2
6.1328,1.6673,2
6.1329,1.6601,2
6.1329,1.6520,2
6.1329,1.6415,2
6.1329,1.6343,2
6.1329,1.6303,2
6.1329,1.6198,2
6.1329,1.6182,2
6.1330,1.6133,2
6.1330,1.6174,2
6.1330,1.6190,2
6.1330,1.6270,2
6.1330,1.6391,2
6.1330,1.6367,2
6.1330,1.6625,2
6.1331,1.6407,2
6.1331,1.6335,2
6.1331,1.6391,2
6.1331,1.6375,2
6.1331,1.6262,2
6.1331,1.6174,2
6.1332,1.6117,2
6.1332,1.5924,2
6.1332,1.5875,2
6.1332,1.5658,2
6.1332,1.5610,2
6.1332,1.5545,2
6.1333,1.5553,2
6.1333,1.5601,2
6.1333,1.5730,2
6.1333,1.5843,2
6.1333,1.6045,2
6.1333,1.6230,2
6.1333,1.6512,2
6.1334,1.6714,2
6.1334,1.6794,2
6.1334,1.6794,2
6.1334,1.6802,2
6.1334,1.6585,2
6.1334,1.6520,2
6.1334,1.6399,2
6.1335,1.6262,2
6.1335,1.6085,2
6.1335,1.5940,2
6.2152,1.5835,2
7.8096,1.7995,2
7.8096,1.7810,2
7.9016,1.7681,2
7.9017,1.7560,2
7.9017,1.7374,2
7.9017,1.7334,2
7.9017,1.7278,2
7.9018,1.7245,2
7.9018,1.7213,2
7.9018,1.7197,2
7.9018,1.7205,2
7.9018,1.7221,2
7.9019,1.7270,2
7.9019,1.7237,2
7.9019,1.7302,2
7.9019,1.7342,2
7.9019,1.7689,2
7.9019,1.7334,2
7.9020,1.7479,2
7.9020,1.7479,2
7.9020,1.7527,2
7.9020,1.7527,2
7.9020,1.7527,2
7.9020,1.7584,2
7.9021,1.7584,2
7.9021,1.7560,2
7.9021,1.7527,2
7.9021,1.7560,2
7.9021,1.7544,2
7.9021,1.7479,2
7.9022,1.7479,2
7.9022,1.7423,2
7.9022,1.7366,2
7.9022,1.7358,2
7.9022,1.7270,2
7.9022,1.7439,2
7.9023,1.7092,2
7.9023,1.7036,2
7.9023,1.7052,2
7.9023,1.6834,2
7.9023,1.6875,2
7.9023,1.6826,2
7.9024,1.6794,2
7.9024,1.6738,2
7.9024,1.6754,2
7.9024,1.6649,2
7.9024,1.6601,2
7.9024,1.6593,2
7.9025,1.6560,2
7.9025,1.6504,2
7.9025,1.6488,2
7.9025,1.6464,2
7.9025,1.6399,2
7.9025,1.6270,2
7.9026,1.6383,2
7.9026,1.6367,2
7.9026,1.6343,2
7.9026,1.6286,2
7.9026,1.6254,2
7.9026,1.6270,2
7.9027,1.6254,2
7.9027,1.6270,2
7.9027,1.6254,2
7.9027,1.6214,2
7.9027,1.6198,2
7.9027,1.6182,2
7.9028,1.6182,2
7.9028,1.6149,2
7.9028,1.6673,2
7.9028,1.6053,2
7.9028,1.6069,2
7.9028,1.6077,2
7.9029,1.6069,2
7.9029,1.6037,2
7.9029,1.5924,2
7.9029,1.6029,2
7.9029,1.6029,2
7.9029,1.6029,2
7.9030,1.6021,2
7.9030,1.6021,2
7.9030,1.5932,2
7.9030,1.6037,2
7.9030,1.6045,2
7.9030,1.6029,2
7.9031,1.6021,2
7.9031,1.6037,2
7.9031,1.6037,2
7.9031,1.6077,2
7.9031,1.6053,2
7.9032,1.6109,2
7.9032,1.6069,2
7.9032,1.6125,2
7.9032,1.6133,2
7.9032,1.6141,2
7.9032,1.6214,2
7.9032,1.6206,2
7.9033,1.6174,2
7.9033,1.6238,2
7.9033,1.6262,2
7.9033,1.6319,2
7.9033,1.6327,2
7.9033,1.6335,2
7.9034,1.6343,2
7.9034,1.6359,2
7.9034,1.6359,2
7.9035,1.6359,2
7.9035,1.6351,2
7.9035,1.6367,2
7.9035,1.6375,2
7.9035,1.6472,2
7.9035,1.6278,2
7.9036,1.5618,2
7.9036,1.6383,2
7.9036,1.6359,2
7.9036,1.6432,2
7.9036,1.6359,2
7.9036,1.6319,2
7.9037,1.6303,2
7.9037,1.6303,2
7.9037,1.6230,2
7.9037,1.6262,2
7.9037,1.6238,2
7.9037,1.6238,2
7.9038,1.6198,2
7.9038,1.6158,2
7.9038,1.6158,2
7.9038,1.6109,2
7.9038,1.5948,2
7.9038,1.6045,2
7.9039,1.6004,2
7.9039,1.5988,2
7.9039,1.5956,2
7.9039,1.5932,2
7.9039,1.5867,2
7.9039,1.5859,2
7.9040,1.5827,2
7.9040,1.5795,2
7.9040,1.5779,2
7.9040,1.6045,2
7.9040,1.5690,2
7.9040,1.5634,2
7.9041,1.5634,2
7.9041,1.5722,2
7.9041,1.5585,2
7.9041,1.5569,2
7.9041,1.5521,2
7.9041,1.5497,2
7.9042,1.5481,2
7.9042,1.5489,2
7.9042,1.5464,2
7.9042,1.5481,2
7.9042,1.5521,2
7.9042,1.5384,2
7.9043,1.5392,2
7.9043,1.5368,2
7.9043,1.5070,2
7.9043,1.5352,2
7.9043,1.5344,2
7.9043,1.5327,2
7.9043,1.5336,2
7.9044,1.5319,2
7.9044,1.5303,2
7.9044,1.5287,2
7.9044,1.5279,2
7.9044,1.5263,2
7.9044,1.5271,2
7.9045,1.5593,2
7.9045,1.5158,2
7.9045,1.5134,2
7.9045,1.5771,2
7.9045,1.5045,2
7.9045,1.5037,2
7.9046,1.5053,2
7.9046,1.5070,2
7.9046,1.5070,2
7.9046,1.5166,2
7.9046,1.5078,2
7.9046,1.5086,2
7.9047,1.5094,2
7.9047,1.5094,2
7.9047,1.5207,2
7.9047,1.5142,2
7.9047,1.5126,2
7.9047,1.5223,2
7.9048,1.5134,2
7.9048,1.5190,2
7.9048,1.5231,2
7.9048,1.5199,2
7.9048,1.5215,2
7.9048,1.5255,2
7.9049,1.5231,2
7.9049,1.5279,2
7.9049,1.5319,2
7.9049,1.5295,2
7.9049,1.5319,2
7.9049,1.5327,2
7.9050,1.5400,2
7.9050,1.5424,2
7.9050,1.5416,2
7.9050,1.5473,2
7.9050,1.5473,2
7.9050,1.5456,2
7.9051,1.5529,2
7.9051,1.5529,2
7.9051,1.5610,2
7.9051,1.5634,2
7.9051,1.5706,2
7.9051,1.5698,2
7.9051,1.5714,2
7.9052,1.5763,2
7.9052,1.5352,2
7.9052,1.5940,2
7.9052,1.5948,2
7.9052,1.5988,2
7.9052,1.6166,2
7.9053,1.6077,2
7.9053,1.6101,2
7.9053,1.6141,2
7.9053,1.6182,2
7.9053,1.6496,2
7.9053,1.6480,2
7.9054,1.6423,2
7.9054,1.6407,2
7.9054,1.6440,2
7.9054,1.6464,2
7.9054,1.6432,2
7.9054,1.6609,2
7.9055,1.6697,2
7.9055,1.6746,2
7.9055,1.6826,2
7.9055,1.6907,2
7.9055,1.6947,2
7.9055,1.7036,2
7.9056,1.6988,2
7.9056,1.7133,2
7.9056,1.7197,2
7.9056,1.7173,2
7.9056,1.7374,2
7.9056,1.7431,2
7.9057,1.7479,2
7.9057,1.7560,2
7.9057,1.7600,2
7.9057,1.7624,2
7.9057,1.7439,2
7.9057,1.7503,2
7.9058,1.7898,2
7.9058,1.8019,2
7.9058,1.7914,2
7.9058,1.8011,2
7.9058,1.8051,2
7.9058,1.8075,2
7.9058,1.8108,2
7.9059,1.8132,2
7.9059,1.8196,2
7.9059,1.8229,2
7.9059,1.8253,2
7.9059,1.8358,2
7.9059,1.8446,2
7.9060,1.8406,2
7.9060,1.8495,2
7.9060,1.8575,2
7.9060,1.8752,2
7.9060,1.8760,2
7.9060,1.8817,2
7.9061,1.8857,2
7.9061,1.8930,2
7.9061,1.8897,2
7.9061,1.8752,2
7.9061,1.8519,2
7.9061,1.8221,2
7.9062,1.8035,2
7.9062,1.7713,2
7.9062,1.7439,2
7.9062,1.7221,2
7.9062,1.6979,2
7.9062,1.6802,2
7.9063,1.6697,2
7.9063,1.6609,2
7.9063,1.6585,2
7.9063,1.6593,2
7.9063,1.6544,2
7.9063,1.6528,2
7.9064,1.6488,2
7.9064,1.6456,2
7.9064,1.6351,2
7.9064,1.6327,2
7.9064,1.6295,2
7.9064,1.6206,2
7.9065,1.6133,2
7.9065,1.6069,2
7.9065,1.5948,2
7.9065,1.5859,2
7.9065,1.5755,2
7.9065,1.5561,2
7.9065,1.5416,2
7.9066,1.5416,2
7.9066,1.5416,2
7.9066,1.5473,2
7.9066,1.5593,2
7.9066,1.5650,2
7.9066,1.5771,2
7.9067,1.5803,2
7.9067,1.5819,2
7.9067,1.5996,2
7.9067,1.5964,2
7.9067,1.6012,2
7.9067,1.6021,2
7.9068,1.6166,2
7.9068,1.5803,2
7.9068,1.6021,2
7.9068,1.5722,2
7.9068,1.5464,2
7.9068,1.5223,2
7.9069,1.5013,2
7.9069,1.4812,2
7.9069,1.4618,2
7.9069,1.4530,2
7.9069,1.4618,2
7.9069,1.4763,2
7.9070,1.5029,2
7.9070,1.5344,2
7.9070,1.5577,2
7.9070,1.5714,2
7.9070,1.5795,2
7.9070,1.5956,2
7.9071,1.6109,2
7.9071,1.6303,2
7.9071,1.6206,2
7.9071,1.6085,2
7.9071,1.5932,2
7.9071,1.6004,2
7.9071,1.5763,2
7.9072,1.5674,2
7.9072,1.5650,2
7.9072,1.5771,2
7.9072,1.5875,2
7.9072,1.5859,2
7.9072,1.5755,2
7.9073,1.5674,2
7.9073,1.5730,2
7.9073,1.6029,2
7.9073,1.6415,2
7.9073,1.6875,2
7.9073,1.7213,2
7.9074,1.7511,2
7.9074,1.7842,2
7.9074,1.7971,2
7.9074,1.8688,2
7.9074,1.9091,2
7.9074,1.9284,2
7.9075,1.9284,2
7.9075,1.9034,2
7.9075,1.8712,2
7.9075,1.8462,2
7.9075,1.7987,2
7.9075,1.8075,2
7.9076,1.7882,2
7.9076,1.7769,2
7.9076,1.7681,2
7.9076,1.7769,2
7.9076,1.7737,2
7.9076,1.7938,2
7.9076,1.8035,2
7.9077,1.8237,2
7.9077,1.8188,2
7.9077,1.8253,2
7.9077,1.8309,2
7.9077,1.8229,2
7.9077,1.8172,2
7.9078,1.8084,2
7.9078,1.7955,2
7.9078,1.7818,2
7.9078,1.7640,2
7.9078,1.7431,2
7.9078,1.7221,2
7.9079,1.7133,2
7.9079,1.6979,2
7.9079,1.7052,2
7.9079,1.6883,2
7.9079,1.7044,2
7.9079,1.6996,2
7.9080,1.6923,2
7.9080,1.6842,2
7.9080,1.6681,2
7.9080,1.6544,2
7.9080,1.6472,2
7.9080,1.6512,2
7.9081,1.6319,2
7.9081,1.6117,2
7.9081,1.5948,2
7.9081,1.5787,2
7.9081,1.5593,2
7.9081,1.5521,2
7.9081,1.5360,2
7.9082,1.5231,2
7.9082,1.5303,2
7.9082,1.5319,2
7.9082,1.5464,2
7.9082,1.5464,2
7.9082,1.5738,2
7.9083,1.5972,2
7.9083,1.5996,2
7.9083,1.6149,2
7.9083,1.6295,2
7.9083,1.6319,2
7.9083,1.6480,2
7.9084,1.6593,2
7.9084,1.6520,2
7.9084,1.6440,2
7.9084,1.6520,2
7.9084,1.6488,2
7.9084,1.6415,2
7.9085,1.6399,2
7.9085,1.6061,2
7.9085,1.6101,2
7.9085,1.5884,2
7.9085,1.5940,2
7.9085,1.5972,2
7.9086,1.5980,2
7.9086,1.6053,2
7.9086,1.6109,2
7.9086,1.6182,2
7.9086,1.6585,2
7.9995,1.6198,2
7.9995,1.6375,2
7.9995,1.6286,2
7.9996,1.6335,2
7.9996,1.6335,2
7.9996,1.6286,2
7.9996,1.6367,2
7.9996,1.6432,2
7.9997,1.6552,2
7.9997,1.6657,2
7.9997,1.6778,2
7.9997,1.6891,2
7.9997,1.6988,2
7.9997,1.7084,2
7.9998,1.7076,2
7.9998,1.7165,2
7.9998,1.7125,2
7.9998,1.7060,2
7.9998,1.6907,2
7.9998,1.6915,2
7.9998,1.6859,2
7.9999,1.6899,2
7.9999,1.6754,2
7.9999,1.6649,2
7.9999,1.6585,2
7.9999,1.6464,2
8.0000,1.6423,2
8.0000,1.6383,2
8.0000,1.6303,2
8.0000,1.6295,2
8.0000,1.6295,2
8.0001,1.6278,2
8.0001,1.6311,2
8.0001,1.6415,2
8.0001,1.6472,2
8.0001,1.6609,2
8.0001,1.6697,2
8.0001,1.6842,2
8.0002,1.6947,2
8.0002,1.7036,2
8.0002,1.7060,2
8.0002,1.7100,2
8.0002,1.6963,2
8.0002,1.6851,2
8.0003,1.6649,2
8.0003,1.6375,2
8.0003,1.6109,2
8.0003,1.5940,2
8.0003,1.5779,2
8.0003,1.5666,2
8.0004,1.5577,2
8.0004,1.5448,2
8.0004,1.5327,2
8.0004,1.5190,2
8.0004,1.5013,2
8.0004,1.4860,2
8.0005,1.4707,2
8.0005,1.4683,2
8.0005,1.4618,2
8.0005,1.4578,2
8.0005,1.4554,2
8.0005,1.4618,2
8.0006,1.4739,2
8.0006,1.4788,2
8.0006,1.4804,2
8.0006,1.4876,2
8.0006,1.5029,2
8.0006,1.5344,2
8.0007,1.5747,2
8.0007,1.6270,2
8.0007,1.6834,2
8.0007,1.7108,2
8.0007,1.7374,2
8.0007,1.7600,2
8.0008,1.7785,2
8.0008,1.7955,2
8.0008,1.7890,2
8.0008,1.7544,2
8.0008,1.7181,2
8.0008,1.6818,2
8.0009,1.6568,2
8.0009,1.6367,2
8.0009,1.6270,2
8.0009,1.6214,2
8.0009,1.6303,2
8.0009,1.6407,2
8.0010,1.6617,2
8.0010,1.6971,2
8.0010,1.7350,2
8.0010,1.7697,2
8.0010,1.8027,2
8.0010,1.8341,2
8.0011,1.8567,2
8.0011,1.8768,2
8.0011,1.8922,2
8.0011,1.8962,2
8.0011,1.8897,2
8.0011,1.8809,2
8.0012,1.8680,2
8.0012,1.8575,2
8.0012,1.8503,2
8.0012,1.8422,2
8.0012,1.8341,2
8.0012,1.8269,2
8.0012,1.8092,2
8.0013,1.7858,2
8.0013,1.7624,2
8.0013,1.7390,2
8.0013,1.7149,2
8.0013,1.6915,2
8.0013,1.6705,2
8.0014,1.6585,2
8.0014,1.6504,2
8.0014,1.6464,2
8.0014,1.6512,2
8.0014,1.6544,2
8.0014,1.6633,2
8.0015,1.6641,2
8.0015,1.6633,2
8.0015,1.6673,2
8.0015,1.6665,2
8.0015,1.6689,2
8.0015,1.6649,2
8.0016,1.6657,2
8.0016,1.6577,2
8.0016,1.6448,2
8.0016,1.6359,2
8.0016,1.6166,2
8.0016,1.6029,2
8.0017,1.5892,2
8.0017,1.5875,2
8.0017,1.5827,2
8.0017,1.5884,2
8.0017,1.5859,2
8.0017,1.5924,2
8.0018,1.6012,2
8.0018,1.6037,2
8.0018,1.6141,2
8.0018,1.6262,2
8.0018,1.6383,2
8.0018,1.6512,2
8.0018,1.6625,2
8.0019,1.6722,2
8.0019,1.6746,2
8.0019,1.6794,2
8.0019,1.6786,2
8.0019,1.6722,2
8.0020,1.6601,2
8.0020,1.6423,2
8.0020,1.6303,2
8.0020,1.6117,2
8.0020,1.5956,2
8.0020,1.5892,2
8.0021,1.5835,2
8.0021,1.5835,2
8.0021,1.5884,2
8.0021,1.5948,2
8.0021,1.6021,2
8.0021,1.6182,2
8.0021,1.6230,2
8.0022,1.6367,2
8.0022,1.6448,2
8.0022,1.6496,2
8.0022,1.6552,2
8.0023,1.6560,2
8.0023,1.6512,2
8.0023,1.6464,2
8.0023,1.6407,2
8.0023,1.6415,2
8.0023,1.6480,2
8.0024,1.6496,2
8.0024,1.6456,2
8.0024,1.6415,2
8.0024,1.6278,2
8.0024,1.6303,2
8.0024,1.6319,2
8.0025,1.6359,2
8.0025,1.6480,2
8.0025,1.6536,2
8.0025,1.6633,2
8.0025,1.6617,2
8.0025,1.6593,2
8.0026,1.6528,2
8.0026,1.6528,2
8.0026,1.6544,2
8.0026,1.6504,2
8.0026,1.6657,2
8.0026,1.6673,2
8.0932,1.6560,2
8.0933,1.6689,2
8.0933,1.6633,2
8.0933,1.6568,2
8.0933,1.6577,2
8.0934,1.6520,2
8.0934,1.6456,2
8.0934,1.6351,2
8.0934,1.6327,2
8.0934,1.6303,2
8.0934,1.6230,2
8.0935,1.6198,2
8.0935,1.6149,2
8.0935,1.6125,2
8.0935,1.6037,2
8.0935,1.5884,2
8.0936,1.5738,2
8.0936,1.5505,2
8.0936,1.5448,2
8.0936,1.5303,2
8.0936,1.5199,2
8.0936,1.5126,2
8.0937,1.5158,2
8.0937,1.5239,2
8.0937,1.5408,2
8.0937,1.5610,2
8.0937,1.5892,2
8.0937,1.6149,2
8.0938,1.6440,2
8.0938,1.6794,2
8.0938,1.7012,2
8.0938,1.7108,2
8.0938,1.6947,2
8.0938,1.6472,2
8.0939,1.6053,2
8.0939,1.5642,2
8.0939,1.5545,2
8.0939,1.5053,2
8.0939,1.4747,2
8.0939,1.4481,2
8.0940,1.4497,2
8.0940,1.4086,2
8.0940,1.4022,2
8.0940,1.4240,2
8.0940,1.4578,2
8.0940,1.5094,2
8.0941,1.5529,2
8.0941,1.6286,2
8.0941,1.6883,2
8.0941,1.7221,2
8.0941,1.7455,2
8.0941,1.7544,2
8.0942,1.7584,2
8.0942,1.7350,2
8.0942,1.6899,2
8.0942,1.6464,2
8.0942,1.6101,2
8.0942,1.5803,2
8.0943,1.5601,2
8.0943,1.5287,2
8.0943,1.5110,2
8.0943,1.4989,2
8.0943,1.5045,2
8.0943,1.5271,2
8.0944,1.5674,2
8.0944,1.6214,2
8.0944,1.6826,2
8.0944,1.7600,2
8.0944,1.8084,2
8.0944,1.8599,2
8.0945,1.8817,2
8.0945,1.9204,2
8.0945,1.9389,2
8.0945,1.9462,2
8.0945,1.9300,2
8.0945,1.8970,2
8.0946,1.8640,2
8.0946,1.8325,2
8.0946,1.7995,2
8.0946,1.7689,2
8.0946,1.7560,2
8.0946,1.7463,2
8.0946,1.7390,2
8.0947,1.7423,2
8.0947,1.7463,2
8.0947,1.7689,2
8.0947,1.7914,2
8.0947,1.8212,2
8.0947,1.8486,2
8.0948,1.8607,2
8.0948,1.8720,2
8.0948,1.8825,2
8.0948,1.8865,2
8.0948,1.8825,2
8.0948,1.8744,2
8.0949,1.8591,2
8.0949,1.8486,2
8.0949,1.8261,2
8.0949,1.8027,2
8.0949,1.7753,2
8.0949,1.7487,2
8.0950,1.7262,2
8.0950,1.7028,2
8.0950,1.6826,2
8.0950,1.6738,2
8.0950,1.6633,2
8.0950,1.6528,2
8.0951,1.6496,2
8.0951,1.6423,2
8.0951,1.6488,2
8.0951,1.6278,2
8.0951,1.6270,2
8.0951,1.6158,2
8.0952,1.6214,2
8.0952,1.6190,2
8.0952,1.6045,2
8.0952,1.5948,2
8.0952,1.5827,2
8.0952,1.5771,2
8.0953,1.5706,2
8.0953,1.5650,2
8.0953,1.5529,2
8.0953,1.5698,2
8.0953,1.5610,2
8.0953,1.5545,2
8.0954,1.5610,2
8.0954,1.5714,2
8.0954,1.5867,2
8.0954,1.5948,2
8.0954,1.5972,2
8.0954,1.5988,2
8.0955,1.5738,2
8.0955,1.5924,2
8.0955,1.5908,2
8.0955,1.5803,2
8.0955,1.6012,2
8.0955,1.5843,2
8.0956,1.5892,2
8.0956,1.5908,2
8.0956,1.5932,2
8.0956,1.6061,2
8.0956,1.6141,2
8.0956,1.6246,2
8.0957,1.6367,2
8.0957,1.6496,2
8.0957,1.6536,2
8.0957,1.6625,2
8.0957,1.6585,2
8.0957,1.6665,2
8.0958,1.6609,2
8.0958,1.6697,2
8.0958,1.6480,2
8.0958,1.6520,2
8.0958,1.6528,2
8.0958,1.6536,2
8.0959,1.6544,2
8.0959,1.6512,2
8.0959,1.6488,2
8.0959,1.6303,2
8.0959,1.6343,2
8.0959,1.6190,2
8.0960,1.6077,2
8.0960,1.6021,2
8.0960,1.6029,2
8.0960,1.6117,2
8.0960,1.6327,2
8.0960,1.6617,2
8.0961,1.6931,2
8.0961,1.7221,2
8.0961,1.7390,2
8.0961,1.7592,2
8.0961,1.7592,2
8.0961,1.7673,2
8.0962,1.7592,2
8.0962,1.7374,2
8.0962,1.7197,2
8.0962,1.6971,2
8.0962,1.6867,2
8.0962,1.6585,2
8.0963,1.6448,2
8.0963,1.6166,2
8.0963,1.6109,2
8.0963,1.6021,2
8.0963,1.5835,2
8.0963,1.5771,2
8.0964,1.5779,2
8.0964,1.5698,2
8.1820,1.5730,2
8.1821,1.5730,2
8.1821,1.5859,2
8.1821,1.5875,2
8.1821,1.5884,2
8.1821,1.5867,2
8.1821,1.6488,2
8.1822,1.5738,2
8.1822,1.5714,2
8.1822,1.5722,2
8.1822,1.5666,2
8.1822,1.5674,2
8.1822,1.5690,2
8.1822,1.5706,2
8.1823,1.5722,2
8.1823,1.5827,2
8.1823,1.6004,2
8.1823,1.6182,2
8.1823,1.6238,2
8.1823,1.6278,2
8.1824,1.6230,2
8.1824,1.6254,2
8.1824,1.6158,2
8.1824,1.6391,2
8.1824,1.6278,2
8.1824,1.6061,2
8.1825,1.5537,2
8.1825,1.5618,2
8.1825,1.5593,2
8.1825,1.5497,2
8.1825,1.5529,2
8.1825,1.5610,2
8.1826,1.5553,2
8.1826,1.5835,2
8.1826,1.5972,2
8.1826,1.6061,2
8.1826,1.6141,2
8.1826,1.6262,2
8.1826,1.6375,2
8.1827,1.6560,2
8.1827,1.6859,2
8.1827,1.7286,2
8.1827,1.7721,2
8.1827,1.8084,2
8.1827,1.8333,2
8.1828,1.8414,2
8.1828,1.8301,2
8.1828,1.8374,2
8.1828,1.8204,2
8.1828,1.7971,2
8.1828,1.7519,2
8.1828,1.7197,2
8.1829,1.6802,2
8.1829,1.6552,2
8.1829,1.6335,2
8.1829,1.6117,2
8.1829,1.6198,2
8.1829,1.6286,2
8.1830,1.6182,2
8.1830,1.6464,2
8.1830,1.6714,2
8.1830,1.6971,2
8.1830,1.7197,2
8.1830,1.7479,2
8.1831,1.7648,2
8.1831,1.7793,2
8.1831,1.7979,2
8.1831,1.8019,2
8.1831,1.8148,2
8.1831,1.7914,2
8.1831,1.7842,2
8.1832,1.7681,2
8.1832,1.7407,2
8.1832,1.7221,2
8.1832,1.7060,2
8.1832,1.7076,2
8.1832,1.6319,2
8.1833,1.6891,2
8.1833,1.6826,2
8.1833,1.6842,2
8.1833,1.6770,2
8.1833,1.6810,2
8.1833,1.6746,2
8.1833,1.6423,2
8.1834,1.6770,2
8.1834,1.7536,2
8.1834,1.6673,2
8.1834,1.6754,2
8.1834,1.6657,2
8.1834,1.6665,2
8.1835,1.6673,2
8.1835,1.6625,2
8.1835,1.6552,2
8.1835,1.6166,2
8.1835,1.6415,2
8.1835,1.6198,2
8.1835,1.6278,2
8.1836,1.6238,2
8.1836,1.6190,2
8.1836,1.6190,2
8.1836,1.6214,2
8.1836,1.6286,2
8.1836,1.6327,2
8.1837,1.6359,2
8.1837,1.6311,2
8.1837,1.6238,2
8.1837,1.6222,2
8.1837,1.6141,2
8.1837,1.6077,2
8.1838,1.6021,2
8.1838,1.5964,2
8.1838,1.6053,2
8.1838,1.5706,2
8.1838,1.5601,2
8.1838,1.5601,2
8.1838,1.5601,2
8.1839,1.5747,2
8.1839,1.5626,2
8.1839,1.5803,2
8.1839,1.5666,2
8.1839,1.5674,2
8.1839,1.5698,2
8.1840,1.5779,2
8.1840,1.5755,2
8.1840,1.5827,2
8.1840,1.5884,2
8.1840,1.5956,2
8.1840,1.6053,2
8.1840,1.6149,2
8.1841,1.6004,2
8.1841,1.6093,2
8.1841,1.6012,2
8.1841,1.5875,2
8.1841,1.5819,2
8.1841,1.5819,2
8.1842,1.5505,2
8.1842,1.5448,2
8.1842,1.5521,2
8.1842,1.5569,2
8.1842,1.5763,2
8.1842,1.5916,2
8.1842,1.6133,2
8.1843,1.6456,2
8.1843,1.6786,2
8.1843,1.6746,2
8.1843,1.7092,2
8.1843,1.7310,2
8.1843,1.7527,2
8.1844,1.7737,2
8.1844,1.7810,2
8.1844,1.7866,2
8.1844,1.7648,2
8.1844,1.7374,2
8.1844,1.7084,2
8.1844,1.6988,2
8.1845,1.6593,2
8.1845,1.6480,2
8.1845,1.6512,2
8.1845,1.6738,2
8.1845,1.6883,2
8.1845,1.7044,2
8.1846,1.6955,2
8.1846,1.6867,2
8.1846,1.6746,2
8.1846,1.6609,2
8.1846,1.6617,2
8.1846,1.6415,2
8.1846,1.6601,2
8.1847,1.6593,2
8.1847,1.6641,2
8.1847,1.6625,2
8.1847,1.6625,2
8.1847,1.6633,2
8.1847,1.6754,2
8.1848,1.6657,2
8.1848,1.6826,2
8.1848,1.6246,2
8.2670,1.6899,2
8.2670,1.7004,2
8.2670,1.6907,2
8.2670,1.6979,2
8.2671,1.6802,2
8.2671,1.6488,2
8.2671,1.6681,2
8.2671,1.6560,2
8.2671,1.6423,2
8.2671,1.6351,2
8.2671,1.6303,2
8.2672,1.6689,2
8.2672,1.6327,2
8.2672,1.5706,2
8.2672,1.6464,2
8.2672,1.6480,2
8.2672,1.6109,2
8.2672,1.6568,2
8.2673,1.6174,2
8.2673,1.6206,2
8.2673,1.6061,2
8.2673,1.5988,2
8.2673,1.6077,2
8.2673,1.6174,2
8.2673,1.6270,2
8.2674,1.6448,2
8.2674,1.6641,2
8.2674,1.6754,2
8.2674,1.6867,2
8.2674,1.6826,2
8.2674,1.6705,2
8.2675,1.6528,2
8.2675,1.6472,2
8.2675,1.6432,2
8.2675,1.6391,2
8.2675,1.6415,2
8.2675,1.6399,2
8.2676,1.6367,2
8.2676,1.6383,2
8.2676,1.6383,2
8.2676,1.6593,2
8.2676,1.6826,2
8.2676,1.7068,2
8.2677,1.7092,2
8.2677,1.7076,2
8.2677,1.6988,2
8.2677,1.6947,2
8.2677,1.6979,2
8.2677,1.7028,2
8.2677,1.7092,2
8.2678,1.7052,2
8.2678,1.7012,2
8.2678,1.6963,2
8.2678,1.6907,2
8.2678,1.6810,2
8.2678,1.6770,2
8.2679,1.6730,2
8.2679,1.6681,2
8.2679,1.6697,2
8.2679,1.6593,2
8.2679,1.6633,2
8.2679,1.6625,2
8.2680,1.6681,2
8.2680,1.6746,2
8.2680,1.6875,2
8.2680,1.6923,2
8.2680,1.6867,2
8.2680,1.6883,2
8.2681,1.6867,2
8.2681,1.6867,2
8.2681,1.6794,2
8.2681,1.6601,2
8.2681,1.6673,2
8.2681,1.6971,2
8.2681,1.6367,2
8.2682,1.6448,2
8.2682,1.6004,2
8.2682,1.5884,2
8.2682,1.5747,2
8.2682,1.5650,2
8.2682,1.5658,2
8.2683,1.5618,2
8.2683,1.5682,2
8.2683,1.5626,2
8.2683,1.5747,2
8.2683,1.5851,2
8.2683,1.5682,2
8.2683,1.5545,2
8.2684,1.5666,2
8.2684,1.5867,2
8.2684,1.5932,2
8.2685,1.6004,2
8.2685,1.6278,2
8.2685,1.6520,2
8.2685,1.6286,2
8.2685,1.6190,2
8.2685,1.6012,2
8.2686,1.5650,2
8.2686,1.5698,2
8.2686,1.5610,2
8.2686,1.5610,2
8.2686,1.5682,2
8.2686,1.5956,2
8.2687,1.6327,2
8.2687,1.6786,2
8.2687,1.7213,2
8.2687,1.7374,2
8.2687,1.7600,2
8.2687,1.7753,2
8.2687,1.7874,2
8.2688,1.7785,2
8.2688,1.7245,2
8.2688,1.7519,2
8.2688,1.7310,2
8.2688,1.7310,2
8.2688,1.7229,2
8.2689,1.7326,2
8.2689,1.7270,2
8.2689,1.7141,2
8.2689,1.7286,2
8.2689,1.7221,2
8.2689,1.7342,2
8.2690,1.7253,2
8.2690,1.7310,2
8.2690,1.7302,2
8.2690,1.7334,2
8.2690,1.7358,2
8.2690,1.7213,2
8.2690,1.7149,2
8.2691,1.7141,2
8.2691,1.7044,2
8.2691,1.7060,2
8.2691,1.6996,2
8.2691,1.6939,2
8.2691,1.6891,2
8.2692,1.6810,2
8.2692,1.6754,2
8.2692,1.6673,2
8.2692,1.6657,2
8.2692,1.6673,2
8.2692,1.6367,2
8.2693,1.6311,2
8.2693,1.6069,2
8.2693,1.6158,2
8.2693,1.5988,2
8.2693,1.6012,2
8.2693,1.6077,2
8.2693,1.6093,2
8.2694,1.6125,2
8.2694,1.6238,2
8.2694,1.6117,2
8.2694,1.6182,2
8.2694,1.6198,2
8.2694,1.6222,2
8.2695,1.6246,2
8.2695,1.6158,2
8.2695,1.6045,2
8.2695,1.5835,2
8.2695,1.5634,2
8.2695,1.5448,2
8.2696,1.5368,2
8.2696,1.5368,2
8.2696,1.5384,2
8.2696,1.5513,2
8.2696,1.5730,2
8.2696,1.5932,2
8.2697,1.6343,2
8.2697,1.6568,2
8.2697,1.6778,2
8.2697,1.6915,2
8.3510,1.6915,2
8.3510,1.6931,2
8.3510,1.6859,2
8.3510,1.7004,2
8.3510,1.6641,2
8.3511,1.6568,2
8.3511,1.6496,2
8.3511,1.6383,2
8.3511,1.6464,2
8.3511,1.6432,2
8.3511,1.6375,2
8.3511,1.6278,2
8.3512,1.6198,2
8.3512,1.6166,2
8.3512,1.6206,2
8.3512,1.6238,2
8.3512,1.6456,2
8.3512,1.6536,2
8.3513,1.6593,2
8.3513,1.6601,2
8.3513,1.6520,2
8.3513,1.6367,2
8.3513,1.6359,2
8.3513,1.6238,2
8.3514,1.6117,2
8.3514,1.5956,2
8.3514,1.5787,2
8.3514,1.5593,2
8.3514,1.5432,2
8.3514,1.5215,2
8.3514,1.5053,2
8.3515,1.4933,2
8.3515,1.4989,2
8.3515,1.5070,2
8.3515,1.5207,2
8.3515,1.5440,2
8.3515,1.5779,2
8.3516,1.6198,2
8.3516,1.6568,2
8.3516,1.6947,2
8.3516,1.7431,2
8.3516,1.7874,2
8.3516,1.8196,2
8.3516,1.8277,2
8.3517,1.8084,2
8.3517,1.7769,2
8.3517,1.7407,2
8.3517,1.7326,2
8.3517,1.6617,2
8.3517,1.6174,2
8.3518,1.5996,2
8.3518,1.5908,2
8.3518,1.5996,2
8.3518,1.6141,2
8.3518,1.6560,2
8.3518,1.6794,2
8.3518,1.7149,2
8.3519,1.7358,2
8.3519,1.7560,2
8.3519,1.7713,2
8.3519,1.7834,2
8.3519,1.7818,2
8.3520,1.7801,2
8.3520,1.7777,2
8.3520,1.7793,2
8.3520,1.7745,2
8.3520,1.7536,2
8.3520,1.7302,2
8.3520,1.7165,2
8.3521,1.6923,2
8.3521,1.6859,2
8.3521,1.6810,2
8.3521,1.6754,2
8.3521,1.6705,2
8.3521,1.6601,2
8.3522,1.6472,2
8.3522,1.6351,2
8.3522,1.6214,2
8.3522,1.6021,2
8.3522,1.5803,2
8.3522,1.5698,2
8.3522,1.5489,2
8.3523,1.5360,2
8.3523,1.5279,2
8.3523,1.5158,2
8.3523,1.4949,2
8.3523,1.4779,2
8.3523,1.4667,2
8.3524,1.4651,2
8.3524,1.4707,2
8.3524,1.4860,2
8.3524,1.5150,2
8.3524,1.5464,2
8.3525,1.5771,2
8.3525,1.6061,2
8.3525,1.6383,2
8.3525,1.6689,2
8.3525,1.7028,2
8.3525,1.7165,2
8.3525,1.7213,2
8.3526,1.7197,2
8.3526,1.7181,2
8.3526,1.7141,2
8.3526,1.7181,2
8.3526,1.7270,2
8.3526,1.7245,2
8.3526,1.7221,2
8.3527,1.7237,2
8.3527,1.7278,2
8.3527,1.7278,2
8.3527,1.7262,2
8.3527,1.7294,2
8.3527,1.7374,2
8.3528,1.7511,2
8.3528,1.7713,2
8.3528,1.7971,2
8.3528,1.8196,2
8.3528,1.8349,2
8.3528,1.8358,2
8.3528,1.8309,2
8.3529,1.8172,2
8.3529,1.7979,2
8.3529,1.7826,2
8.3529,1.7600,2
8.3529,1.7415,2
8.3529,1.7141,2
8.3530,1.6883,2
8.3530,1.6762,2
8.3530,1.6512,2
8.3530,1.6472,2
8.3530,1.6359,2
8.3530,1.6335,2
8.3530,1.6303,2
8.3531,1.6343,2
8.3531,1.6327,2
8.3531,1.6327,2
8.3531,1.6311,2
8.3531,1.6270,2
8.3531,1.6069,2
8.3532,1.5948,2
8.3532,1.5722,2
8.3532,1.5601,2
8.3532,1.5319,2
8.3532,1.5158,2
8.3532,1.5062,2
8.3532,1.5110,2
8.3533,1.5118,2
8.3533,1.5199,2
8.3533,1.5239,2
8.3533,1.5303,2
8.3533,1.5408,2
8.3533,1.5448,2
8.3534,1.5481,2
8.3534,1.5634,2
8.3534,1.5787,2
8.3534,1.6037,2
8.3534,1.6262,2
8.3534,1.6448,2
8.3535,1.6641,2
8.3535,1.6754,2
8.3535,1.6826,2
8.3535,1.6826,2
8.3535,1.6794,2
8.3535,1.6810,2
8.3535,1.6851,2
8.3536,1.6875,2
8.3536,1.6851,2
8.3536,1.6754,2
8.4348,1.6697,2
8.4348,1.6617,2
8.4348,1.6552,2
8.4348,1.6601,2
8.4349,1.6625,2
8.4349,1.6746,2
8.4349,1.6842,2
8.4349,1.6955,2
8.4349,1.7092,2
8.4349,1.7181,2
8.4350,1.7262,2
8.4350,1.7253,2
8.4350,1.7270,2
8.4350,1.7286,2
8.4350,1.7326,2
8.4350,1.7253,2
8.4351,1.7141,2
8.4351,1.7028,2
8.4351,1.6923,2
8.4351,1.6770,2
8.4351,1.6577,2
8.4351,1.6423,2
8.4352,1.6254,2
8.4352,1.6174,2
8.4352,1.6037,2
8.4352,1.5948,2
8.4352,1.5851,2
8.4352,1.5819,2
8.4352,1.5714,2
8.4353,1.5569,2
8.4353,1.5400,2
8.4353,1.5263,2
8.4353,1.5078,2
8.4353,1.4949,2
8.4353,1.4771,2
8.4354,1.4884,2
8.4354,1.4860,2
8.4354,1.4933,2
8.4354,1.5190,2
8.4354,1.5601,2
8.4355,1.5988,2
8.4355,1.6375,2
8.4355,1.6851,2
8.4355,1.7173,2
8.4355,1.7326,2
8.4355,1.7294,2
8.4355,1.7116,2
8.4356,1.6963,2
8.4356,1.6730,2
8.4356,1.6528,2
8.4356,1.6399,2
8.4356,1.6230,2
8.4356,1.6222,2
8.4356,1.6158,2
8.4357,1.6125,2
8.4357,1.6077,2
8.4357,1.6045,2
8.4357,1.5996,2
8.4357,1.6166,2
8.4357,1.6230,2
8.4358,1.6391,2
8.4358,1.6681,2
8.4358,1.6947,2
8.4358,1.7350,2
8.4358,1.7705,2
8.4358,1.7971,2
8.4358,1.8140,2
8.4359,1.8664,2
8.4359,1.8656,2
8.4359,1.8736,2
8.4359,1.8607,2
8.4359,1.8398,2
8.4360,1.8092,2
8.4360,1.7850,2
8.4360,1.7576,2
8.4360,1.7382,2
8.4360,1.7173,2
8.4360,1.6931,2
8.4361,1.6754,2
8.4361,1.6593,2
8.4361,1.6432,2
8.4361,1.6262,2
8.4361,1.6174,2
8.4361,1.6214,2
8.4361,1.6158,2
8.4362,1.6327,2
8.4362,1.6399,2
8.4362,1.6649,2
8.4362,1.6625,2
8.4362,1.6867,2
8.4362,1.6899,2
8.4363,1.6907,2
8.4363,1.7012,2
8.4363,1.6963,2
8.4363,1.6915,2
8.4363,1.6826,2
8.4363,1.6705,2
8.4363,1.6657,2
8.4364,1.6375,2
8.4364,1.6246,2
8.4364,1.6037,2
8.4364,1.5666,2
8.4364,1.5787,2
8.4364,1.5610,2
8.4365,1.5553,2
8.4365,1.5497,2
8.4365,1.5497,2
8.4365,1.5585,2
8.4365,1.5835,2
8.4365,1.5529,2
8.4366,1.5996,2
8.4366,1.5448,2
8.4366,1.5513,2
8.4366,1.5666,2
8.4366,1.5996,2
8.4366,1.6158,2
8.4366,1.6415,2
8.4367,1.6496,2
8.4367,1.6504,2
8.4367,1.6504,2
8.4367,1.6552,2
8.4367,1.6617,2
8.4367,1.6899,2
8.4368,1.6996,2
8.4368,1.7149,2
8.4368,1.7092,2
8.4368,1.6891,2
8.4368,1.6714,2
8.4368,1.6536,2
8.4368,1.6415,2
8.4369,1.6311,2
8.4369,1.6278,2
8.4369,1.6319,2
8.4369,1.6311,2
8.4369,1.6303,2
8.4370,1.6254,2
8.4370,1.6222,2
8.4370,1.6158,2
8.4370,1.6021,2
8.4370,1.6174,2
8.4370,1.5787,2
8.4370,1.5690,2
8.4371,1.5601,2
8.4371,1.5626,2
8.4371,1.5408,2
8.4371,1.5344,2
8.4371,1.5392,2
8.4371,1.5311,2
8.4372,1.5432,2
8.4372,1.5497,2
8.4372,1.5577,2
8.4372,1.5779,2
8.4372,1.5819,2
8.4372,1.6085,2
8.4373,1.6335,2
8.4373,1.6705,2
8.4373,1.7092,2
8.4373,1.7439,2
8.4373,1.7608,2
8.4373,1.7640,2
8.4373,1.7286,2
8.4374,1.6947,2
8.4374,1.6673,2
8.4374,1.6391,2
8.4374,1.6166,2
8.4374,1.5892,2
8.4375,1.5722,2
8.4375,1.5674,2
8.5187,1.5779,2
8.5187,1.5908,2
8.5188,1.5996,2
8.5188,1.6037,2
8.5188,1.6061,2
8.5188,1.6037,2
8.5188,1.5996,2
8.5188,1.6045,2
8.5189,1.5980,2
8.5189,1.5924,2
8.5189,1.5908,2
8.5189,1.6004,2
8.5189,1.6198,2
8.5189,1.6432,2
8.5189,1.6705,2
8.5190,1.6963,2
8.5190,1.7189,2
8.5190,1.7423,2
8.5190,1.7648,2
8.5190,1.7874,2
8.5190,1.8035,2
8.5191,1.8253,2
8.5191,1.7987,2
8.5191,1.7922,2
8.5191,1.7753,2
8.5191,1.7487,2
8.5191,1.7125,2
8.5191,1.6931,2
8.5192,1.6665,2
8.5192,1.6488,2
8.5192,1.6343,2
8.5192,1.6133,2
8.5192,1.6004,2
8.5192,1.5964,2
8.5193,1.5867,2
8.5193,1.5851,2
8.5193,1.5843,2
8.5193,1.5940,2
8.5193,1.6037,2
8.5193,1.6351,2
8.5194,1.6335,2
8.5194,1.6568,2
8.5194,1.6512,2
8.5194,1.6842,2
8.5194,1.6947,2
8.5194,1.7068,2
8.5195,1.7141,2
8.5195,1.7197,2
8.5195,1.7237,2
8.5195,1.7229,2
8.5195,1.7278,2
8.5195,1.7310,2
8.5195,1.7189,2
8.5196,1.7197,2
8.5196,1.7044,2
8.5196,1.7157,2
8.5196,1.7133,2
8.5196,1.7092,2
8.5196,1.7624,2
8.5197,1.6722,2
8.5197,1.6335,2
8.5197,1.6085,2
8.5197,1.5722,2
8.5197,1.5295,2
8.5197,1.4908,2
8.5198,1.4570,2
8.5198,1.4344,2
8.5198,1.3829,2
8.5198,1.3466,2
8.5198,1.3184,2
8.5199,1.2902,2
8.5199,1.2700,2
8.5199,1.2700,2
8.5199,1.2870,2
8.5199,1.3281,2
8.5199,1.3740,2
8.5200,1.4360,2
8.5200,1.5142,2
8.5200,1.6053,2
8.5200,1.6996,2
8.5200,1.7785,2
8.5200,1.8728,2
8.5200,1.8986,2
8.5201,1.9196,2
8.5201,1.9139,2
8.5201,1.8954,2
8.5201,1.8535,2
8.5201,1.7874,2
8.5201,1.7173,2
8.5201,1.6544,2
8.5202,1.5835,2
8.5202,1.5529,2
8.5202,1.5094,2
8.5202,1.4804,2
8.5202,1.4731,2
8.5202,1.4812,2
8.5203,1.4981,2
8.5203,1.5400,2
8.5203,1.5996,2
8.5203,1.6552,2
8.5203,1.7108,2
8.5203,1.7576,2
8.5203,1.7890,2
8.5204,1.8148,2
8.5204,1.8269,2
8.5204,1.8366,2
8.5204,1.8366,2
8.5204,1.8349,2
8.5204,1.8333,2
8.5205,1.8317,2
8.5205,1.8188,2
8.5205,1.7882,2
8.5205,1.7568,2
8.5205,1.7366,2
8.5205,1.7189,2
8.5206,1.7060,2
8.5206,1.6996,2
8.5206,1.6988,2
8.5206,1.7004,2
8.5206,1.7181,2
8.5206,1.6939,2
8.5207,1.7084,2
8.5207,1.7399,2
8.5207,1.7358,2
8.5207,1.7777,2
8.5207,1.7608,2
8.5207,1.7810,2
8.5207,1.7487,2
8.5208,1.7487,2
8.5208,1.7447,2
8.5208,1.7310,2
8.5208,1.7020,2
8.5208,1.6714,2
8.5208,1.6617,2
8.5209,1.6488,2
8.5209,1.6552,2
8.5209,1.6891,2
8.5209,1.7108,2
8.5209,1.7366,2
8.5209,1.7390,2
8.5210,1.7834,2
8.5210,1.8051,2
8.5210,1.8269,2
8.5210,1.8366,2
8.5210,1.8486,2
8.5210,1.8349,2
8.5211,1.8140,2
8.5211,1.7955,2
8.5211,1.7713,2
8.5211,1.7447,2
8.5211,1.7237,2
8.5211,1.6971,2
8.5211,1.6754,2
8.5212,1.6504,2
8.5212,1.6383,2
8.5212,1.6286,2
8.5212,1.6222,2
8.5212,1.6198,2
8.5212,1.6270,2
8.5212,1.6286,2
8.5213,1.6343,2
8.5213,1.6335,2
8.5213,1.6335,2
8.5213,1.6319,2
8.5213,1.6319,2
8.5213,1.6222,2
8.5214,1.6093,2
8.5978,1.5908,2
8.5978,1.5682,2
8.5979,1.5553,2
8.5979,1.5440,2
8.5979,1.5344,2
8.5979,1.5311,2
8.5979,1.5384,2
8.5979,1.5456,2
8.5980,1.5585,2
8.5980,1.5650,2
8.5980,1.5642,2
8.5980,1.5585,2
8.5980,1.5585,2
8.5980,1.5537,2
8.5980,1.5319,2
8.5981,1.5166,2
8.5981,1.5102,2
8.5981,1.5207,2
8.5981,1.5642,2
8.5981,1.5481,2
8.5981,1.5344,2
8.5982,1.5932,2
8.5982,1.6037,2
8.5982,1.6125,2
8.5982,1.6093,2
8.5982,1.6262,2
8.5982,1.6238,2
8.5982,1.6415,2
8.5983,1.6689,2
8.5983,1.6512,2
8.5983,1.6464,2
8.5983,1.6496,2
8.5983,1.6190,2
8.5983,1.6544,2
8.5984,1.6657,2
8.5984,1.6802,2
8.5984,1.6875,2
8.5984,1.7036,2
8.5984,1.7253,2
8.5984,1.7350,2
8.5985,1.7358,2
8.5985,1.7189,2
8.5985,1.6979,2
8.5985,1.6641,2
8.5985,1.6456,2
8.5985,1.6319,2
8.5986,1.6254,2
8.5986,1.6149,2
8.5986,1.6295,2
8.5986,1.6335,2
8.5986,1.6399,2
8.5986,1.6423,2
8.5986,1.6407,2
8.5987,1.6343,2
8.5987,1.6359,2
8.5987,1.6351,2
8.5987,1.6359,2
8.5987,1.6399,2
8.5987,1.6432,2
8.5988,1.6536,2
8.5988,1.6633,2
8.5988,1.6722,2
8.5988,1.6730,2
8.5988,1.6754,2
8.5988,1.6601,2
8.5988,1.6375,2
8.5989,1.6021,2
8.5989,1.5819,2
8.5989,1.5505,2
8.5989,1.5561,2
8.5990,1.5537,2
8.5990,1.5674,2
8.5990,1.5795,2
8.5990,1.5932,2
8.5990,1.6198,2
8.5990,1.6222,2
8.5990,1.6375,2
8.5991,1.6496,2
8.5991,1.6552,2
8.5991,1.6705,2
8.5991,1.6883,2
8.5991,1.6617,2
8.5991,1.6552,2
8.5991,1.6440,2
8.5992,1.6303,2
8.5992,1.6117,2
8.5992,1.5875,2
8.5992,1.5843,2
8.5992,1.5827,2
8.5992,1.5940,2
8.5993,1.6149,2
8.5993,1.6319,2
8.5993,1.6585,2
8.5993,1.6955,2
8.5993,1.7366,2
8.5993,1.7705,2
8.5994,1.7947,2
8.5994,1.8349,2
8.5994,1.8567,2
8.5994,1.8599,2
8.5994,1.8495,2
8.5995,1.8188,2
8.5995,1.7898,2
8.5995,1.7673,2
8.5995,1.7407,2
8.5995,1.7326,2
8.5995,1.7173,2
8.5995,1.7044,2
8.5996,1.6851,2
8.5996,1.6617,2
8.5996,1.6512,2
8.5996,1.6432,2
8.5996,1.6270,2
8.5996,1.6343,2
8.5997,1.6359,2
8.5997,1.6391,2
8.5997,1.6931,2
8.5997,1.6351,2
8.5997,1.6335,2
8.5997,1.6343,2
8.5998,1.6214,2
8.5998,1.6238,2
8.5998,1.6045,2
8.5998,1.6004,2
8.5998,1.5827,2
8.5998,1.5650,2
8.5999,1.5537,2
8.5999,1.5489,2
8.5999,1.5650,2
8.5999,1.5811,2
8.5999,1.6085,2
8.5999,1.6133,2
8.6000,1.6319,2
8.6000,1.6456,2
8.6000,1.6560,2
8.6000,1.6585,2
8.6000,1.6625,2
8.6000,1.6649,2
8.6000,1.6568,2
8.6001,1.6399,2
8.6001,1.6109,2
8.6001,1.5730,2
8.6001,1.5384,2
8.6001,1.5086,2
8.6001,1.4981,2
8.6001,1.4925,2
8.6002,1.4941,2
8.6002,1.4925,2
8.6002,1.5005,2
8.6002,1.5102,2
8.6002,1.5199,2
8.6002,1.5239,2
8.6003,1.5295,2
8.6003,1.5384,2
8.6003,1.5577,2
8.6003,1.5763,2
8.6003,1.5908,2
8.6003,1.5924,2
8.6776,1.5924,2
8.6776,1.5940,2
8.6776,1.6069,2
8.6776,1.6053,2
8.6777,1.6214,2
8.6777,1.6391,2
8.6777,1.6577,2
8.6777,1.6641,2
8.6777,1.6544,2
8.6777,1.6391,2
8.6778,1.6222,2
8.6778,1.6045,2
8.6778,1.5908,2
8.6778,1.6029,2
8.6778,1.6101,2
8.6778,1.6810,2
8.6779,1.7141,2
8.6779,1.7390,2
8.6779,1.7689,2
8.6779,1.7890,2
8.6779,1.8084,2
8.6780,1.8180,2
8.6780,1.8221,2
8.6780,1.8269,2
8.6780,1.8092,2
8.6780,1.7987,2
8.6780,1.7938,2
8.6780,1.7503,2
8.6781,1.7334,2
8.6781,1.7197,2
8.6781,1.7197,2
8.6781,1.7165,2
8.6781,1.7253,2
8.6781,1.7415,2
8.6782,1.7495,2
8.6782,1.7560,2
8.6782,1.7503,2
8.6782,1.7560,2
8.6782,1.7584,2
8.6782,1.7576,2
8.6782,1.7624,2
8.6783,1.7632,2
8.6783,1.7592,2
8.6783,1.7447,2
8.6783,1.7173,2
8.6783,1.7100,2
8.6783,1.6907,2
8.6784,1.6714,2
8.6784,1.6488,2
8.6784,1.6278,2
8.6784,1.6125,2
8.6784,1.5884,2
8.6785,1.5714,2
8.6785,1.5529,2
8.6785,1.5150,2
8.6785,1.4884,2
8.6785,1.4570,2
8.6785,1.4199,2
8.6785,1.3949,2
8.6786,1.3748,2
8.6786,1.3667,2
8.6786,1.3869,2
8.6786,1.4151,2
8.6786,1.4473,2
8.6787,1.4949,2
8.6787,1.5448,2
8.6787,1.5980,2
8.6787,1.6536,2
8.6787,1.6923,2
8.6787,1.7278,2
8.6787,1.7431,2
8.6788,1.7463,2
8.6788,1.7197,2
8.6788,1.6851,2
8.6788,1.6520,2
8.6788,1.6303,2
8.6788,1.6206,2
8.6789,1.6182,2
8.6789,1.6286,2
8.6789,1.6464,2
8.6789,1.6649,2
8.6789,1.6778,2
8.6790,1.6891,2
8.6790,1.7004,2
8.6790,1.7092,2
8.6790,1.7181,2
8.6790,1.7141,2
8.6790,1.7165,2
8.6791,1.7100,2
8.6791,1.7181,2
8.6791,1.7253,2
8.6791,1.7374,2
8.6791,1.7463,2
8.6791,1.7503,2
8.6792,1.7487,2
8.6792,1.7487,2
8.6792,1.7423,2
8.6792,1.7334,2
8.6792,1.7294,2
8.6792,1.7197,2
8.6793,1.7213,2
8.6793,1.7116,2
8.6793,1.7060,2
8.6793,1.6955,2
8.6793,1.6746,2
8.6793,1.6480,2
8.6793,1.6206,2
8.6794,1.5900,2
8.6794,1.5666,2
8.6794,1.5513,2
8.6794,1.5456,2
8.6794,1.5464,2
8.6795,1.5497,2
8.6795,1.5569,2
8.6795,1.5690,2
8.6795,1.5851,2
8.6795,1.6182,2
8.6795,1.6149,2
8.6796,1.6262,2
8.6796,1.6367,2
8.6796,1.6520,2
8.6796,1.6722,2
8.6796,1.6705,2
8.6796,1.7229,2
8.6796,1.7294,2
8.6797,1.7205,2
8.6797,1.7004,2
8.6797,1.6786,2
8.6797,1.6633,2
8.6797,1.6544,2
8.6797,1.6568,2
8.6798,1.6625,2
8.6798,1.6754,2
8.6798,1.6818,2
8.6798,1.6939,2
8.6798,1.7100,2
8.6798,1.7229,2
8.6799,1.7237,2
8.6799,1.7237,2
8.6799,1.7141,2
8.6799,1.7044,2
8.6800,1.6875,2
8.6800,1.6754,2
8.6800,1.6722,2
8.6800,1.6665,2
8.6800,1.6625,2
8.6800,1.6665,2
8.6801,1.6738,2
8.6801,1.6794,2
8.6801,1.6762,2
8.6801,1.6778,2
8.6801,1.6802,2
8.6801,1.6738,2
8.6802,1.6673,2
8.6802,1.6577,2
8.6802,1.6351,2
8.6802,1.6149,2
8.6802,1.6004,2
8.6802,1.5867,2
8.6802,1.5787,2
8.7583,1.5513,2
8.7583,1.5327,2
8.7583,1.5190,2
8.7584,1.5102,2
8.7584,1.5070,2
8.7584,1.5126,2
8.7584,1.5287,2
8.7584,1.5481,2
8.7584,1.5714,2
8.7585,1.6053,2
8.7585,1.6383,2
8.7585,1.6770,2
8.7585,1.6971,2
8.7585,1.6963,2
8.7585,1.6891,2
8.7586,1.6754,2
8.7586,1.6536,2
8.7586,1.6270,2
8.7586,1.6101,2
8.7586,1.5956,2
8.7586,1.5827,2
8.7586,1.5747,2
8.7587,1.5730,2
8.7587,1.5658,2
8.7587,1.5618,2
8.7587,1.5593,2
8.7587,1.5730,2
8.7587,1.5884,2
8.7588,1.6230,2
8.7588,1.6673,2
8.7588,1.7294,2
8.7588,1.7947,2
8.7588,1.8486,2
8.7588,1.8720,2
8.7589,1.8865,2
8.7589,1.8809,2
8.7589,1.8648,2
8.7589,1.8366,2
8.7589,1.8019,2
8.7589,1.7656,2
8.7590,1.7407,2
8.7590,1.7189,2
8.7590,1.7100,2
8.7590,1.7076,2
8.7590,1.7076,2
8.7590,1.6979,2
8.7590,1.6899,2
8.7591,1.6842,2
8.7591,1.6867,2
8.7591,1.6899,2
8.7591,1.6979,2
8.7591,1.7149,2
8.7591,1.7262,2
8.7592,1.7366,2
8.7592,1.7527,2
8.7592,1.7592,2
8.7592,1.7656,2
8.7592,1.7713,2
8.7592,1.7721,2
8.7593,1.7681,2
8.7593,1.7608,2
8.7593,1.7511,2
8.7593,1.7326,2
8.7594,1.7108,2
8.7594,1.6939,2
8.7594,1.6778,2
8.7594,1.6585,2
8.7594,1.6407,2
8.7595,1.6303,2
8.7595,1.6214,2
8.7595,1.6190,2
8.7595,1.6093,2
8.7595,1.6141,2
8.7595,1.6141,2
8.7595,1.6214,2
8.7596,1.6190,2
8.7596,1.6214,2
8.7596,1.6206,2
8.7596,1.6214,2
8.7596,1.6198,2
8.7596,1.6158,2
8.7597,1.6182,2
8.7597,1.6158,2
8.7597,1.6101,2
8.7597,1.5988,2
8.7597,1.5932,2
8.7597,1.5859,2
8.7597,1.5779,2
8.7598,1.5706,2
8.7598,1.5747,2
8.7598,1.5730,2
8.7598,1.5819,2
8.7598,1.5827,2
8.7598,1.5851,2
8.7599,1.5908,2
8.7599,1.5892,2
8.7599,1.5892,2
8.7599,1.5747,2
8.7599,1.5763,2
8.7599,1.5714,2
8.7600,1.5618,2
8.7600,1.5569,2
8.7600,1.5561,2
8.7600,1.5706,2
8.7600,1.5618,2
8.7600,1.5601,2
8.7601,1.5642,2
8.7601,1.5722,2
8.7601,1.5779,2
8.7601,1.5875,2
8.7601,1.5948,2
8.7601,1.6141,2
8.7601,1.6053,2
8.7602,1.6053,2
8.7602,1.5964,2
8.7602,1.5811,2
8.7602,1.5779,2
8.7602,1.5835,2
8.7602,1.5924,2
8.7603,1.5972,2
8.7603,1.6069,2
8.7603,1.6149,2
8.7603,1.6109,2
8.7603,1.6222,2
8.7603,1.6238,2
8.7604,1.6343,2
8.7604,1.6262,2
8.7604,1.6335,2
8.7604,1.6351,2
8.7604,1.6432,2
8.7604,1.6504,2
8.7605,1.6722,2
8.7605,1.6931,2
8.7605,1.6988,2
8.7605,1.7108,2
8.7605,1.7165,2
8.7605,1.7092,2
8.7606,1.7060,2
8.7606,1.6963,2
8.7606,1.6834,2
8.7606,1.6746,2
8.7606,1.6536,2
8.7606,1.6657,2
8.7607,1.6633,2
8.7607,1.6609,2
8.7607,1.6552,2
8.7607,1.6536,2
8.7607,1.6464,2
8.7607,1.6335,2
8.7607,1.6238,2
8.7608,1.5843,2
8.7608,1.5851,2
8.7608,1.5706,2
8.7608,1.5755,2
8.7608,1.5682,2
8.7608,1.5650,2
8.7609,1.5908,2
8.7609,1.5803,2
8.7609,1.5900,2
8.7609,1.6037,2
8.7609,1.6206,2
8.7609,1.6335,2
8.8396,1.6697,2
8.8396,1.7116,2
8.8396,1.7020,2
8.8397,1.6955,2
8.8397,1.6939,2
8.8397,1.6955,2
8.8397,1.6883,2
8.8397,1.6810,2
8.8397,1.6633,2
8.8398,1.6512,2
8.8398,1.6456,2
8.8398,1.6504,2
8.8398,1.6770,2
8.8398,1.7173,2
8.8398,1.7092,2
8.8398,1.7229,2
8.8399,1.7487,2
8.8399,1.7624,2
8.8399,1.7673,2
8.8399,1.7608,2
8.8399,1.7382,2
8.8400,1.7173,2
8.8400,1.6891,2
8.8400,1.6641,2
8.8400,1.6617,2
8.8400,1.6472,2
8.8401,1.6367,2
8.8401,1.5956,2
8.8401,1.6311,2
8.8401,1.6335,2
8.8401,1.6383,2
8.8401,1.6423,2
8.8401,1.6649,2
8.8402,1.6689,2
8.8402,1.6786,2
8.8402,1.6875,2
8.8402,1.6883,2
8.8402,1.6867,2
8.8402,1.6891,2
8.8403,1.6762,2
8.8403,1.6617,2
8.8403,1.6367,2
8.8403,1.6190,2
8.8403,1.5843,2
8.8403,1.5569,2
8.8404,1.5295,2
8.8404,1.5150,2
8.8404,1.5279,2
8.8404,1.4989,2
8.8404,1.5005,2
8.8404,1.5199,2
8.8405,1.5408,2
8.8405,1.5730,2
8.8405,1.5996,2
8.8405,1.6158,2
8.8405,1.6270,2
8.8405,1.6625,2
8.8406,1.6577,2
8.8406,1.6552,2
8.8406,1.6593,2
8.8406,1.6585,2
8.8406,1.6520,2
8.8406,1.6423,2
8.8407,1.6464,2
8.8407,1.6601,2
8.8407,1.6842,2
8.8407,1.7052,2
8.8407,1.7278,2
8.8407,1.7487,2
8.8407,1.7681,2
8.8408,1.7737,2
8.8408,1.7769,2
8.8408,1.7810,2
8.8408,1.7624,2
8.8408,1.7737,2
8.8408,1.7600,2
8.8409,1.7495,2
8.8409,1.7245,2
8.8409,1.7536,2
8.8409,1.7197,2
8.8409,1.7012,2
8.8409,1.7108,2
8.8410,1.7052,2
8.8410,1.6939,2
8.8410,1.6770,2
8.8410,1.6568,2
8.8410,1.6472,2
8.8410,1.6456,2
8.8411,1.6222,2
8.8411,1.6117,2
8.8411,1.5996,2
8.8411,1.5972,2
8.8411,1.5932,2
8.8411,1.5875,2
8.8412,1.5843,2
8.8412,1.5875,2
8.8412,1.5884,2
8.8412,1.5892,2
8.8412,1.6021,2
8.8412,1.6053,2
8.8413,1.6278,2
8.8413,1.6544,2
8.8413,1.6681,2
8.8413,1.6851,2
8.8413,1.6883,2
8.8413,1.6722,2
8.8413,1.6617,2
8.8414,1.6286,2
8.8414,1.6238,2
8.8414,1.6077,2
8.8414,1.5988,2
8.8414,1.5843,2
8.8415,1.5803,2
8.8415,1.5738,2
8.8415,1.5996,2
8.8415,1.6133,2
8.8415,1.6351,2
8.8415,1.6585,2
8.8416,1.6834,2
8.8416,1.6705,2
8.8416,1.7028,2
8.8416,1.7221,2
8.8416,1.7028,2
8.8416,1.7084,2
8.8417,1.6851,2
8.8417,1.6697,2
8.8417,1.6593,2
8.8417,1.6303,2
8.8417,1.6085,2
8.8417,1.6077,2
8.8418,1.5819,2
8.8418,1.5738,2
8.8418,1.5730,2
8.8418,1.5747,2
8.8418,1.5859,2
8.8418,1.6190,2
8.8418,1.6206,2
8.8419,1.6480,2
8.8419,1.6593,2
8.8419,1.6770,2
8.8419,1.6915,2
8.8419,1.6851,2
8.8420,1.6705,2
8.8420,1.6722,2
8.8420,1.6512,2
8.8420,1.6472,2
8.8420,1.6601,2
8.8420,1.6762,2
8.8420,1.6794,2
8.8421,1.6875,2
8.8421,1.7189,2
8.8421,1.6786,2
8.8421,1.6722,2
8.8421,1.6488,2
8.8421,1.6383,2
8.8422,1.6391,2
8.8422,1.6456,2
8.8422,1.6552,2
8.8422,1.6641,2
8.8422,1.6754,2
8.8422,1.6770,2
8.8423,1.6520,2
8.9203,1.6802,2
8.9204,1.6818,2
8.9204,1.6996,2
8.9204,1.6705,2
8.9204,1.6738,2
8.9204,1.6851,2
8.9204,1.6923,2
8.9205,1.7044,2
8.9205,1.7181,2
8.9205,1.7366,2
8.9205,1.7527,2
8.9205,1.7632,2
8.9205,1.7745,2
8.9206,1.7882,2
8.9206,1.7890,2
8.9206,1.7842,2
8.9206,1.7705,2
8.9206,1.7479,2
8.9206,1.7165,2
8.9206,1.6786,2
8.9207,1.6295,2
8.9207,1.6141,2
8.9207,1.5900,2
8.9207,1.5714,2
8.9207,1.5577,2
8.9207,1.5513,2
8.9208,1.5448,2
8.9208,1.5537,2
8.9208,1.5593,2
8.9208,1.5738,2
8.9208,1.6085,2
8.9208,1.6004,2
8.9209,1.6125,2
8.9209,1.6182,2
8.9209,1.6109,2
8.9209,1.6311,2
8.9209,1.6270,2
8.9209,1.6504,2
8.9210,1.6311,2
8.9210,1.6029,2
8.9210,1.6311,2
8.9210,1.5811,2
8.9210,1.6069,2
8.9210,1.5892,2
8.9211,1.5892,2
8.9211,1.5763,2
8.9211,1.5819,2
8.9211,1.5900,2
8.9211,1.5892,2
8.9211,1.5964,2
8.9212,1.5988,2
8.9212,1.6190,2
8.9212,1.6303,2
8.9212,1.6351,2
8.9212,1.6423,2
8.9212,1.6568,2
8.9212,1.6577,2
8.9213,1.6818,2
8.9213,1.6697,2
8.9213,1.6552,2
8.9213,1.6383,2
8.9213,1.6262,2
8.9213,1.6061,2
8.9214,1.5956,2
8.9214,1.5738,2
8.9214,1.5722,2
8.9214,1.5650,2
8.9214,1.5722,2
8.9214,1.5738,2
8.9215,1.5980,2
8.9215,1.6270,2
8.9215,1.6423,2
8.9215,1.6593,2
8.9215,1.6705,2
8.9215,1.6842,2
8.9216,1.6996,2
8.9216,1.7270,2
8.9216,1.7560,2
8.9216,1.7745,2
8.9216,1.7930,2
8.9216,1.8043,2
8.9216,1.8051,2
8.9217,1.8011,2
8.9217,1.7930,2
8.9217,1.7713,2
8.9217,1.7358,2
8.9217,1.7044,2
8.9217,1.6915,2
8.9218,1.6649,2
8.9218,1.6601,2
8.9218,1.6577,2
8.9218,1.6722,2
8.9218,1.6770,2
8.9218,1.6899,2
8.9218,1.7004,2
8.9219,1.7068,2
8.9219,1.7149,2
8.9219,1.7205,2
8.9219,1.7205,2
8.9219,1.7262,2
8.9220,1.7060,2
8.9220,1.6979,2
8.9220,1.6915,2
8.9220,1.6851,2
8.9220,1.6979,2
8.9220,1.6770,2
8.9221,1.6593,2
8.9221,1.6915,2
8.9221,1.6899,2
8.9221,1.6996,2
8.9221,1.6955,2
8.9221,1.6979,2
8.9221,1.6738,2
8.9222,1.6577,2
8.9222,1.6544,2
8.9222,1.6415,2
8.9222,1.6166,2
8.9222,1.6037,2
8.9222,1.5892,2
8.9223,1.5674,2
8.9223,1.5561,2
8.9223,1.5247,2
8.9223,1.5062,2
8.9223,1.4892,2
8.9223,1.4820,2
8.9223,1.4812,2
8.9224,1.4844,2
8.9224,1.5013,2
8.9224,1.5199,2
8.9224,1.5070,2
8.9224,1.5634,2
8.9225,1.5900,2
8.9225,1.6133,2
8.9225,1.6311,2
8.9225,1.6528,2
8.9225,1.6681,2
8.9225,1.6480,2
8.9226,1.6794,2
8.9226,1.6899,2
8.9226,1.6770,2
8.9226,1.6544,2
8.9226,1.6391,2
8.9226,1.6238,2
8.9226,1.6149,2
8.9227,1.6045,2
8.9227,1.6012,2
8.9227,1.6077,2
8.9227,1.6174,2
8.9227,1.6254,2
8.9227,1.6407,2
8.9227,1.6593,2
8.9228,1.6714,2
8.9228,1.6834,2
8.9228,1.6907,2
8.9228,1.6923,2
8.9228,1.6915,2
8.9228,1.6810,2
8.9229,1.6867,2
8.9229,1.6802,2
8.9229,1.6738,2
8.9229,1.6649,2
8.9230,1.6585,2
9.0014,1.6448,2
9.0015,1.6198,2
9.0015,1.6198,2
9.0015,1.6101,2
9.0015,1.6206,2
9.0015,1.6182,2
9.0016,1.6214,2
9.0016,1.6222,2
9.0016,1.6311,2
9.0016,1.6174,2
9.0016,1.6133,2
9.0016,1.6037,2
9.0016,1.5940,2
9.0017,1.5835,2
9.0017,1.5916,2
9.0017,1.5722,2
9.0017,1.5714,2
9.0017,1.5843,2
9.0017,1.5940,2
9.0017,1.6085,2
9.0018,1.6093,2
9.0018,1.6141,2
9.0018,1.6061,2
9.0018,1.6149,2
9.0018,1.6166,2
9.0018,1.6456,2
9.0019,1.6859,2
9.0019,1.7052,2
9.0019,1.7286,2
9.0019,1.7366,2
9.0019,1.7326,2
9.0019,1.7270,2
9.0020,1.7342,2
9.0020,1.7253,2
9.0020,1.7262,2
9.0020,1.7294,2
9.0020,1.7366,2
9.0020,1.7407,2
9.0021,1.7399,2
9.0021,1.7342,2
9.0021,1.7310,2
9.0021,1.7302,2
9.0021,1.7374,2
9.0021,1.7503,2
9.0021,1.7584,2
9.0022,1.7689,2
9.0022,1.7834,2
9.0022,1.7995,2
9.0022,1.7979,2
9.0022,1.7963,2
9.0022,1.7906,2
9.0023,1.7777,2
9.0023,1.7681,2
9.0023,1.7552,2
9.0023,1.7407,2
9.0023,1.7221,2
9.0024,1.7060,2
9.0024,1.6915,2
9.0024,1.6657,2
9.0024,1.6472,2
9.0025,1.6399,2
9.0025,1.6286,2
9.0025,1.6182,2
9.0025,1.6085,2
9.0025,1.6077,2
9.0025,1.6149,2
9.0025,1.6246,2
9.0026,1.6053,2
9.0026,1.5980,2
9.0026,1.5940,2
9.0026,1.5851,2
9.0026,1.5787,2
9.0026,1.6069,2
9.0027,1.5585,2
9.0027,1.5553,2
9.0027,1.5521,2
9.0027,1.5682,2
9.0027,1.5424,2
9.0027,1.5311,2
9.0027,1.5279,2
9.0028,1.5271,2
9.0028,1.5408,2
9.0028,1.5537,2
9.0028,1.5859,2
9.0028,1.6166,2
9.0028,1.6448,2
9.0029,1.6979,2
9.0029,1.6931,2
9.0029,1.7036,2
9.0029,1.7157,2
9.0029,1.7165,2
9.0030,1.7028,2
9.0030,1.6891,2
9.0030,1.6568,2
9.0030,1.6238,2
9.0030,1.6351,2
9.0030,1.5980,2
9.0031,1.6327,2
9.0031,1.6286,2
9.0031,1.6206,2
9.0031,1.6085,2
9.0031,1.6141,2
9.0031,1.6149,2
9.0031,1.6198,2
9.0032,1.6166,2
9.0032,1.6069,2
9.0032,1.6117,2
9.0032,1.6085,2
9.0032,1.6206,2
9.0032,1.6319,2
9.0033,1.6286,2
9.0033,1.6512,2
9.0033,1.6633,2
9.0033,1.6738,2
9.0033,1.6818,2
9.0033,1.6883,2
9.0034,1.6915,2
9.0034,1.6907,2
9.0034,1.6875,2
9.0034,1.6802,2
9.0034,1.6730,2
9.0034,1.6649,2
9.0035,1.6496,2
9.0035,1.6311,2
9.0035,1.6262,2
9.0035,1.6270,2
9.0035,1.6335,2
9.0035,1.6432,2
9.0036,1.6601,2
9.0036,1.6730,2
9.0036,1.6746,2
9.0036,1.6746,2
9.0036,1.6730,2
9.0036,1.6778,2
9.0036,1.6730,2
9.0037,1.6722,2
9.0037,1.6617,2
9.0037,1.6568,2
9.0037,1.6488,2
9.0037,1.6448,2
9.0037,1.6440,2
9.0038,1.6617,2
9.0038,1.6560,2
9.0038,1.6689,2
9.0038,1.6681,2
9.0038,1.6673,2
9.0038,1.6705,2
9.0038,1.6714,2
9.0039,1.6778,2
9.0039,1.6786,2
9.0039,1.6826,2
9.0040,1.6875,2
9.0040,1.6971,2
9.0040,1.7068,2
9.0040,1.7020,2
9.0040,1.6899,2
9.0040,1.6818,2
9.0041,1.6738,2
9.0041,1.6617,2
9.0041,1.6560,2
9.0041,1.6399,2
9.0041,1.6222,2
9.0823,1.6174,2
9.0823,1.6158,2
9.0823,1.6238,2
9.0824,1.6270,2
9.0824,1.6246,2
9.0824,1.6262,2
9.0824,1.6198,2
9.0824,1.6182,2
9.0825,1.6190,2
9.0825,1.6190,2
9.0825,1.6190,2
9.0825,1.6238,2
9.0825,1.6311,2
9.0825,1.6278,2
9.0825,1.6286,2
9.0826,1.6190,2
9.0826,1.6198,2
9.0826,1.6158,2
9.0826,1.6141,2
9.0826,1.6158,2
9.0826,1.6198,2
9.0827,1.6206,2
9.0827,1.6141,2
9.0827,1.6383,2
9.0827,1.6488,2
9.0827,1.6577,2
9.0827,1.6705,2
9.0828,1.6778,2
9.0828,1.6883,2
9.0828,1.6947,2
9.0828,1.7012,2
9.0828,1.6996,2
9.0828,1.7004,2
9.0829,1.6963,2
9.0829,1.6794,2
9.0829,1.6593,2
9.0829,1.6335,2
9.0829,1.6061,2
9.0829,1.5851,2
9.0829,1.5642,2
9.0830,1.5416,2
9.0830,1.5279,2
9.0830,1.5247,2
9.0830,1.5303,2
9.0830,1.5376,2
9.0830,1.5505,2
9.0831,1.5626,2
9.0831,1.5795,2
9.0831,1.5964,2
9.0831,1.6061,2
9.0831,1.6133,2
9.0831,1.6166,2
9.0831,1.6198,2
9.0832,1.6222,2
9.0832,1.6182,2
9.0832,1.6488,2
9.0832,1.5859,2
9.0832,1.6883,2
9.0832,1.7020,2
9.0833,1.7004,2
9.0833,1.7020,2
9.0833,1.6947,2
9.0833,1.6899,2
9.0833,1.6915,2
9.0833,1.7060,2
9.0834,1.7076,2
9.0834,1.6867,2
9.0834,1.6552,2
9.0834,1.6238,2
9.0834,1.6061,2
9.0834,1.5916,2
9.0835,1.5763,2
9.0835,1.5738,2
9.0835,1.5706,2
9.0835,1.5714,2
9.0835,1.5787,2
9.0835,1.5843,2
9.0836,1.5916,2
9.0836,1.6012,2
9.0836,1.6141,2
9.0836,1.6230,2
9.0836,1.6295,2
9.0836,1.6399,2
9.0837,1.6544,2
9.0837,1.6762,2
9.0837,1.7068,2
9.0837,1.7342,2
9.0837,1.7407,2
9.0837,1.7487,2
9.0837,1.7471,2
9.0838,1.7479,2
9.0838,1.7286,2
9.0838,1.7100,2
9.0838,1.6851,2
9.0838,1.6601,2
9.0838,1.6456,2
9.0839,1.6182,2
9.0839,1.5924,2
9.0839,1.5706,2
9.0839,1.5448,2
9.0839,1.5263,2
9.0839,1.5158,2
9.0840,1.5223,2
9.0840,1.5360,2
9.0840,1.5585,2
9.0840,1.5875,2
9.0840,1.6198,2
9.0840,1.6544,2
9.0841,1.6762,2
9.0841,1.6971,2
9.0841,1.7116,2
9.0841,1.7253,2
9.0841,1.7334,2
9.0841,1.7302,2
9.0842,1.7133,2
9.0842,1.6979,2
9.0842,1.6899,2
9.0842,1.6802,2
9.0842,1.6705,2
9.0842,1.6617,2
9.0842,1.6681,2
9.0843,1.7004,2
9.0843,1.7133,2
9.0843,1.7342,2
9.0843,1.7358,2
9.0843,1.7310,2
9.0843,1.7108,2
9.0844,1.6988,2
9.0844,1.6923,2
9.0844,1.6947,2
9.0844,1.6947,2
9.0844,1.6842,2
9.0844,1.7125,2
9.0845,1.6883,2
9.0845,1.6867,2
9.0845,1.6851,2
9.0845,1.6697,2
9.0845,1.6496,2
9.0845,1.6286,2
9.0846,1.6101,2
9.0846,1.5940,2
9.0846,1.5884,2
9.0846,1.5916,2
9.0846,1.5964,2
9.0846,1.6045,2
9.0846,1.6141,2
9.0847,1.6286,2
9.0847,1.6440,2
9.0847,1.6649,2
9.0847,1.6859,2
9.0847,1.7052,2
9.0847,1.7310,2
9.0848,1.7560,2
9.0848,1.7761,2
9.0848,1.7801,2
9.0848,1.7866,2
9.0848,1.7898,2
9.0848,1.7729,2
9.0849,1.7358,2
9.0849,1.6802,2
9.0849,1.6351,2
9.1637,1.5948,2
9.1637,1.5658,2
9.1637,1.5199,2
9.1637,1.5311,2
9.1637,1.5231,2
9.1638,1.5110,2
9.1638,1.5029,2
9.1638,1.5053,2
9.1638,1.5053,2
9.1638,1.5150,2
9.1638,1.5287,2
9.1638,1.5464,2
9.1639,1.5690,2
9.1639,1.5940,2
9.1639,1.6166,2
9.1639,1.6391,2
9.1639,1.6641,2
9.1640,1.7076,2
9.1640,1.7125,2
9.1640,1.7302,2
9.1640,1.7415,2
9.1640,1.7560,2
9.1640,1.7713,2
9.1641,1.7785,2
9.1641,1.7737,2
9.1641,1.7431,2
9.1641,1.6859,2
9.1641,1.6270,2
9.1641,1.5803,2
9.1641,1.5440,2
9.1642,1.5223,2
9.1642,1.5070,2
9.1642,1.4965,2
9.1642,1.4941,2
9.1642,1.4812,2
9.1642,1.4683,2
9.1643,1.4489,2
9.1643,1.4385,2
9.1643,1.4256,2
9.1643,1.4401,2
9.1643,1.4514,2
9.1643,1.4675,2
9.1644,1.4659,2
9.1644,1.4812,2
9.1644,1.4731,2
9.1644,1.4812,2
9.1644,1.5053,2
9.1645,1.5368,2
9.1645,1.5738,2
9.1645,1.6158,2
9.1645,1.6480,2
9.1645,1.7108,2
9.1645,1.7624,2
9.1645,1.8261,2
9.1646,1.8519,2
9.1646,1.8575,2
9.1646,1.8470,2
9.1646,1.8430,2
9.1646,1.8398,2
9.1646,1.8398,2
9.1647,1.7664,2
9.1647,1.7245,2
9.1647,1.6979,2
9.1647,1.6697,2
9.1647,1.6488,2
9.1647,1.6351,2
9.1647,1.6327,2
9.1648,1.6383,2
9.1648,1.6488,2
9.1648,1.6705,2
9.1648,1.7028,2
9.1648,1.7149,2
9.1648,1.7487,2
9.1649,1.7769,2
9.1649,1.8075,2
9.1649,1.8398,2
9.1649,1.8607,2
9.1649,1.8809,2
9.1650,1.8922,2
9.1650,1.9018,2
9.1650,1.9083,2
9.1650,1.9155,2
9.1650,1.9486,2
9.1650,1.8994,2
9.1651,1.8865,2
9.1651,1.8849,2
9.1651,1.8777,2
9.1651,1.8664,2
9.1651,1.8599,2
9.1651,1.8503,2
9.1651,1.8535,2
9.1652,1.8285,2
9.1652,1.8011,2
9.1652,1.7673,2
9.1652,1.7302,2
9.1652,1.6899,2
9.1652,1.6528,2
9.1653,1.6125,2
9.1653,1.5859,2
9.1653,1.5626,2
9.1653,1.5448,2
9.1653,1.5150,2
9.1653,1.5207,2
9.1653,1.5199,2
9.1654,1.5231,2
9.1654,1.5279,2
9.1654,1.5368,2
9.1654,1.5360,2
9.1654,1.5360,2
9.1655,1.5368,2
9.1655,1.5279,2
9.1655,1.5239,2
9.1655,1.5094,2
9.1655,1.4949,2
9.1655,1.5126,2
9.1656,1.4739,2
9.1656,1.4844,2
9.1656,1.4925,2
9.1656,1.5053,2
9.1656,1.5505,2
9.1656,1.5529,2
9.1656,1.5771,2
9.1657,1.6053,2
9.1657,1.6359,2
9.1657,1.6601,2
9.1657,1.6689,2
9.1657,1.6641,2
9.1657,1.6560,2
9.1658,1.6705,2
9.1658,1.6568,2
9.1658,1.6601,2
9.1658,1.6544,2
9.1658,1.6601,2
9.1658,1.6327,2
9.1658,1.6141,2
9.1659,1.5843,2
9.1659,1.5892,2
9.1659,1.6037,2
9.1659,1.6399,2
9.1659,1.6657,2
9.1660,1.7004,2
9.1660,1.7141,2
9.1660,1.7270,2
9.1660,1.7358,2
9.1660,1.7511,2
9.1660,1.7536,2
9.1660,1.7584,2
9.1661,1.7826,2
9.1661,1.7608,2
9.1661,1.7737,2
9.1661,1.7826,2
9.1661,1.7882,2
9.1661,1.7834,2
9.1662,1.7729,2
9.1662,1.7576,2
9.1662,1.7431,2
9.1662,1.7374,2
9.1662,1.7141,2
9.1662,1.6754,2
9.1662,1.6230,2
9.1663,1.5706,2
9.1663,1.5360,2
9.1663,1.5166,2
9.2450,1.5029,2
9.2451,1.4981,2
9.2451,1.4892,2
9.2451,1.4804,2
9.2451,1.4981,2
9.2451,1.4892,2
9.2451,1.5110,2
9.2452,1.5037,2
9.2452,1.4973,2
9.2452,1.4731,2
9.2452,1.4699,2
9.2452,1.4546,2
9.2452,1.4489,2
9.2453,1.4401,2
9.2453,1.4223,2
9.2453,1.4078,2
9.2453,1.4183,2
9.2453,1.3949,2
9.2453,1.4038,2
9.2454,1.4078,2
9.2454,1.4344,2
9.2454,1.4836,2
9.2454,1.5239,2
9.2454,1.5674,2
9.2454,1.6246,2
9.2455,1.6907,2
9.2455,1.6988,2
9.2455,1.7415,2
9.2455,1.7761,2
9.2455,1.7810,2
9.2455,1.7955,2
9.2456,1.7866,2
9.2456,1.7737,2
9.2456,1.8349,2
9.2456,1.7793,2
9.2456,1.7648,2
9.2456,1.7536,2
9.2457,1.7479,2
9.2457,1.7955,2
9.2457,1.7100,2
9.2457,1.6923,2
9.2457,1.7326,2
9.2457,1.7374,2
9.2458,1.7519,2
9.2458,1.7060,2
9.2458,1.7213,2
9.2458,1.7189,2
9.2458,1.7205,2
9.2458,1.7302,2
9.2459,1.7229,2
9.2459,1.7181,2
9.2459,1.7052,2
9.2459,1.7116,2
9.2460,1.6738,2
9.2460,1.6544,2
9.2460,1.6383,2
9.2460,1.6343,2
9.2460,1.6109,2
9.2460,1.6351,2
9.2461,1.6407,2
9.2461,1.6617,2
9.2461,1.6786,2
9.2461,1.7092,2
9.2461,1.7181,2
9.2461,1.7294,2
9.2461,1.7334,2
9.2462,1.7334,2
9.2462,1.7141,2
9.2462,1.6786,2
9.2462,1.6375,2
9.2462,1.5787,2
9.2462,1.5295,2
9.2463,1.4634,2
9.2463,1.4183,2
9.2463,1.3804,2
9.2463,1.3563,2
9.2463,1.3538,2
9.2463,1.3716,2
9.2464,1.3949,2
9.2464,1.4280,2
9.2464,1.4804,2
9.2464,1.5456,2
9.2464,1.6053,2
9.2464,1.6746,2
9.2465,1.7439,2
9.2465,1.8019,2
9.2465,1.8446,2
9.2465,1.8623,2
9.2465,1.8720,2
9.2465,1.8648,2
9.2466,1.8430,2
9.2466,1.8188,2
9.2466,1.7810,2
9.2466,1.7366,2
9.2466,1.6899,2
9.2466,1.6585,2
9.2466,1.6053,2
9.2467,1.5626,2
9.2467,1.5287,2
9.2467,1.5021,2
9.2467,1.4916,2
9.2467,1.4804,2
9.2467,1.4667,2
9.2468,1.4691,2
9.2468,1.4755,2
9.2468,1.4836,2
9.2468,1.4989,2
9.2468,1.5327,2
9.2468,1.5577,2
9.2468,1.6029,2
9.2469,1.6278,2
9.2469,1.6448,2
9.2469,1.6585,2
9.2469,1.6544,2
9.2469,1.6327,2
9.2470,1.6133,2
9.2470,1.5698,2
9.2470,1.5545,2
9.2470,1.5634,2
9.2470,1.5714,2
9.2470,1.5432,2
9.2471,1.4965,2
9.2471,1.4481,2
9.2471,1.3974,2
9.2471,1.3861,2
9.2471,1.3853,2
9.2471,1.4111,2
9.2471,1.4473,2
9.2472,1.4981,2
9.2472,1.5336,2
9.2472,1.5529,2
9.2472,1.5795,2
9.2472,1.5972,2
9.2472,1.6206,2
9.2473,1.6303,2
9.2473,1.6327,2
9.2473,1.6149,2
9.2473,1.6158,2
9.2473,1.6166,2
9.2473,1.6415,2
9.2473,1.6528,2
9.2474,1.6601,2
9.2474,1.6826,2
9.2474,1.6859,2
9.2474,1.7133,2
9.2474,1.7262,2
9.2474,1.7592,2
9.2475,1.7503,2
9.2475,1.7648,2
9.2475,1.7850,2
9.2475,1.7995,2
9.2475,1.8261,2
9.2476,1.8140,2
9.2476,1.8172,2
9.2476,1.8148,2
9.2476,1.8092,2
9.2476,1.8067,2
9.2476,1.7705,2
9.2477,1.7415,2
9.2477,1.7157,2
9.2477,1.7157,2
9.2477,1.7084,2
9.2477,1.7100,2
9.3287,1.6996,2
9.3287,1.6665,2
9.3287,1.6456,2
9.3288,1.6149,2
9.3288,1.5940,2
9.3288,1.5819,2
9.3288,1.5722,2
9.3288,1.5392,2
9.3288,1.5158,2
9.3289,1.4691,2
9.3289,1.4175,2
9.3289,1.3563,2
9.3289,1.2966,2
9.3289,1.2265,2
9.3289,1.1661,2
9.3290,1.1298,2
9.3290,1.1169,2
9.3290,1.1387,2
9.3290,1.1846,2
9.3290,1.2370,2
9.3291,1.3168,2
9.3291,1.4062,2
9.3291,1.4965,2
9.3291,1.6093,2
9.3291,1.7399,2
9.3291,1.8478,2
9.3291,1.9244,2
9.3292,1.9599,2
9.3292,1.9631,2
9.3292,1.9397,2
9.3292,1.9429,2
9.3292,1.9276,2
9.3292,1.8583,2
9.3292,1.7673,2
9.3293,1.6786,2
9.3293,1.6117,2
9.3293,1.5763,2
9.3293,1.5650,2
9.3293,1.6037,2
9.3293,1.6327,2
9.3294,1.7262,2
9.3294,1.8059,2
9.3294,1.8785,2
9.3294,1.9300,2
9.3294,1.9607,2
9.3294,1.9687,2
9.3295,1.9768,2
9.3295,1.9800,2
9.3295,1.9832,2
9.3295,1.9929,2
9.3295,1.9945,2
9.3295,2.0050,2
9.3296,2.0211,2
9.3296,2.0203,2
9.3296,2.0171,2
9.3296,2.0090,2
9.3296,2.0018,2
9.3296,1.9937,2
9.3296,1.9727,2
9.3297,1.9510,2
9.3297,1.9228,2
9.3297,1.9034,2
9.3297,1.8293,2
9.3297,1.7713,2
9.3297,1.6875,2
9.3298,1.6093,2
9.3298,1.5223,2
9.3298,1.4312,2
9.3298,1.3700,2
9.3298,1.3087,2
9.3298,1.2676,2
9.3299,1.2362,2
9.3299,1.2072,2
9.3299,1.1733,2
9.3299,1.1540,2
9.3299,1.1338,2
9.3299,1.1081,2
9.3300,1.0944,2
9.3300,1.0710,2
9.3300,1.0702,2
9.3300,1.0694,2
9.3300,1.0702,2
9.3300,1.0742,2
9.3301,1.0968,2
9.3301,1.1387,2
9.3301,1.2249,2
9.3301,1.3160,2
9.3301,1.4280,2
9.3301,1.5505,2
9.3301,1.6883,2
9.3302,1.8293,2
9.3302,1.9623,2
9.3302,2.0711,2
9.3302,2.1420,2
9.3302,2.1267,2
9.3302,2.0300,2
9.3303,1.9220,2
9.3303,1.8656,2
9.3303,1.8180,2
9.3303,1.7608,2
9.3303,1.6988,2
9.3303,1.6456,2
9.3304,1.5964,2
9.3304,1.5497,2
9.3304,1.5118,2
9.3304,1.4860,2
9.3304,1.4699,2
9.3305,1.4626,2
9.3305,1.4586,2
9.3305,1.4699,2
9.3305,1.4844,2
9.3305,1.5053,2
9.3305,1.5392,2
9.3305,1.5634,2
9.3306,1.6303,2
9.3306,1.7100,2
9.3306,1.7938,2
9.3306,1.8640,2
9.3306,1.9123,2
9.3306,1.9510,2
9.3307,1.9784,2
9.3307,1.9792,2
9.3307,1.9711,2
9.3307,1.9639,2
9.3307,1.9365,2
9.3307,1.9051,2
9.3307,1.8382,2
9.3308,1.7584,2
9.3308,1.6697,2
9.3308,1.5900,2
9.3308,1.5400,2
9.3308,1.5053,2
9.3308,1.4683,2
9.3309,1.4473,2
9.3309,1.4360,2
9.3309,1.4232,2
9.3309,1.4111,2
9.3309,1.3966,2
9.3309,1.3941,2
9.3310,1.4215,2
9.3310,1.4739,2
9.3310,1.5481,2
9.3310,1.6335,2
9.3310,1.7157,2
9.3310,1.7826,2
9.3311,1.8366,2
9.3311,1.8873,2
9.3311,1.9292,2
9.3311,1.9647,2
9.3311,1.9864,2
9.3311,1.9864,2
9.3311,1.9647,2
9.3312,1.9494,2
9.3312,1.9300,2
9.3312,1.9115,2
9.3312,1.8825,2
9.3312,1.8422,2
9.3312,1.8035,2
9.3313,1.7673,2
9.3313,1.7294,2
9.3313,1.7108,2
9.3313,1.7100,2
9.3313,1.7463,2
9.3313,1.7987,2
9.3313,1.8478,2
9.3314,1.8897,2
9.3314,1.9188,2
9.4144,1.9131,2
9.4144,1.9083,2
9.4144,1.8930,2
9.4144,1.8519,2
9.4145,1.7664,2
9.4145,1.6440,2
9.4145,1.4916,2
9.4145,1.3184,2
9.4145,1.1669,2
9.4145,1.0259,2
9.4146,0.9453,2
9.4146,0.9098,2
9.4146,0.9300,2
9.4146,0.9928,2
9.4146,1.0871,2
9.4146,1.2080,2
9.4146,1.3530,2
9.4147,1.4836,2
9.4147,1.6037,2
9.4147,1.7044,2
9.4147,1.7971,2
9.4147,1.8752,2
9.4147,1.9341,2
9.4148,1.9558,2
9.4148,1.9534,2
9.4148,1.9341,2
9.4148,1.8938,2
9.4148,1.8253,2
9.4148,1.7608,2
9.4149,1.6810,2
9.4149,1.5674,2
9.4149,1.4522,2
9.4149,1.3466,2
9.4149,1.2942,2
9.4149,1.2628,2
9.4149,1.2555,2
9.4150,1.2773,2
9.4150,1.3176,2
9.4150,1.3595,2
9.4150,1.4086,2
9.4150,1.4651,2
9.4150,1.5231,2
9.4151,1.6045,2
9.4151,1.6851,2
9.4151,1.7576,2
9.4151,1.8180,2
9.4151,1.8511,2
9.4151,1.8752,2
9.4151,1.8922,2
9.4152,1.9171,2
9.4152,1.9663,2
9.4152,1.9808,2
9.4152,1.9599,2
9.4152,1.8914,2
9.4152,1.8221,2
9.4153,1.7914,2
9.4153,1.7721,2
9.4153,1.7608,2
9.4153,1.7447,2
9.4153,1.7052,2
9.4153,1.6295,2
9.4153,1.5473,2
9.4154,1.4860,2
9.4154,1.4578,2
9.4154,1.4634,2
9.4154,1.5062,2
9.4154,1.5884,2
9.4154,1.7076,2
9.4155,1.8398,2
9.4155,1.9736,2
9.4155,2.0888,2
9.4155,2.1734,2
9.4155,2.2242,2
9.4155,2.2548,2
9.4156,2.2322,2
9.4156,2.1581,2
9.4156,2.0574,2
9.4156,1.9623,2
9.4156,1.8793,2
9.4156,1.8124,2
9.4156,1.7656,2
9.4157,1.7310,2
9.4157,1.7116,2
9.4157,1.7149,2
9.4157,1.7189,2
9.4157,1.7076,2
9.4157,1.6955,2
9.4158,1.6923,2
9.4158,1.7173,2
9.4158,1.7262,2
9.4158,1.7294,2
9.4158,1.7157,2
9.4158,1.6915,2
9.4159,1.6649,2
9.4159,1.6577,2
9.4159,1.6681,2
9.4159,1.6786,2
9.4159,1.6722,2
9.4159,1.6520,2
9.4159,1.6375,2
9.4160,1.6303,2
9.4160,1.6085,2
9.4160,1.5811,2
9.4160,1.5360,2
9.4160,1.4812,2
9.4160,1.4296,2
9.4161,1.3667,2
9.4161,1.3071,2
9.4161,1.2531,2
9.4161,1.2177,2
9.4161,1.1878,2
9.4161,1.1749,2
9.4161,1.1782,2
9.4162,1.1983,2
9.4162,1.2378,2
9.4162,1.2749,2
9.4162,1.3063,2
9.4162,1.3103,2
9.4162,1.3200,2
9.4163,1.3611,2
9.4163,1.4175,2
9.4163,1.4610,2
9.4163,1.4973,2
9.4163,1.5311,2
9.4163,1.5634,2
9.4163,1.5867,2
9.4164,1.5980,2
9.4164,1.6101,2
9.4164,1.6133,2
9.4164,1.6254,2
9.4164,1.6415,2
9.4164,1.6689,2
9.4165,1.6730,2
9.4165,1.6286,2
9.4165,1.5601,2
9.4165,1.5062,2
9.4165,1.4860,2
9.4165,1.4949,2
9.4166,1.5295,2
9.4166,1.5763,2
9.4166,1.6182,2
9.4166,1.6601,2
9.4166,1.6947,2
9.4166,1.7084,2
9.4166,1.7245,2
9.4167,1.7358,2
9.4167,1.7858,2
9.4167,1.8599,2
9.4167,1.9357,2
9.4167,1.9929,2
9.4167,2.0058,2
9.4168,1.9832,2
9.4168,1.9687,2
9.4168,1.9824,2
9.4168,1.9768,2
9.4168,1.9357,2
9.4168,1.8664,2
9.4168,1.7979,2
9.4169,1.7544,2
9.4169,1.7382,2
9.4169,1.7560,2
9.4169,1.7947,2
9.4169,1.8543,2
9.4169,1.9316,2
9.4170,2.0114,2
9.4170,2.0775,2
9.4170,2.1138,2
9.4170,2.0920,2
9.4170,2.0453,2
9.4170,1.9542,2
9.4170,1.8688,2
9.4171,1.7890,2
9.5020,1.7600,2
9.5020,1.7358,2
9.5020,1.7149,2
9.5021,1.6834,2
9.5021,1.6552,2
9.5021,1.6335,2
9.5021,1.6190,2
9.5021,1.6093,2
9.5021,1.5996,2
9.5022,1.5956,2
9.5022,1.5996,2
9.5022,1.5964,2
9.5022,1.5835,2
9.5022,1.5658,2
9.5022,1.5577,2
9.5022,1.5376,2
9.5023,1.5513,2
9.5023,1.5642,2
9.5023,1.5368,2
9.5023,1.5045,2
9.5023,1.4578,2
9.5023,1.4183,2
9.5023,1.3748,2
9.5024,1.3152,2
9.5024,1.2330,2
9.5024,1.1330,2
9.5024,1.0565,2
9.5024,1.0154,2
9.5024,1.0138,2
9.5025,1.0597,2
9.5026,1.1500,2
9.5026,1.2660,2
9.5026,1.3853,2
9.5027,1.4731,2
9.5027,1.5682,2
9.5027,1.6206,2
9.5027,1.6544,2
9.5027,1.6722,2
9.5027,1.7020,2
9.5028,1.7536,2
9.5028,1.8051,2
9.5028,1.8406,2
9.5028,1.8503,2
9.5028,1.8478,2
9.5028,1.8301,2
9.5028,1.8003,2
9.5029,1.7616,2
9.5029,1.7342,2
9.5029,1.7141,2
9.5029,1.6907,2
9.5029,1.6754,2
9.5029,1.6802,2
9.5029,1.7004,2
9.5030,1.7245,2
9.5030,1.7552,2
9.5030,1.7947,2
9.5030,1.8430,2
9.5030,1.9091,2
9.5030,1.9824,2
9.5030,2.0267,2
9.5031,2.0300,2
9.5031,2.0171,2
9.5031,2.0106,2
9.5031,1.9953,2
9.5031,1.9494,2
9.5031,1.9236,2
9.5031,1.8664,2
9.5032,1.8390,2
9.5032,1.8422,2
9.5032,1.8341,2
9.5032,1.7874,2
9.5032,1.6842,2
9.5032,1.5569,2
9.5032,1.4336,2
9.5033,1.3103,2
9.5033,1.1878,2
9.5033,1.0766,2
9.5033,1.0017,2
9.5033,0.9590,2
9.5033,0.9735,2
9.5033,1.0146,2
9.5034,1.0879,2
9.5034,1.1927,2
9.5034,1.3345,2
9.5034,1.5142,2
9.5034,1.7004,2
9.5034,1.8744,2
9.5034,2.0130,2
9.5035,2.1484,2
9.5035,2.2427,2
9.5035,2.3088,2
9.5035,2.3064,2
9.5035,2.2500,2
9.5035,2.1114,2
9.5036,1.9558,2
9.5036,1.8221,2
9.5036,1.7237,2
9.5036,1.6448,2
9.5036,1.5682,2
9.5036,1.5094,2
9.5036,1.4771,2
9.5037,1.4755,2
9.5037,1.4997,2
9.5037,1.5376,2
9.5037,1.5884,2
9.5037,1.6593,2
9.5037,1.7173,2
9.5038,1.8011,2
9.5038,1.8994,2
9.5038,1.9727,2
9.5038,2.0735,2
9.5038,2.1267,2
9.5038,2.1500,2
9.5038,2.1597,2
9.5039,2.1597,2
9.5039,2.1557,2
9.5039,2.1299,2
9.5039,2.1025,2
9.5039,2.0767,2
9.5039,2.0364,2
9.5040,1.9824,2
9.5040,1.9308,2
9.5040,1.8962,2
9.5040,1.8229,2
9.5040,1.7616,2
9.5040,1.7052,2
9.5040,1.6335,2
9.5041,1.5908,2
9.5041,1.4868,2
9.5041,1.4514,2
9.5041,1.4006,2
9.5041,1.3579,2
9.5041,1.3329,2
9.5041,1.3119,2
9.5042,1.2974,2
9.5042,1.3055,2
9.5042,1.3377,2
9.5042,1.3547,2
9.5042,1.4006,2
9.5042,1.4401,2
9.5042,1.4739,2
9.5043,1.4925,2
9.5043,1.5102,2
9.5043,1.5336,2
9.5043,1.5545,2
9.5043,1.5892,2
9.5043,1.5827,2
9.5043,1.6327,2
9.5044,1.6536,2
9.5044,1.6238,2
9.5044,1.6077,2
9.5044,1.5900,2
9.5044,1.5924,2
9.5044,1.5569,2
9.5045,1.5166,2
9.5045,1.4393,2
9.5045,1.3893,2
9.5045,1.3571,2
9.5045,1.3482,2
9.5045,1.3506,2
9.5045,1.3635,2
9.5046,1.4143,2
9.5046,1.4771,2
9.5046,1.5336,2
9.5046,1.5811,2
9.5046,1.6206,2
9.5046,1.6464,2
9.5047,1.7076,2
9.5047,1.7568,2
9.5047,1.7898,2
9.5047,1.8269,2
9.5047,1.8664,2
9.5047,1.8486,2
9.5047,1.8486,2
9.5047,1.8067,2
9.5884,1.7366,2
9.5884,1.6560,2
9.5885,1.5706,2
9.5885,1.5062,2
9.5885,1.4497,2
9.5885,1.4006,2
9.5885,1.3788,2
9.5885,1.3635,2
9.5885,1.3821,2
9.5886,1.4183,2
9.5886,1.4860,2
9.5886,1.5690,2
9.5886,1.6560,2
9.5886,1.7471,2
9.5886,1.8245,2
9.5887,1.9002,2
9.5887,1.9905,2
9.5887,2.0751,2
9.5887,2.1710,2
9.5887,2.2435,2
9.5887,2.1259,2
9.5887,2.0461,2
9.5888,1.9623,2
9.5888,1.8736,2
9.5888,1.8003,2
9.5888,1.7519,2
9.5888,1.7503,2
9.5888,1.7471,2
9.5889,1.7914,2
9.5889,1.7785,2
9.5889,1.7576,2
9.5889,1.7407,2
9.5889,1.7108,2
9.5889,1.7278,2
9.5890,1.7237,2
9.5890,1.7084,2
9.5890,1.7068,2
9.5890,1.7245,2
9.5890,1.7471,2
9.5890,1.7737,2
9.5891,1.8027,2
9.5891,1.8414,2
9.5891,1.8817,2
9.5891,1.9204,2
9.5891,1.9470,2
9.5891,1.9631,2
9.5891,1.9695,2
9.5892,1.9615,2
9.5892,1.9365,2
9.5892,1.8954,2
9.5892,1.8438,2
9.5892,1.8124,2
9.5892,1.7640,2
9.5892,1.7366,2
9.5893,1.6939,2
9.5893,1.6520,2
9.5893,1.5988,2
9.5893,1.5835,2
9.5893,1.5432,2
9.5893,1.5021,2
9.5894,1.4634,2
9.5894,1.4393,2
9.5894,1.4183,2
9.5894,1.4167,2
9.5894,1.4159,2
9.5894,1.4232,2
9.5895,1.4288,2
9.5895,1.4401,2
9.5895,1.4481,2
9.5895,1.4514,2
9.5895,1.4651,2
9.5895,1.4659,2
9.5895,1.4747,2
9.5896,1.4868,2
9.5896,1.4997,2
9.5896,1.4900,2
9.5896,1.4723,2
9.5896,1.4505,2
9.5896,1.4368,2
9.5897,1.4368,2
9.5897,1.4449,2
9.5897,1.4602,2
9.5897,1.4747,2
9.5897,1.4739,2
9.5897,1.4804,2
9.5898,1.4812,2
9.5898,1.4659,2
9.5898,1.4497,2
9.5898,1.4264,2
9.5898,1.3998,2
9.5898,1.3675,2
9.5898,1.3514,2
9.5899,1.3216,2
9.5899,1.3007,2
9.5899,1.3023,2
9.5899,1.3176,2
9.5899,1.3651,2
9.5899,1.4425,2
9.5900,1.5505,2
9.5900,1.6601,2
9.5900,1.7737,2
9.5900,1.8728,2
9.5900,1.9913,2
9.5900,2.0574,2
9.5900,2.0646,2
9.5901,2.0171,2
9.5901,1.9832,2
9.5901,1.9639,2
9.5901,1.9341,2
9.5901,1.9034,2
9.5901,1.8607,2
9.5902,1.8172,2
9.5902,1.7745,2
9.5902,1.7407,2
9.5902,1.7229,2
9.5902,1.7108,2
9.5902,1.7141,2
9.5902,1.7060,2
9.5903,1.7286,2
9.5903,1.7310,2
9.5903,1.7544,2
9.5903,1.7527,2
9.5903,1.7826,2
9.5903,1.8003,2
9.5904,1.8140,2
9.5904,1.8333,2
9.5904,1.8495,2
9.5904,1.8567,2
9.5904,1.8478,2
9.5904,1.8559,2
9.5905,1.8446,2
9.5905,1.8325,2
9.5905,1.8164,2
9.5905,1.7882,2
9.5905,1.8003,2
9.5905,1.7616,2
9.5905,1.7366,2
9.5906,1.6979,2
9.5906,1.6577,2
9.5906,1.6133,2
9.5906,1.6552,2
9.5906,1.5714,2
9.5906,1.5779,2
9.5907,1.6037,2
9.5907,1.6109,2
9.5907,1.6101,2
9.5907,1.5843,2
9.5907,1.5601,2
9.5907,1.5448,2
9.5908,1.5287,2
9.5908,1.5215,2
9.5908,1.5303,2
9.5908,1.5448,2
9.5908,1.5593,2
9.5908,1.5819,2
9.5908,1.6004,2
9.5909,1.6270,2
9.5909,1.6029,2
9.5909,1.6166,2
9.5909,1.6351,2
9.5909,1.6367,2
9.5909,1.6415,2
9.5910,1.6456,2
9.5910,1.6359,2
9.5910,1.6649,2
9.5910,1.6673,2
9.5910,1.6552,2
9.5910,1.6544,2
9.5911,1.6488,2
9.5911,1.6311,2
9.5911,1.6375,2
9.5911,1.6149,2
9.5911,1.5996,2
9.6773,1.5747,2
9.6773,1.5545,2
9.6773,1.5311,2
9.6773,1.5199,2
9.6774,1.5207,2
9.6774,1.5311,2
9.6774,1.5618,2
9.6774,1.5787,2
9.6774,1.6021,2
9.6775,1.6117,2
9.6775,1.6174,2
9.6775,1.6109,2
9.6775,1.6093,2
9.6775,1.6166,2
9.6775,1.6303,2
9.6776,1.6480,2
9.6776,1.6303,2
9.6776,1.6802,2
9.6776,1.6923,2
9.6776,1.7020,2
9.6776,1.7012,2
9.6777,1.6867,2
9.6777,1.6681,2
9.6777,1.6391,2
9.6777,1.6190,2
9.6777,1.6093,2
9.6777,1.6004,2
9.6778,1.6053,2
9.6778,1.6214,2
9.6778,1.6423,2
9.6778,1.6842,2
9.6778,1.6931,2
9.6778,1.7181,2
9.6779,1.7463,2
9.6779,1.7527,2
9.6779,1.7882,2
9.6779,1.8011,2
9.6779,1.8084,2
9.6780,1.7995,2
9.6780,1.7890,2
9.6780,1.7705,2
9.6780,1.7600,2
9.6780,1.7616,2
9.6780,1.7624,2
9.6781,1.7673,2
9.6781,1.7673,2
9.6781,1.7423,2
9.6781,1.7455,2
9.6781,1.7318,2
9.6781,1.7189,2
9.6782,1.7012,2
9.6782,1.6883,2
9.6782,1.6851,2
9.6782,1.6520,2
9.6782,1.6440,2
9.6782,1.6367,2
9.6782,1.6472,2
9.6783,1.6303,2
9.6783,1.6311,2
9.6783,1.6472,2
9.6783,1.6311,2
9.6783,1.6303,2
9.6783,1.6295,2
9.6784,1.6295,2
9.6784,1.6238,2
9.6784,1.6238,2
9.6784,1.6214,2
9.6784,1.6303,2
9.6784,1.6319,2
9.6785,1.6359,2
9.6785,1.6464,2
9.6785,1.6496,2
9.6785,1.6568,2
9.6785,1.6528,2
9.6785,1.6552,2
9.6785,1.6480,2
9.6786,1.6295,2
9.6786,1.6166,2
9.6786,1.5859,2
9.6786,1.5529,2
9.6786,1.5190,2
9.6786,1.4900,2
9.6786,1.4667,2
9.6787,1.4618,2
9.6787,1.4618,2
9.6787,1.4796,2
9.6787,1.4989,2
9.6787,1.5247,2
9.6787,1.5360,2
9.6788,1.5827,2
9.6788,1.6222,2
9.6788,1.6375,2
9.6788,1.6343,2
9.6788,1.6230,2
9.6788,1.6061,2
9.6788,1.5884,2
9.6789,1.5795,2
9.6789,1.5618,2
9.6789,1.5432,2
9.6789,1.5400,2
9.6789,1.5279,2
9.6790,1.5271,2
9.6790,1.4957,2
9.6790,1.4594,2
9.6790,1.4240,2
9.6790,1.4095,2
9.6790,1.4111,2
9.6790,1.4304,2
9.6791,1.4570,2
9.6791,1.4949,2
9.6791,1.5182,2
9.6791,1.5505,2
9.6791,1.5940,2
9.6791,1.6496,2
9.6792,1.7116,2
9.6792,1.7834,2
9.6792,1.8527,2
9.6792,1.9107,2
9.6792,1.9373,2
9.6792,1.9316,2
9.6792,1.8962,2
9.6793,1.8438,2
9.6793,1.7850,2
9.6793,1.7342,2
9.6793,1.6971,2
9.6793,1.6794,2
9.6793,1.6714,2
9.6794,1.6794,2
9.6794,1.6859,2
9.6794,1.7076,2
9.6794,1.7213,2
9.6794,1.7310,2
9.6794,1.7374,2
9.6795,1.7600,2
9.6795,1.7810,2
9.6795,1.7866,2
9.6795,1.8011,2
9.6795,1.8108,2
9.6795,1.8245,2
9.6795,1.8245,2
9.6796,1.8285,2
9.6796,1.8172,2
9.6796,1.8067,2
9.6796,1.7834,2
9.6796,1.7592,2
9.6796,1.7390,2
9.6796,1.7278,2
9.6797,1.7076,2
9.6797,1.7020,2
9.6797,1.6979,2
9.6797,1.6947,2
9.6797,1.6979,2
9.6797,1.6939,2
9.6798,1.6915,2
9.6798,1.6875,2
9.6798,1.6875,2
9.6798,1.6351,2
9.6798,1.6488,2
9.6798,1.6311,2
9.6798,1.6029,2
9.6799,1.5859,2
9.6799,1.5626,2
9.6799,1.5400,2
9.6800,1.5231,2
9.6800,1.5078,2
9.6800,1.4941,2
9.6800,1.4957,2
9.6800,1.5142,2
9.6800,1.5384,2
9.6801,1.5658,2
9.6801,1.5940,2
9.6801,1.6021,2
9.6801,1.6149,2
9.6801,1.6286,2
9.6801,1.6415,2
9.6802,1.6536,2
9.6802,1.6568,2
9.6802,1.6601,2
9.7669,1.6585,2
9.7670,1.6520,2
9.7670,1.6423,2
9.7670,1.6214,2
9.7670,1.6045,2
9.7670,1.5867,2
9.7671,1.5626,2
9.7671,1.5464,2
9.7671,1.5376,2
9.7671,1.5352,2
9.7671,1.5327,2
9.7671,1.5376,2
9.7671,1.5585,2
9.7672,1.5867,2
9.7672,1.6174,2
9.7672,1.6440,2
9.7672,1.6714,2
9.7672,1.6746,2
9.7672,1.6826,2
9.7672,1.6778,2
9.7673,1.6762,2
9.7673,1.6786,2
9.7673,1.6504,2
9.7673,1.6077,2
9.7673,1.5489,2
9.7673,1.4941,2
9.7674,1.4401,2
9.7674,1.4103,2
9.7674,1.4151,2
9.7674,1.4280,2
9.7674,1.4804,2
9.7674,1.5352,2
9.7675,1.6045,2
9.7675,1.6673,2
9.7675,1.7334,2
9.7675,1.8124,2
9.7675,1.8672,2
9.7675,1.8922,2
9.7675,1.9155,2
9.7676,1.8728,2
9.7676,1.8325,2
9.7676,1.7785,2
9.7676,1.7213,2
9.7676,1.6746,2
9.7676,1.6399,2
9.7676,1.6133,2
9.7677,1.5964,2
9.7677,1.5892,2
9.7677,1.5948,2
9.7677,1.6101,2
9.7677,1.6343,2
9.7677,1.6722,2
9.7678,1.6955,2
9.7678,1.7342,2
9.7678,1.7761,2
9.7678,1.8140,2
9.7678,1.8462,2
9.7678,1.8640,2
9.7679,1.8543,2
9.7679,1.8632,2
9.7679,1.8744,2
9.7679,1.8535,2
9.7679,1.8454,2
9.7680,1.8043,2
9.7680,1.7592,2
9.7680,1.7197,2
9.7680,1.6810,2
9.7680,1.6536,2
9.7680,1.6407,2
9.7681,1.6230,2
9.7681,1.6061,2
9.7681,1.6053,2
9.7681,1.6061,2
9.7681,1.6125,2
9.7681,1.6149,2
9.7682,1.6149,2
9.7682,1.6158,2
9.7682,1.6077,2
9.7682,1.5980,2
9.7682,1.5843,2
9.7682,1.5610,2
9.7682,1.5287,2
9.7683,1.5013,2
9.7683,1.4626,2
9.7683,1.4296,2
9.7683,1.4038,2
9.7683,1.3853,2
9.7683,1.3796,2
9.7683,1.3869,2
9.7684,1.3998,2
9.7684,1.4296,2
9.7684,1.4771,2
9.7684,1.5327,2
9.7684,1.6077,2
9.7685,1.6826,2
9.7685,1.7455,2
9.7685,1.7793,2
9.7685,1.7834,2
9.7685,1.7753,2
9.7685,1.7769,2
9.7685,1.7850,2
9.7686,1.7697,2
9.7686,1.7366,2
9.7686,1.6891,2
9.7686,1.6383,2
9.7686,1.6021,2
9.7686,1.5819,2
9.7686,1.5682,2
9.7687,1.5593,2
9.7687,1.5569,2
9.7687,1.5577,2
9.7687,1.5698,2
9.7687,1.5908,2
9.7687,1.6238,2
9.7687,1.6536,2
9.7688,1.6875,2
9.7688,1.7133,2
9.7688,1.7431,2
9.7688,1.7656,2
9.7688,1.7914,2
9.7688,1.8164,2
9.7689,1.8309,2
9.7689,1.8349,2
9.7689,1.8366,2
9.7689,1.8325,2
9.7689,1.8188,2
9.7689,1.8027,2
9.7690,1.7793,2
9.7690,1.7624,2
9.7690,1.7390,2
9.7690,1.7245,2
9.7690,1.7165,2
9.7690,1.7157,2
9.7691,1.6979,2
9.7691,1.6859,2
9.7691,1.6923,2
9.7691,1.6947,2
9.7691,1.7012,2
9.7691,1.6939,2
9.7691,1.6738,2
9.7692,1.6617,2
9.7692,1.6488,2
9.7692,1.6327,2
9.7692,1.6174,2
9.7692,1.6021,2
9.7692,1.5916,2
9.7692,1.5851,2
9.7693,1.5867,2
9.7693,1.5690,2
9.7693,1.5851,2
9.7693,1.5892,2
9.7693,1.6061,2
9.7693,1.6270,2
9.7694,1.6480,2
9.7694,1.6738,2
9.7694,1.6899,2
9.7694,1.7052,2
9.7694,1.7100,2
9.7694,1.7189,2
9.7695,1.7237,2
9.7695,1.7189,2
9.7695,1.6939,2
9.7695,1.6472,2
9.7695,1.6037,2
9.7695,1.5618,2
9.7695,1.5303,2
9.7696,1.4933,2
9.7696,1.4691,2
9.7696,1.4578,2
9.7696,1.4514,2
9.7696,1.4514,2
9.7696,1.4610,2
9.7696,1.4820,2
9.7697,1.5118,2
9.7697,1.5376,2
9.7697,1.5690,2
9.7697,1.5972,2
9.7697,1.6286,2
9.7697,1.6617,2
9.8570,1.6883,2
9.8570,1.7221,2
9.8571,1.7568,2
9.8571,1.7705,2
9.8571,1.7705,2
9.8571,1.7487,2
9.8571,1.7149,2
9.8571,1.6851,2
9.8572,1.6697,2
9.8572,1.6536,2
9.8572,1.6552,2
9.8572,1.6609,2
9.8572,1.6714,2
9.8572,1.6770,2
9.8572,1.6851,2
9.8573,1.6899,2
9.8573,1.6971,2
9.8573,1.7036,2
9.8573,1.7157,2
9.8573,1.7189,2
9.8573,1.7302,2
9.8574,1.7334,2
9.8574,1.7334,2
9.8574,1.7342,2
9.8574,1.7302,2
9.8574,1.7229,2
9.8575,1.7125,2
9.8575,1.6955,2
9.8575,1.6899,2
9.8575,1.6842,2
9.8575,1.6762,2
9.8575,1.6705,2
9.8575,1.6681,2
9.8576,1.6657,2
9.8576,1.6851,2
9.8576,1.6673,2
9.8576,1.6891,2
9.8576,1.6988,2
9.8576,1.7076,2
9.8577,1.7100,2
9.8577,1.7028,2
9.8577,1.6915,2
9.8577,1.6617,2
9.8577,1.6391,2
9.8577,1.6149,2
9.8578,1.6021,2
9.8578,1.5867,2
9.8578,1.5730,2
9.8578,1.5755,2
9.8578,1.5771,2
9.8578,1.5811,2
9.8578,1.5803,2
9.8579,1.5827,2
9.8579,1.5900,2
9.8579,1.6045,2
9.8579,1.6206,2
9.8579,1.6343,2
9.8580,1.6544,2
9.8580,1.6681,2
9.8580,1.6778,2
9.8580,1.6762,2
9.8580,1.6746,2
9.8580,1.6609,2
9.8580,1.6399,2
9.8581,1.6319,2
9.8581,1.6077,2
9.8581,1.5835,2
9.8581,1.5618,2
9.8581,1.5432,2
9.8581,1.5352,2
9.8582,1.5279,2
9.8582,1.5601,2
9.8582,1.5529,2
9.8582,1.5763,2
9.8582,1.6077,2
9.8582,1.6375,2
9.8583,1.6681,2
9.8583,1.7060,2
9.8583,1.7366,2
9.8583,1.7705,2
9.8583,1.7987,2
9.8583,1.7761,2
9.8583,1.7253,2
9.8584,1.7302,2
9.8584,1.7157,2
9.8584,1.6794,2
9.8584,1.6810,2
9.8584,1.6206,2
9.8585,1.5618,2
9.8585,1.5940,2
9.8585,1.5980,2
9.8585,1.5996,2
9.8585,1.6198,2
9.8585,1.6238,2
9.8585,1.6464,2
9.8586,1.6641,2
9.8586,1.6794,2
9.8586,1.6988,2
9.8586,1.7229,2
9.8586,1.7310,2
9.8586,1.7415,2
9.8587,1.7439,2
9.8587,1.7439,2
9.8587,1.7213,2
9.8587,1.7149,2
9.8587,1.6786,2
9.8587,1.6593,2
9.8588,1.6343,2
9.8588,1.6117,2
9.8588,1.5610,2
9.8588,1.5795,2
9.8588,1.5875,2
9.8588,1.5650,2
9.8588,1.5577,2
9.8589,1.5577,2
9.8589,1.5537,2
9.8589,1.5537,2
9.8589,1.5537,2
9.8589,1.5577,2
9.8590,1.5642,2
9.8590,1.5763,2
9.8590,1.5835,2
9.8590,1.6133,2
9.8590,1.6166,2
9.8590,1.6133,2
9.8591,1.6029,2
9.8591,1.5892,2
9.8591,1.5730,2
9.8591,1.5658,2
9.8591,1.5634,2
9.8591,1.5666,2
9.8591,1.5730,2
9.8592,1.5843,2
9.8592,1.6021,2
9.8592,1.6335,2
9.8592,1.6714,2
9.8592,1.6875,2
9.8592,1.6971,2
9.8593,1.6883,2
9.8593,1.6891,2
9.8593,1.6697,2
9.8593,1.6585,2
9.8593,1.6415,2
9.8593,1.6286,2
9.8594,1.6214,2
9.8594,1.6141,2
9.8594,1.6101,2
9.8594,1.6053,2
9.8594,1.6101,2
9.8594,1.6415,2
9.8595,1.6214,2
9.8595,1.6488,2
9.8595,1.6778,2
9.8595,1.7133,2
9.8595,1.7511,2
9.8595,1.7906,2
9.8596,1.8414,2
9.8596,1.8615,2
9.8596,1.8583,2
9.8596,1.8575,2
9.8596,1.8519,2
9.8596,1.8333,2
9.8597,1.8027,2
9.8597,1.7560,2
9.8597,1.7020,2
9.8597,1.6593,2
9.8597,1.6222,2
9.8597,1.6061,2
9.8598,1.5988,2
9.8598,1.5916,2
9.8598,1.6101,2
9.8598,1.6004,2
9.8598,1.6222,2
9.8598,1.6407,2
9.8598,1.6609,2
9.8599,1.7060,2
9.8599,1.7076,2
9.8599,1.7221,2
9.8599,1.7568,2
9.8599,1.7511,2
9.8600,1.7552,2
9.9489,1.7576,2
9.9489,1.6996,2
9.9489,1.7495,2
9.9490,1.7358,2
9.9490,1.7173,2
9.9490,1.7036,2
9.9490,1.6859,2
9.9490,1.6625,2
9.9490,1.6544,2
9.9491,1.6496,2
9.9491,1.6738,2
9.9491,1.6496,2
9.9491,1.6423,2
9.9491,1.6464,2
9.9491,1.6480,2
9.9491,1.6448,2
9.9492,1.6423,2
9.9492,1.6391,2
9.9492,1.6367,2
9.9492,1.6158,2
9.9492,1.6230,2
9.9492,1.6133,2
9.9493,1.6198,2
9.9493,1.5924,2
9.9493,1.5779,2
9.9493,1.5626,2
9.9493,1.5505,2
9.9493,1.5473,2
9.9494,1.5481,2
9.9494,1.5577,2
9.9494,1.5666,2
9.9494,1.5892,2
9.9494,1.5964,2
9.9494,1.6166,2
9.9495,1.6278,2
9.9495,1.6423,2
9.9495,1.6472,2
9.9495,1.6456,2
9.9495,1.6464,2
9.9495,1.6480,2
9.9496,1.6440,2
9.9496,1.6456,2
9.9496,1.6367,2
9.9496,1.6085,2
9.9496,1.5988,2
9.9496,1.6029,2
9.9496,1.5747,2
9.9497,1.5658,2
9.9497,1.5593,2
9.9497,1.5706,2
9.9497,1.5867,2
9.9497,1.5956,2
9.9497,1.6109,2
9.9498,1.6440,2
9.9498,1.6528,2
9.9498,1.6794,2
9.9498,1.7116,2
9.9498,1.7342,2
9.9498,1.7487,2
9.9498,1.7624,2
9.9499,1.7503,2
9.9499,1.7431,2
9.9499,1.7278,2
9.9499,1.7028,2
9.9499,1.6689,2
9.9499,1.6939,2
9.9500,1.6343,2
9.9500,1.6230,2
9.9500,1.6262,2
9.9500,1.6278,2
9.9500,1.6391,2
9.9500,1.6488,2
9.9501,1.6657,2
9.9501,1.6907,2
9.9501,1.6810,2
9.9501,1.6963,2
9.9501,1.7052,2
9.9501,1.7125,2
9.9502,1.7052,2
9.9502,1.7173,2
9.9502,1.7157,2
9.9502,1.7141,2
9.9502,1.7100,2
9.9502,1.7028,2
9.9502,1.6875,2
9.9503,1.6705,2
9.9503,1.6520,2
9.9503,1.6375,2
9.9503,1.6738,2
9.9503,1.6246,2
9.9503,1.6125,2
9.9504,1.6141,2
9.9504,1.6254,2
9.9504,1.6230,2
9.9504,1.6327,2
9.9504,1.6311,2
9.9504,1.6383,2
9.9505,1.6407,2
9.9505,1.6375,2
9.9505,1.6295,2
9.9505,1.6222,2
9.9505,1.6093,2
9.9505,1.6045,2
9.9506,1.6303,2
9.9506,1.5916,2
9.9506,1.5666,2
9.9507,1.5553,2
9.9507,1.5553,2
9.9507,1.5505,2
9.9507,1.5424,2
9.9507,1.5368,2
9.9507,1.5319,2
9.9508,1.5303,2
9.9508,1.5247,2
9.9508,1.5376,2
9.9508,1.5102,2
9.9508,1.5102,2
9.9508,1.5078,2
9.9509,1.4997,2
9.9509,1.4965,2
9.9509,1.5005,2
9.9509,1.4965,2
9.9509,1.4941,2
9.9509,1.4844,2
9.9510,1.4828,2
9.9510,1.4828,2
9.9510,1.4868,2
9.9510,1.4892,2
9.9510,1.5126,2
9.9510,1.5215,2
9.9511,1.5456,2
9.9511,1.5521,2
9.9511,1.5553,2
9.9511,1.5601,2
9.9511,1.6053,2
9.9511,1.6004,2
9.9511,1.6399,2
9.9512,1.6834,2
9.9512,1.7326,2
9.9512,1.7656,2
9.9512,1.7858,2
9.9512,1.7866,2
9.9512,1.7769,2
9.9513,1.7576,2
9.9513,1.7326,2
9.9513,1.7100,2
9.9513,1.6931,2
9.9513,1.6818,2
9.9513,1.6867,2
9.9514,1.7004,2
9.9514,1.7205,2
9.9514,1.7697,2
9.9514,1.7632,2
9.9514,1.8100,2
9.9514,1.8221,2
9.9514,1.8599,2
9.9515,1.8752,2
9.9515,1.8994,2
9.9515,1.9034,2
9.9515,1.9059,2
9.9515,1.9010,2
9.9515,1.8849,2
9.9516,1.8672,2
9.9516,1.8503,2
9.9516,1.8293,2
9.9516,1.8164,2
9.9516,1.7914,2
9.9516,1.7729,2
9.9517,1.7922,2
9.9517,1.7399,2
9.9517,1.7399,2
9.9517,1.7205,2
9.9517,1.7302,2
9.9517,1.7068,2
9.9517,1.7036,2
9.9518,1.7004,2
9.9518,1.6810,2
9.9518,1.6818,2
9.9518,1.6979,2
9.9518,1.6681,2
9.9518,1.6528,2
9.9519,1.6399,2
9.9519,1.6125,2
10.0411,1.5988,2
10.0411,1.5859,2
10.0411,1.5730,2
10.0411,1.5537,2
10.0411,1.5618,2
10.0412,1.5980,2
10.0412,1.5513,2
10.0412,1.5601,2
10.0412,1.5634,2
10.0412,1.5755,2
10.0412,1.5803,2
10.0412,1.5924,2
10.0413,1.6093,2
10.0413,1.6182,2
10.0413,1.6149,2
10.0413,1.6158,2
10.0413,1.6295,2
10.0414,1.6174,2
10.0414,1.6158,2
10.0414,1.6174,2
10.0414,1.6174,2
10.0414,1.6166,2
10.0414,1.6125,2
10.0415,1.6069,2
10.0415,1.6125,2
10.0415,1.6053,2
10.0415,1.6133,2
10.0415,1.6238,2
10.0415,1.6440,2
10.0416,1.6552,2
10.0416,1.6657,2
10.0416,1.6730,2
10.0416,1.6818,2
10.0416,1.6907,2
10.0416,1.7076,2
10.0417,1.7197,2
10.0417,1.6488,2
10.0417,1.7407,2
10.0417,1.7358,2
10.0417,1.7181,2
10.0417,1.6979,2
10.0417,1.6738,2
10.0418,1.6577,2
10.0418,1.6440,2
10.0418,1.6343,2
10.0418,1.6270,2
10.0418,1.6238,2
10.0419,1.6319,2
10.0419,1.6359,2
10.0419,1.6528,2
10.0419,1.6617,2
10.0419,1.6705,2
10.0420,1.6810,2
10.0420,1.6826,2
10.0420,1.6851,2
10.0420,1.6568,2
10.0420,1.6802,2
10.0420,1.6673,2
10.0421,1.6560,2
10.0421,1.6391,2
10.0421,1.6190,2
10.0421,1.6061,2
10.0421,1.5884,2
10.0421,1.5763,2
10.0422,1.5666,2
10.0422,1.5537,2
10.0422,1.5666,2
10.0422,1.5787,2
10.0422,1.5972,2
10.0422,1.6238,2
10.0423,1.6544,2
10.0423,1.6697,2
10.0423,1.6826,2
10.0423,1.6939,2
10.0423,1.6931,2
10.0423,1.6899,2
10.0424,1.6802,2
10.0424,1.6923,2
10.0424,1.6697,2
10.0424,1.6577,2
10.0424,1.6472,2
10.0425,1.6286,2
10.0425,1.6133,2
10.0425,1.6125,2
10.0425,1.5916,2
10.0425,1.5964,2
10.0425,1.5892,2
10.0425,1.5892,2
10.0426,1.5948,2
10.0426,1.5932,2
10.0426,1.5980,2
10.0426,1.5996,2
10.0426,1.6117,2
10.0426,1.6061,2
10.0427,1.6206,2
10.0427,1.6303,2
10.0427,1.6262,2
10.0427,1.6198,2
10.0427,1.6117,2
10.0427,1.5263,2
10.0428,1.6053,2
10.0428,1.5964,2
10.0428,1.5827,2
10.0428,1.5779,2
10.0428,1.5658,2
10.0428,1.5505,2
10.0428,1.5448,2
10.0429,1.5360,2
10.0429,1.5311,2
10.0429,1.5553,2
10.0429,1.5368,2
10.0429,1.5489,2
10.0430,1.5642,2
10.0430,1.5787,2
10.0430,1.5892,2
10.0430,1.5956,2
10.0430,1.6077,2
10.0430,1.6222,2
10.0431,1.6351,2
10.0431,1.6359,2
10.0431,1.6335,2
10.0431,1.6254,2
10.0431,1.6246,2
10.0431,1.6270,2
10.0431,1.6319,2
10.0432,1.6383,2
10.0432,1.6625,2
10.0432,1.6665,2
10.0432,1.7020,2
10.0432,1.7116,2
10.0432,1.7302,2
10.0433,1.7358,2
10.0433,1.7423,2
10.0433,1.7407,2
10.0433,1.7342,2
10.0433,1.7310,2
10.0434,1.7197,2
10.0434,1.7092,2
10.0434,1.6988,2
10.0434,1.6867,2
10.0434,1.6649,2
10.0434,1.6520,2
10.0435,1.6319,2
10.0435,1.6133,2
10.0435,1.5972,2
10.0435,1.5892,2
10.0435,1.5884,2
10.0435,1.5884,2
10.0436,1.5892,2
10.0436,1.6520,2
10.0436,1.5875,2
10.0436,1.5892,2
10.0436,1.5811,2
10.0436,1.5779,2
10.0436,1.5755,2
10.0437,1.5787,2
10.0437,1.5747,2
10.0437,1.5481,2
10.0437,1.5432,2
10.0437,1.5408,2
10.0437,1.5505,2
10.0438,1.5392,2
10.0438,1.6206,2
10.0438,1.6585,2
10.0438,1.6947,2
10.0438,1.7286,2
10.0438,1.7431,2
10.0439,1.7495,2
10.0439,1.7503,2
10.0439,1.7503,2
10.0439,1.7463,2
10.0439,1.7382,2
10.0440,1.7197,2
10.0440,1.7052,2
10.0440,1.6923,2
10.0440,1.6875,2
10.0440,1.6891,2
10.0440,1.6939,2
10.0440,1.7028,2
10.0441,1.7165,2
10.0441,1.7294,2
10.0441,1.7374,2
10.0441,1.7487,2
10.0441,1.7600,2
10.0441,1.7745,2
10.1335,1.7906,2
10.1335,1.8100,2
10.1335,1.8341,2
10.1336,1.8575,2
10.1336,1.8736,2
10.1336,1.8849,2
10.1336,1.8889,2
10.1336,1.8817,2
10.1336,1.8623,2
10.1337,1.8438,2
10.1337,1.8212,2
10.1337,1.7995,2
10.1337,1.7705,2
10.1337,1.7390,2
10.1337,1.7012,2
10.1337,1.6778,2
10.1338,1.6552,2
10.1338,1.6327,2
10.1338,1.6166,2
10.1338,1.5988,2
10.1338,1.5827,2
10.1338,1.5763,2
10.1339,1.5722,2
10.1339,1.5755,2
10.1339,1.5779,2
10.1339,1.5948,2
10.1339,1.6085,2
10.1339,1.6262,2
10.1340,1.6383,2
10.1340,1.6488,2
10.1340,1.6544,2
10.1340,1.6593,2
10.1340,1.6391,2
10.1340,1.6407,2
10.1341,1.6311,2
10.1341,1.6230,2
10.1341,1.6182,2
10.1341,1.6101,2
10.1341,1.5980,2
10.1341,1.5884,2
10.1342,1.5859,2
10.1342,1.5916,2
10.1342,1.5964,2
10.1342,1.5940,2
10.1342,1.6004,2
10.1342,1.6069,2
10.1342,1.6174,2
10.1343,1.6262,2
10.1343,1.6295,2
10.1343,1.6343,2
10.1343,1.6375,2
10.1343,1.6399,2
10.1343,1.6343,2
10.1344,1.6230,2
10.1344,1.6198,2
10.1344,1.5811,2
10.1344,1.5545,2
10.1344,1.5303,2
10.1344,1.5174,2
10.1345,1.5126,2
10.1345,1.5110,2
10.1345,1.5215,2
10.1345,1.5336,2
10.1345,1.5497,2
10.1345,1.5738,2
10.1346,1.6012,2
10.1346,1.6311,2
10.1346,1.6593,2
10.1346,1.6754,2
10.1346,1.6963,2
10.1346,1.7076,2
10.1347,1.7197,2
10.1347,1.7253,2
10.1347,1.7036,2
10.1347,1.6770,2
10.1347,1.6423,2
10.1347,1.6093,2
10.1347,1.5722,2
10.1348,1.5553,2
10.1348,1.5489,2
10.1348,1.5529,2
10.1348,1.5577,2
10.1348,1.5738,2
10.1349,1.6045,2
10.1349,1.6335,2
10.1349,1.6681,2
10.1349,1.6979,2
10.1349,1.7213,2
10.1349,1.7294,2
10.1350,1.7318,2
10.1350,1.7229,2
10.1350,1.6818,2
10.1350,1.6544,2
10.1350,1.6383,2
10.1350,1.6158,2
10.1351,1.6045,2
10.1351,1.5851,2
10.1351,1.5698,2
10.1351,1.5464,2
10.1351,1.5303,2
10.1351,1.5158,2
10.1351,1.5086,2
10.1352,1.4949,2
10.1352,1.4941,2
10.1352,1.4860,2
10.1352,1.4925,2
10.1352,1.4973,2
10.1352,1.5126,2
10.1353,1.5344,2
10.1353,1.5650,2
10.1353,1.5884,2
10.1353,1.6125,2
10.1353,1.6375,2
10.1353,1.6536,2
10.1354,1.6730,2
10.1354,1.6859,2
10.1354,1.6971,2
10.1354,1.6971,2
10.1354,1.6923,2
10.1354,1.6883,2
10.1355,1.6883,2
10.1355,1.7068,2
10.1355,1.7229,2
10.1355,1.7229,2
10.1355,1.7157,2
10.1355,1.6955,2
10.1356,1.6754,2
10.1356,1.6625,2
10.1356,1.6544,2
10.1356,1.6488,2
10.1356,1.6657,2
10.1356,1.6762,2
10.1357,1.6842,2
10.1357,1.6875,2
10.1357,1.6979,2
10.1357,1.7036,2
10.1357,1.7076,2
10.1357,1.7149,2
10.1357,1.7366,2
10.1358,1.7423,2
10.1358,1.7463,2
10.1358,1.7503,2
10.1358,1.7616,2
10.1358,1.7753,2
10.1358,1.7882,2
10.1359,1.7995,2
10.1359,1.8011,2
10.1359,1.7890,2
10.1359,1.7713,2
10.1360,1.7487,2
10.1360,1.7262,2
10.1360,1.6979,2
10.1360,1.6754,2
10.1360,1.6504,2
10.1360,1.6286,2
10.1360,1.6093,2
10.1361,1.5964,2
10.1361,1.5787,2
10.1361,1.5706,2
10.1361,1.5755,2
10.1361,1.5730,2
10.1361,1.5722,2
10.1362,1.5714,2
10.1362,1.5747,2
10.1362,1.5803,2
10.1362,1.5859,2
10.1362,1.5916,2
10.1362,1.5924,2
10.1363,1.5875,2
10.1363,1.5803,2
10.1363,1.5714,2
10.1363,1.5690,2
10.1363,1.5658,2
10.1363,1.5610,2
10.1363,1.5513,2
10.1364,1.5392,2
10.1364,1.5207,2
10.1364,1.5070,2
10.1364,1.4997,2
10.1364,1.4997,2
10.1365,1.4997,2
10.1365,1.5110,2
10.1365,1.5336,2
10.1365,1.5610,2
10.1365,1.6029,2
10.2222,1.6407,3
10.2223,1.6778,3
10.2223,1.7116,3
10.2223,1.7294,3
10.2223,1.7358,3
10.2223,1.7294,3
10.2224,1.7076,3
10.2224,1.6875,3
10.2224,1.6528,3
10.2224,1.6166,3
10.2224,1.5674,3
10.2224,1.5239,3
10.2226,1.4779,3
10.2226,1.4489,3
10.2226,1.4232,3
10.2226,1.4095,3
10.2226,1.4086,3
10.2227,1.4175,3
10.2227,1.4312,3
10.2227,1.4489,3
10.2227,1.4763,3
10.2227,1.5190,3
10.2227,1.5690,3
10.2227,1.6303,3
10.2228,1.6988,3
10.2228,1.7777,3
10.2228,1.8519,3
10.2228,1.9171,3
10.2228,1.9518,3
10.2228,1.9695,3
10.2228,1.9550,3
10.2229,1.9284,3
10.2229,1.8720,3
10.2229,1.8011,3
10.2229,1.7157,3
10.2229,1.6238,3
10.2229,1.5738,3
10.2230,1.5126,3
10.2230,1.5005,3
10.2230,1.4933,3
10.2230,1.5118,3
10.2230,1.5392,3
10.2230,1.5851,3
10.2231,1.6327,3
10.2231,1.6778,3
10.2231,1.7181,3
10.2231,1.7624,3
10.2231,1.7955,3
10.2231,1.8309,3
10.2231,1.8551,3
10.2232,1.8720,3
10.2232,1.8704,3
10.2232,1.8511,3
10.2232,1.8140,3
10.2232,1.7544,3
10.2232,1.7108,3
10.2232,1.6778,3
10.2233,1.6577,3
10.2233,1.6367,3
10.2233,1.6311,3
10.2233,1.6335,3
10.2233,1.6286,3
10.2233,1.6391,3
10.2234,1.6746,3
10.2234,1.6907,3
10.2234,1.7100,3
10.2234,1.7181,3
10.2234,1.7245,3
10.2235,1.7334,3
10.2235,1.7149,3
10.2235,1.7165,3
10.2235,1.7020,3
10.2235,1.6907,3
10.2235,1.6689,3
10.2235,1.6617,3
10.2236,1.6278,3
10.2236,1.6367,3
10.2236,1.6472,3
10.2236,1.6617,3
10.2236,1.6746,3
10.2236,1.6834,3
10.2237,1.6955,3
10.2237,1.7157,3
10.2237,1.7334,3
10.2237,1.7511,3
10.2237,1.7463,3
10.2237,1.7358,3
10.2237,1.7108,3
10.2238,1.6794,3
10.2238,1.6528,3
10.2238,1.6246,3
10.2238,1.6021,3
10.2238,1.5747,3
10.2238,1.5569,3
10.2239,1.5497,3
10.2239,1.5464,3
10.2239,1.5481,3
10.2239,1.5642,3
10.2239,1.5803,3
10.2239,1.6012,3
10.2239,1.6198,3
10.2240,1.6359,3
10.2240,1.6568,3
10.2240,1.6794,3
10.2240,1.7044,3
10.2240,1.7173,3
10.2240,1.6971,3
10.2241,1.6923,3
10.2241,1.6697,3
10.2241,1.6464,3
10.2241,1.6399,3
10.2241,1.6174,3
10.2241,1.6198,3
10.2241,1.6286,3
10.2242,1.6464,3
10.2242,1.6625,3
10.2242,1.6673,3
10.2242,1.6544,3
10.2242,1.6319,3
10.2242,1.6077,3
10.2242,1.5835,3
10.2243,1.5618,3
10.2243,1.5521,3
10.2243,1.5529,3
10.2243,1.5650,3
10.2243,1.5771,3
10.2243,1.5908,3
10.2244,1.6037,3
10.2244,1.5996,3
10.2244,1.6230,3
10.2244,1.6012,3
10.2244,1.5940,3
10.2244,1.5771,3
10.2245,1.5771,3
10.2245,1.5771,3
10.2245,1.5908,3
10.2245,1.6029,3
10.2245,1.6158,3
10.2245,1.6327,3
10.2246,1.6343,3
10.2246,1.6319,3
10.2246,1.6238,3
10.2246,1.6117,3
10.2246,1.6061,3
10.2246,1.5964,3
10.2246,1.5884,3
10.2247,1.5722,3
10.2247,1.5529,3
10.2247,1.5271,3
10.2247,1.5118,3
10.2247,1.4965,3
10.2247,1.4941,3
10.2247,1.5223,3
10.2248,1.5601,3
10.2248,1.5779,3
10.2248,1.6214,3
10.2248,1.6512,3
10.2248,1.6971,3
10.2248,1.7253,3
10.2249,1.7366,3
10.2249,1.7608,3
10.2249,1.7713,3
10.2249,1.7697,3
10.2250,1.7697,3
10.2250,1.7745,3
10.2250,1.7753,3
10.2250,1.7826,3
10.2250,1.7947,3
10.2250,1.8051,3
10.2250,1.8067,3
10.2251,1.7979,3
10.2251,1.7842,3
10.2251,1.7584,3
10.2251,1.7399,3
10.2251,1.7012,3
10.2251,1.7100,3
10.2252,1.7133,3
10.3117,1.7181,3
10.3117,1.7503,3
10.3117,1.7697,3
10.3118,1.7785,3
10.3118,1.8067,3
10.3118,1.8067,3
10.3118,1.8148,3
10.3118,1.8204,3
10.3118,1.7801,3
10.3119,1.7689,3
10.3119,1.7245,3
10.3119,1.7004,3
10.3119,1.6722,3
10.3119,1.6585,3
10.3119,1.5916,3
10.3120,1.6077,3
10.3120,1.6149,3
10.3120,1.6182,3
10.3120,1.6214,3
10.3120,1.6407,3
10.3120,1.6512,3
10.3121,1.6432,3
10.3121,1.6528,3
10.3121,1.6343,3
10.3121,1.6190,3
10.3121,1.6037,3
10.3121,1.5916,3
10.3121,1.5738,3
10.3122,1.5626,3
10.3122,1.5271,3
10.3122,1.5295,3
10.3122,1.5489,3
10.3122,1.5279,3
10.3122,1.5432,3
10.3122,1.5618,3
10.3123,1.5755,3
10.3123,1.5980,3
10.3123,1.6222,3
10.3123,1.6665,3
10.3123,1.6867,3
10.3124,1.7092,3
10.3124,1.7326,3
10.3124,1.7431,3
10.3124,1.7439,3
10.3124,1.7487,3
10.3124,1.7262,3
10.3125,1.7221,3
10.3125,1.7108,3
10.3125,1.7004,3
10.3125,1.6923,3
10.3125,1.6826,3
10.3125,1.6738,3
10.3125,1.6601,3
10.3126,1.6536,3
10.3126,1.6440,3
10.3126,1.6109,3
10.3126,1.6375,3
10.3126,1.7052,3
10.3126,1.6262,3
10.3127,1.6286,3
10.3127,1.6222,3
10.3127,1.6141,3
10.3127,1.6246,3
10.3127,1.6286,3
10.3127,1.6407,3
10.3127,1.6512,3
10.3128,1.6657,3
10.3128,1.6802,3
10.3128,1.6996,3
10.3128,1.7133,3
10.3128,1.7262,3
10.3128,1.7407,3
10.3129,1.7382,3
10.3129,1.7262,3
10.3129,1.7060,3
10.3129,1.6730,3
10.3129,1.6198,3
10.3129,1.6012,3
10.3130,1.5787,3
10.3130,1.5682,3
10.3130,1.5674,3
10.3130,1.5674,3
10.3130,1.5747,3
10.3130,1.5884,3
10.3131,1.5972,3
10.3131,1.6141,3
10.3131,1.6262,3
10.3131,1.6335,3
10.3131,1.6375,3
10.3131,1.6472,3
10.3131,1.6415,3
10.3132,1.6351,3
10.3132,1.6230,3
10.3132,1.6190,3
10.3132,1.6053,3
10.3132,1.5972,3
10.3132,1.5851,3
10.3132,1.5843,3
10.3133,1.5843,3
10.3133,1.5948,3
10.3133,1.5972,3
10.3133,1.6230,3
10.3133,1.6480,3
10.3133,1.6705,3
10.3134,1.6923,3
10.3134,1.7100,3
10.3134,1.7237,3
10.3134,1.7262,3
10.3134,1.7189,3
10.3135,1.7036,3
10.3135,1.6851,3
10.3135,1.6649,3
10.3135,1.6448,3
10.3135,1.6295,3
10.3135,1.6198,3
10.3135,1.5988,3
10.3136,1.5940,3
10.3136,1.5859,3
10.3136,1.5787,3
10.3136,1.5763,3
10.3136,1.5755,3
10.3136,1.5779,3
10.3137,1.5811,3
10.3137,1.5867,3
10.3137,1.6021,3
10.3137,1.5867,3
10.3137,1.5892,3
10.3137,1.6190,3
10.3138,1.5916,3
10.3138,1.5392,3
10.3138,1.5779,3
10.3138,1.5706,3
10.3138,1.5553,3
10.3138,1.5473,3
10.3139,1.5593,3
10.3139,1.5231,3
10.3139,1.5062,3
10.3139,1.4949,3
10.3139,1.4828,3
10.3139,1.4667,3
10.3140,1.5424,3
10.3140,1.4489,3
10.3140,1.4747,3
10.3140,1.4755,3
10.3140,1.4925,3
10.3140,1.5521,3
10.3141,1.5747,3
10.3141,1.6093,3
10.3141,1.6383,3
10.3141,1.6665,3
10.3141,1.7012,3
10.3141,1.7012,3
10.3142,1.7100,3
10.3142,1.7076,3
10.3142,1.7044,3
10.3142,1.7004,3
10.3142,1.6867,3
10.3142,1.6834,3
10.3142,1.6826,3
10.3143,1.6851,3
10.3143,1.6851,3
10.3143,1.7165,3
10.3143,1.7366,3
10.3143,1.7544,3
10.3143,1.7737,3
10.3144,1.7898,3
10.3144,1.8164,3
10.3144,1.8495,3
10.3144,1.8462,3
10.3144,1.8575,3
10.3144,1.8559,3
10.3145,1.8495,3
10.3145,1.8470,3
10.3145,1.8406,3
10.3145,1.8221,3
10.3145,1.8035,3
10.3145,1.8067,3
10.3145,1.8035,3
10.3146,1.7971,3
10.4014,1.7850,3
10.4015,1.7810,3
10.4015,1.7793,3
10.4015,1.7729,3
10.4015,1.7640,3
10.4015,1.7576,3
10.4016,1.7471,3
10.4016,1.7310,3
10.4016,1.7157,3
10.4016,1.7012,3
10.4016,1.6883,3
10.4016,1.6754,3
10.4016,1.6560,3
10.4017,1.6472,3
10.4017,1.6278,3
10.4017,1.6206,3
10.4017,1.6045,3
10.4017,1.5859,3
10.4017,1.5714,3
10.4018,1.5610,3
10.4018,1.5634,3
10.4018,1.5674,3
10.4018,1.5827,3
10.4018,1.5932,3
10.4018,1.6061,3
10.4019,1.6238,3
10.4019,1.6335,3
10.4019,1.6391,3
10.4019,1.6456,3
10.4019,1.6383,3
10.4019,1.6472,3
10.4020,1.6383,3
10.4020,1.6303,3
10.4020,1.6158,3
10.4020,1.6166,3
10.4020,1.6093,3
10.4020,1.6101,3
10.4020,1.6061,3
10.4021,1.6101,3
10.4021,1.6109,3
10.4021,1.6230,3
10.4021,1.6238,3
10.4021,1.6335,3
10.4021,1.6407,3
10.4022,1.6504,3
10.4022,1.6552,3
10.4022,1.6730,3
10.4022,1.6722,3
10.4022,1.6714,3
10.4022,1.6738,3
10.4022,1.6689,3
10.4023,1.6714,3
10.4023,1.6617,3
10.4023,1.6512,3
10.4023,1.6407,3
10.4023,1.6270,3
10.4023,1.6166,3
10.4024,1.6012,3
10.4024,1.5916,3
10.4024,1.5884,3
10.4024,1.5956,3
10.4024,1.6021,3
10.4024,1.6125,3
10.4025,1.6335,3
10.4025,1.6319,3
10.4025,1.6383,3
10.4025,1.6520,3
10.4025,1.6544,3
10.4025,1.6722,3
10.4026,1.6714,3
10.4026,1.6754,3
10.4026,1.6778,3
10.4026,1.6673,3
10.4026,1.6577,3
10.4026,1.6440,3
10.4026,1.6319,3
10.4027,1.6230,3
10.4027,1.6190,3
10.4027,1.6125,3
10.4027,1.6061,3
10.4027,1.6037,3
10.4027,1.6093,3
10.4027,1.6133,3
10.4028,1.6262,3
10.4028,1.6391,3
10.4028,1.6681,3
10.4028,1.6641,3
10.4028,1.6762,3
10.4028,1.6697,3
10.4029,1.6705,3
10.4029,1.6770,3
10.4029,1.6520,3
10.4029,1.6681,3
10.4029,1.6673,3
10.4030,1.6593,3
10.4030,1.6488,3
10.4030,1.6303,3
10.4030,1.6238,3
10.4030,1.6174,3
10.4030,1.6077,3
10.4031,1.6174,3
10.4031,1.6230,3
10.4031,1.6254,3
10.4031,1.6367,3
10.4031,1.6472,3
10.4031,1.6601,3
10.4031,1.6657,3
10.4032,1.6762,3
10.4032,1.6810,3
10.4032,1.6802,3
10.4032,1.6786,3
10.4032,1.6851,3
10.4033,1.6730,3
10.4033,1.6625,3
10.4033,1.6472,3
10.4033,1.6335,3
10.4033,1.6174,3
10.4033,1.6077,3
10.4034,1.6012,3
10.4034,1.6085,3
10.4034,1.6053,3
10.4034,1.6117,3
10.4034,1.6230,3
10.4034,1.6383,3
10.4035,1.6440,3
10.4035,1.6399,3
10.4035,1.6625,3
10.4035,1.6681,3
10.4035,1.6714,3
10.4035,1.6730,3
10.4035,1.6762,3
10.4036,1.6834,3
10.4036,1.6730,3
10.4036,1.6665,3
10.4036,1.6649,3
10.4036,1.6496,3
10.4036,1.6335,3
10.4037,1.6254,3
10.4037,1.6166,3
10.4037,1.6101,3
10.4037,1.6101,3
10.4037,1.5908,3
10.4037,1.6206,3
10.4037,1.6319,3
10.4038,1.6391,3
10.4038,1.6480,3
10.4038,1.6512,3
10.4038,1.6657,3
10.4038,1.6577,3
10.4038,1.6568,3
10.4039,1.6625,3
10.4039,1.6609,3
10.4039,1.6560,3
10.4039,1.6512,3
10.4039,1.6456,3
10.4039,1.6359,3
10.4040,1.6278,3
10.4040,1.6198,3
10.4040,1.6166,3
10.4040,1.6278,3
10.4040,1.6190,3
10.4040,1.6262,3
10.4040,1.6359,3
10.4041,1.6456,3
10.4041,1.6504,3
10.4041,1.6722,3
10.4041,1.6689,3
10.4041,1.6730,3
10.4041,1.6770,3
10.4042,1.6770,3
10.4042,1.6754,3
10.4042,1.6714,3
10.4042,1.6649,3
10.4042,1.6528,3
10.4042,1.6464,3
10.4042,1.6343,3
10.4043,1.6214,3
10.4043,1.6093,3
10.4043,1.6045,3
10.4908,1.6085,3
10.4908,1.6117,3
10.4908,1.6238,3
10.4909,1.6359,3
10.4909,1.6560,3
10.4909,1.6633,3
10.4909,1.6834,3
10.4909,1.6834,3
10.4909,1.6834,3
10.4910,1.6907,3
10.4910,1.6915,3
10.4910,1.6883,3
10.4910,1.6834,3
10.4910,1.6738,3
10.4910,1.6681,3
10.4911,1.6528,3
10.4911,1.6432,3
10.4911,1.6335,3
10.4911,1.6238,3
10.4911,1.6149,3
10.4911,1.5553,3
10.4912,1.6166,3
10.4912,1.6190,3
10.4912,1.6286,3
10.4912,1.6359,3
10.4912,1.6464,3
10.4912,1.6496,3
10.4912,1.6577,3
10.4913,1.6705,3
10.4913,1.6665,3
10.4913,1.6657,3
10.4913,1.6633,3
10.4913,1.6536,3
10.4913,1.6456,3
10.4914,1.6327,3
10.4914,1.6270,3
10.4914,1.6125,3
10.4914,1.6061,3
10.4914,1.5980,3
10.4914,1.5892,3
10.4915,1.5900,3
10.4915,1.5996,3
10.4915,1.6101,3
10.4915,1.6246,3
10.4915,1.6375,3
10.4915,1.6520,3
10.4916,1.6657,3
10.4916,1.6738,3
10.4916,1.6552,3
10.4916,1.6859,3
10.4916,1.6867,3
10.4916,1.6810,3
10.4916,1.6689,3
10.4917,1.6673,3
10.4917,1.6568,3
10.4917,1.6472,3
10.4917,1.6399,3
10.4917,1.6295,3
10.4917,1.6238,3
10.4917,1.6141,3
10.4918,1.6190,3
10.4918,1.6182,3
10.4918,1.6254,3
10.4918,1.6327,3
10.4918,1.6423,3
10.4918,1.6560,3
10.4919,1.6697,3
10.4919,1.6891,3
10.4919,1.6859,3
10.4919,1.6915,3
10.4919,1.6810,3
10.4920,1.7004,3
10.4920,1.6907,3
10.4920,1.6875,3
10.4920,1.6786,3
10.4920,1.6689,3
10.4920,1.6568,3
10.4920,1.6415,3
10.4921,1.6327,3
10.4921,1.6254,3
10.4921,1.6230,3
10.4921,1.6214,3
10.4921,1.6303,3
10.4921,1.6327,3
10.4922,1.6480,3
10.4922,1.6552,3
10.4922,1.6665,3
10.4922,1.6705,3
10.4922,1.6762,3
10.4922,1.6746,3
10.4922,1.6714,3
10.4923,1.6746,3
10.4923,1.6681,3
10.4923,1.6657,3
10.4923,1.6496,3
10.4923,1.6456,3
10.4923,1.6343,3
10.4924,1.6246,3
10.4924,1.6158,3
10.4924,1.6109,3
10.4924,1.6077,3
10.4924,1.6069,3
10.4925,1.6085,3
10.4925,1.6254,3
10.4925,1.6343,3
10.4925,1.6464,3
10.4925,1.6867,3
10.4925,1.6625,3
10.4926,1.6697,3
10.4926,1.6754,3
10.4926,1.6754,3
10.4926,1.6802,3
10.4926,1.6754,3
10.4926,1.6762,3
10.4927,1.6689,3
10.4927,1.6617,3
10.4927,1.6480,3
10.4927,1.6351,3
10.4927,1.6206,3
10.4927,1.6141,3
10.4927,1.6109,3
10.4928,1.6133,3
10.4928,1.6230,3
10.4928,1.6319,3
10.4928,1.6448,3
10.4928,1.6577,3
10.4928,1.6665,3
10.4929,1.6746,3
10.4929,1.6802,3
10.4929,1.6842,3
10.4929,1.6834,3
10.4929,1.6826,3
10.4929,1.6778,3
10.4930,1.6722,3
10.4930,1.6625,3
10.4930,1.6520,3
10.4930,1.6415,3
10.4930,1.6295,3
10.4930,1.6206,3
10.4931,1.6133,3
10.4931,1.6053,3
10.4931,1.6141,3
10.4931,1.6166,3
10.4931,1.6238,3
10.4931,1.6295,3
10.4931,1.6407,3
10.4932,1.6520,3
10.4932,1.6617,3
10.4932,1.6665,3
10.4932,1.6754,3
10.4932,1.6746,3
10.4932,1.6714,3
10.4933,1.6697,3
10.4933,1.6641,3
10.4933,1.6601,3
10.4933,1.6367,3
10.4933,1.6351,3
10.4933,1.6214,3
10.4934,1.6069,3
10.4934,1.5996,3
10.4934,1.5924,3
10.4934,1.6021,3
10.4934,1.6037,3
10.4934,1.6174,3
10.4935,1.6311,3
10.4935,1.6448,3
10.4935,1.6593,3
10.4935,1.6714,3
10.4935,1.6802,3
10.4935,1.6851,3
10.4936,1.6851,3
10.4936,1.6859,3
10.4936,1.6842,3
10.4936,1.6778,3
10.4936,1.6657,3
10.4936,1.6649,3
10.4936,1.6496,3
10.4937,1.6456,3
10.4937,1.6367,3
10.5811,1.6303,3
10.5811,1.6262,3
10.5811,1.6270,3
10.5811,1.6335,3
10.5811,1.6464,3
10.5812,1.6544,3
10.5812,1.6665,3
10.5812,1.6681,3
10.5812,1.6859,3
10.5812,1.6899,3
10.5812,1.7012,3
10.5812,1.6867,3
10.5813,1.6818,3
10.5813,1.6778,3
10.5813,1.6722,3
10.5813,1.6641,3
10.5813,1.6560,3
10.5813,1.6560,3
10.5814,1.6319,3
10.5814,1.6262,3
10.5814,1.6222,3
10.5814,1.6182,3
10.5814,1.6206,3
10.5814,1.6295,3
10.5815,1.6343,3
10.5815,1.6440,3
10.5815,1.6528,3
10.5815,1.6770,3
10.5815,1.6657,3
10.5815,1.6633,3
10.5816,1.6657,3
10.5816,1.6609,3
10.5816,1.6568,3
10.5816,1.6448,3
10.5816,1.6351,3
10.5816,1.6270,3
10.5817,1.6230,3
10.5817,1.6149,3
10.5817,1.6391,3
10.5817,1.6069,3
10.5817,1.6085,3
10.5817,1.6077,3
10.5817,1.6109,3
10.5818,1.6246,3
10.5818,1.6335,3
10.5818,1.6496,3
10.5818,1.6625,3
10.5818,1.6867,3
10.5818,1.6714,3
10.5818,1.6762,3
10.5819,1.6794,3
10.5819,1.6810,3
10.5819,1.6786,3
10.5819,1.6730,3
10.5819,1.6657,3
10.5819,1.6617,3
10.5820,1.6415,3
10.5820,1.6448,3
10.5820,1.6577,3
10.5820,1.6278,3
10.5820,1.6166,3
10.5820,1.6190,3
10.5821,1.6198,3
10.5821,1.6270,3
10.5821,1.6585,3
10.5821,1.6520,3
10.5821,1.6641,3
10.5821,1.6593,3
10.5821,1.6891,3
10.5822,1.6996,3
10.5822,1.7012,3
10.5822,1.6988,3
10.5822,1.6979,3
10.5822,1.6915,3
10.5822,1.6859,3
10.5822,1.6681,3
10.5823,1.6577,3
10.5823,1.6512,3
10.5823,1.6375,3
10.5823,1.6270,3
10.5823,1.6174,3
10.5823,1.6117,3
10.5824,1.6149,3
10.5824,1.6133,3
10.5824,1.6238,3
10.5824,1.6262,3
10.5824,1.6351,3
10.5824,1.6488,3
10.5825,1.6552,3
10.5825,1.6544,3
10.5825,1.6665,3
10.5825,1.6705,3
10.5825,1.6665,3
10.5825,1.6633,3
10.5826,1.6601,3
10.5826,1.6568,3
10.5826,1.6440,3
10.5826,1.6383,3
10.5826,1.6254,3
10.5826,1.6133,3
10.5826,1.6037,3
10.5827,1.5956,3
10.5827,1.6021,3
10.5827,1.6093,3
10.5827,1.6230,3
10.5827,1.6295,3
10.5827,1.6278,3
10.5827,1.6351,3
10.5828,1.6609,3
10.5828,1.6593,3
10.5828,1.6738,3
10.5828,1.6754,3
10.5828,1.6714,3
10.5828,1.6625,3
10.5829,1.6601,3
10.5829,1.6456,3
10.5829,1.6359,3
10.5829,1.6254,3
10.5829,1.6158,3
10.5829,1.6117,3
10.5830,1.6141,3
10.5830,1.6093,3
10.5830,1.6206,3
10.5830,1.6238,3
10.5830,1.6327,3
10.5830,1.6432,3
10.5831,1.6552,3
10.5831,1.6641,3
10.5831,1.6746,3
10.5831,1.6754,3
10.5831,1.6851,3
10.5831,1.6851,3
10.5831,1.6786,3
10.5832,1.6818,3
10.5832,1.6730,3
10.5832,1.6689,3
10.5832,1.6560,3
10.5832,1.6488,3
10.5832,1.6359,3
10.5832,1.6319,3
10.5833,1.6254,3
10.5833,1.6214,3
10.5833,1.6286,3
10.5833,1.6375,3
10.5833,1.6335,3
10.5833,1.6415,3
10.5834,1.6448,3
10.5834,1.6552,3
10.5834,1.6818,3
10.5834,1.6456,3
10.5834,1.6705,3
10.5834,1.6697,3
10.5835,1.6657,3
10.5835,1.6633,3
10.5835,1.6568,3
10.5835,1.6399,3
10.5835,1.6391,3
10.5835,1.6343,3
10.5836,1.5956,3
10.5836,1.6004,3
10.5836,1.5892,3
10.5836,1.5795,3
10.5836,1.5747,3
10.5836,1.5755,3
10.5836,1.5875,3
10.5837,1.6045,3
10.5837,1.6166,3
10.5837,1.6335,3
10.5837,1.6536,3
10.5837,1.6641,3
10.5837,1.6907,3
10.5837,1.6851,3
10.5838,1.6875,3
10.5838,1.7012,3
10.5838,1.6794,3
10.5838,1.6754,3
10.5838,1.6649,3
10.5838,1.6464,3
10.5839,1.6359,3
10.5839,1.6206,3
10.5839,1.6158,3
10.6707,1.6101,3
10.6707,1.6037,3
10.6707,1.6166,3
10.6708,1.6351,3
10.6708,1.6423,3
10.6708,1.6544,3
10.6708,1.6585,3
10.6708,1.6770,3
10.6708,1.6867,3
10.6709,1.6939,3
10.6709,1.6996,3
10.6709,1.7044,3
10.6709,1.7100,3
10.6709,1.7100,3
10.6709,1.7092,3
10.6709,1.7189,3
10.6710,1.6875,3
10.6710,1.6754,3
10.6710,1.6681,3
10.6710,1.6448,3
10.6710,1.6552,3
10.6710,1.6560,3
10.6711,1.6528,3
10.6711,1.6351,3
10.6711,1.6681,3
10.6711,1.6738,3
10.6711,1.6786,3
10.6712,1.6867,3
10.6712,1.6875,3
10.6712,1.6899,3
10.6712,1.6875,3
10.6712,1.6697,3
10.6712,1.6786,3
10.6713,1.6738,3
10.6713,1.6585,3
10.6713,1.6520,3
10.6713,1.6577,3
10.6713,1.6311,3
10.6713,1.6198,3
10.6714,1.6045,3
10.6714,1.6037,3
10.6714,1.5956,3
10.6714,1.6037,3
10.6714,1.6045,3
10.6714,1.6246,3
10.6715,1.6351,3
10.6715,1.6456,3
10.6715,1.6552,3
10.6715,1.6593,3
10.6715,1.6601,3
10.6715,1.6560,3
10.6715,1.6504,3
10.6716,1.6423,3
10.6716,1.6335,3
10.6716,1.6214,3
10.6716,1.6061,3
10.6716,1.5851,3
10.6716,1.5714,3
10.6717,1.5674,3
10.6717,1.5690,3
10.6717,1.5658,3
10.6717,1.5561,3
10.6717,1.5819,3
10.6717,1.6045,3
10.6717,1.6109,3
10.6718,1.6278,3
10.6718,1.6415,3
10.6718,1.6560,3
10.6718,1.6673,3
10.6718,1.6754,3
10.6718,1.6786,3
10.6718,1.6818,3
10.6719,1.6770,3
10.6719,1.6714,3
10.6719,1.6705,3
10.6719,1.6617,3
10.6719,1.6520,3
10.6720,1.6383,3
10.6720,1.6262,3
10.6720,1.6214,3
10.6720,1.6166,3
10.6720,1.6166,3
10.6720,1.6190,3
10.6720,1.6327,3
10.6721,1.6359,3
10.6721,1.6609,3
10.6721,1.6689,3
10.6721,1.6891,3
10.6721,1.6907,3
10.6721,1.7012,3
10.6722,1.7044,3
10.6722,1.7100,3
10.6722,1.7149,3
10.6722,1.7125,3
10.6722,1.7060,3
10.6722,1.6907,3
10.6722,1.6802,3
10.6723,1.6649,3
10.6723,1.6601,3
10.6723,1.6577,3
10.6723,1.6440,3
10.6723,1.6286,3
10.6723,1.6351,3
10.6724,1.6407,3
10.6724,1.6367,3
10.6724,1.6327,3
10.6724,1.6351,3
10.6724,1.6230,3
10.6724,1.6303,3
10.6725,1.6254,3
10.6725,1.5706,3
10.6725,1.6270,3
10.6725,1.5996,3
10.6725,1.5803,3
10.6725,1.5674,3
10.6725,1.5448,3
10.6726,1.5408,3
10.6726,1.5231,3
10.6726,1.5319,3
10.6726,1.5013,3
10.6726,1.5005,3
10.6726,1.5045,3
10.6727,1.4844,3
10.6727,1.5730,3
10.6727,1.5722,3
10.6727,1.5964,3
10.6727,1.6141,3
10.6727,1.6440,3
10.6727,1.6705,3
10.6728,1.6947,3
10.6728,1.7141,3
10.6728,1.7334,3
10.6728,1.7431,3
10.6728,1.7374,3
10.6728,1.7302,3
10.6729,1.7141,3
10.6729,1.6939,3
10.6729,1.6568,3
10.6729,1.6327,3
10.6729,1.6133,3
10.6729,1.6093,3
10.6730,1.6085,3
10.6730,1.6125,3
10.6730,1.6230,3
10.6730,1.6415,3
10.6730,1.6649,3
10.6730,1.6802,3
10.6731,1.7044,3
10.6731,1.7213,3
10.6731,1.7318,3
10.6731,1.7358,3
10.6731,1.7382,3
10.6731,1.7374,3
10.6731,1.7326,3
10.6732,1.7318,3
10.6732,1.7221,3
10.6732,1.7028,3
10.6732,1.6859,3
10.6732,1.6633,3
10.6732,1.6585,3
10.6732,1.6488,3
10.6733,1.6415,3
10.6733,1.6311,3
10.6733,1.6448,3
10.6733,1.6520,3
10.6733,1.6601,3
10.6733,1.6842,3
10.6734,1.6633,3
10.6734,1.6617,3
10.6734,1.6649,3
10.6734,1.6544,3
10.6734,1.6440,3
10.6734,1.6343,3
10.6735,1.6254,3
10.6735,1.6077,3
10.6735,1.6198,3
10.6735,1.6166,3
10.6735,1.6141,3
10.6735,1.6085,3
10.7629,1.6037,3
10.7629,1.6053,3
10.7629,1.6125,3
10.7629,1.6149,3
10.7630,1.6238,3
10.7630,1.6278,3
10.7630,1.6375,3
10.7630,1.6407,3
10.7630,1.6504,3
10.7630,1.6585,3
10.7631,1.6665,3
10.7631,1.6722,3
10.7631,1.6649,3
10.7631,1.6544,3
10.7631,1.6423,3
10.7631,1.6311,3
10.7632,1.6254,3
10.7632,1.6117,3
10.7632,1.6004,3
10.7632,1.5964,3
10.7632,1.6037,3
10.7632,1.6109,3
10.7632,1.6246,3
10.7633,1.6311,3
10.7633,1.6665,3
10.7633,1.6988,3
10.7633,1.7028,3
10.7633,1.7229,3
10.7633,1.7342,3
10.7634,1.7358,3
10.7634,1.7366,3
10.7634,1.7342,3
10.7634,1.7205,3
10.7634,1.6971,3
10.7634,1.6738,3
10.7635,1.6552,3
10.7635,1.6375,3
10.7635,1.6246,3
10.7635,1.6141,3
10.7635,1.6085,3
10.7635,1.6012,3
10.7636,1.5884,3
10.7636,1.5996,3
10.7636,1.6093,3
10.7636,1.6222,3
10.7636,1.6480,3
10.7636,1.6440,3
10.7636,1.6568,3
10.7637,1.6601,3
10.7637,1.6754,3
10.7637,1.6794,3
10.7637,1.6867,3
10.7637,1.6842,3
10.7637,1.6778,3
10.7638,1.6714,3
10.7638,1.6568,3
10.7638,1.6448,3
10.7638,1.6270,3
10.7638,1.6077,3
10.7638,1.5940,3
10.7639,1.5851,3
10.7639,1.5811,3
10.7639,1.5916,3
10.7639,1.6021,3
10.7639,1.6166,3
10.7639,1.6351,3
10.7639,1.6480,3
10.7640,1.6286,3
10.7640,1.6738,3
10.7640,1.6842,3
10.7640,1.6947,3
10.7640,1.6915,3
10.7640,1.6963,3
10.7641,1.6883,3
10.7641,1.6705,3
10.7641,1.6601,3
10.7641,1.6512,3
10.7641,1.6327,3
10.7641,1.6238,3
10.7641,1.6158,3
10.7642,1.6077,3
10.7642,1.5996,3
10.7642,1.6085,3
10.7642,1.6109,3
10.7642,1.6254,3
10.7642,1.6432,3
10.7643,1.6617,3
10.7643,1.6722,3
10.7643,1.6842,3
10.7643,1.6955,3
10.7643,1.6988,3
10.7643,1.7004,3
10.7643,1.6947,3
10.7644,1.7439,3
10.7644,1.6641,3
10.7644,1.6423,3
10.7644,1.6343,3
10.7644,1.6125,3
10.7644,1.6004,3
10.7645,1.5835,3
10.7645,1.5747,3
10.7645,1.5747,3
10.7645,1.5690,3
10.7645,1.5747,3
10.7645,1.5867,3
10.7646,1.6004,3
10.7646,1.6198,3
10.7646,1.6335,3
10.7646,1.6432,3
10.7646,1.6415,3
10.7646,1.6383,3
10.7646,1.6319,3
10.7647,1.6166,3
10.7647,1.5996,3
10.7647,1.5859,3
10.7647,1.5706,3
10.7647,1.5593,3
10.7647,1.5505,3
10.7647,1.5489,3
10.7648,1.5432,3
10.7648,1.5432,3
10.7648,1.5505,3
10.7648,1.5601,3
10.7648,1.5416,3
10.7649,1.6012,3
10.7649,1.6206,3
10.7649,1.6319,3
10.7649,1.6480,3
10.7649,1.6552,3
10.7649,1.6649,3
10.7649,1.6714,3
10.7650,1.6593,3
10.7650,1.6617,3
10.7650,1.6480,3
10.7650,1.6472,3
10.7650,1.6391,3
10.7650,1.6399,3
10.7651,1.6399,3
10.7651,1.6528,3
10.7651,1.6609,3
10.7651,1.6722,3
10.7651,1.6907,3
10.7651,1.7108,3
10.7651,1.7334,3
10.7652,1.7568,3
10.7652,1.7745,3
10.7652,1.7729,3
10.7652,1.7801,3
10.7652,1.7785,3
10.7652,1.7705,3
10.7653,1.7447,3
10.7653,1.7229,3
10.7653,1.6971,3
10.7653,1.6834,3
10.7653,1.6705,3
10.7653,1.6536,3
10.7654,1.6472,3
10.7654,1.6359,3
10.7654,1.6327,3
10.7654,1.6286,3
10.7654,1.6270,3
10.7654,1.6174,3
10.7655,1.6278,3
10.7655,1.6327,3
10.7655,1.6456,3
10.7655,1.6705,3
10.7655,1.6714,3
10.7655,1.6875,3
10.7656,1.7068,3
10.7656,1.7157,3
10.7656,1.7270,3
10.7656,1.7366,3
10.7656,1.7382,3
10.7656,1.7399,3
10.7657,1.7262,3
10.7657,1.7125,3
10.7657,1.7084,3
10.7657,1.7141,3
10.7657,1.6810,3
10.7657,1.6560,3
10.7657,1.6343,3
10.7658,1.6117,3
10.7658,1.6029,3
10.7658,1.5972,3
10.8549,1.6004,3
10.8549,1.6053,3
10.8549,1.6166,3
10.8549,1.6383,3
10.8549,1.6399,3
10.8550,1.6520,3
10.8550,1.6601,3
10.8550,1.6657,3
10.8550,1.6730,3
10.8550,1.6738,3
10.8550,1.6714,3
10.8551,1.6673,3
10.8551,1.6617,3
10.8551,1.6528,3
10.8551,1.6456,3
10.8551,1.6335,3
10.8551,1.6254,3
10.8552,1.6222,3
10.8552,1.6214,3
10.8552,1.6246,3
10.8552,1.6327,3
10.8552,1.6440,3
10.8552,1.6544,3
10.8553,1.6633,3
10.8553,1.6689,3
10.8553,1.6657,3
10.8553,1.6625,3
10.8553,1.6544,3
10.8553,1.6407,3
10.8553,1.6190,3
10.8554,1.6117,3
10.8554,1.5964,3
10.8554,1.5795,3
10.8554,1.5642,3
10.8554,1.5456,3
10.8554,1.5247,3
10.8555,1.5086,3
10.8555,1.5037,3
10.8555,1.5102,3
10.8555,1.5182,3
10.8555,1.5279,3
10.8555,1.5400,3
10.8556,1.5497,3
10.8556,1.5553,3
10.8556,1.5569,3
10.8556,1.5529,3
10.8556,1.5561,3
10.8556,1.5642,3
10.8556,1.5730,3
10.8557,1.5827,3
10.8557,1.5940,3
10.8557,1.6101,3
10.8557,1.6238,3
10.8557,1.6488,3
10.8557,1.6585,3
10.8558,1.6657,3
10.8558,1.6722,3
10.8558,1.6770,3
10.8558,1.6923,3
10.8558,1.7125,3
10.8558,1.7310,3
10.8559,1.7487,3
10.8559,1.7568,3
10.8559,1.7479,3
10.8559,1.7455,3
10.8559,1.7399,3
10.8559,1.7358,3
10.8559,1.7278,3
10.8560,1.7229,3
10.8560,1.7205,3
10.8560,1.7157,3
10.8560,1.7076,3
10.8560,1.7052,3
10.8560,1.7004,3
10.8561,1.6947,3
10.8561,1.6851,3
10.8561,1.6794,3
10.8561,1.6826,3
10.8561,1.6818,3
10.8561,1.6859,3
10.8562,1.6939,3
10.8562,1.6979,3
10.8562,1.6947,3
10.8562,1.7004,3
10.8562,1.6963,3
10.8562,1.6851,3
10.8562,1.6738,3
10.8563,1.6585,3
10.8563,1.6270,3
10.8563,1.6262,3
10.8563,1.6149,3
10.8563,1.5956,3
10.8563,1.5811,3
10.8564,1.5634,3
10.8564,1.5577,3
10.8564,1.5553,3
10.8565,1.5650,3
10.8565,1.5706,3
10.8565,1.5755,3
10.8565,1.5964,3
10.8565,1.6037,3
10.8565,1.6198,3
10.8566,1.6295,3
10.8566,1.6295,3
10.8566,1.6190,3
10.8566,1.6133,3
10.8566,1.6077,3
10.8566,1.6029,3
10.8566,1.6045,3
10.8567,1.5932,3
10.8567,1.5892,3
10.8567,1.5875,3
10.8567,1.5843,3
10.8567,1.5819,3
10.8567,1.5835,3
10.8568,1.5884,3
10.8568,1.5996,3
10.8568,1.6166,3
10.8568,1.6359,3
10.8568,1.6528,3
10.8568,1.6842,3
10.8569,1.7084,3
10.8569,1.7366,3
10.8569,1.7592,3
10.8569,1.7648,3
10.8569,1.7632,3
10.8570,1.7552,3
10.8570,1.7423,3
10.8570,1.7262,3
10.8570,1.7052,3
10.8570,1.6875,3
10.8570,1.6722,3
10.8570,1.6560,3
10.8571,1.6407,3
10.8571,1.6270,3
10.8571,1.6141,3
10.8571,1.5996,3
10.8571,1.5916,3
10.8571,1.5827,3
10.8572,1.5730,3
10.8572,1.5771,3
10.8572,1.5771,3
10.8572,1.5795,3
10.8572,1.5763,3
10.8572,1.5747,3
10.8572,1.5553,3
10.8573,1.5730,3
10.8573,1.5738,3
10.8573,1.5738,3
10.8573,1.5795,3
10.8573,1.5867,3
10.8573,1.6069,3
10.8574,1.6166,3
10.8574,1.6327,3
10.8574,1.6383,3
10.8574,1.6415,3
10.8574,1.6343,3
10.8574,1.6359,3
10.8575,1.6415,3
10.8575,1.6520,3
10.8575,1.6641,3
10.8575,1.6649,3
10.8575,1.6593,3
10.8575,1.6560,3
10.8576,1.6560,3
10.8576,1.6544,3
10.8576,1.6544,3
10.8576,1.6649,3
10.8576,1.6730,3
10.8576,1.6818,3
10.8576,1.6826,3
10.8577,1.6939,3
10.8577,1.7068,3
10.8577,1.7197,3
10.8577,1.7173,3
10.8577,1.7253,3
10.8577,1.7294,3
10.8578,1.7294,3
10.8578,1.7310,3
10.8578,1.7318,3
10.8578,1.7374,3
10.8578,1.7447,3
10.8578,1.7519,3
10.8578,1.7544,3
10.9475,1.7471,3
10.9475,1.7479,3
10.9475,1.7527,3
10.9475,1.7431,3
10.9475,1.7358,3
10.9475,1.7221,3
10.9476,1.7108,3
10.9476,1.6851,3
10.9476,1.6488,3
10.9476,1.6448,3
10.9476,1.6182,3
10.9476,1.5851,3
10.9477,1.5545,3
10.9477,1.5279,3
10.9477,1.5029,3
10.9477,1.4828,3
10.9477,1.4731,3
10.9477,1.4699,3
10.9478,1.4602,3
10.9478,1.4675,3
10.9478,1.4763,3
10.9478,1.4755,3
10.9478,1.4884,3
10.9478,1.5150,3
10.9479,1.5392,3
10.9479,1.5537,3
10.9479,1.5642,3
10.9479,1.5763,3
10.9479,1.5626,3
10.9480,1.5529,3
10.9480,1.5489,3
10.9480,1.5416,3
10.9480,1.5287,3
10.9480,1.5199,3
10.9480,1.5118,3
10.9480,1.5142,3
10.9481,1.5247,3
10.9481,1.5481,3
10.9481,1.5561,3
10.9481,1.5827,3
10.9481,1.6270,3
10.9481,1.6359,3
10.9482,1.6480,3
10.9482,1.6585,3
10.9482,1.6673,3
10.9482,1.6786,3
10.9482,1.6891,3
10.9482,1.6480,3
10.9483,1.6851,3
10.9483,1.6560,3
10.9483,1.6593,3
10.9483,1.6536,3
10.9483,1.6496,3
10.9483,1.6528,3
10.9483,1.6568,3
10.9484,1.6738,3
10.9484,1.6955,3
10.9484,1.7342,3
10.9484,1.7745,3
10.9484,1.8148,3
10.9485,1.8349,3
10.9485,1.8551,3
10.9485,1.8720,3
10.9485,1.8688,3
10.9485,1.8841,3
10.9485,1.8470,3
10.9485,1.8615,3
10.9486,1.7995,3
10.9486,1.7624,3
10.9486,1.7173,3
10.9486,1.6657,3
10.9486,1.6391,3
10.9486,1.5980,3
10.9487,1.5795,3
10.9487,1.5714,3
10.9487,1.5755,3
10.9487,1.5803,3
10.9487,1.5916,3
10.9487,1.6230,3
10.9487,1.6335,3
10.9488,1.6544,3
10.9488,1.6762,3
10.9488,1.6939,3
10.9488,1.7060,3
10.9488,1.7116,3
10.9488,1.7165,3
10.9489,1.7108,3
10.9489,1.7044,3
10.9489,1.6859,3
10.9489,1.6617,3
10.9489,1.6327,3
10.9489,1.6061,3
10.9490,1.5787,3
10.9490,1.5650,3
10.9490,1.5666,3
10.9490,1.5601,3
10.9490,1.5747,3
10.9490,1.6029,3
10.9491,1.6407,3
10.9491,1.6544,3
10.9491,1.6480,3
10.9491,1.6552,3
10.9491,1.6593,3
10.9491,1.6593,3
10.9491,1.6585,3
10.9492,1.6560,3
10.9492,1.6472,3
10.9492,1.6367,3
10.9492,1.6206,3
10.9492,1.6037,3
10.9492,1.5964,3
10.9493,1.5875,3
10.9493,1.5730,3
10.9493,1.5626,3
10.9493,1.5481,3
10.9493,1.5481,3
10.9493,1.5408,3
10.9493,1.5223,3
10.9494,1.5190,3
10.9494,1.5319,3
10.9494,1.5311,3
10.9494,1.5368,3
10.9494,1.5360,3
10.9495,1.5408,3
10.9495,1.5352,3
10.9495,1.5408,3
10.9495,1.5344,3
10.9495,1.5295,3
10.9495,1.5223,3
10.9496,1.5110,3
10.9496,1.4941,3
10.9496,1.4683,3
10.9496,1.4457,3
10.9496,1.3982,3
10.9496,1.3821,3
10.9496,1.3909,3
10.9497,1.4167,3
10.9497,1.4127,3
10.9497,1.4675,3
10.9497,1.5045,3
10.9497,1.5513,3
10.9497,1.5795,3
10.9498,1.6158,3
10.9498,1.6568,3
10.9498,1.6907,3
10.9498,1.7229,3
10.9498,1.7616,3
10.9498,1.7979,3
10.9498,1.8172,3
10.9499,1.8309,3
10.9499,1.8382,3
10.9499,1.8478,3
10.9499,1.8390,3
10.9499,1.8309,3
10.9500,1.8277,3
10.9500,1.8035,3
10.9500,1.7810,3
10.9500,1.7713,3
10.9500,1.7342,3
10.9500,1.7511,3
10.9500,1.7713,3
10.9501,1.7640,3
10.9501,1.7761,3
10.9501,1.7834,3
10.9501,1.8051,3
10.9501,1.8019,3
10.9501,1.8237,3
10.9502,1.8188,3
10.9502,1.8374,3
10.9502,1.8156,3
10.9502,1.8019,3
10.9502,1.7955,3
10.9502,1.7729,3
10.9502,1.7455,3
10.9503,1.7237,3
10.9503,1.7189,3
10.9503,1.6979,3
10.9503,1.6673,3
10.9503,1.6278,3
10.9503,1.5827,3
10.9504,1.5207,3
10.9504,1.4610,3
10.9504,1.3949,3
10.9504,1.3345,3
10.9504,1.2950,3
10.9505,1.2757,3
11.0406,1.2708,3
11.0406,1.2773,3
11.0407,1.2894,3
11.0407,1.2990,3
11.0407,1.3160,3
11.0407,1.3514,3
11.0407,1.3345,3
11.0407,1.3966,3
11.0408,1.4377,3
11.0408,1.4771,3
11.0408,1.5142,3
11.0408,1.5585,3
11.0408,1.6222,3
11.0408,1.6842,3
11.0409,1.7286,3
11.0409,1.7785,3
11.0409,1.8100,3
11.0409,1.8317,3
11.0409,1.8535,3
11.0409,1.8672,3
11.0409,1.8752,3
11.0410,1.8777,3
11.0410,1.8809,3
11.0410,1.8760,3
11.0410,1.8664,3
11.0410,1.8519,3
11.0410,1.8446,3
11.0411,1.8446,3
11.0411,1.8366,3
11.0411,1.8374,3
11.0411,1.8664,3
11.0411,1.8922,3
11.0411,1.9204,3
11.0412,1.9421,3
11.0412,1.9631,3
11.0412,1.9824,3
11.0412,1.9977,3
11.0412,2.0187,3
11.0412,2.0195,3
11.0413,2.0211,3
11.0413,2.0130,3
11.0413,1.9969,3
11.0413,1.9736,3
11.0413,1.9518,3
11.0413,1.9228,3
11.0414,1.8938,3
11.0414,1.8551,3
11.0414,1.8269,3
11.0414,1.7971,3
11.0414,1.7705,3
11.0414,1.7374,3
11.0415,1.7108,3
11.0415,1.6746,3
11.0415,1.6536,3
11.0415,1.6230,3
11.0415,1.5964,3
11.0415,1.5803,3
11.0416,1.5650,3
11.0416,1.5505,3
11.0416,1.5336,3
11.0416,1.5158,3
11.0416,1.5062,3
11.0416,1.4989,3
11.0416,1.4949,3
11.0417,1.4916,3
11.0417,1.4941,3
11.0417,1.5199,3
11.0417,1.5086,3
11.0417,1.5263,3
11.0417,1.5392,3
11.0418,1.5650,3
11.0418,1.5827,3
11.0418,1.6045,3
11.0418,1.6238,3
11.0418,1.6190,3
11.0418,1.6351,3
11.0419,1.6319,3
11.0419,1.6190,3
11.0419,1.5996,3
11.0419,1.5884,3
11.0419,1.5698,3
11.0419,1.5738,3
11.0420,1.5585,3
11.0420,1.5231,3
11.0420,1.5070,3
11.0420,1.4820,3
11.0420,1.4634,3
11.0420,1.4562,3
11.0421,1.4465,3
11.0421,1.4465,3
11.0421,1.4489,3
11.0421,1.4449,3
11.0421,1.4497,3
11.0421,1.4232,3
11.0421,1.4070,3
11.0422,1.3998,3
11.0422,1.3917,3
11.0422,1.3917,3
11.0422,1.3901,3
11.0422,1.4062,3
11.0422,1.4272,3
11.0423,1.4368,3
11.0423,1.4522,3
11.0423,1.4796,3
11.0423,1.4820,3
11.0423,1.5182,3
11.0423,1.5513,3
11.0424,1.5884,3
11.0424,1.6214,3
11.0424,1.6456,3
11.0424,1.6440,3
11.0424,1.6359,3
11.0424,1.6117,3
11.0425,1.5875,3
11.0425,1.5682,3
11.0425,1.5448,3
11.0425,1.5255,3
11.0425,1.5045,3
11.0425,1.5247,3
11.0426,1.5400,3
11.0426,1.5642,3
11.0426,1.5843,3
11.0426,1.6375,3
11.0426,1.6327,3
11.0426,1.6617,3
11.0427,1.7020,3
11.0427,1.7253,3
11.0427,1.7487,3
11.0427,1.7737,3
11.0427,1.8035,3
11.0427,1.8245,3
11.0427,1.8503,3
11.0428,1.8511,3
11.0428,1.8438,3
11.0428,1.8309,3
11.0428,1.7979,3
11.0428,1.7584,3
11.0428,1.7229,3
11.0429,1.7100,3
11.0429,1.6979,3
11.0429,1.6891,3
11.0429,1.6826,3
11.0429,1.6794,3
11.0430,1.6955,3
11.0430,1.7060,3
11.0430,1.7189,3
11.0430,1.7205,3
11.0430,1.7302,3
11.0430,1.7358,3
11.0431,1.7020,3
11.0431,1.6915,3
11.0431,1.6544,3
11.0431,1.6254,3
11.0431,1.5948,3
11.0431,1.5521,3
11.0432,1.5190,3
11.0432,1.4949,3
11.0432,1.4925,3
11.0432,1.4925,3
11.0432,1.4884,3
11.0432,1.4820,3
11.0432,1.4546,3
11.0433,1.4336,3
11.0433,1.4344,3
11.0433,1.4651,3
11.0433,1.5158,3
11.0433,1.5787,3
11.0434,1.6190,3
11.0434,1.6472,3
11.0434,1.6673,3
11.0434,1.6963,3
11.0434,1.7068,3
11.0434,1.6963,3
11.0435,1.6818,3
11.0435,1.6577,3
11.0435,1.6254,3
11.0435,1.5771,3
11.0435,1.5344,3
11.0435,1.5005,3
11.0436,1.4812,3
11.0436,1.4755,3
11.0436,1.4844,3
11.0436,1.4860,3
11.0436,1.5029,3
11.0436,1.5416,3
11.0437,1.6528,3
11.1314,1.6625,3
11.1314,1.7527,3
11.1315,1.8446,3
11.1315,1.9333,3
11.1315,2.0130,3
11.1315,2.0775,3
11.1315,2.1154,3
11.1315,2.1299,3
11.1316,2.1194,3
11.1316,2.0695,3
11.1316,1.9913,3
11.1316,1.9147,3
11.1316,1.8744,3
11.1316,1.8245,3
11.1317,1.8027,3
11.1317,1.7705,3
11.1317,1.7213,3
11.1317,1.6826,3
11.1317,1.6432,3
11.1318,1.6061,3
11.1318,1.5787,3
11.1318,1.5763,3
11.1318,1.5811,3
11.1318,1.6174,3
11.1319,1.6714,3
11.1319,1.7431,3
11.1319,1.8406,3
11.1319,1.9333,3
11.1319,2.0163,3
11.1319,2.0823,3
11.1320,2.1226,3
11.1320,2.1283,3
11.1320,2.1097,3
11.1320,2.0485,3
11.1320,1.9663,3
11.1320,1.8777,3
11.1321,1.7818,3
11.1321,1.6673,3
11.1321,1.5505,3
11.1321,1.4449,3
11.1321,1.3474,3
11.1321,1.2781,3
11.1321,1.2394,3
11.1322,1.2015,3
11.1322,1.1669,3
11.1322,1.1580,3
11.1322,1.1338,3
11.1322,1.1443,3
11.1322,1.1749,3
11.1323,1.2193,3
11.1323,1.2894,3
11.1323,1.3619,3
11.1323,1.4417,3
11.1323,1.5158,3
11.1323,1.6012,3
11.1323,1.6842,3
11.1324,1.7576,3
11.1324,1.8148,3
11.1324,1.8438,3
11.1324,1.8648,3
11.1324,1.8591,3
11.1325,1.8212,3
11.1325,1.7576,3
11.1325,1.6649,3
11.1325,1.5666,3
11.1325,1.4876,3
11.1325,1.3853,3
11.1325,1.3256,3
11.1326,1.2733,3
11.1326,1.2700,3
11.1326,1.2765,3
11.1326,1.3434,3
11.1326,1.4304,3
11.1326,1.5569,3
11.1327,1.6488,3
11.1327,1.7471,3
11.1327,1.8293,3
11.1327,1.9026,3
11.1327,1.9494,3
11.1327,1.9703,3
11.1327,1.9582,3
11.1328,1.9163,3
11.1328,1.8817,3
11.1328,1.8317,3
11.1328,1.7801,3
11.1328,1.7326,3
11.1328,1.6842,3
11.1329,1.6432,3
11.1329,1.6133,3
11.1329,1.5843,3
11.1329,1.5634,3
11.1329,1.5473,3
11.1330,1.5392,3
11.1330,1.5311,3
11.1330,1.5448,3
11.1330,1.5448,3
11.1330,1.5569,3
11.1330,1.5545,3
11.1331,1.5489,3
11.1331,1.5424,3
11.1331,1.5730,3
11.1331,1.5747,3
11.1331,1.5738,3
11.1331,1.5456,3
11.1332,1.5271,3
11.1332,1.5271,3
11.1332,1.5561,3
11.1332,1.5892,3
11.1332,1.6311,3
11.1332,1.6883,3
11.1332,1.7431,3
11.1333,1.7818,3
11.1333,1.8100,3
11.1333,1.8196,3
11.1333,1.8092,3
11.1333,1.7729,3
11.1333,1.7326,3
11.1334,1.6834,3
11.1334,1.6375,3
11.1334,1.5811,3
11.1334,1.5497,3
11.1334,1.5150,3
11.1335,1.4997,3
11.1335,1.5142,3
11.1335,1.5505,3
11.1335,1.5908,3
11.1335,1.6198,3
11.1335,1.6488,3
11.1335,1.6778,3
11.1336,1.7189,3
11.1336,1.7713,3
11.1336,1.8148,3
11.1336,1.8204,3
11.1336,1.7818,3
11.1336,1.7294,3
11.1337,1.6738,3
11.1337,1.6262,3
11.1337,1.6093,3
11.1337,1.6327,3
11.1337,1.6996,3
11.1337,1.7947,3
11.1338,1.8833,3
11.1338,1.9808,3
11.1338,2.0670,3
11.1338,2.1339,3
11.1338,2.1734,3
11.1338,2.1645,3
11.1339,2.1218,3
11.1339,2.0517,3
11.1339,1.9695,3
11.1339,1.8817,3
11.1339,1.8116,3
11.1339,1.7536,3
11.1340,1.7084,3
11.1340,1.6915,3
11.1340,1.6851,3
11.1340,1.6826,3
11.1340,1.6883,3
11.1340,1.7108,3
11.1341,1.7568,3
11.1341,1.8027,3
11.1341,1.8551,3
11.1341,1.9091,3
11.1341,1.9647,3
11.1341,2.0163,3
11.1341,2.0541,3
11.1342,2.0807,3
11.1342,2.1073,3
11.1342,2.0920,3
11.1342,2.0533,3
11.1342,2.0130,3
11.1342,1.9663,3
11.1343,1.9292,3
11.1343,1.8978,3
11.1343,1.8575,3
11.1343,1.8059,3
11.1343,1.7640,3
11.1343,1.7020,3
11.1344,1.6383,3
11.1344,1.5593,3
11.1344,1.4715,3
11.1344,1.3893,3
11.2276,1.3152,3
11.2276,1.2531,3
11.2276,1.2217,3
11.2276,1.2064,3
11.2276,1.2193,3
11.2277,1.2467,3
11.2277,1.2837,3
11.2277,1.3264,3
11.2277,1.3434,3
11.2277,1.3474,3
11.2277,1.3361,3
11.2278,1.3224,3
11.2278,1.3071,3
11.2278,1.2797,3
11.2278,1.2459,3
11.2278,1.2241,3
11.2278,1.2032,3
11.2279,1.1870,3
11.2279,1.1629,3
11.2279,1.1604,3
11.2279,1.2048,3
11.2279,1.2837,3
11.2279,1.4006,3
11.2280,1.5231,3
11.2280,1.6440,3
11.2280,1.7616,3
11.2280,1.8591,3
11.2280,1.9163,3
11.2280,1.9236,3
11.2281,1.9051,3
11.2281,1.8672,3
11.2281,1.8156,3
11.2281,1.7503,3
11.2281,1.6971,3
11.2281,1.6762,3
11.2282,1.6802,3
11.2282,1.6988,3
11.2282,1.7415,3
11.2282,1.7713,3
11.2282,1.7777,3
11.2282,1.7906,3
11.2282,1.8132,3
11.2283,1.8430,3
11.2283,1.8817,3
11.2283,1.9010,3
11.2283,1.9171,3
11.2283,1.9244,3
11.2283,1.9139,3
11.2284,1.8978,3
11.2284,1.8744,3
11.2284,1.8607,3
11.2284,1.8486,3
11.2284,1.8301,3
11.2284,1.7955,3
11.2285,1.7455,3
11.2285,1.6851,3
11.2285,1.6375,3
11.2285,1.6077,3
11.2285,1.5843,3
11.2285,1.5505,3
11.2286,1.5199,3
11.2286,1.4675,3
11.2286,1.4070,3
11.2286,1.3619,3
11.2286,1.3401,3
11.2286,1.3313,3
11.2287,1.3152,3
11.2287,1.3111,3
11.2287,1.3522,3
11.2287,1.3684,3
11.2287,1.3917,3
11.2287,1.3772,3
11.2287,1.3192,3
11.2288,1.2515,3
11.2288,1.1983,3
11.2288,1.2160,3
11.2288,1.1758,3
11.2288,1.2314,3
11.2288,1.3071,3
11.2289,1.4014,3
11.2289,1.5078,3
11.2289,1.6166,3
11.2289,1.7245,3
11.2289,1.8261,3
11.2289,1.9163,3
11.2290,1.9864,3
11.2290,2.0308,3
11.2290,2.0396,3
11.2290,2.0251,3
11.2290,2.0074,3
11.2290,1.9824,3
11.2290,1.9470,3
11.2291,1.9228,3
11.2291,1.9067,3
11.2291,1.9067,3
11.2291,1.8962,3
11.2291,1.8430,3
11.2291,1.7624,3
11.2292,1.6915,3
11.2292,1.6391,3
11.2292,1.6198,3
11.2292,1.6319,3
11.2292,1.6851,3
11.2292,1.7721,3
11.2292,1.8656,3
11.2293,1.9163,3
11.2293,1.9486,3
11.2293,1.9881,3
11.2293,2.0275,3
11.2293,2.0493,3
11.2293,2.0606,3
11.2294,2.0477,3
11.2294,1.9953,3
11.2294,1.9856,3
11.2294,1.9228,3
11.2294,1.8366,3
11.2294,1.7511,3
11.2295,1.6407,3
11.2295,1.6037,3
11.2295,1.5142,3
11.2295,1.4143,3
11.2295,1.3039,3
11.2295,1.2297,3
11.2295,1.1806,3
11.2296,1.1709,3
11.2296,1.1991,3
11.2296,1.2588,3
11.2296,1.2620,3
11.2296,1.2289,3
11.2296,1.1854,3
11.2297,1.1669,3
11.2297,1.1870,3
11.2297,1.2378,3
11.2297,1.3071,3
11.2297,1.3740,3
11.2297,1.4497,3
11.2298,1.5344,3
11.2298,1.6270,3
11.2298,1.7302,3
11.2298,1.8229,3
11.2298,1.9212,3
11.2298,2.0098,3
11.2298,2.0759,3
11.2299,2.1089,3
11.2299,2.1541,3
11.2299,2.1678,3
11.2299,2.1404,3
11.2299,2.0501,3
11.2299,1.9590,3
11.2300,1.8406,3
11.2300,1.7495,3
11.2300,1.6528,3
11.2300,1.5456,3
11.2300,1.4207,3
11.2300,1.2950,3
11.2301,1.1661,3
11.2301,1.1129,3
11.2301,1.0653,3
11.2301,1.1113,3
11.2301,1.2112,3
11.2301,1.3289,3
11.2302,1.4755,3
11.2302,1.6391,3
11.2302,1.8253,3
11.2302,2.0155,3
11.2302,2.1694,3
11.2302,2.2862,3
11.2302,2.3942,3
11.2303,2.4458,3
11.2303,2.4788,3
11.2303,2.4377,3
11.2303,2.3314,3
11.2303,2.1307,3
11.2303,1.9042,3
11.2304,1.6851,3
11.2304,1.5005,3
11.2304,1.3619,3
11.2304,1.2918,3
11.2304,1.2676,3
11.2304,1.2781,3
11.2305,1.2966,3
11.2305,1.2974,3
11.2305,1.2805,3
11.2305,1.3643,3
11.2305,1.3466,3
11.2305,1.4054,3
11.2305,1.4739,3
11.2306,1.5432,3
11.2306,1.6246,3
11.2306,1.6971,3
11.2306,1.7801,3
11.2306,1.8551,3
11.3310,1.9478,3
11.3310,2.0122,3
11.3310,2.0606,3
11.3311,2.0856,3
11.3311,2.0888,3
11.3311,2.0445,3
11.3311,1.9590,3
11.3311,1.8430,3
11.3311,1.7399,3
11.3311,1.6375,3
11.3312,1.5464,3
11.3312,1.4755,3
11.3312,1.3337,3
11.3312,1.1459,3
11.3312,0.9727,3
11.3312,0.8510,3
11.3313,0.7873,3
11.3313,0.7696,3
11.3313,0.8413,3
11.3313,0.9711,3
11.3313,1.0766,3
11.3313,1.2499,3
11.3314,1.4070,3
11.3314,1.5666,3
11.3314,1.7044,3
11.3314,1.8043,3
11.3314,1.9679,3
11.3315,1.9558,3
11.3315,2.0195,3
11.3315,2.0364,3
11.3315,2.0235,3
11.3315,1.9985,3
11.3315,1.9228,3
11.3315,1.8293,3
11.3316,1.7245,3
11.3316,1.6004,3
11.3316,1.4916,3
11.3316,1.4135,3
11.3316,1.4014,3
11.3316,1.4296,3
11.3317,1.4957,3
11.3317,1.6021,3
11.3317,1.7189,3
11.3317,1.8478,3
11.3317,1.9437,3
11.3317,2.0179,3
11.3318,2.0525,3
11.3318,2.0711,3
11.3318,2.0662,3
11.3318,2.0662,3
11.3318,2.0259,3
11.3318,2.0018,3
11.3319,1.9639,3
11.3319,1.9462,3
11.3319,1.9308,3
11.3319,1.8914,3
11.3319,1.9147,3
11.3320,1.9139,3
11.3320,1.9026,3
11.3320,1.8978,3
11.3320,1.9276,3
11.3320,1.9558,3
11.3320,1.9727,3
11.3320,1.9768,3
11.3321,1.9325,3
11.3321,1.8954,3
11.3321,1.8164,3
11.3321,1.7560,3
11.3321,1.6681,3
11.3321,1.5505,3
11.3322,1.4248,3
11.3322,1.1983,3
11.3322,1.0347,3
11.3322,0.9324,3
11.3322,0.9010,3
11.3322,0.9138,3
11.3323,0.9098,3
11.3323,0.9324,3
11.3323,0.9936,3
11.3323,1.0952,3
11.3323,1.2064,3
11.3323,1.3426,3
11.3324,1.4739,3
11.3324,1.5980,3
11.3324,1.6899,3
11.3324,1.7495,3
11.3324,1.7874,3
11.3325,1.7801,3
11.3325,1.7302,3
11.3325,1.6842,3
11.3325,1.6198,3
11.3325,1.6029,3
11.3325,1.6045,3
11.3326,1.6182,3
11.3326,1.6158,3
11.3326,1.5940,3
11.3326,1.5497,3
11.3326,1.5255,3
11.3326,1.5569,3
11.3327,1.5207,3
11.3327,1.4691,3
11.3327,1.4038,3
11.3327,1.3812,3
11.3327,1.4264,3
11.3327,1.4973,3
11.3328,1.5988,3
11.3328,1.6907,3
11.3328,1.8027,3
11.3328,1.8881,3
11.3328,2.0114,3
11.3329,2.0791,3
11.3329,2.1355,3
11.3329,2.1952,3
11.3329,2.2282,3
11.3329,2.2459,3
11.3329,2.2685,3
11.3330,2.2395,3
11.3330,2.1508,3
11.3330,2.0477,3
11.3330,1.9333,3
11.3330,1.8269,3
11.3330,1.7479,3
11.3331,1.7133,3
11.3331,1.6568,3
11.3331,1.6520,3
11.3331,1.6520,3
11.3331,1.6770,3
11.3331,1.6762,3
11.3331,1.6778,3
11.3332,1.6746,3
11.3332,1.6633,3
11.3332,1.6391,3
11.3332,1.6093,3
11.3332,1.5859,3
11.3332,1.5714,3
11.3333,1.5650,3
11.3333,1.6021,3
11.3333,1.6303,3
11.3333,1.6746,3
11.3333,1.7181,3
11.3333,1.7616,3
11.3334,1.7681,3
11.3334,1.7882,3
11.3334,1.7818,3
11.3334,1.7648,3
11.3334,1.7334,3
11.3334,1.6125,3
11.3335,1.4095,3
11.3335,1.2177,3
11.3335,1.0807,3
11.3335,1.0025,3
11.3335,0.9308,3
11.3335,0.9138,3
11.3335,0.8832,3
11.3336,0.8945,3
11.3336,0.9566,3
11.3336,1.0686,3
11.3336,1.1846,3
11.3336,1.2563,3
11.3336,1.3313,3
11.3337,1.4135,3
11.3337,1.5190,3
11.3337,1.6214,3
11.3337,1.7028,3
11.3337,1.8204,3
11.3337,1.8632,3
11.3338,1.9034,3
11.3338,1.9333,3
11.3338,1.9470,3
11.3338,1.9792,3
11.3338,1.9470,3
11.3338,1.8551,3
11.3339,1.7278,3
11.3339,1.5658,3
11.3339,1.4062,3
11.3339,1.2539,3
11.3339,1.1338,3
11.3340,1.0154,3
11.3340,0.9227,3
11.3340,0.9348,3
11.3340,1.0242,3
11.3340,1.1862,3
11.3340,1.4014,3
11.3340,1.6351,3
11.3341,1.8607,3
11.3341,2.0429,3
11.3341,2.1847,3
11.3341,2.2919,3
11.3341,2.3491,3
11.3341,2.3434,3
11.3342,2.3515,3
11.3342,2.3160,3
11.3342,2.2621,3
11.3342,2.2161,3
11.3342,2.1452,3
11.3342,2.1089,3
11.3343,1.9889,3
11.3343,1.8938,3
11.3343,1.7979,3
11.3343,1.7052,3
11.3343,1.6520,3
11.3343,1.5875,3
11.3344,1.6053,3
11.3344,1.6230,3
11.3344,1.6520,3
11.3344,1.6480,3
11.3344,1.7262,3
11.3344,1.6810,3
11.4361,1.5924,3
11.4361,1.5231,3
11.4361,1.5231,3
11.4361,1.5811,3
11.4362,1.6480,3
11.4362,1.7407,3
11.4362,1.8430,3
11.4362,1.9397,3
11.4362,2.0445,3
11.4362,2.1130,3
11.4363,2.1396,3
11.4363,2.0574,3
11.4363,1.8382,3
11.4363,1.5182,3
11.4363,1.2765,3
11.4363,1.1064,3
11.4363,1.0210,3
11.4364,1.0516,3
11.4364,1.1161,3
11.4364,1.1991,3
11.4364,1.3192,3
11.4364,1.4860,3
11.4364,1.6238,3
11.4365,1.7237,3
11.4365,1.7761,3
11.4365,1.7995,3
11.4365,1.8414,3
11.4365,1.8720,3
11.4365,1.8809,3
11.4366,1.8632,3
11.4366,1.8325,3
11.4366,1.7971,3
11.4366,1.7592,3
11.4366,1.7213,3
11.4366,1.6899,3
11.4367,1.6480,3
11.4367,1.6834,3
11.4367,1.6657,3
11.4367,1.6496,3
11.4367,1.6158,3
11.4367,1.5875,3
11.4367,1.5884,3
11.4368,1.6053,3
11.4368,1.6343,3
11.4368,1.6754,3
11.4368,1.7294,3
11.4368,1.8067,3
11.4368,1.7761,3
11.4369,1.7560,3
11.4369,1.7278,3
11.4369,1.7028,3
11.4369,1.6528,3
11.4369,1.5996,3
11.4370,1.5634,3
11.4370,1.5166,3
11.4370,1.4788,3
11.4370,1.4699,3
11.4370,1.5053,3
11.4370,1.5537,3
11.4371,1.6214,3
11.4371,1.6673,3
11.4371,1.6399,3
11.4371,1.5803,3
11.4371,1.5529,3
11.4371,1.4562,3
11.4371,1.3603,3
11.4372,1.2547,3
11.4372,1.1878,3
11.4372,1.0468,3
11.4372,0.9292,3
11.4372,0.8977,3
11.4372,0.9566,3
11.4373,1.0742,3
11.4373,1.2233,3
11.4373,1.3450,3
11.4373,1.4908,3
11.4373,1.5456,3
11.4373,1.5110,3
11.4374,1.3909,3
11.4374,1.2837,3
11.4374,1.2032,3
11.4374,1.1943,3
11.4374,1.2862,3
11.4374,1.4707,3
11.4375,1.6697,3
11.4375,1.8744,3
11.4375,2.0670,3
11.4375,2.2403,3
11.4375,2.3894,3
11.4375,2.4941,3
11.4375,2.5256,3
11.4376,2.4837,3
11.4376,2.3926,3
11.4376,2.2814,3
11.4376,2.1549,3
11.4376,2.0114,3
11.4376,1.8817,3
11.4377,1.7793,3
11.4377,1.7165,3
11.4377,1.7133,3
11.4377,1.7245,3
11.4377,1.7753,3
11.4377,1.8712,3
11.4378,1.9631,3
11.4378,2.0429,3
11.4378,2.1001,3
11.4378,2.0944,3
11.4378,2.0429,3
11.4378,1.9510,3
11.4378,1.8519,3
11.4379,1.7519,3
11.4379,1.6907,3
11.4379,1.6609,3
11.4379,1.6407,3
11.4379,1.6214,3
11.4379,1.6012,3
11.4380,1.6149,3
11.4380,1.6375,3
11.4380,1.6971,3
11.4380,1.7737,3
11.4380,1.8204,3
11.4380,1.8075,3
11.4381,1.6963,3
11.4381,1.4659,3
11.4381,1.2499,3
11.4381,1.1161,3
11.4381,1.0597,3
11.4381,1.0726,3
11.4382,1.1443,3
11.4382,1.2249,3
11.4382,1.3369,3
11.4382,1.4489,3
11.4382,1.5513,3
11.4382,1.6149,3
11.4382,1.6681,3
11.4383,1.6923,3
11.4383,1.6923,3
11.4383,1.7076,3
11.4383,1.6867,3
11.4383,1.6133,3
11.4383,1.5287,3
11.4384,1.4199,3
11.4384,1.2749,3
11.4384,1.0041,3
11.4384,0.6995,3
11.4384,0.5053,3
11.4384,0.5117,3
11.4385,0.5762,3
11.4385,0.7164,3
11.4385,0.9654,3
11.4385,1.2708,3
11.4385,1.5835,3
11.4385,1.8406,3
11.4386,2.0791,3
11.4386,2.2548,3
11.4386,2.3507,3
11.4386,2.4063,3
11.4386,2.4611,3
11.4386,2.4893,3
11.4387,2.5997,3
11.4387,2.3418,3
11.4387,2.1234,3
11.4387,1.8954,3
11.4387,1.7270,3
11.4387,1.6367,3
11.4388,1.5489,3
11.4388,1.4723,3
11.4388,1.4393,3
11.4388,1.3401,3
11.4388,1.2483,3
11.4388,1.1733,3
11.4388,1.1338,3
11.4389,1.1226,3
11.4389,1.1443,3
11.4389,1.2305,3
11.4389,1.3297,3
11.4389,1.3933,3
11.4390,1.4401,3
11.4390,1.5569,3
11.4390,1.7366,3
11.4390,1.9284,3
11.4390,2.1033,3
11.4390,2.1936,3
11.4391,2.2242,3
11.4391,2.1428,3
11.4391,1.9816,3
11.4391,1.7801,3
11.4391,1.6319,3
11.4391,1.5972,3
11.4391,1.6335,3
11.4392,1.5996,3
11.4392,1.3901,3
11.4392,1.2168,3
11.4392,1.1645,3
11.4392,1.1048,3
11.4392,1.1218,3
11.4393,1.2265,3
11.4393,1.3434,3
11.4393,1.4868,3
11.4393,1.5932,3
11.4393,1.6907,3
11.4393,1.8212,3
11.4394,1.8857,3
11.4394,1.9655,3
11.4394,2.0646,3
11.4394,2.1702,3
11.4394,2.2024,3
11.4395,2.0751,3
11.4395,1.7519,3
11.4395,1.3442,3
11.5454,0.9630,3
11.5455,0.6519,3
11.5455,0.5045,3
11.5455,0.5093,3
11.5455,0.6584,3
11.5455,0.9147,3
11.5456,1.2692,3
11.5456,1.5392,3
11.5456,1.7229,3
11.5456,1.9848,3
11.5456,2.2314,3
11.5456,2.2999,3
11.5457,2.1903,3
11.5457,2.0195,3
11.5457,1.9421,3
11.5457,1.8841,3
11.5457,1.8285,3
11.5457,1.8116,3
11.5458,1.9083,3
11.5458,2.0219,3
11.5458,2.1653,3
11.5458,2.3265,3
11.5458,2.4869,3
11.5458,2.4111,3
11.5458,2.3048,3
11.5459,2.2282,3
11.5459,2.1081,3
11.5459,1.8994,3
11.5459,1.7600,3
11.5459,1.7084,3
11.5459,1.6963,3
11.5460,1.6947,3
11.5460,1.6077,3
11.5460,1.4522,3
11.5460,1.3031,3
11.5460,1.2023,3
11.5460,1.2265,3
11.5461,1.3700,3
11.5461,1.5642,3
11.5461,1.7761,3
11.5461,1.9059,3
11.5461,1.7576,3
11.5461,1.5763,3
11.5461,1.5247,3
11.5462,1.5464,3
11.5462,1.6867,3
11.5462,1.8986,3
11.5462,2.1653,3
11.5462,2.4039,3
11.5462,2.5755,3
11.5463,2.6569,3
11.5463,2.6561,3
11.5463,2.5836,3
11.5463,2.4635,3
11.5463,2.3837,3
11.5463,2.0856,3
11.5464,1.6714,3
11.5464,1.2394,3
11.5464,0.7285,3
11.5464,0.3248,3
11.5464,0.1322,3
11.5464,0.1878,3
11.5464,0.3223,3
11.5465,0.5093,3
11.5465,0.7269,3
11.5465,1.0170,3
11.5465,1.3627,3
11.5465,1.7141,3
11.5465,2.0598,3
11.5466,2.2975,3
11.5466,2.3410,3
11.5466,2.3273,3
11.5466,2.3193,3
11.5466,2.2612,3
11.5466,2.1323,3
11.5466,2.0090,3
11.5467,1.9083,3
11.5467,1.8543,3
11.5467,1.8680,3
11.5467,1.8978,3
11.5467,1.8914,3
11.5468,1.8229,3
11.5468,1.5964,3
11.5468,1.4473,3
11.5468,1.3361,3
11.5468,1.3136,3
11.5468,1.4159,3
11.5469,1.6101,3
11.5469,1.8535,3
11.5469,2.0622,3
11.5469,2.1702,3
11.5469,2.1887,3
11.5469,2.1371,3
11.5470,2.0807,3
11.5470,2.0662,3
11.5470,2.0872,3
11.5470,2.1549,3
11.5470,2.1992,3
11.5470,2.0493,3
11.5471,1.6552,3
11.5471,1.2410,3
11.5471,1.0057,3
11.5471,0.9388,3
11.5471,0.9815,3
11.5471,1.1113,3
11.5471,1.2442,3
11.5472,1.3780,3
11.5472,1.4989,3
11.5472,1.4425,3
11.5472,1.2499,3
11.5472,1.1403,3
11.5472,1.1749,3
11.5473,1.3192,3
11.5473,1.5964,3
11.5473,1.8495,3
11.5473,1.9026,3
11.5473,1.7697,3
11.5473,1.6633,3
11.5474,1.6101,3
11.5474,1.6319,3
11.5474,1.7068,3
11.5474,1.7971,3
11.5474,1.9131,3
11.5474,2.0558,3
11.5475,2.1790,3
11.5475,2.2548,3
11.5475,2.2298,3
11.5475,2.1291,3
11.5475,2.0445,3
11.5475,2.0114,3
11.5475,1.9631,3
11.5476,1.7785,3
11.5476,1.3208,3
11.5476,0.7978,3
11.5476,0.4166,3
11.5476,0.2667,3
11.5477,0.2700,3
11.5477,0.4295,3
11.5477,0.7430,3
11.5477,1.1854,3
11.5477,1.6899,3
11.5477,2.2177,3
11.5478,2.6875,3
11.5478,3.0220,3
11.5478,3.0413,3
11.5478,2.7738,3
11.5478,2.4289,3
11.5478,2.1508,3
11.5479,1.9421,3
11.5479,1.7350,3
11.5479,1.5875,3
11.5479,1.5400,3
11.5479,1.5811,3
11.5479,1.6826,3
11.5480,1.8414,3
11.5480,2.0074,3
11.5480,2.0477,3
11.5480,1.8954,3
11.5480,1.6834,3
11.5480,1.5134,3
11.5481,1.3216,3
11.5481,1.0919,3
11.5481,0.6584,3
11.5481,0.2933,3
11.5481,0.2136,3
11.5481,0.3594,3
11.5481,0.6600,3
11.5482,1.1226,3
11.5482,1.6754,3
11.5482,2.1533,3
11.5482,2.5715,3
11.5482,2.9486,3
11.5482,3.2186,3
11.5483,3.2533,3
11.5483,3.0599,3
11.5483,2.8858,3
11.5483,2.7335,3
11.5483,2.6045,3
11.5483,2.4982,3
11.5484,2.2290,3
11.5484,1.9905,3
11.5484,1.7866,3
11.5484,1.6190,3
11.5484,1.4804,3
11.5484,1.3313,3
11.5484,1.1572,3
11.5485,1.0629,3
11.5485,1.0879,3
11.5485,1.1201,3
11.5485,0.9549,3
11.5485,0.7027,3
11.5485,0.5182,3
11.5486,0.5601,3
11.5486,0.7349,3
11.5486,1.0903,3
11.5486,1.5650,3
11.5486,2.0646,3
11.5486,2.5086,3
11.5486,2.8108,3
11.5487,2.8713,3
11.5487,2.7601,3
11.5487,2.5530,3
11.5487,2.3177,3
11.5487,2.0840,3
11.5487,1.8728,3
11.5488,1.7286,3
11.5488,1.6270,3
11.5488,1.5182,3
11.5488,1.4352,3
11.5488,1.3925,3
11.5488,1.3458,3
11.5489,1.3063,3
11.5489,1.2128,3
11.5489,1.0782,3
11.5489,0.9791,3
11.5489,0.8881,3
11.5489,0.8913,3
11.5490,1.0081,3
11.5490,1.1588,3
11.6707,1.3506,3
11.6708,1.5706,3
11.6708,1.8051,3
11.6708,2.0590,3
11.6708,2.2371,3
11.6709,2.3007,3
11.6709,2.3297,3
11.6709,2.3370,3
11.6709,2.2548,3
11.6709,1.9993,3
11.6709,1.7455,3
11.6710,1.4368,3
11.6710,0.9783,3
11.6710,0.6600,3
11.6710,0.5593,3
11.6710,0.6447,3
11.6710,0.9090,3
11.6710,1.3063,3
11.6711,1.7076,3
11.6711,2.0404,3
11.6711,2.3531,3
11.6711,2.6037,3
11.6711,2.7158,3
11.6712,2.7045,3
11.6712,2.4732,3
11.6712,2.1339,3
11.6712,1.7519,3
11.6712,1.4022,3
11.6712,1.1459,3
11.6712,1.0073,3
11.6713,0.9775,3
11.6713,1.0114,3
11.6713,1.0516,3
11.6713,1.0766,3
11.6713,1.1467,3
11.6713,1.2628,3
11.6714,1.4054,3
11.6714,1.5505,3
11.6714,1.7358,3
11.6714,1.9623,3
11.6714,2.1605,3
11.6714,2.3112,3
11.6715,2.4039,3
11.6715,2.3958,3
11.6715,2.2459,3
11.6715,2.1162,3
11.6715,1.9808,3
11.6715,1.9171,3
11.6716,1.9212,3
11.6716,1.9840,3
11.6716,1.9929,3
11.6716,1.9566,3
11.6716,1.9357,3
11.6716,1.9421,3
11.6717,1.9220,3
11.6717,1.8043,3
11.6717,1.6512,3
11.6717,1.5658,3
11.6717,1.5618,3
11.6717,1.4771,3
11.6717,1.3361,3
11.6718,1.1153,3
11.6718,0.8026,3
11.6718,0.4996,3
11.6718,0.3763,3
11.6718,0.4666,3
11.6719,0.7752,3
11.6719,1.2579,3
11.6719,1.6818,3
11.6719,2.0920,3
11.6719,2.3805,3
11.6720,2.5916,3
11.6720,2.7093,3
11.6720,2.8334,3
11.6720,2.7222,3
11.6720,2.5199,3
11.6720,2.3507,3
11.6720,2.2073,3
11.6721,1.8688,3
11.6721,1.6125,3
11.6721,1.4062,3
11.6721,1.1758,3
11.6721,0.8752,3
11.6721,0.5730,3
11.6722,0.3804,3
11.6722,0.4150,3
11.6722,0.5448,3
11.6722,0.7116,3
11.6722,0.8478,3
11.6722,0.9195,3
11.6722,1.0412,3
11.6723,1.2797,3
11.6723,1.6432,3
11.6723,2.0735,3
11.6723,2.4208,3
11.6723,2.7641,3
11.6723,3.0171,3
11.6724,3.1058,3
11.6724,3.0107,3
11.6724,2.9511,3
11.6724,2.9092,3
11.6724,2.7158,3
11.6724,2.3305,3
11.6724,1.9695,3
11.6725,1.6673,3
11.6725,1.4248,3
11.6725,1.1661,3
11.6725,0.8107,3
11.6725,0.5665,3
11.6725,0.4247,3
11.6726,0.4650,3
11.6726,0.6793,3
11.6726,1.0186,3
11.6726,1.4272,3
11.6726,1.8084,3
11.6726,2.1686,3
11.6726,2.4224,3
11.6727,2.5425,3
11.6727,2.5288,3
11.6727,2.4401,3
11.6727,2.2467,3
11.6727,2.0630,3
11.6727,1.9139,3
11.6728,1.8180,3
11.6728,1.7705,3
11.6728,1.7431,3
11.6728,1.7487,3
11.6728,1.7842,3
11.6728,1.8011,3
11.6728,1.8051,3
11.6729,1.7866,3
11.6729,1.7390,3
11.6729,1.7068,3
11.6729,1.6673,3
11.6729,1.4610,3
11.6729,1.0839,3
11.6730,0.7543,3
11.6730,0.5319,3
11.6730,0.4255,3
11.6730,0.4875,3
11.6730,0.6777,3
11.6730,0.9582,3
11.6730,1.1790,3
11.6731,1.5021,3
11.6731,1.7664,3
11.6731,1.9550,3
11.6731,2.0187,3
11.6731,2.0574,3
11.6731,2.0783,3
11.6731,2.1468,3
11.6732,2.2169,3
11.6732,2.2330,3
11.6732,2.1766,3
11.6732,2.0525,3
11.6732,1.8914,3
11.6732,1.7616,3
11.6733,1.6512,3
11.6733,1.5537,3
11.6733,1.4884,3
11.6733,1.4707,3
11.6733,1.4900,3
11.6733,1.5384,3
11.6734,1.5924,3
11.6734,1.6295,3
11.6734,1.6432,3
11.6734,1.6520,3
11.6734,1.5698,3
11.6734,1.3901,3
11.6735,1.2088,3
11.6735,1.1347,3
11.6735,1.2201,3
11.6735,1.4022,3
11.6735,1.6222,3
11.6735,1.8760,3
11.6736,2.1001,3
11.6736,2.3281,3
11.6736,2.5207,3
11.6736,2.6086,3
11.6736,2.5981,3
11.6736,2.5336,3
11.6736,2.3547,3
11.6737,2.2137,3
11.6737,2.0292,3
11.6737,1.8696,3
11.6737,1.7076,3
11.6737,1.6174,3
11.6737,1.5432,3
11.6738,1.4707,3
11.6738,1.3933,3
11.6738,1.2636,3
11.6738,1.0259,3
11.6738,0.8026,3
11.6738,0.6721,3
11.6739,0.6213,3
11.6739,0.6278,3
11.6739,0.6374,3
11.6739,0.7204,3
11.6739,0.8800,3
11.6739,1.0404,3
11.6740,1.1822,3
11.6740,1.3418,3
11.6740,1.5005,3
11.6740,1.7519,3
11.6740,1.9760,3
11.6740,2.1911,3
11.6740,2.3386,3
11.6741,2.4232,3
11.6741,2.4998,3
11.6741,2.2193,3
11.6741,2.0461,3
11.6741,1.8905,3
11.6741,1.7527,3
11.6742,1.5988,3
11.6742,1.4683,3
11.6742,1.3949,3
11.6742,1.3410,3
11.6742,1.3579,3
11.6742,1.4360,3
11.6743,1.5553,3
11.6743,1.6810,3
11.6743,1.7955,3
11.6743,1.8543,3
11.6743,1.8704,3
11.6743,1.8809,3
11.6743,1.8728,3
11.6744,1.8349,3
11.6744,1.8172,3
11.6744,1.8003,3
11.6744,1.7810,3
11.6744,1.5908,3
11.6744,1.3127,3
11.6744,1.1411,3
11.6745,1.1048,3
11.6745,1.2257,3
11.6745,1.5013,3
11.6745,1.8140,3
11.6745,2.0493,3
11.6745,2.1847,3
11.6746,2.2701,3
11.6746,2.2870,3
11.6746,2.2999,3
11.6746,2.2371,3
11.6746,2.0952,3
11.6746,1.8148,3
11.6747,1.5005,3
11.6747,1.2708,3
11.6747,1.1161,3
11.6747,1.0621,3
11.6747,1.0516,3
11.6747,1.1032,3
11.6747,1.2136,3
11.7807,1.3127,3
11.7807,1.2483,3
11.7808,1.1129,3
11.7808,1.0162,3
11.7808,0.9412,3
11.7808,0.9026,3
11.7808,0.9042,3
11.7808,1.0138,3
11.7809,1.2539,3
11.7809,1.5553,3
11.7809,1.8511,3
11.7809,2.0614,3
11.7809,2.1718,3
11.7809,2.2411,3
11.7810,2.2032,3
11.7810,2.1178,3
11.7810,1.9639,3
11.7810,1.7818,3
11.7810,1.6133,3
11.7810,1.5102,3
11.7810,1.4900,3
11.7811,1.5344,3
11.7811,1.5916,3
11.7811,1.6109,3
11.7811,1.6351,3
11.7811,1.6174,3
11.7811,1.6810,3
11.7812,1.7100,3
11.7812,1.7769,3
11.7812,1.8406,3
11.7812,1.8615,3
11.7812,1.8599,3
11.7812,1.7801,3
11.7813,1.6158,3
11.7813,1.3273,3
11.7813,1.0202,3
11.7813,0.8639,3
11.7813,0.8897,3
11.7813,1.0597,3
11.7813,1.3555,3
11.7814,1.7197,3
11.7814,2.1081,3
11.7814,2.4232,3
11.7814,2.6392,3
11.7814,2.7158,3
11.7814,2.6803,3
11.7815,2.6392,3
11.7815,2.5941,3
11.7815,2.4385,3
11.7815,2.1347,3
11.7815,1.6488,3
11.7815,1.1717,3
11.7816,0.8196,3
11.7816,0.6382,3
11.7816,0.5343,3
11.7816,0.7140,3
11.7816,0.9034,3
11.7816,1.1298,3
11.7816,1.3974,3
11.7817,1.6440,3
11.7817,1.8092,3
11.7817,1.9204,3
11.7817,2.0195,3
11.7817,2.1226,3
11.7817,2.1960,3
11.7818,2.2363,3
11.7818,2.2282,3
11.7818,2.1774,3
11.7818,2.1105,3
11.7818,2.0888,3
11.7818,2.0219,3
11.7818,2.0243,3
11.7819,1.9494,3
11.7819,1.8696,3
11.7819,1.7318,3
11.7819,1.5376,3
11.7819,1.3337,3
11.7819,1.1903,3
11.7820,1.1363,3
11.7820,1.1774,3
11.7820,1.2660,3
11.7820,1.3982,3
11.7820,1.5303,3
11.7820,1.6407,3
11.7821,1.7100,3
11.7821,1.6714,3
11.7821,1.5432,3
11.7821,1.3877,3
11.7821,1.3063,3
11.7821,1.3023,3
11.7821,1.3571,3
11.7822,1.4554,3
11.7822,1.5392,3
11.7822,1.5642,3
11.7822,1.4828,3
11.7822,1.3667,3
11.7822,1.3160,3
11.7823,1.3273,3
11.7823,1.3949,3
11.7823,1.5336,3
11.7823,1.6512,3
11.7823,1.7237,3
11.7823,1.7624,3
11.7824,1.7407,3
11.7824,1.7221,3
11.7824,1.6552,3
11.7824,1.5843,3
11.7824,1.5408,3
11.7824,1.3724,3
11.7824,1.1185,3
11.7825,0.9912,3
11.7825,0.9807,3
11.7825,1.0605,3
11.7825,1.2338,3
11.7825,1.4441,3
11.7825,1.6093,3
11.7826,1.6141,3
11.7826,1.5110,3
11.7826,1.4095,3
11.7826,1.3909,3
11.7826,1.4715,3
11.7827,1.6528,3
11.7827,1.8954,3
11.7827,2.1468,3
11.7827,2.3563,3
11.7827,2.4901,3
11.7827,2.5425,3
11.7828,2.5119,3
11.7828,2.4095,3
11.7828,2.2193,3
11.7828,2.0001,3
11.7828,1.8237,3
11.7828,1.6875,3
11.7829,1.5924,3
11.7829,1.5319,3
11.7829,1.5279,3
11.7829,1.4925,3
11.7829,1.4385,3
11.7829,1.3337,3
11.7830,1.1999,3
11.7830,1.0557,3
11.7830,1.0186,3
11.7830,1.1016,3
11.7830,1.2741,3
11.7830,1.5360,3
11.7830,1.8084,3
11.7831,2.0727,3
11.7831,2.2621,3
11.7831,2.3725,3
11.7831,2.3942,3
11.7831,2.3829,3
11.7831,2.3483,3
11.7832,2.2572,3
11.7832,2.1218,3
11.7832,1.9260,3
11.7832,1.6996,3
11.7832,1.5473,3
11.7832,1.3877,3
11.7832,1.1645,3
11.7833,0.9267,3
11.7833,0.8026,3
11.7833,0.8075,3
11.7833,0.8792,3
11.7833,1.0436,3
11.7833,1.2797,3
11.7834,1.5416,3
11.7834,1.8027,3
11.7834,2.0372,3
11.7834,2.2242,3
11.7834,2.3136,3
11.7834,2.2725,3
11.7834,2.1879,3
11.7835,2.1404,3
11.7835,2.0840,3
11.7835,1.9615,3
11.7835,1.8100,3
11.7835,1.6746,3
11.7835,1.5464,3
11.7836,1.4288,3
11.7836,1.3031,3
11.7836,1.2418,3
11.7836,1.2402,3
11.7836,1.3772,3
11.7836,1.4925,3
11.7836,1.6238,3
11.7837,1.8092,3
11.7837,1.9325,3
11.7837,2.0477,3
11.7837,2.0807,3
11.7837,2.0598,3
11.7837,1.9760,3
11.7838,1.9139,3
11.7838,1.8495,3
11.7838,1.7971,3
11.7838,1.7463,3
11.7838,1.6327,3
11.7838,1.4763,3
11.7839,1.3651,3
11.7839,1.3313,3
11.7839,1.3716,3
11.7839,1.4659,3
11.7839,1.5795,3
11.7839,1.6480,3
11.7839,1.6383,3
11.7840,1.5150,3
11.7840,1.3547,3
11.7840,1.1741,3
11.7840,1.0162,3
11.7840,0.9461,3
11.7840,0.9703,3
11.7841,1.1024,3
11.7841,1.3031,3
11.7841,1.5569,3
11.7841,1.7898,3
11.7841,1.9341,3
11.7841,2.0058,3
11.7841,2.0412,3
11.7842,2.0195,3
11.7842,1.9558,3
11.8983,1.6496,3
11.8984,1.2571,3
11.8984,0.9711,3
11.8984,0.8711,3
11.8984,0.9324,3
11.8985,0.9896,3
11.8985,1.0952,3
11.8985,1.0919,3
11.8985,1.1492,3
11.8985,1.2523,3
11.8985,1.4143,3
11.8986,1.6343,3
11.8986,1.8922,3
11.8986,2.1186,3
11.8986,2.2886,3
11.8986,2.4321,3
11.8986,2.4611,3
11.8987,2.3990,3
11.8987,2.3152,3
11.8987,2.2484,3
11.8987,2.1476,3
11.8987,2.0372,3
11.8988,1.8954,3
11.8988,1.7761,3
11.8988,1.6851,3
11.8988,1.6230,3
11.8988,1.6190,3
11.8988,1.6544,3
11.8988,1.6988,3
11.8989,1.7608,3
11.8989,1.8285,3
11.8989,1.8777,3
11.8989,1.8704,3
11.8989,1.7568,3
11.8989,1.6214,3
11.8990,1.5295,3
11.8990,1.5150,3
11.8990,1.5521,3
11.8990,1.6238,3
11.8990,1.6794,3
11.8990,1.7447,3
11.8991,1.7866,3
11.8991,1.7947,3
11.8991,1.7882,3
11.8991,1.7656,3
11.8991,1.7463,3
11.8991,1.7689,3
11.8992,1.7947,3
11.8992,1.7793,3
11.8992,1.7729,3
11.8992,1.7544,3
11.8992,1.7278,3
11.8992,1.7205,3
11.8993,1.7052,3
11.8993,1.6464,3
11.8993,1.5819,3
11.8993,1.4457,3
11.8993,1.2499,3
11.8993,1.0170,3
11.8994,0.8220,3
11.8994,0.6866,3
11.8994,0.6036,3
11.8994,0.6415,3
11.8994,0.8518,3
11.8994,1.1250,3
11.8994,1.4497,3
11.8995,1.6464,3
11.8995,1.5585,3
11.8995,1.4086,3
11.8995,1.3119,3
11.8995,1.2862,3
11.8995,1.3281,3
11.8996,1.4788,3
11.8996,1.7519,3
11.8996,2.0243,3
11.8996,2.2774,3
11.8996,2.4958,3
11.8996,2.6585,3
11.8997,2.6416,3
11.8997,2.4321,3
11.8997,2.1766,3
11.8997,1.9800,3
11.8997,1.7697,3
11.8997,1.5658,3
11.8997,1.4078,3
11.8998,1.3264,3
11.8998,1.3200,3
11.8998,1.3788,3
11.8998,1.4763,3
11.8998,1.6206,3
11.8998,1.7366,3
11.8999,1.7834,3
11.8999,1.7793,3
11.8999,1.7544,3
11.8999,1.7495,3
11.8999,1.7721,3
11.8999,1.8067,3
11.9000,1.8333,3
11.9000,1.8358,3
11.9000,1.8632,3
11.9000,1.9179,3
11.9000,1.8406,3
11.9000,1.6697,3
11.9000,1.5271,3
11.9001,1.4900,3
11.9001,1.5336,3
11.9001,1.6278,3
11.9001,1.7479,3
11.9001,1.8857,3
11.9001,2.0090,3
11.9002,2.0686,3
11.9002,2.1170,3
11.9002,2.0477,3
11.9002,1.8777,3
11.9002,1.6343,3
11.9002,1.4135,3
11.9003,1.2394,3
11.9003,1.0936,3
11.9003,0.9267,3
11.9003,0.7374,3
11.9003,0.6527,3
11.9003,0.6947,3
11.9004,0.8196,3
11.9004,1.0549,3
11.9004,1.3788,3
11.9004,1.7399,3
11.9004,2.0727,3
11.9004,2.3305,3
11.9004,2.4893,3
11.9005,2.5417,3
11.9005,2.4917,3
11.9005,2.3797,3
11.9005,2.1879,3
11.9005,1.9752,3
11.9005,1.7721,3
11.9006,1.5980,3
11.9006,1.4820,3
11.9006,1.4336,3
11.9006,1.4336,3
11.9006,1.4788,3
11.9006,1.5481,3
11.9007,1.6286,3
11.9007,1.6649,3
11.9007,1.6536,3
11.9007,1.5738,3
11.9007,1.5215,3
11.9007,1.5352,3
11.9007,1.5835,3
11.9008,1.6681,3
11.9008,1.7608,3
11.9008,1.8527,3
11.9008,1.8922,3
11.9008,1.8922,3
11.9009,1.8954,3
11.9009,1.8978,3
11.9009,1.9284,3
11.9009,1.9703,3
11.9009,2.0001,3
11.9009,1.9663,3
11.9010,1.7576,3
11.9010,1.3587,3
11.9010,0.9469,3
11.9010,0.6399,3
11.9010,0.5560,3
11.9010,0.6673,3
11.9010,0.9058,3
11.9011,1.1846,3
11.9011,1.4876,3
11.9011,1.7640,3
11.9011,2.0122,3
11.9011,2.2105,3
11.9011,2.2878,3
11.9011,2.2016,3
11.9012,2.0469,3
11.9012,1.8527,3
11.9012,1.6077,3
11.9012,1.2966,3
11.9012,0.9928,3
11.9012,0.8607,3
11.9013,0.8848,3
11.9013,1.0130,3
11.9013,1.2547,3
11.9013,1.5642,3
11.9013,1.8760,3
11.9014,2.1267,3
11.9014,2.3225,3
11.9014,2.4119,3
11.9014,2.4160,3
11.9014,2.3700,3
11.9014,2.2991,3
11.9015,2.2137,3
11.9015,2.0832,3
11.9015,1.9542,3
11.9015,1.7971,3
11.9015,1.5916,3
11.9015,1.3281,3
11.9015,1.0001,3
11.9016,0.7406,3
11.9016,0.5375,3
11.9016,0.4642,3
11.9016,0.5609,3
11.9016,0.8462,3
11.9016,1.2233,3
11.9016,1.5972,3
11.9017,1.9534,3
11.9017,2.3096,3
11.9017,2.5522,3
11.9017,2.6626,3
11.9017,2.6610,3
11.9017,2.5876,3
11.9018,2.4700,3
11.9018,2.2854,3
11.9018,2.0759,3
11.9018,1.8946,3
11.9018,1.6907,3
11.9018,1.4562,3
11.9019,1.2475,3
11.9019,1.0968,3
11.9019,1.0299,3
11.9019,1.0114,3
11.9019,1.0396,3
11.9019,1.1137,3
11.9019,1.1943,3
11.9020,1.2837,3
11.9020,1.3958,3
11.9020,1.5078,3
11.9020,1.6399,3
11.9020,1.8059,3
11.9020,1.9453,3
11.9021,2.0445,3
11.9021,2.1251,3
11.9021,2.2048,3
11.9021,2.2153,3
11.9021,2.1863,3
11.9021,2.1154,3
11.9021,2.0155,3
12.0277,1.8897,3
12.0277,1.7681,3
12.0277,1.6472,3
12.0278,1.5666,3
12.0278,1.5271,3
12.0278,1.5601,3
12.0278,1.6262,3
12.0278,1.6641,3
12.0278,1.6238,3
12.0279,1.4868,3
12.0279,1.3901,3
12.0279,1.3555,3
12.0279,1.3949,3
12.0279,1.5029,3
12.0279,1.6383,3
12.0280,1.7681,3
12.0280,1.9123,3
12.0280,1.9341,3
12.0280,1.8285,3
12.0280,1.7004,3
12.0280,1.5682,3
12.0281,1.4675,3
12.0281,1.3869,3
12.0281,1.3321,3
12.0281,1.3345,3
12.0281,1.4022,3
12.0281,1.4860,3
12.0282,1.4659,3
12.0282,1.3716,3
12.0282,1.3522,3
12.0282,1.4135,3
12.0282,1.5255,3
12.0282,1.6786,3
12.0282,1.8317,3
12.0283,1.9365,3
12.0283,1.9478,3
12.0283,1.9308,3
12.0283,1.9115,3
12.0283,1.8793,3
12.0283,1.8212,3
12.0284,1.7423,3
12.0284,1.6536,3
12.0284,1.5674,3
12.0284,1.4215,3
12.0284,1.2442,3
12.0284,1.0710,3
12.0285,0.9259,3
12.0285,0.9525,3
12.0285,1.0323,3
12.0285,1.1290,3
12.0285,1.1846,3
12.0285,1.2209,3
12.0286,1.3103,3
12.0286,1.4602,3
12.0286,1.7084,3
12.0286,1.9768,3
12.0286,2.2193,3
12.0286,2.4055,3
12.0286,2.5014,3
12.0287,2.4659,3
12.0287,2.2169,3
12.0287,1.8712,3
12.0287,1.6190,3
12.0287,1.3837,3
12.0287,1.1854,3
12.0288,1.1145,3
12.0288,1.1459,3
12.0288,1.2620,3
12.0288,1.3627,3
12.0288,1.4481,3
12.0289,1.5513,3
12.0289,1.6746,3
12.0289,1.8398,3
12.0289,1.9808,3
12.0289,2.0936,3
12.0289,2.1581,3
12.0290,2.2347,3
12.0290,2.2403,3
12.0290,2.1984,3
12.0290,2.1420,3
12.0290,2.0211,3
12.0290,1.8092,3
12.0290,1.5682,3
12.0291,1.3627,3
12.0291,1.2507,3
12.0291,1.2475,3
12.0291,1.3401,3
12.0291,1.5142,3
12.0291,1.6448,3
12.0292,1.7511,3
12.0292,1.8486,3
12.0292,1.9260,3
12.0292,1.9792,3
12.0292,2.0243,3
12.0292,2.0090,3
12.0292,1.8809,3
12.0293,1.7358,3
12.0293,1.6971,3
12.0293,1.6552,3
12.0293,1.5489,3
12.0293,1.4199,3
12.0293,1.3273,3
12.0294,1.3055,3
12.0294,1.3514,3
12.0294,1.4312,3
12.0294,1.5319,3
12.0294,1.6536,3
12.0294,1.7713,3
12.0294,1.8760,3
12.0295,1.9389,3
12.0295,1.9663,3
12.0295,1.9687,3
12.0295,1.9389,3
12.0295,1.8930,3
12.0295,1.8382,3
12.0296,1.7318,3
12.0296,1.5690,3
12.0296,1.2644,3
12.0296,0.8929,3
12.0296,0.5996,3
12.0296,0.4779,3
12.0297,0.5254,3
12.0297,0.7253,3
12.0297,1.0065,3
12.0297,1.3393,3
12.0297,1.6182,3
12.0298,1.8994,3
12.0298,2.1839,3
12.0298,2.3862,3
12.0298,2.5368,3
12.0298,2.6013,3
12.0298,2.5699,3
12.0299,2.5046,3
12.0299,2.4152,3
12.0299,2.2903,3
12.0299,2.1412,3
12.0299,1.8736,3
12.0299,1.4538,3
12.0299,1.0742,3
12.0300,0.7454,3
12.0300,0.6463,3
12.0300,0.6874,3
12.0300,0.8236,3
12.0300,0.9993,3
12.0300,1.1758,3
12.0300,1.3482,3
12.0301,1.5005,3
12.0301,1.6899,3
12.0301,1.8986,3
12.0301,2.1057,3
12.0301,2.2532,3
12.0301,2.3821,3
12.0302,2.4007,3
12.0302,2.3974,3
12.0302,2.3708,3
12.0302,2.2903,3
12.0302,2.1428,3
12.0302,1.8446,3
12.0302,1.4215,3
12.0303,1.0122,3
12.0303,0.7615,3
12.0303,0.6342,3
12.0303,0.7140,3
12.0303,0.9114,3
12.0303,1.1911,3
12.0304,1.4997,3
12.0304,1.8269,3
12.0304,2.1251,3
12.0304,2.3354,3
12.0304,2.4450,3
12.0304,2.3999,3
12.0304,2.2016,3
12.0305,1.9977,3
12.0305,1.8358,3
12.0305,1.6617,3
12.0305,1.5642,3
12.0305,1.4908,3
12.0305,1.4312,3
12.0306,1.3482,3
12.0306,1.3393,3
12.0306,1.3829,3
12.0306,1.4497,3
12.0306,1.5279,3
12.0306,1.6222,3
12.0306,1.7221,3
12.0307,1.8027,3
12.0307,1.8390,3
12.0307,1.8470,3
12.0307,1.8615,3
12.0307,1.8511,3
12.0307,1.8567,3
12.0308,1.8486,3
12.0308,1.8398,3
12.0308,1.8309,3
12.0308,1.8341,3
12.0308,1.8293,3
12.0308,1.8108,3
12.0309,1.8019,3
12.0309,1.6794,3
12.0309,1.4473,3
12.0309,1.1822,3
12.0309,1.0396,3
12.0309,0.9968,3
12.0310,1.0105,3
12.0310,1.1612,3
12.0310,1.3369,3
12.0310,1.4489,3
12.0310,1.3974,3
12.0310,1.2781,3
12.0310,1.1516,3
12.0311,1.1500,3
12.0311,1.2982,3
12.0311,1.5174,3
12.0311,1.6907,3
12.0311,1.7818,3
12.0311,1.8027,3
12.0311,1.7842,3
12.0312,1.8196,3
12.0312,1.8760,3
12.0312,1.9179,3
12.0312,1.9389,3
12.0312,1.8406,3
12.0312,1.6190,3
12.0313,1.4868,3
12.0313,1.3990,3
12.0313,1.2426,3
12.0313,1.2845,3
12.0313,1.2152,3
12.0313,1.2620,3
12.0314,1.3788,3
12.0314,1.5158,3
12.0314,1.6270,3
12.0314,1.7012,3
12.0314,1.7245,3
12.0314,1.7278,3
12.0314,1.7640,3
12.0315,1.7503,3
12.0315,1.8567,3
12.0315,1.9026,3
12.0315,1.9582,3
12.0315,1.9953,3
12.0315,1.9719,3
12.0316,1.9026,3
12.0316,1.8519,3
12.0316,1.8632,3
12.0316,1.9051,3
12.0316,1.8043,3
12.0316,1.8495,3
12.0317,1.9236,3
12.0317,1.9010,3
12.0317,1.9623,3
12.0317,1.9115,3
12.0317,1.8583,3
12.0317,1.8229,3
12.0317,1.8293,3
12.0318,1.8591,3
12.0318,1.8632,3
12.0318,1.8986,3
12.0318,1.8793,3
12.1667,1.7955,3
12.1668,1.6440,3
12.1668,1.4634,3
12.1668,1.2894,3
12.1668,1.1661,3
12.1668,1.1395,3
12.1669,1.1741,3
12.1669,1.1774,3
12.1669,1.1048,3
12.1669,1.0589,3
12.1669,1.0645,3
12.1669,1.1306,3
12.1670,1.2700,3
12.1670,1.4626,3
12.1670,1.6891,3
12.1670,1.8100,3
12.1670,1.9107,3
12.1670,2.0090,3
12.1670,2.0985,3
12.1671,2.1557,3
12.1671,2.2016,3
12.1671,2.2056,3
12.1671,2.2105,3
12.1671,2.1637,3
12.1671,2.0461,3
12.1672,1.8930,3
12.1672,1.7656,3
12.1672,1.6585,3
12.1672,1.5053,3
12.1672,1.3329,3
12.1672,1.1903,3
12.1673,1.1427,3
12.1673,1.1282,3
12.1673,0.8752,3
12.1673,0.6560,3
12.1673,0.5456,3
12.1673,0.6084,3
12.1674,0.8083,3
12.1674,1.1338,3
12.1674,1.4602,3
12.1674,1.7568,3
12.1674,1.9897,3
12.1674,2.2024,3
12.1675,2.4007,3
12.1675,2.5449,3
12.1675,2.6005,3
12.1675,2.5489,3
12.1675,2.4829,3
12.1675,2.4152,3
12.1676,2.3305,3
12.1676,2.2266,3
12.1676,2.0719,3
12.1676,1.8011,3
12.1676,1.5650,3
12.1676,1.3877,3
12.1676,1.2837,3
12.1677,1.1790,3
12.1677,1.0291,3
12.1677,0.9195,3
12.1677,0.9678,3
12.1677,1.0782,3
12.1677,1.2152,3
12.1678,1.3160,3
12.1678,1.3966,3
12.1678,1.4981,3
12.1678,1.6166,3
12.1678,1.7342,3
12.1678,1.8398,3
12.1679,2.0074,3
12.1679,2.0791,3
12.1679,2.0622,3
12.1679,2.0912,3
12.1679,2.0509,3
12.1679,2.0130,3
12.1680,2.0090,3
12.1680,2.0364,3
12.1680,2.0445,3
12.1680,2.0388,3
12.1680,2.0187,3
12.1680,1.9727,3
12.1680,1.9107,3
12.1681,1.8495,3
12.1681,1.7721,3
12.1681,1.6778,3
12.1681,1.5980,3
12.1681,1.4505,3
12.1681,1.2636,3
12.1682,1.1258,3
12.1682,1.0831,3
12.1682,1.1451,3
12.1682,1.2467,3
12.1682,1.3877,3
12.1682,1.4642,3
12.1683,1.4280,3
12.1683,1.2571,3
12.1683,1.1242,3
12.1683,1.0903,3
12.1683,1.1661,3
12.1683,1.3264,3
12.1684,1.5867,3
12.1684,1.8865,3
12.1684,2.1444,3
12.1684,2.3531,3
12.1684,2.4837,3
12.1684,2.4538,3
12.1684,2.3193,3
12.1685,2.1766,3
12.1685,2.0517,3
12.1685,1.8889,3
12.1685,1.7237,3
12.1685,1.5763,3
12.1685,1.4441,3
12.1686,1.3482,3
12.1686,1.2974,3
12.1686,1.3079,3
12.1686,1.2676,3
12.1686,1.1395,3
12.1686,1.0025,3
12.1687,0.8736,3
12.1687,0.8615,3
12.1687,1.0041,3
12.1687,1.2523,3
12.1687,1.5231,3
12.1687,1.7769,3
12.1687,1.9889,3
12.1688,2.1613,3
12.1688,2.3080,3
12.1688,2.3322,3
12.1688,2.3152,3
12.1688,2.2991,3
12.1689,2.2693,3
12.1689,2.2177,3
12.1689,2.1202,3
12.1689,2.0074,3
12.1689,1.8785,3
12.1689,1.7100,3
12.1689,1.5585,3
12.1690,1.4530,3
12.1690,1.3732,3
12.1690,1.3208,3
12.1690,1.2982,3
12.1690,1.2950,3
12.1690,1.3095,3
12.1691,1.3434,3
12.1691,1.3305,3
12.1691,1.2716,3
12.1691,1.2700,3
12.1691,1.3466,3
12.1691,1.4763,3
12.1691,1.5948,3
12.1692,1.6891,3
12.1692,1.7938,3
12.1692,1.8760,3
12.1692,1.9357,3
12.1692,1.9727,3
12.1692,2.0034,3
12.1693,1.9478,3
12.1693,1.6270,3
12.1693,1.1572,3
12.1693,0.8405,3
12.1693,0.7229,3
12.1694,0.8083,3
12.1694,1.0267,3
12.1694,1.2700,3
12.1694,1.4868,3
12.1694,1.6230,3
12.1694,1.6617,3
12.1694,1.6375,3
12.1695,1.5996,3
12.1695,1.6141,3
12.1695,1.6730,3
12.1695,1.7197,3
12.1695,1.7487,3
12.1695,1.7721,3
12.1696,1.8092,3
12.1696,1.8067,3
12.1696,1.8704,3
12.1696,1.8873,3
12.1696,1.8881,3
12.1696,1.9147,3
12.1696,1.9526,3
12.1697,2.0001,3
12.1697,2.0010,3
12.1697,1.9848,3
12.1697,1.9873,3
12.1697,1.9308,3
12.1697,1.6931,3
12.1698,1.3023,3
12.1698,1.1814,3
12.1698,1.1177,3
12.1698,1.1314,3
12.1698,1.1347,3
12.1699,1.1854,3
12.1699,1.2886,3
12.1699,1.4449,3
12.1699,1.6883,3
12.1699,1.9204,3
12.1700,2.1251,3
12.1700,2.3330,3
12.1700,2.5570,3
12.1700,2.7085,3
12.1700,2.8141,3
12.1700,2.7488,3
12.1700,2.4748,3
12.1701,2.0574,3
12.1701,1.6714,3
12.1701,1.3063,3
12.1701,1.0073,3
12.1701,0.7946,3
12.1701,0.7043,3
12.1702,0.7656,3
12.1702,0.9187,3
12.1702,1.1363,3
12.1702,1.3587,3
12.1702,1.5722,3
12.1702,1.7503,3
12.1702,1.8801,3
12.1703,1.9542,3
12.1703,1.9937,3
12.1703,2.0493,3
12.1703,2.0775,3
12.1703,1.9881,3
12.1704,1.8269,3
12.1704,1.6568,3
12.1704,1.5384,3
12.1704,1.3716,3
12.1704,1.0742,3
12.1704,0.7938,3
12.1704,0.6866,3
12.1705,0.6938,3
12.1705,0.8276,3
12.1705,1.0766,3
12.1705,1.4731,3
12.1705,1.8897,3
12.1705,2.2596,3
12.1706,2.5320,3
12.1706,2.7560,3
12.1706,2.9140,3
12.1706,2.8133,3
12.1706,2.6529,3
12.1706,2.4111,3
12.1706,2.1694,3
12.1707,1.9695,3
12.1707,1.7777,3
12.1707,1.6029,3
12.1707,1.4715,3
12.1707,1.4022,3
12.1707,1.3595,3
12.1708,1.3522,3
12.1708,1.3845,3
12.1708,1.4675,3
12.1708,1.5650,3
12.1708,1.6367,3
12.1709,1.6834,3
12.1709,1.6939,3
12.1709,1.6351,3
12.1709,1.4441,3
12.1709,1.2684,3
12.1709,1.2072,3
12.1709,1.2628,3
12.1710,1.4119,3
12.1710,1.6673,3
12.1710,1.9333,3
12.1710,2.1662,3
12.1710,2.3402,3
12.1710,2.4506,3
12.1711,2.4643,3
12.1711,2.4039,3
12.1711,2.2733,3
12.1711,1.9744,3
12.1711,1.5755,3
12.1711,1.0678,3
12.1711,0.5955,3
12.1712,0.2426,3
12.1712,0.1160,3
12.1712,0.2184,3
12.1712,0.5117,3
12.1712,0.9098,3
12.1712,1.3482,3
12.3153,1.7906,3
12.3153,2.1799,3
12.3153,2.4651,3
12.3154,2.6062,3
12.3154,2.6029,3
12.3154,2.4804,3
12.3154,2.3185,3
12.3154,2.1847,3
12.3154,2.0034,3
12.3155,1.7995,3
12.3155,1.5771,3
12.3155,1.3756,3
12.3155,1.2459,3
12.3155,1.2233,3
12.3155,1.2797,3
12.3155,1.3740,3
12.3156,1.4634,3
12.3156,1.5336,3
12.3156,1.5505,3
12.3156,1.5352,3
12.3156,1.3780,3
12.3156,1.2177,3
12.3157,1.1967,3
12.3157,1.3200,3
12.3157,1.5400,3
12.3157,1.8132,3
12.3157,2.0711,3
12.3157,2.3531,3
12.3157,2.5796,3
12.3158,2.7415,3
12.3158,2.7738,3
12.3158,2.7278,3
12.3158,2.6585,3
12.3158,2.5586,3
12.3158,2.3547,3
12.3159,2.0751,3
12.3159,1.7656,3
12.3159,1.4111,3
12.3159,1.1185,3
12.3160,0.8623,3
12.3160,0.7744,3
12.3160,0.8026,3
12.3160,0.9018,3
12.3160,1.0041,3
12.3160,1.0807,3
12.3161,1.0154,3
12.3161,0.8308,3
12.3161,0.6898,3
12.3161,0.6866,3
12.3161,0.7889,3
12.3161,0.9880,3
12.3161,1.3031,3
12.3162,1.6867,3
12.3162,2.0952,3
12.3162,2.4587,3
12.3162,2.7230,3
12.3162,2.8656,3
12.3162,2.8882,3
12.3163,2.8407,3
12.3163,2.7577,3
12.3163,2.6682,3
12.3163,2.5288,3
12.3163,2.1662,3
12.3163,1.6810,3
12.3164,1.2394,3
12.3164,0.9243,3
12.3164,0.7615,3
12.3164,0.8002,3
12.3164,0.9300,3
12.3164,1.1073,3
12.3165,1.3007,3
12.3165,1.4675,3
12.3165,1.5489,3
12.3165,1.5859,3
12.3165,1.5666,3
12.3165,1.6141,3
12.3166,1.5900,3
12.3166,1.5674,3
12.3166,1.5416,3
12.3166,1.5368,3
12.3166,1.5996,3
12.3166,1.7302,3
12.3166,1.8962,3
12.3167,2.0646,3
12.3167,2.2355,3
12.3167,2.3700,3
12.3167,2.4498,3
12.3167,2.4917,3
12.3167,2.4426,3
12.3168,2.2427,3
12.3168,1.9123,3
12.3168,1.6077,3
12.3168,1.3256,3
12.3168,1.1161,3
12.3168,1.0154,3
12.3169,1.0001,3
12.3169,1.0146,3
12.3169,0.8784,3
12.3169,0.7204,3
12.3169,0.6898,3
12.3169,0.7897,3
12.3169,1.0178,3
12.3170,1.3168,3
12.3170,1.6295,3
12.3170,1.8922,3
12.3170,2.1097,3
12.3170,2.2685,3
12.3170,2.3531,3
12.3171,2.4393,3
12.3171,2.4579,3
12.3171,2.4192,3
12.3171,2.3531,3
12.3171,2.2516,3
12.3171,2.0977,3
12.3172,1.7753,3
12.3172,1.4941,3
12.3172,1.3289,3
12.3172,1.2604,3
12.3172,1.3063,3
12.3172,1.4312,3
12.3173,1.5537,3
12.3173,1.5996,3
12.3173,1.4997,3
12.3173,1.3498,3
12.3173,1.1830,3
12.3173,1.0670,3
12.3174,1.0702,3
12.3174,1.2152,3
12.3174,1.4449,3
12.3174,1.7382,3
12.3174,2.0308,3
12.3174,2.2347,3
12.3175,2.3338,3
12.3175,2.3547,3
12.3175,2.3426,3
12.3175,2.3064,3
12.3175,2.2524,3
12.3175,2.1525,3
12.3175,2.0364,3
12.3176,1.9349,3
12.3176,1.7326,3
12.3176,1.3869,3
12.3176,1.0637,3
12.3176,0.8687,3
12.3176,0.7954,3
12.3177,0.8437,3
12.3177,1.0089,3
12.3177,1.2112,3
12.3177,1.4022,3
12.3177,1.5956,3
12.3177,1.6504,3
12.3178,1.7673,3
12.3178,1.8656,3
12.3178,1.9445,3
12.3178,1.9574,3
12.3178,1.9034,3
12.3178,1.8744,3
12.3179,1.8736,3
12.3179,1.8793,3
12.3179,1.8615,3
12.3179,1.6415,3
12.3179,1.2104,3
12.3179,0.8824,3
12.3180,0.7591,3
12.3180,0.8099,3
12.3180,0.9832,3
12.3180,1.2467,3
12.3180,1.5682,3
12.3180,1.8551,3
12.3180,2.0074,3
12.3181,2.0429,3
12.3181,1.9905,3
12.3181,1.9220,3
12.3181,1.8930,3
12.3181,1.8857,3
12.3181,1.9462,3
12.3182,1.9776,3
12.3182,1.9856,3
12.3182,1.9558,3
12.3182,1.8954,3
12.3182,1.7664,3
12.3182,1.6464,3
12.3183,1.5545,3
12.3183,1.5021,3
12.3183,1.5102,3
12.3183,1.5755,3
12.3183,1.6536,3
12.3183,1.7221,3
12.3184,1.7713,3
12.3184,1.8035,3
12.3184,1.7407,3
12.3184,1.6238,3
12.3184,1.5352,3
12.3184,1.5126,3
12.3184,1.5779,3
12.3185,1.7044,3
12.3185,1.8599,3
12.3185,2.0042,3
12.3185,2.0783,3
12.3185,2.0848,3
12.3185,1.9341,3
12.3186,1.6472,3
12.3186,1.3152,3
12.3186,1.0831,3
12.3186,0.9783,3
12.3186,1.0130,3
12.3186,1.0396,3
12.3187,0.9985,3
12.3187,1.0186,3
12.3187,1.0525,3
12.3187,1.1387,3
12.3187,1.2966,3
12.3187,1.5319,3
12.3187,1.8333,3
12.3188,2.1790,3
12.3188,2.4579,3
12.3188,2.6408,3
12.3188,2.7520,3
12.3188,2.6835,3
12.3188,2.3475,3
12.3189,1.9083,3
12.3189,1.5529,3
12.3189,1.2733,3
12.3189,1.0218,3
12.3189,0.8977,3
12.3189,0.8671,3
12.3190,0.9259,3
12.3190,1.0484,3
12.3190,1.2193,3
12.3190,1.4103,3
12.3190,1.6101,3
12.3190,1.7761,3
12.3190,1.9599,3
12.3191,2.0904,3
12.3191,2.2250,3
12.3191,2.3112,3
12.3191,2.3362,3
12.3191,2.3434,3
12.3191,2.3249,3
12.3192,2.2677,3
12.3192,2.1396,3
12.3192,2.0122,3
12.3192,1.9365,3
12.3192,1.8680,3
12.3192,1.7930,3
12.3193,1.7592,3
12.3193,1.7189,3
12.3193,1.7028,3
12.3193,1.6810,3
12.3193,1.6528,3
12.3193,1.6101,3
12.3193,1.5634,3
12.3194,1.5078,3
12.3194,1.4441,3
12.3194,1.3925,3
12.3194,1.2523,3
12.3194,1.1435,3
12.3194,1.1266,3
12.3195,1.1935,3
12.3195,1.3369,3
12.3195,1.5126,3
12.3195,1.6899,3
12.3195,1.8092,3
12.3195,1.8301,3
12.3195,1.7576,3
12.3196,1.7302,3
12.3196,1.6891,3
12.3196,1.6754,3
12.3196,1.6617,3
12.3196,1.6423,3
12.3196,1.6496,3
12.3197,1.6077,3
12.3197,1.5021,3
12.3197,1.4143,3
12.3197,1.4038,3
12.3197,1.4425,3
12.3197,1.4723,3
12.3198,1.4425,3
12.3198,1.3708,3
12.3198,1.3184,3
12.3198,1.3393,3
12.3198,1.4393,3
12.3198,1.6262,3
12.3198,1.7938,3
12.3199,1.9220,3
12.3199,1.9268,3
12.3199,1.8946,3
12.3199,1.8736,3
12.3199,1.8825,3
12.3199,1.9155,3
12.3200,1.9453,3
12.3200,1.9550,3
12.3200,1.9333,3
12.3200,1.8591,3
12.3200,1.7769,3
12.3200,1.7028,3
12.3201,1.6327,3
12.3201,1.5432,3
12.4802,1.4925,3
12.4803,1.4755,3
12.4804,1.4651,3
12.4804,1.5779,3
12.4804,1.6440,3
12.4804,1.6859,3
12.4804,1.7165,3
12.4804,1.7342,3
12.4805,1.7858,3
12.4805,1.7898,3
12.4805,1.7487,3
12.4805,1.6681,3
12.4805,1.5199,3
12.4805,1.2547,3
12.4805,0.9566,3
12.4806,0.7454,3
12.4806,0.7043,3
12.4806,0.8453,3
12.4806,1.1064,3
12.4806,1.4296,3
12.4806,1.7664,3
12.4807,2.0356,3
12.4807,2.2371,3
12.4807,2.3491,3
12.4807,2.3708,3
12.4807,2.3080,3
12.4807,2.2266,3
12.4807,2.0823,3
12.4808,1.9171,3
12.4808,1.7108,3
12.4808,1.5722,3
12.4808,1.4957,3
12.4808,1.4054,3
12.4808,1.3450,3
12.4809,1.2708,3
12.4809,1.1395,3
12.4809,1.1097,3
12.4809,1.1991,3
12.4809,1.3313,3
12.4809,1.5150,3
12.4810,1.7028,3
12.4810,1.8696,3
12.4810,1.9695,3
12.4810,2.0122,3
12.4810,1.8978,3
12.4811,1.6577,3
12.4811,1.4755,3
12.4811,1.3530,3
12.4811,1.3297,3
12.4811,1.4135,3
12.4811,1.5505,3
12.4811,1.6262,3
12.4812,1.6649,3
12.4812,1.6440,3
12.4812,1.8092,3
12.4812,1.8793,3
12.4812,1.9179,3
12.4812,1.8849,3
12.4813,1.8309,3
12.4813,1.7826,3
12.4813,1.6947,3
12.4813,1.6125,3
12.4813,1.5199,3
12.4814,1.4328,3
12.4814,1.3611,3
12.4814,1.2966,3
12.4814,1.2845,3
12.4814,1.2579,3
12.4814,1.1782,3
12.4815,1.1250,3
12.4815,1.1129,3
12.4815,1.1749,3
12.4815,1.3031,3
12.4815,1.4860,3
12.4815,1.6641,3
12.4815,1.8382,3
12.4816,2.0058,3
12.4816,2.1428,3
12.4816,2.2121,3
12.4816,2.1919,3
12.4816,2.1299,3
12.4816,2.1122,3
12.4817,2.0864,3
12.4817,2.0477,3
12.4817,1.9945,3
12.4817,1.9381,3
12.4817,1.7826,3
12.4817,1.6077,3
12.4818,1.5037,3
12.4818,1.4368,3
12.4818,1.4240,3
12.4818,1.4659,3
12.4818,1.5158,3
12.4819,1.5199,3
12.4819,1.4538,3
12.4819,1.4014,3
12.4819,1.3764,3
12.4819,1.4626,3
12.4819,1.6190,3
12.4819,1.7447,3
12.4820,1.6770,3
12.4820,1.4860,3
12.4820,1.3514,3
12.4820,1.3426,3
12.4820,1.4256,3
12.4820,1.5553,3
12.4821,1.7181,3
12.4821,1.9123,3
12.4821,2.0662,3
12.4821,2.1944,3
12.4821,2.2758,3
12.4821,2.2516,3
12.4822,2.1218,3
12.4822,1.8841,3
12.4822,1.6238,3
12.4822,1.3901,3
12.4822,1.2265,3
12.4822,1.1556,3
12.4823,1.1685,3
12.4823,1.2362,3
12.4823,1.3538,3
12.4823,1.4981,3
12.4823,1.6593,3
12.4823,1.8003,3
12.4824,1.8873,3
12.4824,1.9171,3
12.4824,1.9099,3
12.4824,1.8712,3
12.4824,1.7656,3
12.4824,1.6730,3
12.4825,1.6327,3
12.4825,1.6625,3
12.4825,1.7721,3
12.4825,1.8261,3
12.4825,1.7374,3
12.4825,1.6190,3
12.4826,1.5360,3
12.4826,1.5432,3
12.4826,1.6174,3
12.4826,1.7068,3
12.4826,1.7503,3
12.4826,1.7149,3
12.4827,1.7382,3
12.4827,1.6955,3
12.4827,1.5650,3
12.4827,1.4828,3
12.4827,1.4594,3
12.4827,1.4828,3
12.4827,1.5658,3
12.4828,1.6794,3
12.4828,1.8164,3
12.4828,1.9018,3
12.4828,1.9663,3
12.4828,1.9985,3
12.4829,1.9582,3
12.4829,1.8067,3
12.4829,1.5771,3
12.4829,1.4175,3
12.4829,1.2338,3
12.4829,1.1056,3
12.4830,1.0138,3
12.4830,1.0283,3
12.4830,1.1024,3
12.4830,1.2330,3
12.4830,1.3982,3
12.4830,1.5980,3
12.4830,1.7850,3
12.4831,1.9639,3
12.4831,2.1057,3
12.4831,2.1887,3
12.4831,2.1968,3
12.4831,2.1774,3
12.4831,2.1670,3
12.4832,2.1549,3
12.4832,2.1315,3
12.4832,2.0646,3
12.4832,1.9687,3
12.4832,1.8567,3
12.4832,1.7681,3
12.4833,1.7245,3
12.4833,1.7189,3
12.4833,1.7108,3
12.4833,1.6367,3
12.4833,1.5585,3
12.4834,1.4586,3
12.4834,1.3611,3
12.4834,1.3313,3
12.4834,1.3506,3
12.4834,1.3595,3
12.4834,1.2934,3
12.4835,1.1121,3
12.4835,0.9461,3
12.4835,0.8897,3
12.4835,0.9670,3
12.4835,1.1492,3
12.4836,1.3804,3
12.4836,1.6327,3
12.4836,1.8180,3
12.4836,1.8994,3
12.4836,1.9155,3
12.4836,1.9179,3
12.4837,1.9623,3
12.4837,2.0437,3
12.4837,2.1275,3
12.4837,2.1259,3
12.4837,2.0864,3
12.4837,2.0324,3
12.4837,1.9864,3
12.4838,1.9623,3
12.4838,1.8841,3
12.4838,1.7439,3
12.4838,1.5626,3
12.4839,1.4377,3
12.4839,1.3659,3
12.4839,1.3369,3
12.4839,1.3651,3
12.4839,1.4320,3
12.4839,1.5239,3
12.4840,1.6383,3
12.4840,1.7503,3
12.4840,1.8817,3
12.4840,1.9977,3
12.4840,2.1017,3
12.4840,2.1710,3
12.4840,2.1911,3
12.4841,2.1508,3
12.4841,2.0348,3
12.4841,1.9026,3
12.4841,1.8084,3
12.4841,1.5529,3
12.4841,1.3039,3
12.4842,1.1347,3
12.4842,1.0122,3
12.4842,0.9832,3
12.4842,1.0202,3
12.4842,1.1451,3
12.4842,1.3651,3
12.4842,1.6069,3
12.4843,1.8519,3
12.4843,2.0856,3
12.4843,2.2516,3
12.4843,2.2935,3
12.4843,2.2709,3
12.4843,2.1984,3
12.4844,2.0372,3
12.4844,1.9034,3
12.4844,1.6786,3
12.4844,1.4465,3
12.4844,1.2539,3
12.4844,1.1459,3
12.4844,1.1105,3
12.4845,1.1113,3
12.4845,1.1548,3
12.4845,1.2547,3
12.4845,1.3933,3
12.4845,1.5706,3
12.4845,1.7439,3
12.4846,1.7697,3
12.4846,1.6359,3
12.4846,1.4820,3
12.4846,1.3530,3
12.4846,1.2950,3
12.4846,1.2950,3
12.4847,1.3587,3
12.4847,1.4908,3
12.4847,1.6818,3
12.4847,1.9381,3
12.4847,2.1944,3
12.4847,2.4079,3
12.4847,2.5522,3
12.4848,2.6255,3
12.4848,2.6102,3
12.4848,2.5457,3
12.4848,2.4482,3
12.4849,2.2371,3
12.4849,1.9599,3
12.4849,1.7157,3
12.4849,1.4634,3
12.4849,1.3369,3
12.4849,1.1234,3
12.4849,1.0122,3
12.4850,1.0267,3
12.4850,0.9904,3
12.4850,0.9050,3
12.4850,0.7446,3
12.4850,0.5577,3
12.4850,0.4174,3
12.4851,0.4384,3
12.4851,0.6334,3
12.4851,0.9888,3
12.4851,1.4796,3
12.4851,1.9599,3
12.4851,2.3910,3
12.4851,2.7278,3
12.4852,2.9809,3
12.4852,3.0155,3
12.4852,2.8084,3
12.4852,2.6287,3
12.4852,2.3797,3
12.4852,2.0058,3
12.4853,1.7052,3
12.4853,1.4368,3
12.4853,1.2434,3
12.4853,1.1073,3
12.4853,1.0911,3
12.4853,1.1854,3
12.4854,1.3216,3
12.4854,1.5126,3
12.4854,1.7149,3
12.4854,1.9042,3
12.4854,2.0485,3
12.4854,2.1581,3
12.4855,2.2387,3
12.4855,2.2741,3
12.4855,2.2347,3
12.4855,2.0654,3
12.4855,1.7205,3
12.4855,1.3748,3
12.4855,1.1403,3
12.4856,1.0629,3
12.4856,1.0726,3
12.4856,1.1121,3
12.4856,1.1959,3
12.4856,1.3369,3
12.4856,1.5223,3
12.4857,1.7237,3
12.4857,1.9123,3
12.4857,2.1001,3
12.4857,2.2870,3
12.4857,2.4410,3
12.4857,2.5514,3
12.6953,2.5594,3
12.6953,2.5175,3
12.6953,2.3894,3
12.6953,2.0493,3
12.6953,1.6649,3
12.6953,1.3643,3
12.6954,1.1492,3
12.6954,0.9936,3
12.6954,0.8993,3
12.6954,0.8300,3
12.6954,0.7938,3
12.6954,0.8913,3
12.6955,1.0500,3
12.6955,1.3152,3
12.6955,1.5698,3
12.6955,1.7133,3
12.6955,1.7616,3
12.6955,1.7334,3
12.6955,1.6907,3
12.6956,1.6673,3
12.6956,1.7028,3
12.6956,1.8140,3
12.6956,1.9349,3
12.6956,2.0445,3
12.6956,2.1452,3
12.6956,2.1339,3
12.6957,1.9719,3
12.6957,1.7689,3
12.6957,1.6077,3
12.6957,1.5400,3
12.6957,1.5352,3
12.6957,1.5988,3
12.6958,1.6939,3
12.6958,1.7938,3
12.6958,1.9075,3
12.6958,1.9856,3
12.6958,2.0227,3
12.6958,1.9752,3
12.6959,1.8583,3
12.6959,1.7487,3
12.6959,1.7125,3
12.6959,1.7028,3
12.6959,1.7052,3
12.6960,1.6786,3
12.6960,1.5948,3
12.6960,1.4272,3
12.6960,1.2539,3
12.6960,1.1484,3
12.6960,1.1774,3
12.6960,1.3216,3
12.6961,1.5319,3
12.6961,1.7769,3
12.6961,2.0348,3
12.6961,2.2435,3
12.6961,2.3950,3
12.6961,2.4401,3
12.6962,2.4168,3
12.6962,2.3136,3
12.6962,2.1444,3
12.6962,1.9397,3
12.6962,1.7560,3
12.6962,1.5875,3
12.6963,1.4949,3
12.6963,1.3587,3
12.6963,1.2104,3
12.6963,1.1016,3
12.6963,1.0549,3
12.6963,1.0057,3
12.6964,1.0605,3
12.6964,1.1983,3
12.6964,1.4127,3
12.6964,1.6633,3
12.6964,1.8930,3
12.6964,2.0952,3
12.6964,2.2338,3
12.6965,2.2306,3
12.6965,2.1404,3
12.6965,2.0678,3
12.6965,1.9889,3
12.6965,1.8857,3
12.6965,1.7536,3
12.6966,1.5980,3
12.6966,1.4634,3
12.6966,1.3845,3
12.6966,1.3627,3
12.6966,1.4046,3
12.6966,1.4473,3
12.6967,1.4554,3
12.6967,1.4779,3
12.6967,1.4828,3
12.6967,1.4449,3
12.6967,1.3893,3
12.6967,1.3385,3
12.6968,1.3127,3
12.6968,1.3200,3
12.6968,1.3667,3
12.6968,1.4675,3
12.6968,1.5908,3
12.6968,1.7036,3
12.6968,1.7842,3
12.6969,1.8551,3
12.6969,1.8777,3
12.6969,1.9131,3
12.6969,1.9155,3
12.6969,1.8575,3
12.6969,1.8285,3
12.6969,1.8358,3
12.6970,1.8124,3
12.6970,1.7390,3
12.6970,1.6577,3
12.6970,1.6061,3
12.6970,1.6133,3
12.6971,1.6480,3
12.6971,1.7060,3
12.6971,1.7600,3
12.6971,1.8043,3
12.6971,1.8422,3
12.6971,1.8640,3
12.6971,1.8696,3
12.6972,1.7858,3
12.6972,1.6552,3
12.6972,1.5585,3
12.6972,1.4933,3
12.6972,1.4908,3
12.6972,1.5158,3
12.6973,1.4747,3
12.6973,1.3708,3
12.6973,1.3119,3
12.6973,1.3377,3
12.6973,1.4642,3
12.6973,1.6544,3
12.6974,1.8785,3
12.6974,2.0695,3
12.6974,2.1855,3
12.6974,2.2298,3
12.6974,2.2185,3
12.6974,2.1388,3
12.6975,2.0654,3
12.6975,1.9599,3
12.6975,1.6939,3
12.6975,1.2483,3
12.6975,0.7946,3
12.6975,0.5117,3
12.6975,0.4287,3
12.6976,0.5343,3
12.6976,0.7889,3
12.6976,1.1210,3
12.6976,1.5102,3
12.6976,1.8857,3
12.6976,2.2073,3
12.6977,2.4514,3
12.6977,2.6070,3
12.6977,2.6763,3
12.6977,2.5957,3
12.6977,2.4184,3
12.6978,2.1653,3
12.6978,1.8930,3
12.6978,1.6206,3
12.6978,1.3756,3
12.6978,1.1749,3
12.6978,1.0170,3
12.6978,0.9614,3
12.6979,0.9920,3
12.6979,1.0960,3
12.6979,1.2515,3
12.6979,1.4473,3
12.6979,1.6697,3
12.6979,1.8744,3
12.6979,2.0340,3
12.6980,2.1516,3
12.6980,2.2363,3
12.6980,2.3056,3
12.6980,2.3297,3
12.6980,2.2153,3
12.6980,2.0574,3
12.6981,1.9268,3
12.6981,1.8688,3
12.6981,1.8946,3
12.6981,1.9873,3
12.6981,2.0823,3
12.6981,2.1251,3
12.6982,2.0284,3
12.6982,1.7914,3
12.6982,1.4755,3
12.6982,1.1089,3
12.6982,0.8526,3
12.6982,0.7551,3
12.6983,0.8051,3
12.6983,0.9493,3
12.6983,1.1056,3
12.6983,1.2499,3
12.6983,1.4425,3
12.6983,1.6367,3
12.6983,1.7648,3
12.6984,1.8817,3
12.6984,1.9550,3
12.6984,2.0026,3
12.6984,2.0042,3
12.6984,1.9881,3
12.6984,1.9744,3
12.6985,1.9566,3
12.6985,1.9526,3
12.6985,1.9550,3
12.6985,1.9784,3
12.6985,1.7423,3
12.6985,1.4892,3
12.6985,1.1749,3
12.6986,0.9163,3
12.6986,0.7841,3
12.6986,0.8212,3
12.6986,0.9445,3
12.6986,1.0879,3
12.6986,1.2451,3
12.6986,1.4715,3
12.6987,1.7278,3
12.6987,1.9639,3
12.6987,2.1275,3
12.6987,2.2524,3
12.6987,2.3531,3
12.6987,2.4547,3
12.6988,2.4917,3
12.6988,2.4659,3
12.6988,2.3708,3
12.6988,2.1944,3
12.6988,1.9864,3
12.6988,1.7930,3
12.6989,1.6319,3
12.6989,1.4908,3
12.6989,1.3603,3
12.6989,1.2563,3
12.6989,1.1508,3
12.6989,1.1540,3
12.6990,1.2168,3
12.6990,1.3925,3
12.6990,1.6029,3
12.6990,1.7955,3
12.6990,1.9647,3
12.6990,2.0952,3
12.6990,2.1629,3
12.6991,2.1283,3
12.6991,1.9913,3
12.6991,1.7431,3
12.6991,1.4892,3
12.6991,1.2853,3
12.6991,1.1774,3
12.6992,1.1709,3
12.6992,1.2620,3
12.6992,1.3998,3
12.6992,1.5601,3
12.6992,1.7092,3
12.6992,1.8221,3
12.6993,1.8986,3
12.6993,1.9607,3
12.6993,1.9937,3
12.6993,1.9574,3
12.6993,1.8744,3
12.6993,1.7890,3
12.6993,1.7205,3
12.6994,1.6585,3
12.6994,1.5513,3
12.6994,1.4578,3
12.6994,1.4175,3
12.6994,1.4304,3
12.6994,1.4586,3
12.6995,1.4546,3
12.6995,1.4038,3
12.6995,1.2845,3
12.6995,1.1709,3
12.6995,1.1250,3
12.6995,1.1774,3
12.6995,1.2990,3
12.6996,1.4683,3
12.6996,1.6544,3
12.6996,1.8648,3
12.6996,2.0130,3
12.6996,2.1017,3
12.6996,2.1162,3
12.6997,2.0912,3
12.6997,2.0275,3
12.6997,1.9542,3
12.6997,1.9002,3
12.6997,1.8051,3
12.6997,1.6383,3
12.6997,1.4457,3
12.6998,1.2966,3
12.6998,1.1814,3
12.6998,1.0895,3
12.6998,1.0903,3
12.6998,1.1741,3
12.6998,1.3401,3
12.6999,1.5166,3
12.6999,1.6996,3
12.6999,1.8607,3
12.6999,1.9349,3
12.6999,1.8833,3
12.6999,1.6955,3
12.7000,1.4320,3
12.7000,1.1040,3
12.7000,0.8719,3
12.7000,0.8462,3
12.7000,0.9735,3
12.7000,1.2523,3
12.7001,1.5610,3
12.7001,1.9268,3
12.7001,2.2484,3
12.7001,2.4466,3
12.7001,2.6223,3
12.7001,2.7141,3
12.7001,2.6875,3
12.7002,2.5497,3
12.7002,2.3056,3
12.7002,1.9864,3
12.7002,1.6915,3
12.7002,1.4747,3
12.7002,1.3490,3
12.7002,1.2692,3
12.7003,1.3264,3
12.7003,1.3208,3
12.7003,1.2539,3
12.7003,1.1379,3
12.7003,0.9638,3
12.7004,0.8816,3
12.7004,0.9267,3
12.7004,1.1121,3
12.7004,1.4119,3
12.7004,1.7350,3
12.7004,2.0066,3
12.7005,2.2548,3
12.7005,2.4619,3
12.7005,2.6239,3
12.7005,2.7335,3
12.7005,2.7568,3
12.7005,2.6988,3
12.7005,2.4893,3
12.7006,2.2226,3
12.7006,1.9413,3
12.7006,1.7431,3
12.7006,1.5851,3
12.7006,1.4723,3
12.7006,1.4086,3
12.7007,1.3579,3
12.7007,1.3450,3
12.7007,1.2902,3
12.7007,1.1234,3
12.7007,0.8848,3
12.7007,0.6850,3
12.7007,0.5681,3
12.7008,0.5988,3
12.7008,0.7454,3
12.7008,1.0194,3
12.7008,1.3635,3
12.7008,1.7116,3
12.7008,1.9937,3
12.7009,2.1597,3
12.7009,2.2733,3
12.7009,2.3289,3
12.7009,2.3604,3
12.7009,2.3942,3
12.7009,2.4393,3
12.7009,2.3805,3
12.7010,2.2709,3
12.7010,2.1049,3
12.7010,1.9462,3
12.7010,1.7253,3
12.7010,1.5481,3
12.7010,1.4659,3
12.7011,1.3764,3
12.7011,1.3651,3
12.7011,1.3772,3
12.7011,1.4223,3
12.7011,1.4449,3
12.7011,1.4723,3
12.7012,1.5497,3
12.7012,1.5593,3
12.7012,1.6214,3
12.7012,1.6979,3
12.7012,1.7713,3
12.7012,1.8446,3
12.7012,1.8768,3
12.7013,1.8253,3
12.7013,1.7366,3
12.7013,1.6077,3
12.7013,1.4248,3
12.7013,1.2217,3
12.7014,1.0815,3
12.7014,1.1218,3
12.7014,1.2789,3
12.7014,1.5303,3
12.7014,1.8422,3
12.7014,2.1001,3
12.7014,2.2314,3
12.7015,2.2435,3
12.7015,2.1420,3
12.7015,2.0477,3
12.7015,1.8607,3
12.7015,1.7487,3
12.7015,1.6383,3
12.7016,1.5819,3
12.7016,1.5190,3
12.7016,1.5319,3
12.7016,1.4135,3
12.7016,1.4086,3
12.7016,1.4183,3
12.7016,1.4683,3
12.7017,1.5376,3
12.7017,1.6045,3
12.7017,1.6971,3
12.7017,1.7471,3
12.7017,1.7697,3
12.7017,1.7552,3
12.7018,1.7511,3
12.7018,1.7423,3
12.7018,1.7382,3
12.7018,1.7447,3
12.7018,1.8100,3
12.7018,1.8825,3
12.7018,1.9163,3
12.7019,1.9325,3
12.7019,1.9268,3
12.7019,1.9067,3
12.7019,1.8777,3
14.3651,1.5207,3
14.6025,1.5352,3
14.6026,1.5182,3
14.6026,1.5577,3
14.6026,1.5682,3
14.6027,1.5690,3
14.6027,1.5706,3
14.6027,1.5706,3
14.6027,1.5682,3
14.6027,1.5650,3
14.6027,1.5593,3
14.6028,1.5553,3
14.6028,1.5448,3
14.6028,1.5440,3
14.6028,1.5481,3
14.6028,1.5319,3
14.6028,1.5311,3
14.6029,1.5166,3
14.6029,1.5247,3
14.6029,1.5199,3
14.6029,1.4892,3
14.6029,1.5174,3
14.6030,1.5053,3
14.6030,1.5102,3
14.6030,1.5110,3
14.6030,1.5110,3
14.6030,1.5150,3
14.6030,1.5174,3
14.6031,1.5239,3
14.6031,1.5223,3
14.6031,1.5255,3
14.6031,1.5336,3
14.6031,1.5416,3
14.6031,1.5456,3
14.6032,1.5561,3
14.6032,1.5626,3
14.6032,1.5706,3
14.6032,1.5803,3
14.6032,1.5924,3
14.6032,1.5988,3
14.6033,1.6085,3
14.6033,1.6125,3
14.6033,1.6254,3
14.6033,1.6359,3
14.6033,1.6399,3
14.6033,1.6504,3
14.6034,1.6657,3
14.6034,1.6665,3
14.6034,1.6746,3
14.6034,1.6834,3
14.6034,1.6883,3
14.6034,1.6899,3
14.6035,1.6963,3
14.6035,1.7036,3
14.6035,1.7060,3
14.6035,1.7108,3
14.6035,1.7133,3
14.6035,1.7181,3
14.6035,1.7262,3
14.6036,1.7181,3
14.6036,1.7342,3
14.6036,1.7262,3
14.6036,1.7237,3
14.6036,1.7253,3
14.6036,1.7342,3
14.6037,1.7205,3
14.6037,1.7173,3
14.6037,1.7133,3
14.6037,1.7076,3
14.6037,1.7076,3
14.6037,1.6899,3
14.6038,1.6891,3
14.6038,1.6802,3
14.6038,1.6609,3
14.6038,1.6544,3
14.6038,1.6415,3
14.6038,1.6222,3
14.6039,1.6141,3
14.6039,1.6609,3
14.6039,1.5706,3
14.6039,1.5610,3
14.6039,1.5408,3
14.6039,1.5287,3
14.6040,1.5150,3
14.6040,1.4981,3
14.6040,1.4892,3
14.6040,1.4659,3
14.6040,1.4610,3
14.6040,1.4497,3
14.6041,1.4377,3
14.6041,1.4401,3
14.6041,1.4054,3
14.6041,1.3933,3
14.6041,1.3821,3
14.6041,1.3901,3
14.6042,1.3611,3
14.6042,1.3434,3
14.6042,1.3450,3
14.6042,1.3337,3
14.6042,1.3305,3
14.6042,1.3232,3
14.6043,1.3216,3
14.6043,1.3119,3
14.6043,1.3079,3
14.6043,1.3111,3
14.6043,1.3103,3
14.6043,1.3208,3
14.6044,1.3176,3
14.6044,1.3329,3
14.6044,1.3248,3
14.6044,1.3216,3
14.6044,1.3434,3
14.6044,1.3490,3
14.6045,1.3563,3
14.6045,1.3611,3
14.6045,1.3684,3
14.6045,1.3804,3
14.6045,1.3941,3
14.6045,1.3941,3
14.6045,1.4030,3
14.6046,1.4054,3
14.6046,1.4167,3
14.6046,1.4288,3
14.6046,1.4368,3
14.6046,1.4425,3
14.6046,1.4594,3
14.6047,1.4667,3
14.6047,1.4755,3
14.6047,1.4892,3
14.6047,1.5005,3
14.6047,1.5134,3
14.6047,1.5239,3
14.6048,1.5311,3
14.6048,1.5448,3
14.6048,1.5440,3
14.6048,1.5642,3
14.6048,1.5738,3
14.6048,1.5795,3
14.6049,1.5948,3
14.6049,1.6109,3
14.6049,1.6029,3
14.6049,1.6158,3
14.6049,1.6230,3
14.6049,1.6319,3
14.6050,1.6472,3
14.6050,1.6488,3
14.6050,1.6568,3
14.6050,1.6657,3
14.6050,1.6762,3
14.6050,1.6851,3
14.6051,1.6955,3
14.6051,1.7052,3
14.6051,1.7133,3
14.6051,1.7229,3
14.6051,1.7310,3
14.6051,1.7423,3
14.6051,1.7536,3
14.6052,1.7632,3
14.6052,1.7761,3
14.6052,1.7882,3
14.6052,1.7955,3
14.6052,1.7149,3
14.6052,1.8301,3
14.6053,1.8535,3
14.6053,1.8486,3
14.6053,1.8583,3
14.6053,1.8720,3
14.6053,1.8777,3
14.6053,1.8962,3
14.6054,1.8994,3
14.6054,1.9067,3
14.6054,1.9155,3
14.6054,1.9284,3
14.6054,1.9389,3
14.6054,1.9437,3
14.6055,1.9494,3
14.6055,1.9631,3
14.6055,1.9631,3
14.6055,1.9703,3
14.6055,1.9752,3
14.6055,2.0050,3
14.6056,1.9881,3
14.6056,1.9945,3
14.6056,2.0010,3
14.6056,2.0018,3
14.6056,2.0122,3
14.6056,2.0163,3
14.6056,2.0163,3
14.6057,2.0219,3
14.6057,2.0759,3
14.6057,2.0219,3
14.6057,2.0566,3
14.6057,2.0163,3
14.6057,2.0219,3
14.6058,2.0219,3
14.6058,2.0179,3
14.6058,2.0155,3
14.6058,2.0155,3
14.6058,2.0082,3
14.6058,2.0098,3
14.6059,2.0018,3
14.6059,1.9953,3
14.6059,1.9969,3
14.6059,1.9905,3
14.6059,1.9913,3
14.6059,1.9864,3
14.6060,1.9776,3
14.6060,1.9881,3
14.6060,1.9744,3
14.6060,1.9719,3
14.6060,1.9768,3
14.6060,1.9518,3
14.6061,1.9510,3
14.6061,1.9453,3
14.6061,1.9349,3
14.6061,1.9333,3
14.6061,1.9276,3
14.6061,1.9163,3
14.6062,1.9236,3
14.6062,1.8986,3
14.6062,1.8938,3
14.6062,1.8873,3
14.6062,1.8785,3
14.6062,1.8712,3
14.6062,1.8696,3
14.6063,1.8567,3
14.6063,1.8672,3
14.6063,1.8551,3
14.6063,1.8543,3
14.6063,1.8495,3
14.6063,1.8382,3
14.6064,1.8390,3
14.6064,1.8341,3
14.6064,1.8325,3
14.6064,1.8285,3
14.6064,1.8237,3
14.6064,1.8188,3
14.6065,1.8164,3
14.6065,1.8084,3
14.6065,1.8067,3
14.6065,1.7971,3
14.6065,1.7947,3
14.6065,1.7834,3
14.6066,1.7769,3
14.6066,1.7689,3
14.6066,1.8374,3
14.6066,1.7479,3
14.6066,1.7286,3
14.6066,1.7165,3
14.6067,1.7100,3
14.6067,1.6923,3
14.6067,1.6834,3
14.6067,1.6665,3
14.6067,1.6488,3
14.6067,1.6391,3
14.6067,1.6206,3
14.6068,1.6077,3
14.6068,1.5908,3
14.6068,1.5585,3
14.6068,1.4199,3
14.6068,1.3144,3
14.6068,1.2555,3
14.6069,1.2765,3
14.6069,1.3780,3
14.6069,1.5400,3
14.6069,1.7358,3
14.6069,1.9188,3
14.6069,2.0574,3
14.6070,2.1033,3
14.6070,2.0880,3
14.6070,2.0646,3
14.6070,2.0364,3
14.6070,1.9679,3
14.6070,1.8591,3
14.6071,1.7664,3
14.6071,1.6222,3
14.6071,1.4667,3
14.6071,1.3216,3
14.6071,1.1435,3
14.6071,1.0041,3
14.6072,0.9759,3
14.6072,1.0653,3
14.6072,1.2539,3
14.6072,1.4481,3
14.6072,1.7052,3
14.6072,1.8809,3
14.6072,2.0147,3
14.6073,2.1057,3
14.6073,2.2081,3
14.6073,2.1114,3
14.6073,2.0751,3
14.6073,2.0235,3
14.6073,1.9349,3
14.6074,1.8100,3
14.6074,1.6343,3
14.6074,1.4280,3
14.6074,1.2378,3
14.6074,1.1242,3
14.6074,1.0637,3
14.6075,1.1298,3
14.6075,1.1435,3
14.6075,1.1919,3
14.6075,1.2684,3
14.6075,1.3619,3
14.6075,1.5722,3
14.6076,1.6254,3
14.6076,1.7592,3
14.6076,1.8680,3
14.6076,1.9502,3
14.6076,2.0114,3
14.6076,2.0026,3
14.6077,2.0453,3
14.6077,2.0356,3
14.6077,2.0574,3
14.6077,1.9993,3
14.6077,1.8777,3
14.6077,1.7705,3
14.6078,1.6407,3
14.6078,1.5239,3
14.6078,1.4796,3
14.6078,1.4385,3
14.6078,1.4296,3
14.6078,1.4232,3
14.6078,1.4119,3
14.6079,1.4183,3
14.6079,1.4449,3
14.6079,1.4288,3
14.6079,1.3700,3
14.6079,1.2531,3
14.6079,1.1564,3
14.6080,1.0307,3
14.6080,1.1991,3
14.6080,1.3184,3
14.6080,1.4925,3
14.6080,1.6254,3
14.6080,1.7793,3
14.6081,1.9453,3
14.6081,2.0799,3
14.6081,2.1871,3
14.6081,2.2298,3
14.6081,2.2886,3
14.6081,2.3201,3
14.6082,2.2951,3
14.6082,2.2064,3
14.6082,2.0670,3
14.6082,1.8817,3
14.6082,1.7004,3
14.6082,1.5126,3
14.6082,1.3579,3
14.6083,1.2612,3
14.6083,1.2386,3
14.6083,1.2708,3
14.6083,1.3377,3
14.6084,1.4352,3
14.6084,1.5432,3
14.6084,1.6464,3
14.6084,1.7318,3
14.6084,1.7149,3
14.6084,1.6730,3
14.6084,1.6842,3
14.6085,1.6915,3
14.6085,1.7479,3
14.6085,1.8422,3
14.6085,1.9212,3
14.6085,1.9905,3
14.6085,2.0284,3
14.6086,2.0267,3
14.6086,2.0122,3
14.6086,1.9969,3
14.6086,1.9325,3
14.6086,1.7737,3
14.6086,1.5642,3
14.6087,1.3780,3
14.6087,1.2418,3
14.6087,1.1790,3
14.6087,1.1967,3
14.6087,1.2725,3
14.6087,1.3127,3
14.6088,1.3329,3
14.6088,1.3772,3
14.6088,1.4401,3
14.6088,1.5158,3
14.6088,1.5875,3
14.6088,1.6818,3
14.6089,1.7253,3
14.6089,1.7584,3
14.6089,1.8011,3
14.6089,1.8349,3
14.6089,1.8349,3
14.6089,1.7987,3
14.6090,1.6875,3
14.6090,1.5287,3
14.6090,1.3925,3
14.6090,1.3127,3
14.6090,1.2402,3
14.6090,1.1725,3
14.6091,1.1355,3
14.6091,1.1330,3
14.6091,1.1540,3
14.6091,1.2217,3
14.6091,1.2886,3
14.6091,1.2636,3
14.6091,1.1637,3
14.6092,1.1322,3
14.6092,1.2015,3
14.6092,1.3595,3
14.6092,1.5803,3
14.6092,1.8511,3
14.6092,2.1154,3
14.6093,2.3491,3
14.6093,2.5054,3
14.6093,2.5949,3
14.6093,2.5812,3
14.6093,2.4579,3
14.6093,2.2959,3
14.6094,2.1565,3
14.6094,1.9647,3
14.6094,1.7439,3
14.6094,1.5585,3
14.6094,1.4312,3
14.6094,1.3385,3
14.6095,1.2805,3
14.6095,1.2555,3
14.6095,1.2757,3
14.6095,1.3176,3
14.6095,1.4054,3
14.6095,1.4925,3
14.6095,1.5706,3
14.6096,1.6415,3
14.6096,1.7294,3
14.6096,1.8188,3
14.6096,1.8962,3
14.6096,1.9873,3
14.6096,2.0670,3
14.6097,2.0920,3
14.6097,2.1065,3
14.6097,2.0912,3
14.6097,2.0541,3
14.6097,2.0179,3
14.6097,1.9929,3
14.6098,1.9502,3
14.6098,1.9026,3
14.6098,1.8293,3
14.6098,1.7568,3
14.6098,1.6423,3
14.6098,1.5102,3
14.6099,1.3853,3
14.6099,1.2773,3
14.6099,1.1564,3
14.6099,1.0984,3
14.6099,1.1089,3
14.6099,1.1798,3
14.6100,1.2958,3
14.6100,1.4360,3
14.6100,1.5698,3
14.6100,1.6834,3
14.6100,1.7536,3
14.6100,1.7423,3
14.6101,1.6996,3
14.6101,1.6174,3
14.6101,1.5626,3
14.6101,1.5303,3
14.6101,1.5094,3
14.6101,1.4997,3
14.6101,1.4779,3
14.6102,1.4981,3
14.6102,1.5585,3
14.6102,1.6536,3
14.6102,1.7503,3
14.6102,1.7640,3
14.6102,1.7487,3
14.6103,1.7084,3
14.6103,1.6834,3
14.6103,1.7004,3
14.6103,1.7785,3
14.6103,1.8454,3
14.6103,1.8785,3
14.6104,1.8905,3
14.6104,1.8881,3
14.6104,1.8881,3
14.6104,1.8768,3
14.6104,1.8398,3
14.6104,1.7971,3
14.6105,1.7350,3
14.6105,1.7052,3
14.6105,1.6190,3
14.6105,1.4852,3
14.6105,1.4618,3
14.6105,1.4086,3
14.6105,1.4078,3
14.6106,1.3256,3
14.6106,1.2402,3
14.6106,1.1774,3
14.6106,1.1572,3
14.6106,1.2144,3
14.6106,1.3442,3
14.6107,1.4965,3
14.6107,1.6657,3
14.6107,1.8108,3
14.6107,1.9429,3
14.6107,2.0356,3
14.6107,2.0646,3
14.6108,2.0493,3
14.6108,2.0114,3
14.6108,1.9703,3
14.6108,1.9010,3
14.6108,1.8204,3
14.6108,1.7278,3
14.6109,1.6037,3
14.6109,1.4127,3
14.6109,1.1363,3
14.6109,0.8703,3
14.6109,0.6487,3
14.6109,0.5222,3
14.6109,0.5722,3
14.6110,0.7720,3
14.6110,1.0516,3
14.6110,1.3748,3
14.6110,1.6971,3
14.6110,1.9550,3
14.6110,2.1516,3
14.6111,2.2919,3
14.6111,2.3926,3
14.6111,2.3982,3
14.6111,2.3064,3
14.6111,2.1291,3
14.6111,1.8978,3
14.6112,1.6802,3
14.6112,1.5376,3
14.6112,1.4514,3
14.6112,1.4256,3
14.6112,1.4304,3
14.6112,1.4675,3
14.6113,1.5013,3
14.6113,1.5505,3
14.6113,1.5835,3
14.6113,1.5722,3
14.6113,1.5569,3
14.6113,1.5295,3
14.6113,1.5392,3
14.6114,1.6029,3
14.6114,1.6810,3
14.6114,1.7600,3
14.6114,1.8680,3
14.6114,1.9623,3
14.6114,2.0590,3
14.6115,2.1476,3
14.6115,2.1307,3
14.6115,2.0421,3
14.6115,1.7818,3
14.6115,1.3829,3
14.6115,0.9622,3
14.6116,0.6930,3
14.6116,0.6713,3
14.6116,0.8292,3
14.6116,1.0790,3
14.6116,1.3321,3
14.6116,1.5811,3
14.6117,1.8124,3
14.6117,2.0284,3
14.6117,2.2000,3
14.6117,2.3571,3
14.6117,2.4708,3
14.6117,2.5054,3
14.6118,2.4103,3
14.6118,2.1976,3
14.6118,1.9220,3
14.6118,1.6101,3
14.6118,1.2539,3
14.6118,0.9614,3
14.6119,0.7809,3
14.6119,0.7938,3
14.6119,0.9380,3
14.6119,1.1774,3
14.6119,1.4731,3
14.6119,1.7745,3
14.6119,2.0284,3
14.6120,2.2274,3
14.6120,2.3459,3
14.6120,2.4208,3
14.6120,2.4337,3
14.6120,2.3942,3
14.6120,2.3451,3
14.6121,2.2234,3
14.6121,2.1371,3
14.6121,2.0227,3
14.6121,1.8736,3
14.6121,1.7382,3
14.6121,1.6295,3
14.6122,1.5827,3
14.6122,1.5642,3
14.6122,1.5892,3
14.6122,1.5892,3
14.6122,1.5585,3
14.6122,1.4812,3
14.6122,1.2918,3
14.6123,0.9235,3
14.6123,0.5971,3
14.6123,0.4279,3
14.6123,0.4634,3
14.6123,0.6890,3
14.6123,1.0347,3
14.6124,1.4352,3
14.6124,1.8454,3
14.6124,2.1508,3
14.6124,2.3418,3
14.6124,2.4434,3
14.6124,2.4756,3
14.6124,2.4522,3
14.6125,2.3193,3
14.6125,2.1565,3
14.6125,1.9566,3
14.6125,1.7390,3
14.6125,1.5344,3
14.6125,1.3385,3
14.6126,1.1588,3
14.6126,1.0323,3
14.6126,0.9654,3
14.6126,0.9485,3
14.6126,0.9968,3
14.6126,1.0847,3
14.6127,1.0968,3
14.6127,1.1089,3
14.6127,1.1129,3
14.6127,1.1790,3
14.6127,1.3111,3
14.6127,1.4892,3
14.6128,1.7495,3
14.6128,1.9929,3
14.6128,2.2161,3
14.6128,2.3588,3
14.6128,2.3853,3
14.6128,2.3741,3
14.6128,2.3708,3
14.6129,2.3515,3
14.6129,2.2637,3
14.6129,2.1710,3
14.6129,2.0469,3
14.6129,1.9373,3
14.6129,1.8333,3
14.6130,1.7318,3
14.6130,1.6004,3
14.6130,1.4981,3
14.6130,1.4433,3
14.6130,1.4546,3
14.6130,1.4836,3
14.6131,1.5190,3
14.6131,1.5311,3
14.6131,1.4159,3
14.6131,1.1661,3
14.6131,0.9404,3
14.6131,0.8445,3
14.6132,0.8744,3
14.6132,0.9300,3
14.6132,1.0396,3
14.6132,1.2040,3
14.6132,1.4360,3
14.6132,1.7294,3
14.6132,2.0453,3
14.6133,2.2919,3
14.6133,2.4700,3
14.6133,2.5747,3
14.6133,2.6263,3
14.6133,2.6199,3
14.6133,2.5022,3
14.6134,2.2967,3
14.6134,2.0364,3
14.6134,1.6714,3
14.6134,1.3804,3
14.6134,1.1935,3
14.6134,1.0073,3
14.6135,0.7889,3
14.6135,0.6390,3
14.6135,0.6108,3
14.6135,0.7180,3
14.6135,0.9743,3
14.6135,1.2942,3
14.6135,1.6174,3
14.6136,1.8994,3
14.6136,2.1210,3
14.6136,2.2774,3
14.6136,2.3708,3
14.6136,2.4168,3
14.6136,2.3571,3
14.6137,2.1758,3
14.6137,1.9768,3
14.6137,1.8164,3
14.6137,1.7060,3
14.6137,1.6472,3
14.6137,1.6536,3
14.6138,1.7076,3
14.6138,1.7882,3
14.6138,1.8664,3
14.6138,1.9268,3
14.6138,1.9510,3
14.6138,1.9300,3
14.6139,1.8688,3
14.6139,1.7382,3
14.6139,1.5537,3
14.6139,1.3514,3
14.6139,1.1282,3
14.6139,0.8744,3
14.6139,0.6511,3
14.6140,0.5617,3
14.6140,0.6221,3
14.6140,0.8107,3
14.6140,1.1242,3
14.6140,1.4642,3
14.6140,1.8156,3
14.6141,2.0928,3
14.6141,2.3136,3
14.6141,2.4514,3
14.6141,2.4176,3
14.6141,2.2556,3
14.6141,2.0928,3
14.6142,1.9961,3
14.6142,1.9574,3
14.6142,1.9486,3
14.6142,1.8720,3
14.6142,1.7705,3
14.6142,1.6407,3
14.6142,1.6270,3
14.8699,1.5795,3
14.8700,1.5134,3
14.8700,1.3611,3
14.8700,1.1193,3
14.8700,0.8010,3
14.8700,0.5560,3
14.8700,0.4916,3
14.8701,0.5778,3
14.8701,0.7905,3
14.8701,1.1121,3
14.8701,1.5118,3
14.8701,1.9292,3
14.8701,2.3241,3
14.8702,2.6610,3
14.8702,2.9035,3
14.8702,3.0349,3
14.8702,3.0969,3
14.8702,3.0800,3
14.8702,2.8729,3
14.8702,2.6738,3
14.8703,2.4337,3
14.8703,2.1089,3
14.8703,1.7866,3
14.8703,1.5263,3
14.8703,1.3377,3
14.8703,1.1693,3
14.8704,1.0662,3
14.8704,1.0323,3
14.8704,1.0105,3
14.8704,0.9429,3
14.8704,0.7994,3
14.8704,0.5931,3
14.8705,0.4835,3
14.8705,0.5166,3
14.8705,0.6560,3
14.8705,0.9138,3
14.8705,1.2789,3
14.8705,1.6842,3
14.8706,2.0646,3
14.8706,2.4240,3
14.8706,2.7158,3
14.8706,2.8616,3
14.8706,2.9116,3
14.8706,2.9414,3
14.8707,2.8914,3
14.8707,2.7391,3
14.8707,2.5489,3
14.8707,2.3217,3
14.8707,2.0703,3
14.8707,1.7882,3
14.8708,1.5045,3
14.8708,1.2644,3
14.8708,1.0960,3
14.8708,0.9952,3
14.8708,0.9348,3
14.8708,0.7954,3
14.8708,0.6374,3
14.8709,0.6004,3
14.8709,0.6971,3
14.8709,0.9042,3
14.8709,1.1846,3
14.8709,1.5207,3
14.8709,1.8486,3
14.8710,2.1299,3
14.8710,2.3700,3
14.8710,2.5393,3
14.8710,2.6352,3
14.8710,2.6368,3
14.8710,2.5771,3
14.8711,2.4877,3
14.8711,2.3781,3
14.8711,2.2572,3
14.8711,2.1259,3
14.8711,1.9494,3
14.8711,1.6834,3
14.8712,1.2579,3
14.8712,0.7535,3
14.8712,0.3908,3
14.8712,0.2144,3
14.8712,0.2087,3
14.8712,0.3860,3
14.8712,0.7092,3
14.8713,1.1193,3
14.8713,1.5497,3
14.8713,1.9550,3
14.8713,2.2846,3
14.8716,2.5336,3
14.8716,2.6368,3
14.8716,2.5788,3
14.8716,2.4482,3
14.8716,2.3297,3
14.8716,2.2322,3
14.8717,2.1057,3
14.8717,1.9018,3
14.8717,1.6842,3
14.8717,1.4779,3
14.8717,1.2676,3
14.8718,1.0702,3
14.8718,0.9396,3
14.8718,0.9163,3
14.8718,0.9695,3
14.8718,1.0879,3
14.8718,1.2547,3
14.8718,1.4385,3
14.8719,1.5787,3
14.8719,1.7141,3
14.8719,1.8688,3
14.8719,1.9042,3
14.8719,1.9977,3
14.8719,2.1242,3
14.8720,2.2540,3
14.8720,2.3676,3
14.8720,2.4732,3
14.8720,2.5272,3
14.8720,2.5280,3
14.8720,2.4418,3
14.8721,2.3128,3
14.8721,2.1718,3
14.8721,2.0485,3
14.8721,1.9107,3
14.8721,1.7664,3
14.8721,1.6286,3
14.8722,1.4739,3
14.8722,1.3136,3
14.8722,1.1419,3
14.8722,1.0226,3
14.8722,0.9695,3
14.8722,1.0041,3
14.8722,1.0968,3
14.8723,1.2201,3
14.8723,1.3893,3
14.8723,1.5819,3
14.8723,1.7673,3
14.8723,1.8752,3
14.8723,1.8333,3
14.8724,1.6778,3
14.8724,1.5118,3
14.8724,1.4264,3
14.8724,1.3675,3
14.8724,1.4030,3
14.8724,1.4755,3
14.8725,1.5610,3
14.8725,1.6399,3
14.8725,1.7181,3
14.8725,1.7955,3
14.8725,1.8438,3
14.8725,1.8511,3
14.8726,1.8229,3
14.8726,1.7890,3
14.8726,1.7318,3
14.8726,1.7366,3
14.8726,1.6383,3
14.8726,1.2708,3
14.8727,0.7712,3
14.8727,0.3530,3
14.8727,0.1837,3
14.8727,0.2547,3
14.8727,0.4884,3
14.8727,0.8421,3
14.8727,1.2853,3
14.8728,1.7390,3
14.8728,2.1412,3
14.8728,2.4224,3
14.8728,2.5796,3
14.8728,2.6134,3
14.8728,2.5755,3
14.8729,2.5135,3
14.8729,2.4635,3
14.8729,2.2935,3
14.8729,2.0832,3
14.8729,1.8712,3
14.8729,1.6931,3
14.8729,1.6012,3
14.8730,1.5464,3
14.8730,1.5118,3
14.8730,1.4860,3
14.8730,1.4788,3
14.8730,1.5215,3
14.8730,1.5819,3
14.8731,1.6480,3
14.8731,1.7439,3
14.8731,1.8172,3
14.8731,1.8527,3
14.8731,1.8543,3
14.8731,1.8414,3
14.8732,1.8406,3
14.8732,1.8172,3
14.8732,1.7713,3
14.8732,1.6278,3
14.8732,1.4642,3
14.8732,1.3127,3
14.8733,1.2789,3
14.8733,1.3095,3
14.8733,1.4006,3
14.8733,1.4747,3
14.8733,1.5900,3
14.8733,1.7092,3
14.8734,1.7955,3
14.8734,1.8914,3
14.8734,1.9373,3
14.8734,1.9647,3
14.8734,1.9647,3
14.8734,1.9389,3
14.8735,1.8567,3
14.8735,1.7253,3
14.8735,1.4731,3
14.8735,1.2918,3
14.8735,1.1532,3
14.8735,1.0919,3
14.8736,1.1169,3
14.8736,1.2080,3
14.8736,1.3176,3
14.8736,1.4417,3
14.8736,1.5779,3
14.8736,1.7060,3
14.8736,1.8084,3
14.8737,1.8519,3
14.8737,1.8954,3
14.8737,1.9123,3
14.8737,1.8897,3
14.8737,1.7987,3
14.8737,1.6246,3
14.8738,1.4538,3
14.8738,1.2837,3
14.8738,1.2177,3
14.8738,1.1943,3
14.8738,1.2160,3
14.8738,1.1991,3
14.8739,1.2475,3
14.8739,1.3482,3
14.8739,1.4514,3
14.8739,1.5738,3
14.8739,1.7141,3
14.8739,1.8833,3
14.8740,2.0453,3
14.8740,2.2129,3
14.8740,2.3563,3
14.8740,2.4264,3
14.8740,2.4418,3
14.8740,2.4055,3
14.8741,2.3120,3
14.8741,2.1436,3
14.8741,1.9091,3
14.8741,1.6947,3
14.8741,1.5287,3
14.8741,1.4199,3
14.8742,1.3313,3
14.8742,1.2918,3
14.8742,1.2733,3
14.8742,1.2990,3
14.8742,1.3289,3
14.8742,1.4022,3
14.8743,1.4618,3
14.8743,1.5311,3
14.8743,1.5432,3
14.8743,1.5029,3
14.8743,1.4014,3
14.8743,1.3200,3
14.8744,1.3281,3
14.8744,1.3587,3
14.8744,1.4111,3
14.8744,1.4683,3
14.8744,1.5779,3
14.8744,1.7382,3
14.8744,1.8905,3
14.8745,1.9284,3
14.8745,1.8019,3
14.8745,1.6834,3
14.8745,1.5545,3
14.8745,1.5384,3
14.8746,1.5795,3
14.8746,1.6649,3
14.8746,1.7930,3
14.8746,1.8865,3
14.8746,1.9284,3
14.8746,1.9260,3
14.8746,1.8986,3
14.8747,1.8535,3
14.8747,1.8043,3
14.8747,1.7358,3
14.8747,1.6198,3
14.8747,1.5190,3
14.8747,1.3684,3
14.8748,1.2394,3
14.8748,1.1258,3
14.8748,1.0766,3
14.8748,1.1322,3
14.8748,1.2330,3
14.8748,1.3353,3
14.8749,1.3966,3
14.8749,1.5545,3
14.8749,1.6883,3
14.8749,1.8374,3
14.8749,1.9784,3
14.8749,2.0437,3
14.8749,2.0541,3
14.8750,1.9526,3
14.8750,1.7076,3
14.8750,1.4489,3
14.8750,1.2773,3
14.8750,1.1886,3
14.8751,1.2048,3
14.8751,1.3522,3
14.8751,1.6448,3
14.8751,1.9445,3
14.8751,2.2193,3
14.8751,2.4127,3
14.8752,2.5328,3
14.8752,2.3902,3
14.8752,2.1500,3
14.8752,1.8607,3
14.8752,1.6109,3
14.8752,1.4514,3
14.8753,1.3732,3
14.8753,1.3047,3
14.8753,1.2209,3
14.8753,1.1234,3
14.8753,1.0307,3
14.8753,0.9872,3
14.8753,1.0581,3
14.8754,1.2451,3
14.8754,1.4473,3
14.8754,1.5714,3
14.8754,1.5738,3
14.8754,1.5158,3
14.8754,1.5408,3
14.8755,1.5787,3
14.8755,1.6238,3
14.8755,1.6673,3
14.8755,1.7270,3
14.8755,1.7673,3
14.8755,1.8559,3
14.8755,1.9590,3
14.8756,2.0163,3
14.8756,2.0517,3
14.8756,2.0533,3
14.8756,2.0703,3
14.8756,2.0783,3
14.8756,2.0936,3
14.8757,2.0952,3
14.8757,2.0743,3
14.8757,1.9929,3
14.8757,1.9236,3
14.8757,1.8567,3
14.8757,1.7874,3
14.8758,1.7906,3
14.8758,1.7842,3
14.8758,1.7455,3
14.8758,1.6939,3
14.8758,1.6504,3
14.8758,1.6077,3
14.8758,1.6206,3
14.8759,1.6077,3
14.8759,1.5730,3
14.8759,1.5182,3
14.8759,1.5795,3
14.8759,1.5779,3
14.8759,1.5577,3
14.8760,1.5642,3
14.8760,1.6029,3
14.8760,1.6633,3
14.8760,1.6440,3
14.8760,1.7971,3
14.8761,1.8221,3
14.8761,1.8511,3
14.8761,1.8237,3
14.8761,1.6021,3
14.8761,1.1733,3
14.8761,0.7535,3
14.8761,0.4666,3
14.8762,0.3626,3
14.8762,0.4545,3
14.8762,0.6979,3
14.8762,1.0154,3
14.8762,1.3780,3
14.8762,1.7044,3
14.8762,1.9631,3
14.8763,2.1718,3
14.8763,2.3531,3
14.8763,2.4821,3
14.8763,2.4716,3
14.8763,2.3402,3
14.8763,2.1645,3
14.8764,2.1122,3
14.8764,2.0122,3
14.8764,1.8261,3
14.8764,1.6891,3
14.8764,1.4755,3
14.8764,1.2346,3
14.8765,1.0492,3
14.8765,0.9840,3
14.8765,0.9477,3
14.8765,1.0363,3
14.8765,1.1645,3
14.8765,1.3361,3
14.8765,1.5327,3
14.8766,1.7519,3
14.8766,1.9607,3
14.8766,2.0952,3
14.8766,2.1710,3
14.8766,2.1968,3
14.8766,2.1823,3
14.8767,2.1702,3
14.8767,2.1790,3
14.8767,2.2008,3
14.8767,2.2000,3
14.8767,2.1799,3
14.8767,2.1645,3
14.8767,2.1347,3
14.8768,2.0936,3
14.8768,2.0292,3
14.8768,1.9204,3
14.8768,1.7713,3
14.8768,1.5593,3
14.8768,1.3329,3
14.8769,1.1218,3
14.8769,0.9090,3
14.8769,0.6632,3
14.8769,0.4763,3
14.8769,0.3554,3
14.8769,0.4053,3
14.8769,0.6423,3
14.8770,1.0154,3
14.8770,1.4272,3
14.8770,1.7568,3
14.8770,2.0122,3
14.8770,2.1911,3
14.8770,2.2991,3
14.8771,2.3281,3
14.8771,2.2830,3
14.8771,2.1766,3
14.8771,2.0380,3
14.8771,1.8857,3
14.8771,1.7608,3
14.8772,1.6762,3
14.8772,1.6794,3
14.8772,1.6907,3
14.8772,1.7310,3
14.8772,1.7519,3
14.8772,1.7616,3
14.8773,1.7495,3
14.8773,1.7407,3
14.8773,1.7745,3
14.8773,1.8116,3
14.8773,1.8591,3
14.8773,1.8986,3
14.8773,1.9196,3
14.8774,1.9284,3
14.8774,1.9252,3
14.8774,1.8905,3
14.8774,1.8325,3
14.8774,1.7955,3
14.8774,1.8027,3
14.8775,1.8253,3
14.8775,1.8398,3
14.8775,1.8599,3
14.8775,1.8607,3
14.8775,1.8349,3
14.8775,1.7600,3
14.8776,1.6206,3
14.8776,1.3893,3
14.8776,1.1878,3
14.8776,1.0621,3
14.8776,1.0476,3
14.8776,1.0863,3
14.8777,1.2741,3
14.8777,1.4296,3
14.8777,1.5819,3
14.8777,1.7060,3
14.8777,1.7882,3
14.8777,1.8607,3
14.8778,1.8309,3
14.8778,1.7995,3
14.8778,1.7785,3
14.8778,1.7705,3
14.8778,1.7262,3
14.8778,1.6432,3
14.8778,1.5037,3
14.8779,1.3232,3
14.8779,1.1701,3
14.8779,1.0549,3
14.8779,1.0057,3
14.8779,1.0210,3
14.8779,1.0750,3
14.8780,1.1500,3
14.8780,1.2378,3
14.8780,1.3530,3
14.8780,1.5166,3
14.8780,1.6867,3
14.8780,1.8543,3
14.8781,2.0050,3
14.8781,2.1363,3
14.8781,2.2338,3
14.8781,2.2798,3
14.8781,2.2991,3
14.8781,2.2870,3
14.8782,2.2322,3
14.8782,2.1694,3
14.8782,2.0735,3
14.8782,1.9429,3
14.8782,1.7536,3
14.8782,1.5432,3
14.8782,1.3974,3
14.8783,1.3401,3
14.8783,1.3667,3
14.8783,1.4489,3
14.8783,1.5843,3
14.8783,1.7133,3
14.8783,1.7930,3
14.8784,1.8156,3
14.8784,1.7769,3
14.8784,1.7342,3
14.8784,1.6923,3
14.8784,1.6673,3
14.8784,1.6464,3
14.8784,1.6270,3
14.8785,1.5924,3
14.8785,1.5473,3
14.8785,1.3772,3
14.8785,1.0839,3
14.8785,0.7889,3
14.8785,0.5552,3
14.8786,0.4940,3
14.8786,0.6116,3
14.8786,0.8574,3
14.8786,1.1725,3
14.8786,1.5199,3
14.8786,1.8462,3
14.8787,2.1122,3
15.1534,2.3072,3
15.1535,2.4224,3
15.1535,2.4700,3
15.1535,2.4966,3
15.1535,2.3918,3
15.1535,2.1557,3
15.1535,1.9228,3
15.1536,1.6786,3
15.1536,1.4973,3
15.1536,1.3635,3
15.1536,1.2579,3
15.1536,1.2144,3
15.1537,1.2265,3
15.1537,1.2499,3
15.1537,1.2144,3
15.1537,1.1596,3
15.1537,1.1435,3
15.1537,1.2007,3
15.1538,1.3079,3
15.1538,1.4481,3
15.1538,1.5585,3
15.1538,1.6738,3
15.1538,1.8245,3
15.1538,1.9727,3
15.1538,2.0872,3
15.1539,2.1952,3
15.1539,2.1718,3
15.1539,2.1887,3
15.1539,2.2177,3
15.1539,2.2210,3
15.1539,2.1911,3
15.1540,2.1178,3
15.1540,2.0251,3
15.1540,1.9067,3
15.1540,1.7076,3
15.1540,1.4223,3
15.1540,1.1709,3
15.1541,1.0339,3
15.1541,1.0226,3
15.1541,1.1097,3
15.1541,1.2330,3
15.1541,1.3861,3
15.1541,1.5231,3
15.1541,1.6778,3
15.1542,1.8398,3
15.1542,1.9590,3
15.1542,2.0558,3
15.1542,2.0968,3
15.1542,2.0775,3
15.1542,2.0219,3
15.1543,1.9615,3
15.1543,1.8438,3
15.1543,1.6423,3
15.1543,1.4022,3
15.1543,1.1741,3
15.1543,1.0202,3
15.1544,0.9606,3
15.1544,1.0114,3
15.1544,1.1709,3
15.1544,1.3804,3
15.1544,1.6069,3
15.1544,1.8317,3
15.1545,2.0203,3
15.1545,2.1388,3
15.1545,2.1734,3
15.1545,2.1436,3
15.1545,2.0775,3
15.1546,1.9792,3
15.1546,1.8462,3
15.1546,1.6810,3
15.1546,1.5416,3
15.1546,1.4385,3
15.1546,1.3748,3
15.1547,1.3297,3
15.1547,1.2990,3
15.1547,1.2442,3
15.1547,1.1540,3
15.1547,1.0702,3
15.1547,1.0637,3
15.1547,1.1766,3
15.1548,1.3595,3
15.1548,1.5666,3
15.1548,1.7705,3
15.1548,1.9599,3
15.1548,2.0896,3
15.1548,2.1694,3
15.1549,2.1992,3
15.1549,2.1597,3
15.1549,2.0364,3
15.1549,1.8986,3
15.1549,1.7455,3
15.1549,1.5327,3
15.1550,1.2999,3
15.1550,1.1234,3
15.1550,1.0766,3
15.1550,1.1226,3
15.1550,1.2080,3
15.1550,1.3393,3
15.1551,1.5062,3
15.1551,1.6915,3
15.1551,1.9381,3
15.1551,2.1428,3
15.1551,2.2322,3
15.1551,2.1968,3
15.1552,2.0977,3
15.1552,1.9534,3
15.1552,1.7987,3
15.1552,1.6601,3
15.1552,1.5698,3
15.1552,1.5239,3
15.1553,1.5053,3
15.1553,1.5577,3
15.1553,1.6399,3
15.1553,1.7495,3
15.1553,1.8406,3
15.1553,1.9091,3
15.1553,1.9510,3
15.1554,1.9655,3
15.1554,1.9840,3
15.1554,1.9703,3
15.1554,1.9333,3
15.1554,1.7713,3
15.1554,1.4191,3
15.1555,1.0710,3
15.1555,0.8429,3
15.1555,0.7591,3
15.1555,0.8002,3
15.1555,0.9477,3
15.1555,1.1548,3
15.1556,1.4344,3
15.1556,1.7084,3
15.1556,1.9510,3
15.1556,2.1017,3
15.1556,2.1976,3
15.1556,2.2306,3
15.1556,2.1927,3
15.1557,2.0896,3
15.1557,1.9905,3
15.1557,1.9123,3
15.1557,1.8656,3
15.1557,1.8116,3
15.1557,1.7648,3
15.1558,1.7133,3
15.1558,1.6037,3
15.1558,1.6407,3
15.1558,1.6456,3
15.1558,1.6528,3
15.1558,1.6383,3
15.1559,1.6061,3
15.1559,1.5755,3
15.1559,1.5875,3
15.1559,1.6278,3
15.1559,1.6746,3
15.1559,1.7229,3
15.1559,1.7270,3
15.1560,1.6319,3
15.1560,1.3949,3
15.1560,1.1032,3
15.1560,0.8848,3
15.1560,0.7914,3
15.1560,0.7640,3
15.1561,0.8526,3
15.1561,1.0452,3
15.1561,1.3079,3
15.1561,1.6174,3
15.1561,1.9188,3
15.1561,2.1815,3
15.1562,2.3644,3
15.1562,2.4917,3
15.1562,2.5828,3
15.1562,2.6473,3
15.1562,2.6779,3
15.1562,2.5771,3
15.1562,2.3386,3
15.1563,2.0284,3
15.1563,1.7189,3
15.1563,1.4368,3
15.1563,1.2362,3
15.1563,1.1338,3
15.1563,1.1000,3
15.1564,1.1201,3
15.1564,1.1814,3
15.1564,1.2765,3
15.1564,1.3756,3
15.1564,1.4836,3
15.1564,1.5650,3
15.1565,1.6335,3
15.1565,1.7076,3
15.1565,1.7995,3
15.1565,1.8978,3
15.1565,1.9969,3
15.1565,2.0630,3
15.1566,2.0574,3
15.1566,1.9905,3
15.1566,1.8849,3
15.1566,1.7777,3
15.1566,1.6907,3
15.1566,1.6577,3
15.1567,1.6705,3
15.1567,1.6762,3
15.1567,1.6343,3
15.1567,1.5432,3
15.1567,1.4578,3
15.1567,1.3248,3
15.1567,1.2080,3
15.1568,1.1290,3
15.1568,1.0444,3
15.1568,1.0009,3
15.1568,1.0178,3
15.1568,1.0847,3
15.1568,1.1959,3
15.1569,1.3514,3
15.1569,1.5311,3
15.1569,1.7229,3
15.1569,1.8865,3
15.1569,1.9985,3
15.1569,2.0566,3
15.1570,2.0372,3
15.1570,1.9333,3
15.1570,1.7229,3
15.1570,1.4425,3
15.1570,1.2023,3
15.1570,1.0670,3
15.1570,1.0525,3
15.1571,1.1492,3
15.1571,1.2990,3
15.1571,1.4989,3
15.1571,1.6939,3
15.1571,1.8785,3
15.1571,2.0163,3
15.1572,2.0549,3
15.1572,1.9969,3
15.1572,1.8914,3
15.1572,1.8084,3
15.1572,1.7785,3
15.1572,1.7882,3
15.1572,1.8212,3
15.1573,1.8575,3
15.1573,1.8607,3
15.1573,1.8390,3
15.1573,1.8293,3
15.1573,1.8349,3
15.1573,1.8341,3
15.1574,1.8486,3
15.1574,1.8760,3
15.1574,1.9163,3
15.1574,1.9453,3
15.1574,1.9558,3
15.1574,1.9357,3
15.1575,1.8857,3
15.1575,1.8180,3
15.1575,1.7189,3
15.1575,1.5916,3
15.1575,1.4997,3
15.1575,1.4610,3
15.1576,1.4086,3
15.1576,1.2902,3
15.1576,1.1540,3
15.1576,1.0911,3
15.1576,1.1242,3
15.1576,1.2612,3
15.1577,1.4385,3
15.1577,1.6254,3
15.1577,1.7890,3
15.1577,1.9091,3
15.1577,2.0058,3
15.1577,2.0638,3
15.1577,2.0582,3
15.1578,2.0074,3
15.1578,1.9260,3
15.1578,1.8003,3
15.1578,1.5529,3
15.1578,1.1411,3
15.1578,0.7301,3
15.1579,0.4755,3
15.1579,0.4231,3
15.1579,0.5585,3
15.1579,0.8236,3
15.1579,1.1782,3
15.1579,1.5698,3
15.1580,1.9381,3
15.1580,2.2508,3
15.1580,2.4780,3
15.1580,2.5925,3
15.1580,2.6078,3
15.1580,2.5586,3
15.1581,2.4450,3
15.1581,2.2266,3
15.1581,1.8881,3
15.1581,1.5126,3
15.1581,1.1895,3
15.1581,0.9759,3
15.1581,0.9163,3
15.1582,0.9856,3
15.1582,1.1314,3
15.1582,1.3474,3
15.1582,1.5368,3
15.1582,1.7213,3
15.1582,1.8873,3
15.1583,2.0219,3
15.1583,2.0759,3
15.1583,2.0711,3
15.1583,2.0098,3
15.1583,1.9188,3
15.1583,1.8277,3
15.1584,1.7350,3
15.1584,1.5956,3
15.1584,1.4739,3
15.1584,1.3732,3
15.1584,1.3410,3
15.1584,1.2531,3
15.1585,1.2475,3
15.1585,1.3256,3
15.1585,1.4594,3
15.1585,1.6303,3
15.1585,1.7914,3
15.1585,1.9453,3
15.1586,2.0348,3
15.1586,2.1492,3
15.1586,2.1573,3
15.1586,2.1097,3
15.1586,2.0106,3
15.1586,1.8897,3
15.1586,1.6544,3
15.1587,1.3821,3
15.1587,1.1427,3
15.1587,0.9783,3
15.1587,0.9380,3
15.1587,0.8655,3
15.1587,0.8800,3
15.1588,0.9598,3
15.1588,1.0694,3
15.1588,1.1935,3
15.1588,1.3555,3
15.1588,1.5182,3
15.1588,1.6593,3
15.1588,1.7890,3
15.1589,1.9486,3
15.1589,2.1025,3
15.1589,2.2177,3
15.1589,2.2467,3
15.1589,2.1710,3
15.1589,2.0525,3
15.1590,1.9212,3
15.1590,1.7648,3
15.1590,1.6246,3
15.1590,1.5239,3
15.1590,1.4489,3
15.1590,1.4223,3
15.1591,1.4497,3
15.1591,1.5263,3
15.1591,1.6206,3
15.1591,1.7020,3
15.1591,1.7874,3
15.1591,1.8495,3
15.1592,1.8333,3
15.1592,1.7141,3
15.1592,1.5553,3
15.1592,1.3982,3
15.1592,1.2209,3
15.1592,1.1032,3
15.1592,1.1113,3
15.1593,1.2193,3
15.1593,1.3716,3
15.1593,1.5497,3
15.1593,1.7511,3
15.1593,1.9244,3
15.1593,2.0686,3
15.1594,2.1807,3
15.1594,2.2322,3
15.1594,2.2250,3
15.1594,2.1508,3
15.1594,2.0549,3
15.1594,1.9405,3
15.1595,1.8156,3
15.1595,1.7036,3
15.1595,1.6045,3
15.1595,1.5070,3
15.1595,1.4232,3
15.1595,1.3796,3
15.1596,1.3829,3
15.1596,1.4070,3
15.1596,1.4602,3
15.1596,1.4900,3
15.1596,1.5505,3
15.1596,1.6133,3
15.1596,1.6496,3
15.1597,1.6375,3
15.1597,1.5400,3
15.1597,1.4119,3
15.1597,1.1854,3
15.1597,0.9445,3
15.1597,0.8107,3
15.1598,0.7897,3
15.1598,0.8510,3
15.1598,0.9912,3
15.1598,1.1991,3
15.1598,1.4610,3
15.1598,1.7036,3
15.1598,1.9131,3
15.1599,2.0848,3
15.1599,2.1734,3
15.1599,2.2838,3
15.1599,2.3483,3
15.1599,2.3684,3
15.1599,2.3467,3
15.1600,2.2621,3
15.1600,2.0791,3
15.1600,1.8543,3
15.1600,1.6641,3
15.1600,1.5190,3
15.1600,1.4183,3
15.1601,1.3821,3
15.1601,1.3684,3
15.1601,1.3716,3
15.1601,1.3780,3
15.1601,1.3353,3
15.1601,1.3111,3
15.1601,1.3273,3
15.1602,1.3909,3
15.1602,1.5078,3
15.1602,1.6448,3
15.1602,1.7906,3
15.1602,1.8930,3
15.1602,1.9655,3
15.1603,2.0259,3
15.1603,2.0654,3
15.1603,2.0848,3
15.1603,2.0993,3
15.1603,2.0936,3
15.1603,2.0703,3
15.1603,2.0171,3
15.1604,1.9099,3
15.1604,1.8172,3
15.1604,1.7568,3
15.1604,1.7221,3
15.1604,1.6988,3
15.1604,1.5674,3
15.1605,1.4215,3
15.1605,1.2757,3
15.1605,1.1677,3
15.1605,1.1218,3
15.1605,1.1774,3
15.1605,1.2716,3
15.1606,1.3998,3
15.1606,1.5021,3
15.1606,1.5763,3
15.1606,1.6496,3
15.1606,1.7423,3
15.1606,1.7769,3
15.1606,1.7310,3
15.1607,1.7020,3
15.1607,1.6158,3
15.1607,1.4788,3
15.1607,1.2950,3
15.1607,1.0855,3
15.1607,0.9493,3
15.1608,0.9179,3
15.1608,0.9429,3
15.1608,1.0960,3
15.1608,1.2628,3
15.1608,1.4554,3
15.1608,1.6536,3
15.1608,1.8253,3
15.1609,1.9550,3
15.1609,2.0453,3
15.1609,2.0638,3
15.1609,2.0147,3
15.1609,1.9196,3
15.1610,1.8374,3
15.1610,1.7640,3
15.1610,1.6915,3
15.1610,1.6174,3
15.1610,1.5956,3
15.1610,1.5972,3
15.1611,1.6343,3
15.1611,1.7044,3
15.1611,1.7673,3
15.1611,1.8309,3
15.1611,1.8615,3
15.1611,1.8817,3
15.1611,1.8833,3
15.1612,1.8607,3
15.1612,1.7898,3
15.1612,1.6730,3
15.1612,1.5553,3
15.1612,1.4328,3
15.1612,1.2644,3
15.1613,1.1282,3
15.1613,1.0186,3
15.1613,0.9985,3
15.1613,1.0758,3
15.1613,1.2185,3
15.1613,1.3829,3
15.1613,1.5569,3
15.1614,1.7495,3
15.1614,1.8736,3
15.1614,1.9864,3
15.1614,2.0372,3
15.1614,2.0026,3
15.1614,1.8656,3
15.1615,1.6915,3
15.1615,1.5545,3
15.1615,1.4836,3
15.1615,1.4916,3
15.1615,1.5384,3
15.1615,1.6399,3
15.1616,1.7165,3
15.1616,1.8075,3
15.1616,1.8358,3
15.1616,1.8599,3
15.1616,1.8527,3
15.1616,1.8317,3
15.1616,1.7777,3
15.1617,1.7262,3
15.1617,1.6818,3
15.1617,1.6512,3
15.1617,1.6367,3
15.1617,1.6246,3
15.1617,1.6077,3
15.1618,1.5924,3
15.1618,1.5827,3
15.1618,1.5505,3
15.1618,1.5416,3
15.1618,1.5601,3
15.1618,1.6125,3
15.1618,1.6327,3
15.1619,1.6762,3
15.1619,1.7036,3
15.1619,1.7358,3
15.1619,1.7793,3
15.1619,1.8237,3
15.1619,1.8382,3
15.1620,1.8382,3
15.1620,1.7608,3
15.1620,1.6601,3
15.1620,1.5376,3
15.1620,1.4256,3
15.1620,1.3103,3
15.1621,1.2289,3
15.1621,1.2120,3
15.1621,1.2813,3
15.1621,1.3982,3
15.1621,1.5319,3
15.1621,1.6609,3
15.1621,1.7527,3
15.1622,1.8164,3
15.1622,1.8277,3
15.1622,1.7632,3
15.1622,1.6979,3
15.1622,1.6343,3
15.1622,1.5940,3
15.1623,1.5601,3
15.1623,1.5352,3
15.1623,1.4530,3
15.1623,1.3305,3
15.1623,1.1806,3
15.1623,1.0452,3
15.1623,1.0073,3
15.1624,1.0944,3
15.1624,1.2628,3
15.1624,1.4320,3
15.1624,1.6021,3
15.1624,1.7584,3
15.1624,1.8656,3
15.1625,1.9703,3
15.1625,2.0066,3
15.1625,2.0090,3
15.4613,1.9905,1
15.4613,1.9953,1
15.4614,1.9864,1
15.4614,1.9590,1
15.4614,1.9244,1
15.4614,1.8962,1
15.4615,1.8583,1
15.4615,1.8358,1
15.4615,1.8075,1
15.4615,1.7801,1
15.4615,1.7407,1
15.4615,1.7036,1
15.4615,1.6802,1
15.4616,1.6560,1
15.4616,1.6415,1
15.4616,1.6295,1
15.4616,1.6222,1
15.4616,1.6311,1
15.4616,1.5980,1
15.4617,1.5142,1
15.4617,1.3466,1
15.4617,1.1169,1
15.4617,0.8091,1
15.4617,0.5367,1
15.4617,0.4521,1
15.4617,0.5311,1
15.4618,0.8091,1
15.4618,1.1975,1
15.4618,1.6141,1
15.4618,2.0348,1
15.4618,2.3483,1
15.4618,2.5812,1
15.4618,2.6424,1
15.4619,2.5634,1
15.4619,2.3902,1
15.4619,2.1984,1
15.4619,1.9744,1
15.4619,1.7850,1
15.4619,1.6617,1
15.4619,1.5569,1
15.4620,1.4739,1
15.4620,1.4538,1
15.4620,1.4344,1
15.4620,1.3692,1
15.4620,1.2773,1
15.4621,1.2338,1
15.4621,1.2531,1
15.4621,1.2918,1
15.4621,1.3901,1
15.4621,1.4973,1
15.4621,1.6311,1
15.4621,1.7689,1
15.4622,1.8164,1
15.4622,1.8237,1
15.4622,1.8027,1
15.4622,1.8132,1
15.4622,1.8567,1
15.4622,1.8954,1
15.4623,1.9365,1
15.4623,1.9639,1
15.4623,1.9736,1
15.4623,1.9679,1
15.4623,1.9607,1
15.4623,1.9244,1
15.4624,1.8873,1
15.4624,1.8833,1
15.4624,1.7286,1
15.4624,1.5658,1
15.4624,1.4135,1
15.4624,1.2990,1
15.4625,1.2539,1
15.4625,1.2620,1
15.4625,1.2733,1
15.4625,1.2676,1
15.4625,1.3103,1
15.4625,1.3845,1
15.4626,1.5005,1
15.4626,1.6504,1
15.4626,1.7842,1
15.4626,1.8873,1
15.4626,1.9228,1
15.4626,1.9107,1
15.4626,1.8777,1
15.4627,1.8229,1
15.4627,1.7245,1
15.4627,1.5867,1
15.4627,1.4481,1
15.4627,1.3273,1
15.4627,1.1967,1
15.4628,1.0242,1
15.4628,0.8913,1
15.4628,0.8163,1
15.4628,0.8437,1
15.4628,0.9429,1
15.4628,1.1588,1
15.4629,1.4449,1
15.4629,1.6883,1
15.4629,1.9300,1
15.4629,2.1009,1
15.4629,2.2016,1
15.4629,2.2612,1
15.4629,2.2282,1
15.4630,2.1452,1
15.4630,2.0372,1
15.4630,1.9389,1
15.4630,1.8833,1
15.4630,1.8043,1
15.4630,1.7294,1
15.4631,1.6786,1
15.4631,1.6456,1
15.4631,1.6415,1
15.4631,1.6705,1
15.4631,1.7060,1
15.4631,1.7326,1
15.4632,1.7592,1
15.4632,1.7697,1
15.4632,1.7447,1
15.4632,1.7245,1
15.4632,1.6988,1
15.4632,1.6794,1
15.4632,1.6673,1
15.4633,1.6480,1
15.4633,1.6198,1
15.4633,1.5940,1
15.4633,1.5972,1
15.4633,1.6141,1
15.4633,1.5916,1
15.4634,1.5247,1
15.4634,1.4691,1
15.4634,1.4320,1
15.4634,1.4232,1
15.4634,1.4844,1
15.4634,1.5875,1
15.4635,1.7052,1
15.4635,1.7906,1
15.4635,1.8583,1
15.4635,1.8962,1
15.4635,1.9179,1
15.4635,1.8825,1
15.4636,1.7479,1
15.4636,1.5505,1
15.4636,1.3474,1
15.4636,1.2040,1
15.4636,1.1242,1
15.4636,1.1056,1
15.4637,1.1580,1
15.4637,1.2749,1
15.4637,1.3885,1
15.4637,1.5182,1
15.4637,1.6496,1
15.4637,1.7705,1
15.4637,1.8615,1
15.4638,1.9196,1
15.4638,1.9526,1
15.4638,1.9453,1
15.4638,1.9026,1
15.4638,1.8325,1
15.4638,1.6963,1
15.4639,1.5400,1
15.4639,1.3563,1
15.4639,1.1669,1
15.4639,0.9944,1
15.4639,0.8091,1
15.4639,0.7301,1
15.4640,0.7760,1
15.4640,0.9533,1
15.4640,1.2136,1
15.4640,1.5336,1
15.4640,1.8833,1
15.4640,2.1573,1
15.4641,2.3475,1
15.4641,2.4506,1
15.4641,2.4837,1
15.4641,2.4434,1
15.4641,2.3620,1
15.4641,2.2596,1
15.4641,2.0993,1
15.4642,1.8462,1
15.4642,1.5795,1
15.4642,1.3579,1
15.4642,1.2040,1
15.4642,1.0911,1
15.4642,1.0686,1
15.4643,1.1032,1
15.4643,1.2112,1
15.4643,1.3273,1
15.4643,1.4723,1
15.4643,1.5601,1
15.4643,1.6166,1
15.4643,1.6448,1
15.4644,1.6133,1
15.4644,1.5053,1
15.4644,1.3949,1
15.4644,1.3393,1
15.4644,1.3885,1
15.4644,1.5013,1
15.4645,1.6254,1
15.4645,1.6496,1
15.4645,1.6641,1
15.4645,1.6810,1
15.4645,1.7439,1
15.4646,1.8011,1
15.4646,1.8841,1
15.4646,1.9429,1
15.4646,1.9663,1
15.4646,1.9969,1
15.4646,2.0267,1
15.4646,2.0066,1
15.4647,1.9486,1
15.4647,1.8962,1
15.4647,1.8027,1
15.4647,1.6593,1
15.4647,1.5336,1
15.4647,1.4707,1
15.4648,1.4546,1
15.4648,1.4497,1
15.4648,1.4578,1
15.4648,1.4634,1
15.4648,1.4602,1
15.4648,1.4651,1
15.4649,1.4546,1
15.4649,1.4441,1
15.4649,1.4739,1
15.4649,1.5610,1
15.4649,1.6818,1
15.4649,1.8116,1
15.4650,1.9228,1
15.4650,2.0098,1
15.4650,2.0614,1
15.4650,2.0880,1
15.4650,2.0928,1
15.4650,2.0751,1
15.4651,2.0235,1
15.4651,1.9558,1
15.4651,1.8777,1
15.4651,1.8293,1
15.4651,1.7818,1
15.4651,1.7141,1
15.4652,1.5634,1
15.4652,1.2523,1
15.4652,0.8977,1
15.4652,0.6076,1
15.4652,0.4924,1
15.4652,0.5754,1
15.4652,0.8333,1
15.4653,1.2144,1
15.4653,1.6351,1
15.4653,2.0284,1
15.4653,2.2911,1
15.4653,2.4635,1
15.4653,2.4675,1
15.4654,2.3862,1
15.4654,2.2588,1
15.4654,2.0493,1
15.4654,1.7294,1
15.4654,1.4119,1
15.4654,1.1467,1
15.4655,1.0017,1
15.4655,0.9856,1
15.4655,1.0452,1
15.4655,1.1669,1
15.4655,1.3256,1
15.4655,1.5126,1
15.4656,1.6883,1
15.4656,1.8390,1
15.4656,1.9486,1
15.4656,2.0122,1
15.4656,2.0316,1
15.4656,2.0364,1
15.4657,2.0316,1
15.4657,2.0219,1
15.4657,2.0010,1
15.4657,1.9639,1
15.4657,1.9204,1
15.4657,1.8422,1
15.4657,1.7656,1
15.4658,1.7149,1
15.4658,1.6746,1
15.4658,1.6496,1
15.4658,1.6295,1
15.4658,1.5900,1
15.4658,1.4900,1
15.4659,1.2999,1
15.4659,1.1556,1
15.4659,1.0766,1
15.4659,1.0097,1
15.4659,0.9960,1
15.4659,1.0436,1
15.4660,1.1790,1
15.4660,1.3675,1
15.4660,1.5956,1
15.4660,1.8245,1
15.4660,2.0267,1
15.4660,2.1750,1
15.4661,2.2661,1
15.4661,2.3040,1
15.4661,2.2822,1
15.4661,2.1492,1
15.4661,1.9478,1
15.4661,1.7270,1
15.4662,1.5118,1
15.4662,1.3216,1
15.4662,1.1459,1
15.4662,1.0025,1
15.4662,0.9533,1
15.4662,1.0049,1
15.4662,1.1314,1
15.4663,1.2757,1
15.4663,1.3603,1
15.4663,1.3619,1
15.4663,1.3675,1
15.4663,1.4344,1
15.4663,1.5569,1
15.4664,1.6697,1
15.4664,1.6641,1
15.4664,1.5859,1
15.4664,1.4191,1
15.4664,1.2789,1
15.4664,1.2539,1
15.4665,1.3353,1
15.4665,1.5053,1
15.4665,1.7253,1
15.4665,1.9453,1
15.4665,2.1863,1
15.4665,2.3942,1
15.4666,2.5546,1
15.4666,2.6682,1
15.4666,2.6497,1
15.4666,2.5175,1
15.4666,2.3442,1
15.4666,2.1565,1
15.4667,1.9413,1
15.4667,1.7270,1
15.4667,1.5392,1
15.4667,1.4159,1
15.4667,1.3393,1
15.4667,1.3160,1
15.4667,1.2926,1
15.4668,1.2886,1
15.4668,1.2322,1
15.4668,1.1435,1
15.4668,1.0823,1
15.4668,1.0815,1
15.4668,1.1524,1
15.4669,1.2902,1
15.4669,1.4852,1
15.4669,1.7253,1
15.4669,1.9808,1
15.4669,2.2145,1
15.4669,2.3910,1
15.4670,2.4788,1
15.4670,2.5086,1
15.4670,2.4587,1
15.4670,2.2475,1
15.4671,1.9429,1
15.4671,1.6375,1
15.4671,1.3933,1
15.4671,1.2257,1
15.4671,1.1274,1
15.4671,1.1137,1
15.4672,1.1645,1
15.4672,1.2676,1
15.4672,1.3780,1
15.4672,1.4135,1
15.4672,1.3716,1
15.4672,1.3264,1
15.4672,1.3079,1
15.4673,1.3224,1
15.4673,1.3708,1
15.4673,1.4473,1
15.4673,1.5440,1
15.4673,1.6673,1
15.4673,1.8075,1
15.4674,1.9389,1
15.4674,2.0525,1
15.4674,2.1379,1
15.4674,2.1782,1
15.4674,2.1476,1
15.4674,2.0735,1
15.4675,2.0122,1
15.4675,1.9695,1
15.4675,1.9051,1
15.4675,1.8245,1
15.4675,1.7689,1
15.4675,1.7350,1
15.4676,1.7262,1
15.4676,1.7536,1
15.4676,1.7608,1
15.4676,1.7439,1
15.4676,1.7060,1
15.4676,1.6286,1
15.4676,1.5763,1
15.4677,1.5577,1
15.4677,1.5948,1
15.4677,1.6577,1
15.4677,1.6875,1
15.4677,1.5843,1
15.4677,1.4433,1
15.4678,1.2056,1
15.4678,0.9171,1
15.4678,0.6850,1
15.4678,0.5907,1
15.4678,0.6616,1
15.4678,0.8985,1
15.4678,1.2418,1
15.4679,1.6141,1
15.4679,1.9478,1
15.4679,2.1944,1
15.4679,2.3209,1
15.4679,2.3966,1
15.4679,2.4337,1
15.4680,2.3862,1
15.4680,2.2580,1
15.4680,2.0598,1
15.4680,1.8325,1
15.4680,1.6359,1
15.4680,1.4634,1
15.4680,1.2926,1
15.4681,1.1137,1
15.4681,0.9566,1
15.4681,0.8341,1
15.4681,0.7478,1
15.4681,0.7430,1
15.4681,0.8316,1
15.4682,0.9960,1
15.4682,1.1621,1
15.4682,1.3837,1
15.4682,1.5489,1
15.4682,1.7922,1
15.4682,1.8656,1
15.4683,1.9147,1
15.4683,1.9099,1
15.4683,1.9881,1
15.4683,2.0993,1
15.4683,2.2258,1
15.4683,2.3483,1
15.4683,2.4031,1
15.4684,2.3974,1
15.4684,2.3467,1
15.4684,2.2314,1
15.4684,2.1823,1
15.4684,2.0872,1
15.4685,1.9623,1
15.4685,1.8527,1
15.4685,1.7640,1
15.4685,1.6673,1
15.4685,1.5537,1
15.4685,1.3466,1
15.4686,1.1717,1
15.4686,1.0799,1
15.4686,1.0468,1
15.4686,1.0154,1
15.4686,0.9227,1
15.4686,0.7954,1
15.4686,0.6906,1
15.4687,0.6801,1
15.4687,0.7938,1
15.4687,1.0637,1
15.4687,1.4223,1
15.4687,1.7157,1
15.4687,1.8777,1
15.4687,1.9711,1
15.4688,2.0461,1
15.4688,1.9800,1
15.4688,2.0267,1
15.4688,2.0912,1
15.4688,2.1823,1
15.4688,2.1944,1
15.4689,2.2153,1
15.4689,2.1968,1
15.4689,2.0840,1
15.4689,1.9268,1
15.4689,1.8075,1
15.4689,1.7133,1
15.4690,1.6319,1
15.4690,1.5642,1
15.4690,1.4860,1
15.4690,1.4304,1
15.4690,1.4046,1
15.4690,1.3337,1
15.4691,1.2193,1
15.4691,1.1129,1
15.4691,1.0887,1
15.4691,1.1258,1
15.4691,1.1991,1
15.4691,1.3337,1
15.4692,1.5835,1
15.4692,1.8374,1
15.4692,2.1049,1
15.4692,2.3563,1
15.4692,2.5522,1
15.4692,2.5973,1
15.4692,2.5965,1
15.4693,2.5514,1
15.4693,2.4692,1
15.4693,2.3676,1
15.4693,2.2201,1
15.4693,2.0138,1
15.4693,1.8027,1
15.4694,1.6093,1
15.4694,1.3748,1
15.4694,1.0944,1
15.4694,0.8824,1
15.4694,0.7994,1
15.4694,0.8413,1
15.4694,1.0138,1
15.4695,1.2096,1
15.4695,1.4675,1
15.4695,1.7004,1
15.4695,1.8623,1
15.4695,1.9300,1
15.4695,1.9429,1
15.4696,1.9349,1
15.4696,1.9397,1
15.4696,1.9083,1
15.4696,1.8986,1
15.4696,1.8873,1
15.4696,1.8752,1
15.4697,1.8462,1
15.4697,1.7544,1
15.4697,1.6851,1
15.4697,1.4933,1
15.4697,1.2990,1
15.4697,1.2040,1
15.4697,1.1975,1
15.4698,1.2644,1
15.4698,1.3756,1
15.4698,1.5062,1
15.4698,1.6327,1
15.4698,1.7576,1
15.4698,1.8527,1
15.4699,1.8793,1
15.4699,1.8793,1
15.4699,1.8454,1
15.4699,1.8027,1
15.4699,1.7286,1
15.4699,1.7431,1
15.4700,1.7229,1
15.4700,1.6867,1
15.4700,1.6141,1
15.4700,1.5424,1
15.4700,1.4723,1
15.4700,1.4441,1
15.4701,1.4457,1
15.4701,1.4731,1
15.4701,1.5150,1
15.4701,1.5650,1
15.4701,1.6246,1
15.4701,1.6971,1
15.4701,1.7221,1
15.4702,1.6875,1
15.4702,1.5908,1
15.4702,1.4078,1
15.4702,1.2193,1
15.4702,1.0605,1
15.4702,1.0089,1
15.4703,1.0379,1
15.4703,1.1169,1
15.4703,1.2233,1
15.4703,1.2612,1
15.4703,1.2660,1
15.4703,1.2297,1
15.4703,1.2160,1
15.4704,1.3007,1
15.4704,1.4143,1
15.4704,1.5811,1
15.4704,1.7890,1
15.4704,1.9574,1
15.4704,2.1516,1
15.4705,2.2919,1
15.4705,2.3539,1
15.4705,2.3579,1
15.4705,2.2637,1
15.4705,2.1919,1
15.4705,2.1210,1
15.4706,1.9961,1
15.4706,1.8100,1
15.4706,1.6520,1
15.4706,1.5118,1
15.4706,1.4360,1
15.4706,1.4030,1
15.4707,1.4143,1
15.4707,1.4618,1
15.4707,1.5319,1
15.4707,1.6303,1
15.4707,1.7213,1
15.4707,1.8059,1
15.4707,1.9067,1
15.4708,1.9881,1
15.4708,2.0356,1
15.4708,2.0179,1
15.4708,2.0429,1
15.4708,1.9703,1
15.4708,1.8873,1
15.4709,1.8204,1
15.4709,1.7399,1
15.4709,1.7189,1
15.4709,1.7253,1
15.4709,1.7471,1
15.4709,1.7294,1
15.4710,1.7052,1
15.4710,1.7100,1
15.4710,1.6577,1
15.4710,1.6432,1
15.4710,1.6778,1
15.4710,1.7270,1
15.4711,1.7447,1
15.4711,1.7407,1
15.4711,1.7205,1
15.4711,1.6722,1
15.4711,1.5344,1
15.4711,1.2426,1
15.4712,0.8421,1
15.4712,0.5295,1
15.4712,0.3707,1
15.4712,0.4118,1
15.4712,0.6253,1
15.7997,0.9622,1
15.7997,1.3152,1
15.7997,1.6480,1
15.7998,1.9510,1
15.7998,2.1960,1
15.7998,2.3459,1
15.7998,2.3757,1
15.7998,2.2927,1
15.7998,2.1404,1
15.7998,1.9816,1
15.7999,1.8486,1
15.7999,1.7310,1
15.7999,1.6206,1
15.7999,1.5070,1
15.7999,1.3966,1
15.8000,1.3289,1
15.8000,1.2708,1
15.8000,1.2547,1
15.8000,1.2886,1
15.8000,1.3796,1
15.8000,1.5029,1
15.8001,1.5867,1
15.8001,1.7060,1
15.8001,1.8374,1
15.8001,1.9236,1
15.8001,2.0026,1
15.8001,2.0445,1
15.8001,2.0678,1
15.8002,2.0598,1
15.8002,2.0388,1
15.8002,1.9421,1
15.8002,1.8108,1
15.8002,1.7020,1
15.8002,1.6432,1
15.8003,1.6198,1
15.8003,1.6141,1
15.8003,1.6423,1
15.8003,1.6810,1
15.8003,1.7342,1
15.8003,1.7527,1
15.8004,1.7366,1
15.8004,1.6697,1
15.8004,1.6021,1
15.8004,1.5585,1
15.8004,1.5384,1
15.8004,1.5287,1
15.8005,1.5142,1
15.8005,1.5029,1
15.8005,1.5223,1
15.8005,1.5561,1
15.8005,1.6190,1
15.8005,1.6907,1
15.8005,1.8204,1
15.8006,1.7108,1
15.8006,1.7262,1
15.8006,1.6931,1
15.8006,1.6657,1
15.8006,1.6383,1
15.8006,1.6125,1
15.8007,1.6383,1
15.8007,1.6504,1
15.8007,1.6609,1
15.8007,1.6730,1
15.8007,1.6867,1
15.8007,1.6963,1
15.8008,1.7536,1
15.8008,1.7519,1
15.8008,1.7415,1
15.8008,1.7310,1
15.8008,1.7181,1
15.8008,1.7157,1
15.8008,1.6907,1
15.8009,1.6254,1
15.8009,1.5174,1
15.8009,1.4103,1
15.8009,1.3547,1
15.8009,1.3232,1
15.8009,1.0565,1
15.8010,0.8373,1
15.8010,0.6092,1
15.8010,0.5069,1
15.8010,0.5681,1
15.8010,0.7495,1
15.8010,0.9872,1
15.8010,1.2571,1
15.8011,1.5432,1
15.8011,1.8245,1
15.8011,2.0695,1
15.8011,2.2983,1
15.8011,2.4748,1
15.8012,2.4756,1
15.8012,2.4184,1
15.8012,2.2717,1
15.8012,2.0985,1
15.8012,1.9300,1
15.8012,1.8019,1
15.8012,1.7108,1
15.8013,1.6480,1
15.8013,1.5795,1
15.8013,1.5102,1
15.8013,1.4562,1
15.8013,1.4352,1
15.8013,1.4497,1
15.8014,1.4610,1
15.8014,1.5110,1
15.8014,1.5730,1
15.8014,1.6585,1
15.8014,1.7503,1
15.8014,1.7793,1
15.8015,1.7874,1
15.8015,1.7955,1
15.8015,1.7745,1
15.8015,1.7552,1
15.8015,1.7608,1
15.8015,1.7721,1
15.8016,1.8067,1
15.8016,1.8164,1
15.8016,1.7761,1
15.8016,1.6891,1
15.8016,1.6286,1
15.8016,1.6190,1
15.8016,1.6528,1
15.8017,1.7431,1
15.8017,1.8704,1
15.8017,1.9607,1
15.8017,2.0090,1
15.8017,2.0284,1
15.8017,2.0267,1
15.8017,1.9784,1
15.8018,1.8760,1
15.8018,1.7906,1
15.8018,1.6979,1
15.8018,1.6182,1
15.8018,1.5400,1
15.8018,1.4634,1
15.8019,1.3974,1
15.8019,1.3474,1
15.8019,1.3216,1
15.8019,1.3111,1
15.8019,1.3240,1
15.8019,1.3812,1
15.8020,1.4119,1
15.8020,1.4812,1
15.8020,1.5392,1
15.8020,1.6270,1
15.8020,1.6738,1
15.8020,1.7431,1
15.8020,1.8075,1
15.8021,1.8688,1
15.8021,1.8986,1
15.8021,1.8914,1
15.8021,1.8833,1
15.8021,1.8333,1
15.8021,1.7721,1
15.8022,1.7576,1
15.8022,1.7592,1
15.8022,1.7753,1
15.8022,1.8027,1
15.8022,1.8124,1
15.8022,1.8124,1
15.8023,1.7874,1
15.8023,1.7511,1
15.8023,1.7221,1
15.8023,1.6979,1
15.8023,1.6714,1
15.8023,1.6456,1
15.8023,1.6278,1
15.8024,1.5875,1
15.8024,1.5481,1
15.8024,1.5158,1
15.8024,1.4828,1
15.8024,1.4481,1
15.8025,1.4240,1
15.8025,1.3941,1
15.8025,1.3361,1
15.8025,1.2958,1
15.8025,1.2789,1
15.8025,1.2652,1
15.8026,1.2628,1
15.8026,1.2757,1
15.8026,1.2837,1
15.8026,1.3329,1
15.8026,1.4095,1
15.8026,1.5070,1
15.8027,1.6158,1
15.8027,1.7390,1
15.8027,1.8349,1
15.8027,1.8688,1
15.8027,1.8535,1
15.8027,1.7721,1
15.8027,1.6560,1
15.8028,1.5618,1
15.8028,1.5086,1
15.8028,1.5118,1
15.8028,1.5142,1
15.8028,1.5263,1
15.8029,1.5327,1
15.8029,1.5279,1
15.8029,1.5440,1
15.8029,1.5755,1
15.8030,1.6198,1
15.8030,1.6673,1
15.8030,1.6738,1
15.8030,1.7761,1
15.8030,1.8108,1
15.8030,1.8261,1
15.8031,1.8511,1
15.8031,1.7568,1
15.8031,1.7092,1
15.8031,1.6891,1
15.8031,1.6407,1
15.8031,1.6319,1
15.8031,1.5932,1
15.8032,1.5618,1
15.8032,1.5352,1
15.8032,1.5223,1
15.8032,1.5207,1
15.8032,1.5537,1
15.8032,1.6125,1
15.8032,1.7004,1
15.8033,1.7810,1
15.8033,1.8503,1
15.8033,1.8841,1
15.8033,1.9147,1
15.8033,1.9196,1
15.8033,1.8591,1
15.8034,1.7503,1
15.8034,1.6061,1
15.8034,1.5062,1
15.8034,1.5037,1
15.8034,1.5803,1
15.8034,1.6367,1
15.8035,1.7149,1
15.8035,1.7689,1
15.8035,1.8269,1
15.8035,1.8591,1
15.8035,1.8712,1
15.8035,1.8648,1
15.8036,1.8172,1
15.8036,1.6705,1
15.8036,1.4892,1
15.8036,1.3756,1
15.8036,1.3144,1
15.8036,1.2781,1
15.8037,1.2845,1
15.8037,1.3184,1
15.8037,1.3837,1
15.8037,1.4820,1
15.8037,1.5811,1
15.8037,1.6931,1
15.8037,1.7810,1
15.8038,1.8470,1
15.8038,1.8905,1
15.8038,1.9453,1
15.8038,1.9542,1
15.8038,1.9373,1
15.8038,1.9042,1
15.8039,1.8559,1
15.8039,1.8100,1
15.8039,1.7592,1
15.8039,1.7108,1
15.8039,1.6786,1
15.8039,1.6448,1
15.8040,1.6295,1
15.8040,1.6206,1
15.8040,1.6069,1
15.8040,1.5755,1
15.8040,1.5408,1
15.8040,1.5327,1
15.8040,1.5368,1
15.8041,1.5601,1
15.8041,1.6004,1
15.8041,1.6262,1
15.8041,1.6472,1
15.8041,1.6585,1
15.8041,1.6673,1
15.8042,1.6770,1
15.8042,1.6834,1
15.8042,1.6826,1
15.8042,1.6657,1
15.8042,1.6472,1
15.8042,1.5980,1
15.8043,1.5489,1
15.8043,1.5102,1
15.8043,1.4820,1
15.8043,1.4820,1
15.8043,1.5118,1
15.8043,1.5537,1
15.8043,1.5714,1
15.8044,1.6641,1
15.8044,1.7076,1
15.8044,1.7237,1
15.8044,1.7060,1
15.8044,1.6568,1
15.8045,1.5545,1
15.8045,1.4449,1
15.8045,1.3659,1
15.8045,1.3329,1
15.8045,1.3708,1
15.8045,1.4586,1
15.8046,1.5521,1
15.8046,1.6303,1
15.8046,1.6988,1
15.8046,1.7664,1
15.8046,1.8285,1
15.8046,1.8994,1
15.8046,1.9558,1
15.8047,1.9736,1
15.8047,1.9478,1
15.8047,1.9059,1
15.8047,1.8664,1
15.8047,1.8237,1
15.8047,1.7777,1
15.8048,1.7439,1
15.8048,1.7108,1
15.8048,1.6794,1
15.8048,1.6407,1
15.8048,1.5924,1
15.8048,1.5045,1
15.8049,1.4046,1
15.8049,1.3426,1
15.8049,1.3232,1
15.8049,1.3361,1
15.8049,1.4078,1
15.8049,1.4933,1
15.8050,1.6004,1
15.8050,1.7165,1
15.8050,1.8229,1
15.8050,1.9034,1
15.8050,1.9413,1
15.8050,1.9590,1
15.8051,1.9236,1
15.8051,1.8994,1
15.8051,1.8712,1
15.8051,1.8398,1
15.8051,1.7971,1
15.8051,1.7399,1
15.8051,1.6859,1
15.8052,1.6359,1
15.8052,1.5900,1
15.8052,1.5376,1
15.8052,1.4997,1
15.8052,1.4626,1
15.8052,1.4570,1
15.8053,1.5287,1
15.8053,1.4771,1
15.8053,1.4900,1
15.8053,1.5529,1
15.8053,1.5924,1
15.8053,1.6133,1
15.8053,1.5650,1
15.8054,1.4320,1
15.8054,1.2910,1
15.8054,1.1911,1
15.8054,1.1629,1
15.8055,1.2040,1
15.8055,1.2950,1
15.8055,1.4256,1
15.8055,1.5730,1
15.8055,1.7205,1
15.8055,1.8648,1
15.8056,1.9905,1
15.8056,2.0719,1
15.8056,2.1041,1
15.8056,2.0799,1
15.8056,2.0348,1
15.8056,1.9784,1
15.8056,1.9139,1
15.8057,1.8374,1
15.8057,1.7358,1
15.8057,1.6359,1
15.8057,1.5327,1
15.8057,1.4554,1
15.8057,1.4191,1
15.8058,1.4232,1
15.8058,1.4449,1
15.8058,1.4844,1
15.8058,1.5239,1
15.8058,1.5577,1
15.8058,1.5956,1
15.8058,1.6222,1
15.8059,1.6456,1
15.8059,1.6746,1
15.8059,1.7092,1
15.8059,1.7495,1
15.8059,1.7842,1
15.8060,1.8124,1
15.8060,1.8422,1
15.8060,1.8640,1
15.8060,1.8752,1
15.8060,1.8849,1
15.8060,1.8857,1
15.8060,1.8672,1
15.8061,1.8454,1
15.8061,1.8212,1
15.8061,1.8027,1
15.8061,1.7826,1
15.8061,1.7552,1
15.8061,1.7229,1
15.8062,1.6899,1
15.8062,1.6617,1
15.8062,1.6295,1
15.8062,1.6004,1
15.8062,1.5771,1
15.8062,1.5618,1
15.8063,1.5513,1
15.8063,1.5481,1
15.8063,1.5497,1
15.8063,1.5561,1
15.8063,1.5666,1
15.8063,1.5787,1
15.8063,1.5811,1
15.8064,1.6053,1
15.8064,1.6125,1
15.8064,1.6182,1
15.8064,1.6254,1
15.8064,1.6286,1
15.8064,1.6286,1
15.8065,1.6278,1
15.8065,1.6166,1
15.8065,1.6109,1
15.8065,1.5988,1
15.8065,1.5916,1
15.8065,1.5875,1
15.8066,1.5867,1
15.8066,1.5867,1
15.8066,1.5980,1
15.8066,1.6133,1
15.8066,1.6254,1
15.8066,1.6432,1
15.8066,1.6560,1
15.8067,1.6730,1
15.8067,1.6802,1
15.8067,1.6826,1
15.8067,1.6851,1
15.8067,1.6786,1
15.8067,1.6440,1
15.8067,1.5972,1
15.8068,1.5593,1
15.8068,1.5319,1
15.8068,1.5287,1
15.8068,1.5303,1
15.8068,1.5521,1
15.8068,1.5650,1
15.8069,1.5875,1
15.8069,1.6012,1
15.8069,1.6214,1
15.8069,1.6182,1
15.8069,1.6286,1
15.8070,1.6480,1
15.8070,1.6714,1
15.8070,1.6915,1
15.8070,1.6939,1
15.8070,1.6939,1
15.8070,1.6875,1
15.8070,1.6697,1
15.8071,1.6440,1
15.8071,1.6206,1
15.8071,1.6029,1
15.8071,1.6101,1
15.8071,1.5900,1
15.8071,1.5884,1
15.8072,1.5972,1
15.8072,1.6045,1
15.8072,1.6174,1
15.8072,1.6359,1
15.8072,1.6496,1
15.8072,1.6649,1
15.8073,1.6786,1
15.8073,1.6988,1
15.8073,1.7076,1
15.8073,1.7189,1
15.8073,1.7221,1
15.8073,1.7302,1
15.8073,1.7302,1
15.8074,1.7270,1
15.8074,1.7221,1
15.8074,1.7141,1
15.8074,1.6988,1
15.8074,1.6802,1
15.8074,1.6609,1
15.8075,1.6488,1
15.8075,1.6343,1
15.8075,1.6230,1
15.8075,1.6166,1
15.8075,1.6158,1
15.8075,1.6230,1
15.8076,1.6383,1
15.8076,1.6536,1
15.8076,1.6641,1
15.8076,1.6770,1
15.8076,1.6810,1
15.8076,1.6891,1
15.8077,1.6931,1
15.8077,1.6923,1
15.8077,1.6867,1
15.8077,1.6842,1
15.8077,1.6714,1
15.8077,1.6609,1
15.8077,1.6448,1
15.8078,1.6327,1
15.8078,1.6166,1
15.8078,1.6021,1
15.8078,1.5924,1
15.8078,1.5900,1
15.8078,1.5916,1
15.8079,1.5996,1
15.8079,1.6093,1
15.8079,1.6278,1
15.8079,1.6697,1
15.8079,1.6246,1
15.8080,1.6045,1
15.8080,1.5440,1
15.8080,1.5021,1
15.8080,1.4836,1
15.8080,1.5045,1
15.8080,1.5319,1
15.8080,1.5601,1
15.8081,1.6230,1
15.8081,1.6714,1
15.8081,1.7052,1
15.8081,1.7415,1
15.8081,1.7527,1
15.8081,1.7455,1
15.8081,1.7125,1
15.8082,1.6722,1
15.8082,1.6359,1
15.8082,1.6182,1
15.8082,1.6158,1
15.8082,1.6254,1
15.8082,1.6351,1
15.8083,1.6488,1
15.8083,1.6617,1
15.8083,1.6504,1
15.8083,1.6867,1
15.8083,1.6851,1
15.8083,1.6859,1
15.8083,1.6818,1
15.8084,1.6810,1
15.8084,1.6786,1
15.8084,1.6665,1
15.8084,1.6496,1
15.8084,1.6367,1
15.8084,1.6270,1
15.8085,1.6351,1
15.8085,1.6359,1
15.8085,1.6440,1
15.8085,1.6617,1
15.8085,1.7076,1
15.8085,1.7052,1
15.8085,1.7133,1
15.8086,1.7036,1
15.8086,1.6810,1
15.8086,1.6609,1
15.8086,1.6407,1
15.8086,1.6182,1
15.8086,1.6053,1
15.8087,1.6133,1
15.8087,1.6286,1
15.8087,1.6464,1
15.8087,1.6746,1
15.8087,1.6923,1
15.8087,1.7028,1
15.8087,1.7133,1
15.8088,1.7181,1
15.8088,1.7116,1
15.8088,1.7036,1
15.8088,1.6931,1
15.8088,1.6754,1
15.8088,1.6536,1
15.8089,1.6254,1
15.8089,1.6021,1
15.8089,1.5924,1
15.8089,1.5980,1
15.8089,1.5964,1
15.8089,1.5980,1
15.8090,1.6190,1
15.8090,1.6367,1
15.8090,1.6625,1
15.8090,1.6722,1
15.8090,1.6867,1
15.8090,1.6899,1
15.8091,1.6754,1
15.8091,1.6931,1
15.8091,1.6875,1
15.8091,1.6842,1
15.8091,1.6851,1
15.8091,1.6899,1
15.8091,1.6988,1
15.8092,1.7245,1
15.8092,1.7125,1
15.8092,1.7141,1
15.8092,1.7189,1
15.8092,1.7141,1
15.8092,1.7092,1
15.8092,1.7036,1
15.8093,1.6875,1
15.8093,1.6907,1
15.8093,1.6762,1
15.8093,1.6689,1
15.8093,1.6456,1
15.8093,1.6214,1
15.8094,1.6230,1
15.8094,1.6085,1
15.8094,1.6021,1
15.8094,1.5996,1
15.8094,1.5924,1
15.8095,1.5900,1
15.8095,1.5932,1
15.8095,1.5859,1
15.8095,1.5835,1
15.8095,1.5940,1
15.8095,1.6012,1
15.8096,1.6182,1
15.8096,1.6311,1
15.8096,1.6842,1
15.8096,1.6996,1
15.8096,1.7270,1
15.8096,1.7310,1
15.8096,1.7334,1
15.8097,1.7165,1
15.8097,1.6996,1
15.8097,1.6617,1
15.8097,1.6504,1
15.8097,1.6158,1
15.8097,1.6021,1
15.8098,1.5892,1
15.8098,1.5875,1
15.8098,1.5940,1
15.8098,1.6021,1
15.8098,1.6295,1
15.8098,1.6432,1
15.8098,1.6770,1
15.8099,1.6810,1
15.8099,1.6939,1
15.8099,1.7358,1
15.8099,1.6988,1
15.8099,1.7052,1
15.8099,1.7205,1
15.8100,1.6786,1
15.8100,1.6673,1
15.8100,1.6552,1
15.8100,1.6512,1
15.8100,1.6367,1
15.8100,1.6278,1
15.8100,1.6343,1
15.8101,1.6367,1
15.8101,1.6407,1
15.8101,1.6520,1
15.8101,1.6544,1
15.8101,1.6593,1
15.8101,1.6842,1
15.8102,1.6730,1
15.8102,1.6851,1
15.8102,1.6705,1
15.8102,1.6528,1
15.8102,1.6141,1
15.8102,1.6004,1
15.8103,1.6158,1
15.8103,1.5738,1
15.8103,1.5996,1
15.8103,1.6045,1
15.8103,1.6077,1
15.8103,1.6117,1
15.8103,1.6238,1
15.8104,1.6141,1
15.8104,1.6625,1
15.8104,1.6778,1
15.8104,1.6891,1
15.8104,1.6899,1
15.8105,1.7092,1
15.8105,1.7020,1
15.8105,1.6907,1
15.8105,1.6697,1
15.8105,1.6617,1
15.8105,1.6730,1
15.8105,1.6448,1
15.8106,1.6359,1
15.8106,1.6311,1
16.1505,1.6480,1
16.1505,1.6472,1
16.1506,1.6141,1
16.1506,1.6125,1
16.1506,1.6254,1
16.1506,1.6335,1
16.1506,1.6464,1
16.1506,1.6512,1
16.1507,1.6617,1
16.1507,1.6899,1
16.1507,1.6947,1
16.1507,1.7084,1
16.1507,1.6963,1
16.1507,1.7318,1
16.1507,1.7318,1
16.1508,1.7358,1
16.1508,1.7270,1
16.1508,1.7302,1
16.1508,1.6988,1
16.1508,1.6867,1
16.1508,1.6560,1
16.1509,1.6327,1
16.1509,1.6117,1
16.1509,1.5924,1
16.1509,1.5859,1
16.1509,1.5835,1
16.1509,1.5900,1
16.1510,1.6085,1
16.1510,1.6311,1
16.1510,1.6488,1
16.1510,1.6689,1
16.1510,1.6810,1
16.1510,1.6915,1
16.1511,1.6923,1
16.1511,1.6883,1
16.1511,1.6842,1
16.1511,1.6681,1
16.1511,1.6818,1
16.1511,1.6722,1
16.1511,1.6577,1
16.1512,1.6295,1
16.1512,1.6278,1
16.1512,1.6190,1
16.1512,1.6109,1
16.1512,1.6061,1
16.1512,1.6045,1
16.1513,1.6133,1
16.1513,1.6303,1
16.1513,1.6375,1
16.1513,1.6601,1
16.1513,1.6520,1
16.1513,1.6520,1
16.1514,1.6577,1
16.1514,1.6399,1
16.1514,1.6440,1
16.1514,1.6480,1
16.1514,1.6544,1
16.1514,1.6560,1
16.1515,1.6617,1
16.1515,1.6802,1
16.1515,1.6818,1
16.1515,1.6834,1
16.1515,1.6770,1
16.1515,1.6633,1
16.1516,1.6464,1
16.1516,1.6391,1
16.1516,1.6375,1
16.1516,1.6440,1
16.1516,1.6448,1
16.1516,1.6464,1
16.1517,1.6432,1
16.1517,1.6158,1
16.1517,1.5787,1
16.1517,1.5352,1
16.1517,1.5255,1
16.1517,1.5118,1
16.1517,1.5086,1
16.1518,1.5158,1
16.1518,1.5327,1
16.1518,1.5593,1
16.1518,1.5956,1
16.1518,1.6415,1
16.1518,1.6770,1
16.1519,1.7092,1
16.1519,1.7334,1
16.1519,1.7463,1
16.1519,1.7584,1
16.1519,1.6544,1
16.1520,1.7511,1
16.1520,1.7527,1
16.1520,1.7495,1
16.1520,1.7342,1
16.1520,1.7181,1
16.1520,1.7237,1
16.1521,1.6988,1
16.1521,1.6875,1
16.1521,1.6730,1
16.1521,1.6560,1
16.1521,1.6480,1
16.1521,1.6367,1
16.1521,1.6319,1
16.1522,1.6278,1
16.1522,1.6254,1
16.1522,1.6246,1
16.1522,1.6182,1
16.1522,1.6206,1
16.1522,1.6432,1
16.1523,1.6625,1
16.1523,1.6859,1
16.1523,1.7439,1
16.1523,1.7253,1
16.1523,1.7455,1
16.1523,1.7632,1
16.1524,1.7745,1
16.1524,1.7850,1
16.1524,1.7826,1
16.1524,1.7777,1
16.1524,1.8043,1
16.1524,1.7245,1
16.1525,1.7036,1
16.1525,1.6770,1
16.1525,1.6504,1
16.1525,1.6359,1
16.1525,1.6230,1
16.1525,1.6101,1
16.1526,1.6012,1
16.1526,1.5948,1
16.1526,1.5940,1
16.1526,1.6012,1
16.1526,1.6125,1
16.1526,1.6246,1
16.1527,1.6432,1
16.1527,1.6536,1
16.1527,1.6883,1
16.1527,1.6714,1
16.1527,1.6778,1
16.1527,1.6907,1
16.1527,1.6786,1
16.1528,1.6762,1
16.1528,1.6705,1
16.1528,1.6601,1
16.1528,1.6544,1
16.1528,1.6464,1
16.1528,1.6319,1
16.1529,1.6190,1
16.1529,1.6214,1
16.1529,1.6238,1
16.1529,1.6359,1
16.1529,1.6472,1
16.1529,1.6601,1
16.1530,1.6778,1
16.1530,1.6826,1
16.1530,1.6979,1
16.1530,1.6979,1
16.1530,1.7052,1
16.1530,1.7060,1
16.1531,1.6955,1
16.1531,1.6875,1
16.1531,1.6778,1
16.1531,1.6633,1
16.1531,1.6552,1
16.1531,1.6415,1
16.1532,1.6238,1
16.1532,1.6182,1
16.1532,1.6101,1
16.1532,1.6037,1
16.1532,1.6109,1
16.1532,1.6133,1
16.1533,1.6238,1
16.1533,1.6359,1
16.1533,1.6560,1
16.1533,1.6617,1
16.1533,1.6730,1
16.1533,1.6778,1
16.1533,1.6714,1
16.1534,1.6705,1
16.1534,1.6705,1
16.1534,1.6705,1
16.1534,1.6689,1
16.1535,1.6714,1
16.1535,1.6641,1
16.1535,1.6609,1
16.1535,1.6504,1
16.1535,1.6359,1
16.1535,1.6158,1
16.1535,1.6085,1
16.1536,1.6117,1
16.1536,1.6069,1
16.1536,1.6262,1
16.1536,1.6488,1
16.1536,1.6633,1
16.1536,1.6834,1
16.1537,1.6915,1
16.1537,1.7060,1
16.1537,1.7036,1
16.1537,1.7004,1
16.1537,1.6907,1
16.1537,1.6842,1
16.1538,1.6689,1
16.1538,1.6577,1
16.1538,1.6488,1
16.1538,1.6383,1
16.1538,1.6198,1
16.1538,1.6053,1
16.1538,1.6004,1
16.1539,1.5851,1
16.1539,1.5996,1
16.1539,1.6053,1
16.1539,1.6270,1
16.1539,1.6480,1
16.1539,1.6641,1
16.1540,1.6762,1
16.1540,1.6883,1
16.1540,1.7012,1
16.1540,1.7060,1
16.1540,1.7068,1
16.1540,1.7068,1
16.1541,1.6979,1
16.1541,1.6818,1
16.1541,1.6705,1
16.1541,1.6585,1
16.1541,1.6423,1
16.1541,1.6254,1
16.1542,1.6101,1
16.1542,1.5940,1
16.1542,1.5980,1
16.1542,1.5996,1
16.1542,1.6029,1
16.1542,1.6021,1
16.1542,1.6029,1
16.1543,1.6174,1
16.1543,1.6246,1
16.1543,1.6456,1
16.1543,1.6786,1
16.1543,1.6826,1
16.1543,1.7640,1
16.1544,1.7036,1
16.1544,1.7044,1
16.1544,1.7076,1
16.1544,1.7012,1
16.1544,1.6947,1
16.1544,1.6802,1
16.1545,1.6577,1
16.1545,1.6432,1
16.1545,1.6327,1
16.1545,1.6432,1
16.1545,1.6174,1
16.1545,1.6085,1
16.1546,1.6270,1
16.1546,1.6399,1
16.1546,1.6528,1
16.1546,1.6689,1
16.1546,1.6818,1
16.1546,1.6842,1
16.1547,1.6899,1
16.1547,1.6955,1
16.1547,1.6963,1
16.1547,1.6963,1
16.1547,1.6899,1
16.1547,1.6746,1
16.1547,1.6746,1
16.1548,1.6625,1
16.1548,1.6488,1
16.1548,1.6335,1
16.1548,1.6222,1
16.1548,1.6182,1
16.1548,1.6125,1
16.1549,1.6222,1
16.1549,1.6254,1
16.1549,1.6278,1
16.1549,1.6496,1
16.1549,1.6649,1
16.1549,1.6722,1
16.1550,1.6826,1
16.1550,1.6939,1
16.1550,1.6955,1
16.1550,1.6915,1
16.1550,1.6778,1
16.1550,1.6810,1
16.1551,1.6617,1
16.1551,1.6520,1
16.1551,1.6351,1
16.1551,1.6254,1
16.1551,1.6149,1
16.1551,1.6069,1
16.1552,1.6004,1
16.1552,1.6061,1
16.1552,1.6101,1
16.1552,1.6222,1
16.1552,1.6286,1
16.1552,1.6480,1
16.1552,1.6625,1
16.1553,1.6746,1
16.1553,1.6842,1
16.1553,1.6915,1
16.1553,1.6907,1
16.1553,1.6947,1
16.1553,1.7012,1
16.1554,1.6794,1
16.1554,1.6746,1
16.1554,1.6697,1
16.1554,1.6560,1
16.1554,1.6407,1
16.1554,1.6327,1
16.1555,1.6166,1
16.1555,1.6166,1
16.1555,1.6149,1
16.1555,1.6254,1
16.1555,1.6295,1
16.1555,1.6472,1
16.1556,1.6585,1
16.1556,1.6697,1
16.1556,1.6778,1
16.1556,1.6826,1
16.1556,1.6907,1
16.1556,1.6794,1
16.1557,1.6891,1
16.1557,1.6883,1
16.1557,1.6794,1
16.1557,1.6633,1
16.1557,1.6536,1
16.1557,1.6375,1
16.1557,1.6278,1
16.1558,1.6254,1
16.1558,1.6101,1
16.1558,1.6061,1
16.1558,1.6149,1
16.1558,1.6141,1
16.1558,1.6278,1
16.1559,1.6367,1
16.1559,1.6544,1
16.1559,1.6536,1
16.1559,1.6770,1
16.1559,1.6859,1
16.1559,1.6899,1
16.1560,1.6915,1
16.1560,1.6907,1
16.1560,1.6826,1
16.1560,1.6730,1
16.1560,1.6649,1
16.1560,1.6520,1
16.1561,1.6440,1
16.1561,1.6311,1
16.1561,1.6190,1
16.1561,1.6093,1
16.1561,1.6061,1
16.1561,1.6117,1
16.1561,1.6222,1
16.1562,1.6375,1
16.1562,1.6488,1
16.1562,1.6601,1
16.1562,1.6705,1
16.1562,1.6842,1
16.1562,1.6859,1
16.1563,1.6931,1
16.1563,1.6931,1
16.1563,1.6875,1
16.1563,1.6826,1
16.1563,1.6778,1
16.1563,1.6609,1
16.1564,1.6512,1
16.1564,1.6367,1
16.1564,1.6286,1
16.1564,1.6198,1
16.1564,1.6109,1
16.1565,1.6085,1
16.1565,1.6061,1
16.1565,1.6190,1
16.1565,1.6286,1
16.1565,1.6407,1
16.1565,1.6536,1
16.1565,1.6649,1
16.1566,1.6778,1
16.1566,1.6794,1
16.1566,1.6907,1
16.1566,1.6931,1
16.1566,1.6883,1
16.1566,1.6851,1
16.1567,1.6770,1
16.1567,1.6657,1
16.1567,1.6528,1
16.1567,1.6423,1
16.1567,1.6303,1
16.1567,1.6166,1
16.1568,1.6053,1
16.1568,1.6012,1
16.1568,1.6045,1
16.1568,1.6149,1
16.1568,1.6246,1
16.1568,1.6415,1
16.1569,1.6544,1
16.1569,1.6641,1
16.1569,1.6746,1
16.1569,1.6826,1
16.1569,1.6915,1
16.1570,1.6923,1
16.1570,1.6907,1
16.1570,1.6923,1
16.1570,1.6826,1
16.1570,1.6730,1
16.1570,1.6593,1
16.1571,1.6456,1
16.1571,1.6311,1
16.1571,1.6254,1
16.1571,1.6190,1
16.1571,1.6149,1
16.1571,1.6174,1
16.1572,1.6206,1
16.1572,1.6343,1
16.1572,1.6480,1
16.1572,1.6617,1
16.1572,1.6689,1
16.1572,1.6818,1
16.1573,1.6907,1
16.1573,1.6915,1
16.1573,1.6923,1
16.1573,1.6955,1
16.1573,1.6875,1
16.1573,1.6834,1
16.1574,1.6746,1
16.1574,1.6649,1
16.1574,1.6536,1
16.1574,1.6383,1
16.1574,1.6286,1
16.1575,1.6109,1
16.1575,1.6061,1
16.1575,1.6061,1
16.1575,1.6101,1
16.1575,1.6182,1
16.1575,1.6359,1
16.1576,1.6528,1
16.1576,1.6714,1
16.1576,1.6818,1
16.1576,1.6939,1
16.1576,1.7020,1
16.1576,1.6996,1
16.1577,1.6899,1
16.1577,1.6601,1
16.1577,1.6520,1
16.1577,1.6383,1
16.1577,1.6270,1
16.1577,1.6166,1
16.1578,1.6141,1
16.1578,1.6125,1
16.1578,1.6182,1
16.1578,1.6214,1
16.1578,1.6303,1
16.1578,1.6343,1
16.1579,1.6456,1
16.1579,1.6568,1
16.1579,1.6657,1
16.1579,1.6705,1
16.1579,1.6754,1
16.1579,1.6826,1
16.1580,1.6842,1
16.1580,1.6867,1
16.1580,1.6851,1
16.1580,1.6794,1
16.1580,1.6738,1
16.1580,1.6738,1
16.1581,1.6665,1
16.1581,1.6520,1
16.1581,1.6407,1
16.1581,1.6278,1
16.1581,1.6270,1
16.1581,1.6246,1
16.1582,1.6303,1
16.1582,1.6351,1
16.1582,1.6496,1
16.1582,1.6568,1
16.1582,1.6714,1
16.1582,1.6842,1
16.1583,1.6891,1
16.1583,1.6939,1
16.1583,1.7004,1
16.1583,1.6979,1
16.1583,1.6939,1
16.1583,1.6883,1
16.1584,1.6738,1
16.1584,1.6593,1
16.1584,1.6367,1
16.1584,1.6174,1
16.1584,1.6053,1
16.1585,1.5948,1
16.1585,1.5916,1
16.1585,1.5900,1
16.1585,1.6141,1
16.1585,1.6303,1
16.1585,1.6480,1
16.1586,1.6657,1
16.1586,1.6762,1
16.1586,1.6891,1
16.1586,1.6939,1
16.1586,1.7004,1
16.1586,1.7028,1
16.1586,1.7084,1
16.1587,1.7020,1
16.1587,1.6907,1
16.1587,1.6810,1
16.1587,1.6625,1
16.1587,1.6520,1
16.1587,1.6311,1
16.1588,1.6222,1
16.1588,1.6109,1
16.1588,1.5964,1
16.1588,1.6004,1
16.1588,1.6069,1
16.1588,1.6174,1
16.1589,1.6359,1
16.1589,1.6464,1
16.1589,1.6641,1
16.1589,1.6593,1
16.1589,1.6705,1
16.1589,1.6770,1
16.1590,1.6786,1
16.1590,1.6883,1
16.1590,1.6851,1
16.1590,1.6867,1
16.1590,1.6907,1
16.1590,1.6851,1
16.1591,1.6762,1
16.1591,1.6657,1
16.1591,1.6601,1
16.1591,1.6440,1
16.1591,1.6383,1
16.1591,1.6327,1
16.1592,1.6391,1
16.1592,1.6262,1
16.1592,1.6367,1
16.1592,1.6415,1
16.1592,1.6488,1
16.1592,1.6585,1
16.1593,1.6673,1
16.1593,1.6746,1
16.1593,1.6762,1
16.1593,1.6770,1
16.1593,1.6746,1
16.1593,1.6746,1
16.1593,1.6778,1
16.1594,1.6609,1
16.1594,1.6577,1
16.1594,1.6423,1
16.1594,1.6311,1
16.1594,1.6182,1
16.1595,1.6311,1
16.1595,1.6141,1
16.1595,1.6254,1
16.1595,1.6270,1
16.1595,1.6351,1
16.1595,1.6504,1
16.1596,1.6673,1
16.1596,1.6722,1
16.1596,1.6859,1
16.1596,1.6939,1
16.1596,1.7068,1
16.1596,1.6988,1
16.1597,1.7068,1
16.1597,1.6907,1
16.1597,1.6810,1
16.1597,1.6665,1
16.1597,1.6528,1
16.1597,1.6367,1
16.1597,1.6270,1
16.1598,1.6190,1
16.1598,1.6125,1
16.1598,1.6077,1
16.1598,1.6085,1
16.1598,1.6085,1
16.1598,1.6359,1
16.1599,1.6391,1
16.1599,1.6536,1
16.1599,1.6673,1
16.1599,1.6754,1
16.1599,1.6851,1
16.1599,1.7004,1
16.1600,1.6786,1
16.1600,1.6859,1
16.1600,1.6859,1
16.1600,1.6786,1
16.1600,1.6697,1
16.1600,1.6593,1
16.1601,1.6456,1
16.1601,1.6295,1
16.1601,1.6093,1
16.1601,1.6085,1
16.1601,1.6101,1
16.1601,1.6109,1
16.1602,1.6238,1
16.1602,1.6246,1
16.1602,1.6448,1
16.1602,1.6625,1
16.1602,1.6714,1
16.1602,1.6851,1
16.1603,1.6875,1
16.1603,1.7133,1
16.1603,1.6971,1
16.1603,1.6867,1
16.1603,1.6923,1
16.1603,1.6834,1
16.1604,1.6689,1
16.1604,1.6585,1
16.1604,1.6456,1
16.1604,1.6375,1
16.1604,1.6262,1
16.1604,1.6061,1
16.1605,1.6141,1
16.1605,1.6214,1
16.1605,1.6222,1
16.1605,1.6367,1
16.1605,1.6504,1
16.1605,1.6641,1
16.1605,1.6738,1
16.1606,1.6834,1
16.1606,1.6939,1
16.1606,1.6971,1
16.1606,1.6996,1
16.1606,1.6867,1
16.1606,1.6810,1
16.1607,1.6778,1
16.1607,1.6625,1
16.1607,1.6665,1
16.1607,1.6528,1
16.1607,1.6367,1
16.1607,1.6214,1
16.1608,1.6158,1
16.1608,1.6133,1
16.1608,1.6158,1
16.1608,1.6286,1
16.1608,1.6391,1
16.1608,1.6415,1
16.1608,1.6609,1
16.1609,1.6778,1
16.1609,1.6834,1
16.1609,1.7052,1
16.1609,1.6979,1
16.1609,1.6826,1
16.1610,1.6826,1
16.1610,1.6810,1
16.1610,1.6754,1
16.1610,1.6609,1
16.1610,1.6544,1
16.1610,1.6464,1
16.1610,1.6295,1
16.1611,1.6230,1
16.1611,1.6029,1
16.1611,1.6053,1
16.1611,1.6198,1
16.1611,1.6391,1
16.1611,1.6343,1
16.1612,1.6432,1
16.1612,1.6544,1
16.1612,1.6617,1
16.1612,1.6738,1
16.1612,1.6770,1
16.1612,1.6730,1
16.1613,1.6867,1
16.1613,1.6842,1
16.1613,1.6657,1
16.1613,1.6585,1
16.1613,1.6464,1
16.1613,1.6391,1
16.1614,1.6125,1
16.1614,1.5714,1
16.1614,1.5626,1
16.1614,1.5473,1
16.1614,1.5537,1
16.1614,1.5642,1
16.1615,1.5811,1
16.1615,1.6174,1
16.1615,1.6303,1
16.1615,1.6851,1
16.1615,1.7060,1
16.1615,1.7286,1
16.1616,1.7447,1
16.1616,1.7310,1
16.1616,1.7439,1
16.1616,1.7439,1
16.1616,1.7213,1
16.1616,1.7084,1
16.1617,1.6867,1
16.1617,1.6665,1
16.1617,1.6423,1
16.1617,1.6262,1
16.1617,1.5892,1
16.1617,1.6230,1
16.1618,1.6053,1
16.1618,1.6077,1
16.1618,1.6101,1
16.1618,1.6286,1
16.1618,1.6472,1
16.1618,1.6617,1
16.1618,1.6818,1
16.1619,1.6875,1
16.1619,1.7012,1
16.1619,1.7189,1
16.1619,1.7149,1
16.1619,1.7245,1
16.1619,1.7060,1
16.1620,1.7108,1
16.1620,1.7012,1
16.1620,1.6842,1
16.1620,1.6883,1
16.1620,1.6649,1
16.4991,1.6480,1
16.4991,1.6319,1
16.4991,1.6448,1
16.4992,1.6238,1
16.4992,1.6295,1
16.4992,1.6343,1
16.4992,1.6311,1
16.4992,1.6609,1
16.4992,1.6552,1
16.4993,1.6689,1
16.4993,1.6681,1
16.4993,1.6391,1
16.4993,1.6778,1
16.4993,1.6714,1
16.4993,1.6649,1
16.4994,1.6496,1
16.4994,1.6391,1
16.4994,1.6254,1
16.4994,1.6190,1
16.4994,1.6230,1
16.4994,1.5908,1
16.4995,1.5827,1
16.4995,1.6061,1
16.4995,1.5924,1
16.4995,1.5867,1
16.4995,1.6206,1
16.4995,1.6383,1
16.4995,1.6577,1
16.4996,1.6689,1
16.4996,1.6802,1
16.4996,1.7366,1
16.4996,1.6891,1
16.4996,1.6891,1
16.4996,1.6802,1
16.4997,1.6722,1
16.4997,1.6681,1
16.4997,1.6560,1
16.4997,1.6601,1
16.4997,1.6367,1
16.4997,1.6206,1
16.4998,1.6109,1
16.4998,1.6029,1
16.4998,1.6045,1
16.4998,1.6093,1
16.4998,1.6480,1
16.4998,1.6190,1
16.4999,1.6351,1
16.4999,1.6577,1
16.4999,1.6568,1
16.4999,1.6649,1
16.4999,1.6689,1
16.5000,1.6730,1
16.5000,1.6794,1
16.5000,1.6842,1
16.5000,1.6842,1
16.5000,1.6730,1
16.5000,1.6641,1
16.5001,1.6407,1
16.5001,1.6286,1
16.5001,1.6391,1
16.5001,1.6351,1
16.5001,1.6246,1
16.5001,1.6093,1
16.5001,1.6198,1
16.5002,1.6206,1
16.5002,1.6351,1
16.5002,1.6399,1
16.5002,1.7116,1
16.5002,1.6633,1
16.5002,1.6730,1
16.5003,1.6826,1
16.5003,1.6875,1
16.5003,1.6883,1
16.5003,1.6859,1
16.5003,1.6834,1
16.5003,1.6786,1
16.5004,1.6730,1
16.5004,1.6585,1
16.5004,1.6472,1
16.5004,1.6295,1
16.5004,1.6198,1
16.5005,1.6133,1
16.5005,1.5827,1
16.5005,1.6230,1
16.5005,1.6286,1
16.5005,1.6464,1
16.5005,1.6722,1
16.5006,1.6665,1
16.5006,1.6794,1
16.5006,1.6842,1
16.5006,1.6891,1
16.5006,1.6971,1
16.5006,1.6931,1
16.5007,1.6577,1
16.5007,1.6907,1
16.5007,1.6818,1
16.5007,1.6633,1
16.5007,1.6552,1
16.5007,1.6391,1
16.5007,1.6278,1
16.5008,1.6246,1
16.5008,1.6141,1
16.5008,1.6093,1
16.5008,1.6149,1
16.5008,1.6053,1
16.5008,1.6343,1
16.5009,1.6456,1
16.5009,1.6641,1
16.5009,1.6673,1
16.5009,1.6834,1
16.5009,1.6883,1
16.5010,1.6842,1
16.5010,1.6875,1
16.5010,1.6810,1
16.5010,1.7181,1
16.5010,1.6738,1
16.5010,1.6633,1
16.5011,1.6577,1
16.5011,1.6464,1
16.5011,1.6319,1
16.5011,1.6295,1
16.5011,1.6125,1
16.5011,1.6077,1
16.5011,1.6141,1
16.5012,1.6238,1
16.5012,1.6432,1
16.5012,1.6488,1
16.5012,1.6617,1
16.5012,1.6770,1
16.5012,1.6859,1
16.5013,1.6971,1
16.5013,1.6988,1
16.5013,1.6883,1
16.5013,1.6963,1
16.5013,1.6931,1
16.5013,1.6818,1
16.5014,1.6689,1
16.5014,1.6609,1
16.5014,1.6714,1
16.5014,1.6262,1
16.5014,1.6238,1
16.5015,1.6125,1
16.5015,1.6117,1
16.5015,1.6174,1
16.5015,1.6254,1
16.5015,1.6367,1
16.5015,1.6520,1
16.5016,1.6577,1
16.5016,1.6681,1
16.5016,1.6762,1
16.5016,1.6794,1
16.5016,1.6810,1
16.5016,1.6770,1
16.5016,1.6826,1
16.5017,1.6762,1
16.5017,1.6625,1
16.5017,1.6456,1
16.5017,1.6391,1
16.5017,1.6214,1
16.5017,1.6125,1
16.5018,1.6012,1
16.5018,1.5908,1
16.5018,1.5835,1
16.5018,1.5835,1
16.5018,1.5940,1
16.5018,1.6117,1
16.5019,1.6512,1
16.5019,1.6617,1
16.5019,1.6738,1
16.5019,1.7028,1
16.5019,1.7084,1
16.5019,1.7270,1
16.5020,1.7286,1
16.5020,1.7262,1
16.5020,1.7221,1
16.5020,1.7100,1
16.5021,1.6899,1
16.5021,1.6786,1
16.5021,1.6609,1
16.5021,1.6399,1
16.5021,1.6359,1
16.5021,1.6278,1
16.5021,1.6246,1
16.5022,1.6270,1
16.5022,1.6407,1
16.5022,1.6577,1
16.5022,1.6520,1
16.5022,1.6705,1
16.5022,1.6754,1
16.5023,1.6931,1
16.5023,1.7044,1
16.5023,1.7092,1
16.5023,1.7004,1
16.5023,1.7036,1
16.5023,1.6891,1
16.5024,1.6794,1
16.5024,1.6568,1
16.5024,1.6568,1
16.5024,1.6440,1
16.5024,1.6359,1
16.5025,1.6335,1
16.5025,1.6303,1
16.5025,1.6335,1
16.5025,1.6359,1
16.5025,1.6464,1
16.5025,1.6560,1
16.5025,1.6778,1
16.5026,1.6851,1
16.5026,1.6939,1
16.5026,1.6988,1
16.5026,1.6891,1
16.5026,1.6947,1
16.5026,1.6851,1
16.5027,1.6794,1
16.5027,1.6738,1
16.5027,1.6641,1
16.5027,1.6391,1
16.5027,1.6335,1
16.5027,1.6166,1
16.5028,1.6125,1
16.5028,1.6077,1
16.5028,1.6045,1
16.5028,1.6061,1
16.5028,1.6141,1
16.5028,1.6270,1
16.5028,1.6391,1
16.5029,1.6552,1
16.5029,1.6625,1
16.5029,1.6714,1
16.5029,1.6883,1
16.5029,1.6867,1
16.5030,1.7044,1
16.5030,1.7076,1
16.5030,1.7028,1
16.5030,1.6923,1
16.5030,1.6883,1
16.5030,1.7221,1
16.5031,1.6633,1
16.5031,1.6625,1
16.5031,1.6367,1
16.5031,1.6311,1
16.5031,1.6117,1
16.5031,1.6166,1
16.5032,1.6166,1
16.5032,1.6262,1
16.5032,1.6335,1
16.5032,1.6464,1
16.5032,1.6585,1
16.5032,1.6673,1
16.5032,1.6738,1
16.5033,1.6673,1
16.5033,1.6851,1
16.5033,1.6834,1
16.5033,1.6851,1
16.5033,1.6794,1
16.5033,1.6722,1
16.5034,1.6577,1
16.5034,1.6480,1
16.5034,1.6359,1
16.5034,1.6262,1
16.5034,1.6133,1
16.5034,1.6182,1
16.5035,1.6141,1
16.5035,1.6158,1
16.5035,1.7020,1
16.5035,1.6295,1
16.5035,1.6359,1
16.5036,1.6520,1
16.5036,1.6649,1
16.5036,1.6794,1
16.5036,1.6851,1
16.5036,1.6915,1
16.5036,1.6963,1
16.5036,1.6947,1
16.5037,1.6883,1
16.5037,1.6842,1
16.5037,1.6722,1
16.5037,1.6641,1
16.5037,1.6488,1
16.5037,1.6391,1
16.5038,1.6295,1
16.5038,1.6117,1
16.5038,1.6141,1
16.5038,1.6182,1
16.5038,1.6230,1
16.5038,1.6391,1
16.5039,1.6496,1
16.5039,1.6609,1
16.5039,1.6722,1
16.5039,1.6802,1
16.5039,1.6705,1
16.5040,1.6899,1
16.5040,1.6842,1
16.5040,1.6826,1
16.5040,1.6802,1
16.5040,1.6762,1
16.5040,1.6577,1
16.5041,1.6391,1
16.5041,1.6359,1
16.5041,1.6262,1
16.5041,1.6198,1
16.5041,1.6125,1
16.5041,1.6166,1
16.5042,1.6158,1
16.5042,1.6230,1
16.5042,1.6367,1
16.5042,1.6520,1
16.5042,1.6601,1
16.5042,1.6738,1
16.5043,1.6826,1
16.5043,1.6883,1
16.5043,1.6931,1
16.5043,1.6915,1
16.5043,1.6891,1
16.5043,1.6842,1
16.5044,1.6754,1
16.5044,1.6722,1
16.5044,1.6577,1
16.5044,1.6423,1
16.5044,1.6246,1
16.5044,1.6109,1
16.5045,1.6004,1
16.5045,1.5972,1
16.5045,1.6012,1
16.5045,1.6085,1
16.5045,1.6190,1
16.5045,1.6399,1
16.5045,1.6512,1
16.5046,1.6601,1
16.5046,1.6705,1
16.5046,1.6762,1
16.5046,1.6786,1
16.5046,1.6867,1
16.5046,1.6891,1
16.5047,1.6891,1
16.5047,1.6705,1
16.5047,1.6657,1
16.5047,1.6520,1
16.5047,1.6407,1
16.5047,1.6311,1
16.5048,1.6399,1
16.5048,1.6166,1
16.5048,1.6190,1
16.5048,1.6174,1
16.5048,1.6206,1
16.5048,1.6335,1
16.5048,1.6480,1
16.5049,1.6585,1
16.5049,1.6689,1
16.5049,1.6810,1
16.5049,1.6899,1
16.5049,1.6947,1
16.5050,1.6979,1
16.5050,1.6939,1
16.5050,1.6883,1
16.5050,1.6834,1
16.5050,1.6778,1
16.5050,1.6665,1
16.5051,1.6544,1
16.5051,1.6464,1
16.5051,1.6303,1
16.5051,1.6246,1
16.5051,1.6262,1
16.5051,1.6351,1
16.5051,1.6399,1
16.5052,1.6520,1
16.5052,1.6633,1
16.5052,1.6778,1
16.5052,1.6899,1
16.5052,1.6947,1
16.5052,1.7020,1
16.5052,1.7052,1
16.5053,1.6963,1
16.5053,1.6899,1
16.5053,1.6834,1
16.5053,1.6673,1
16.5053,1.6512,1
16.5054,1.6359,1
16.5054,1.6206,1
16.5054,1.6093,1
16.5054,1.5956,1
16.5054,1.5892,1
16.5054,1.5908,1
16.5055,1.5932,1
16.5055,1.6085,1
16.5055,1.6206,1
16.5055,1.6335,1
16.5055,1.6480,1
16.5055,1.6633,1
16.5055,1.6802,1
16.5056,1.6907,1
16.5056,1.6971,1
16.5056,1.7020,1
16.5056,1.7044,1
16.5056,1.7028,1
16.5056,1.6931,1
16.5057,1.6738,1
16.5057,1.6520,1
16.5057,1.6222,1
16.5057,1.5996,1
16.5057,1.5779,1
16.5057,1.5553,1
16.5058,1.5497,1
16.5058,1.5537,1
16.5058,1.5666,1
16.5058,1.5867,1
16.5058,1.6109,1
16.5058,1.6391,1
16.5059,1.6697,1
16.5059,1.6939,1
16.5059,1.7173,1
16.5059,1.7262,1
16.5059,1.7358,1
16.5060,1.7423,1
16.5060,1.7374,1
16.5060,1.7286,1
16.5060,1.7125,1
16.5060,1.6971,1
16.5060,1.6762,1
16.5061,1.6560,1
16.5061,1.6407,1
16.5061,1.6198,1
16.5061,1.6037,1
16.5061,1.5940,1
16.5061,1.5940,1
16.5062,1.5964,1
16.5062,1.6085,1
16.5062,1.6230,1
16.5062,1.6472,1
16.5062,1.6673,1
16.5062,1.6842,1
16.5062,1.6979,1
16.5063,1.7092,1
16.5063,1.7165,1
16.5063,1.7221,1
16.5063,1.7262,1
16.5063,1.7181,1
16.5063,1.7076,1
16.5064,1.6931,1
16.5064,1.6762,1
16.5064,1.6552,1
16.5064,1.6456,1
16.5065,1.6391,1
16.5065,1.6391,1
16.5065,1.6423,1
16.5065,1.6464,1
16.5065,1.6544,1
16.5066,1.6625,1
16.5066,1.6705,1
16.5066,1.6786,1
16.5066,1.6867,1
16.5066,1.6859,1
16.5066,1.6842,1
16.5066,1.6842,1
16.5067,1.6818,1
16.5067,1.6722,1
16.5067,1.6609,1
16.5067,1.6399,1
16.5067,1.6407,1
16.5067,1.6286,1
16.5068,1.6214,1
16.5068,1.6198,1
16.5068,1.6141,1
16.5068,1.6166,1
16.5068,1.6246,1
16.5068,1.6335,1
16.5069,1.6536,1
16.5069,1.6609,1
16.5069,1.6681,1
16.5069,1.6818,1
16.5069,1.6867,1
16.5070,1.6883,1
16.5070,1.6859,1
16.5070,1.6867,1
16.5070,1.6851,1
16.5070,1.6770,1
16.5070,1.6714,1
16.5070,1.6577,1
16.5071,1.6496,1
16.5071,1.6278,1
16.5071,1.6101,1
16.5071,1.6061,1
16.5071,1.6037,1
16.5071,1.6069,1
16.5072,1.6133,1
16.5072,1.6278,1
16.5072,1.6480,1
16.5072,1.6440,1
16.5072,1.6649,1
16.5072,1.6657,1
16.5073,1.6617,1
16.5073,1.6593,1
16.5073,1.6552,1
16.5073,1.6319,1
16.5073,1.6504,1
16.5073,1.6496,1
16.5074,1.6415,1
16.5074,1.6375,1
16.5074,1.6286,1
16.5074,1.6254,1
16.5074,1.6206,1
16.5075,1.6166,1
16.5075,1.5892,1
16.5075,1.6351,1
16.5075,1.6448,1
16.5075,1.6665,1
16.5075,1.6665,1
16.5076,1.6778,1
16.5076,1.6834,1
16.5076,1.6883,1
16.5076,1.6939,1
16.5076,1.6907,1
16.5076,1.6899,1
16.5077,1.6657,1
16.5077,1.6754,1
16.5077,1.6730,1
16.5077,1.6552,1
16.5077,1.6367,1
16.5077,1.6238,1
16.5077,1.6190,1
16.5078,1.6085,1
16.5078,1.6085,1
16.5078,1.6101,1
16.5078,1.6206,1
16.5078,1.6286,1
16.5078,1.6432,1
16.5079,1.6585,1
16.5079,1.6786,1
16.5079,1.6907,1
16.5079,1.7318,1
16.5079,1.6971,1
16.5080,1.6979,1
16.5080,1.7028,1
16.5080,1.7004,1
16.5080,1.6971,1
16.5080,1.6810,1
16.5080,1.6689,1
16.5081,1.6544,1
16.5081,1.6448,1
16.5081,1.6327,1
16.5081,1.6190,1
16.5081,1.6158,1
16.5081,1.6061,1
16.5081,1.6254,1
16.5082,1.6174,1
16.5082,1.6295,1
16.5082,1.6536,1
16.5082,1.6504,1
16.5082,1.6649,1
16.5082,1.6738,1
16.5083,1.6810,1
16.5083,1.6826,1
16.5083,1.6834,1
16.5083,1.6730,1
16.5083,1.6673,1
16.5083,1.6697,1
16.5084,1.6625,1
16.5084,1.6504,1
16.5084,1.6311,1
16.5084,1.6141,1
16.5084,1.6012,1
16.5084,1.5940,1
16.5085,1.5908,1
16.5085,1.5940,1
16.5085,1.6085,1
16.5085,1.6198,1
16.5085,1.6367,1
16.5085,1.6560,1
16.5086,1.6673,1
16.5086,1.6802,1
16.5086,1.6891,1
16.5086,1.6988,1
16.5086,1.6988,1
16.5086,1.6988,1
16.5087,1.6915,1
16.5087,1.6971,1
16.5087,1.6714,1
16.5087,1.6480,1
16.5087,1.6440,1
16.5087,1.6286,1
16.5087,1.6230,1
16.5088,1.6141,1
16.5088,1.6101,1
16.5088,1.6133,1
16.5088,1.6222,1
16.5088,1.6303,1
16.5088,1.6456,1
16.5089,1.6552,1
16.5089,1.6681,1
16.5089,1.6786,1
16.5089,1.6794,1
16.5089,1.6907,1
16.5090,1.6923,1
16.5090,1.6891,1
16.5090,1.6955,1
16.5090,1.6802,1
16.5090,1.6738,1
16.5090,1.6641,1
16.5091,1.6496,1
16.5091,1.6343,1
16.5091,1.6222,1
16.5091,1.6278,1
16.5091,1.6133,1
16.5091,1.6133,1
16.5091,1.6270,1
16.5092,1.6423,1
16.5092,1.6512,1
16.5092,1.6649,1
16.5092,1.6770,1
16.5092,1.6851,1
16.5092,1.6915,1
16.5093,1.6939,1
16.5093,1.6899,1
16.5093,1.6955,1
16.5093,1.6810,1
16.5093,1.6754,1
16.5093,1.6472,1
16.5094,1.6504,1
16.5094,1.6456,1
16.5094,1.6238,1
16.5094,1.6117,1
16.5094,1.6141,1
16.5094,1.6093,1
16.5095,1.6053,1
16.5095,1.6214,1
16.5095,1.6270,1
16.5095,1.6432,1
16.5095,1.6560,1
16.5095,1.6697,1
16.5096,1.6915,1
16.5096,1.6826,1
16.5096,1.6826,1
16.5096,1.6907,1
16.5096,1.6834,1
16.5096,1.6802,1
16.5097,1.6875,1
16.5097,1.6665,1
16.5097,1.6552,1
16.5097,1.6407,1
16.5097,1.6254,1
16.5097,1.6158,1
16.5098,1.6133,1
16.5098,1.6109,1
16.5098,1.5900,1
16.5098,1.6214,1
16.5098,1.6327,1
16.5098,1.6448,1
16.5098,1.6826,1
16.5099,1.6714,1
16.5099,1.6875,1
16.5099,1.6971,1
16.5099,1.6802,1
16.5099,1.5924,1
16.5100,1.6947,1
16.5100,1.6883,1
16.5100,1.6689,1
16.5100,1.6818,1
16.5100,1.6456,1
16.5100,1.6440,1
16.5100,1.6367,1
16.5101,1.6262,1
16.5101,1.6303,1
16.5101,1.6190,1
16.5101,1.6174,1
16.5101,1.6278,1
16.5101,1.6303,1
16.5102,1.6568,1
16.5102,1.6536,1
16.5102,1.6673,1
16.5102,1.6875,1
16.5102,1.6907,1
16.5102,1.6955,1
16.5102,1.6875,1
16.5103,1.6947,1
16.5103,1.6939,1
16.5103,1.6842,1
16.5103,1.6681,1
16.5103,1.6617,1
16.5103,1.6520,1
16.5104,1.6359,1
16.5104,1.6552,1
16.5104,1.6158,1
16.5104,1.6133,1
16.5104,1.6222,1
16.5104,1.6303,1
16.5105,1.6399,1
16.5105,1.6577,1
16.5105,1.6746,1
16.5105,1.6842,1
16.5105,1.6875,1
16.5105,1.6979,1
16.5106,1.7116,1
16.5106,1.6955,1
16.5106,1.6996,1
16.5106,1.6899,1
16.5106,1.6818,1
16.5106,1.6689,1
16.8453,1.6746,1
16.8453,1.6423,1
16.8453,1.6335,1
16.8453,1.6262,1
16.8454,1.6198,1
16.8454,1.6182,1
16.8454,1.6440,1
16.8454,1.6504,1
16.8454,1.6367,1
16.8454,1.6440,1
16.8455,1.6585,1
16.8455,1.6738,1
16.8455,1.6786,1
16.8455,1.6923,1
16.8455,1.6810,1
16.8456,1.7012,1
16.8456,1.6939,1
16.8456,1.6915,1
16.8456,1.6810,1
16.8456,1.6746,1
16.8456,1.6633,1
16.8457,1.6456,1
16.8457,1.6351,1
16.8457,1.6174,1
16.8457,1.6190,1
16.8457,1.6125,1
16.8457,1.6166,1
16.8457,1.6230,1
16.8458,1.6375,1
16.8458,1.6488,1
16.8458,1.6536,1
16.8458,1.6351,1
16.8458,1.6867,1
16.8458,1.6979,1
16.8459,1.6979,1
16.8459,1.6915,1
16.8459,1.6891,1
16.8459,1.6883,1
16.8459,1.6689,1
16.8459,1.6689,1
16.8460,1.6480,1
16.8460,1.6383,1
16.8460,1.6295,1
16.8460,1.6182,1
16.8460,1.6214,1
16.8460,1.6117,1
16.8461,1.6182,1
16.8461,1.6230,1
16.8461,1.6214,1
16.8461,1.6512,1
16.8461,1.6601,1
16.8461,1.6391,1
16.8462,1.6851,1
16.8462,1.6907,1
16.8462,1.6931,1
16.8462,1.6963,1
16.8462,1.6907,1
16.8462,1.6859,1
16.8462,1.6794,1
16.8463,1.6730,1
16.8463,1.6552,1
16.8463,1.6456,1
16.8463,1.6270,1
16.8463,1.6174,1
16.8463,1.6133,1
16.8464,1.6109,1
16.8464,1.6166,1
16.8464,1.6158,1
16.8464,1.6343,1
16.8464,1.6423,1
16.8464,1.6601,1
16.8465,1.6697,1
16.8465,1.6770,1
16.8465,1.6818,1
16.8465,1.6891,1
16.8465,1.6899,1
16.8465,1.6859,1
16.8466,1.6802,1
16.8466,1.6681,1
16.8466,1.6577,1
16.8466,1.6472,1
16.8466,1.6335,1
16.8466,1.6230,1
16.8467,1.6158,1
16.8467,1.6109,1
16.8467,1.6045,1
16.8467,1.6117,1
16.8467,1.5803,1
16.8467,1.6295,1
16.8468,1.6319,1
16.8468,1.6544,1
16.8468,1.7076,1
16.8468,1.6705,1
16.8468,1.6722,1
16.8468,1.6794,1
16.8469,1.6826,1
16.8469,1.6818,1
16.8469,1.6762,1
16.8469,1.6657,1
16.8469,1.6609,1
16.8469,1.6375,1
16.8470,1.6270,1
16.8470,1.6174,1
16.8470,1.6117,1
16.8470,1.6045,1
16.8470,1.6029,1
16.8470,1.6109,1
16.8471,1.6158,1
16.8471,1.6327,1
16.8471,1.6407,1
16.8471,1.6577,1
16.8471,1.6705,1
16.8471,1.6786,1
16.8472,1.6802,1
16.8472,1.6818,1
16.8472,1.6899,1
16.8472,1.6867,1
16.8472,1.6851,1
16.8472,1.6714,1
16.8473,1.6649,1
16.8473,1.6496,1
16.8473,1.6375,1
16.8473,1.6367,1
16.8473,1.6262,1
16.8473,1.6222,1
16.8473,1.6190,1
16.8474,1.6270,1
16.8474,1.6875,1
16.8474,1.6423,1
16.8474,1.6552,1
16.8474,1.6697,1
16.8474,1.6810,1
16.8475,1.6867,1
16.8475,1.6947,1
16.8475,1.6996,1
16.8475,1.6842,1
16.8475,1.7036,1
16.8475,1.6996,1
16.8476,1.6907,1
16.8476,1.6810,1
16.8476,1.6705,1
16.8476,1.6577,1
16.8476,1.6496,1
16.8476,1.6367,1
16.8477,1.6246,1
16.8477,1.6270,1
16.8477,1.6319,1
16.8477,1.6335,1
16.8477,1.6544,1
16.8477,1.6996,1
16.8478,1.6754,1
16.8478,1.6867,1
16.8478,1.6883,1
16.8478,1.7068,1
16.8478,1.7052,1
16.8478,1.7020,1
16.8479,1.6963,1
16.8479,1.6947,1
16.8479,1.6859,1
16.8479,1.6617,1
16.8479,1.6633,1
16.8479,1.6826,1
16.8480,1.6375,1
16.8480,1.6303,1
16.8480,1.6222,1
16.8480,1.6230,1
16.8480,1.6270,1
16.8480,1.6343,1
16.8481,1.6448,1
16.8481,1.6617,1
16.8481,1.6657,1
16.8481,1.6818,1
16.8481,1.6883,1
16.8481,1.6899,1
16.8481,1.6971,1
16.8482,1.6899,1
16.8482,1.6955,1
16.8482,1.6947,1
16.8482,1.6834,1
16.8482,1.6826,1
16.8482,1.6633,1
16.8483,1.6464,1
16.8483,1.6343,1
16.8483,1.6254,1
16.8483,1.6198,1
16.8483,1.6222,1
16.8483,1.6198,1
16.8484,1.6238,1
16.8484,1.6407,1
16.8484,1.6488,1
16.8484,1.6657,1
16.8484,1.6826,1
16.8484,1.6794,1
16.8485,1.6859,1
16.8485,1.6939,1
16.8485,1.6818,1
16.8485,1.6907,1
16.8485,1.6915,1
16.8485,1.6754,1
16.8486,1.6657,1
16.8486,1.6520,1
16.8486,1.6286,1
16.8486,1.6327,1
16.8486,1.6415,1
16.8486,1.6206,1
16.8486,1.6238,1
16.8487,1.6246,1
16.8487,1.6158,1
16.8487,1.6407,1
16.8487,1.7157,1
16.8487,1.6544,1
16.8487,1.6697,1
16.8488,1.6778,1
16.8488,1.6786,1
16.8488,1.6907,1
16.8488,1.6931,1
16.8488,1.6907,1
16.8488,1.6875,1
16.8489,1.6778,1
16.8489,1.6826,1
16.8489,1.6609,1
16.8489,1.6472,1
16.8489,1.6311,1
16.8489,1.6262,1
16.8490,1.6182,1
16.8490,1.6133,1
16.8490,1.6222,1
16.8490,1.6295,1
16.8490,1.6423,1
16.8490,1.6359,1
16.8491,1.6714,1
16.8491,1.6826,1
16.8491,1.6891,1
16.8491,1.6851,1
16.8491,1.6971,1
16.8491,1.6697,1
16.8491,1.6923,1
16.8492,1.6875,1
16.8492,1.6746,1
16.8492,1.6657,1
16.8492,1.6496,1
16.8492,1.6552,1
16.8492,1.6262,1
16.8493,1.6166,1
16.8493,1.6125,1
16.8493,1.5916,1
16.8493,1.6166,1
16.8493,1.6230,1
16.8493,1.6335,1
16.8494,1.6383,1
16.8494,1.6544,1
16.8494,1.6504,1
16.8494,1.6730,1
16.8494,1.6794,1
16.8494,1.6834,1
16.8495,1.6810,1
16.8495,1.6770,1
16.8495,1.6738,1
16.8495,1.6633,1
16.8495,1.6480,1
16.8495,1.6496,1
16.8496,1.6327,1
16.8496,1.6222,1
16.8496,1.6093,1
16.8496,1.5972,1
16.8496,1.6004,1
16.8496,1.6045,1
16.8497,1.6158,1
16.8497,1.6254,1
16.8497,1.6383,1
16.8497,1.6512,1
16.8497,1.6609,1
16.8497,1.6689,1
16.8497,1.6746,1
16.8498,1.6730,1
16.8498,1.6681,1
16.8498,1.6770,1
16.8498,1.6641,1
16.8498,1.6577,1
16.8498,1.6456,1
16.8499,1.6343,1
16.8499,1.6222,1
16.8499,1.6141,1
16.8499,1.6045,1
16.8499,1.5988,1
16.8499,1.6021,1
16.8500,1.5972,1
16.8500,1.6101,1
16.8500,1.6230,1
16.8500,1.6303,1
16.8500,1.6464,1
16.8500,1.6544,1
16.8501,1.6649,1
16.8501,1.6705,1
16.8501,1.6746,1
16.8501,1.6770,1
16.8501,1.6722,1
16.8501,1.6657,1
16.8501,1.6657,1
16.8502,1.6464,1
16.8502,1.6367,1
16.8502,1.6286,1
16.8502,1.6158,1
16.8502,1.6004,1
16.8502,1.5932,1
16.8503,1.5956,1
16.8503,1.6012,1
16.8503,1.6101,1
16.8503,1.6246,1
16.8503,1.6423,1
16.8503,1.6504,1
16.8504,1.6641,1
16.8504,1.6665,1
16.8504,1.6730,1
16.8504,1.6762,1
16.8504,1.6794,1
16.8504,1.6762,1
16.8505,1.6327,1
16.8505,1.6633,1
16.8505,1.6560,1
16.8505,1.6359,1
16.8505,1.6230,1
16.8505,1.6182,1
16.8506,1.6085,1
16.8506,1.6012,1
16.8506,1.6021,1
16.8506,1.6037,1
16.8506,1.6117,1
16.8506,1.6190,1
16.8507,1.6351,1
16.8507,1.6448,1
16.8507,1.6552,1
16.8507,1.6649,1
16.8507,1.6730,1
16.8507,1.6754,1
16.8507,1.6714,1
16.8508,1.6746,1
16.8508,1.6641,1
16.8508,1.6625,1
16.8508,1.6472,1
16.8508,1.6391,1
16.8508,1.6286,1
16.8509,1.6125,1
16.8509,1.5988,1
16.8509,1.5932,1
16.8509,1.5972,1
16.8509,1.6021,1
16.8509,1.6158,1
16.8510,1.6254,1
16.8510,1.6351,1
16.8510,1.6488,1
16.8510,1.6593,1
16.8510,1.6673,1
16.8510,1.6697,1
16.8511,1.6730,1
16.8511,1.6778,1
16.8511,1.6681,1
16.8511,1.6593,1
16.8511,1.6528,1
16.8511,1.6448,1
16.8512,1.6351,1
16.8512,1.6214,1
16.8512,1.6125,1
16.8512,1.6069,1
16.8512,1.6012,1
16.8512,1.6021,1
16.8512,1.6053,1
16.8513,1.6133,1
16.8513,1.6190,1
16.8513,1.6351,1
16.8513,1.6448,1
16.8513,1.6568,1
16.8513,1.6665,1
16.8514,1.6705,1
16.8514,1.6746,1
16.8514,1.6770,1
16.8514,1.6738,1
16.8514,1.6705,1
16.8514,1.6585,1
16.8515,1.6528,1
16.8515,1.6415,1
16.8515,1.6295,1
16.8515,1.6174,1
16.8515,1.6045,1
16.8515,1.5988,1
16.8515,1.6004,1
16.8516,1.6029,1
16.8516,1.6149,1
16.8516,1.6295,1
16.8516,1.6423,1
16.8516,1.6609,1
16.8517,1.6593,1
16.8517,1.6705,1
16.8517,1.6778,1
16.8517,1.6842,1
16.8517,1.6834,1
16.8517,1.6778,1
16.8518,1.6689,1
16.8518,1.6617,1
16.8518,1.6560,1
16.8518,1.6407,1
16.8518,1.6295,1
16.8518,1.6182,1
16.8519,1.6117,1
16.8519,1.6101,1
16.8519,1.6077,1
16.8519,1.6141,1
16.8519,1.6230,1
16.8519,1.6319,1
16.8520,1.6407,1
16.8520,1.6568,1
16.8520,1.6657,1
16.8520,1.6770,1
16.8520,1.6810,1
16.8520,1.6859,1
16.8521,1.6842,1
16.8521,1.6834,1
16.8521,1.6770,1
16.8521,1.6722,1
16.8521,1.6641,1
16.8521,1.6496,1
16.8522,1.6367,1
16.8522,1.6198,1
16.8522,1.6109,1
16.8522,1.6093,1
16.8522,1.6061,1
16.8522,1.6133,1
16.8522,1.6206,1
16.8523,1.6351,1
16.8523,1.6472,1
16.8523,1.6625,1
16.8523,1.6730,1
16.8523,1.6794,1
16.8523,1.6842,1
16.8524,1.6875,1
16.8524,1.6883,1
16.8524,1.6867,1
16.8524,1.6810,1
16.8524,1.6673,1
16.8524,1.6585,1
16.8525,1.6432,1
16.8525,1.6343,1
16.8525,1.6222,1
16.8525,1.6174,1
16.8525,1.6125,1
16.8525,1.6045,1
16.8526,1.6109,1
16.8526,1.6206,1
16.8526,1.6327,1
16.8526,1.6432,1
16.8526,1.6560,1
16.8526,1.6697,1
16.8527,1.6754,1
16.8527,1.6810,1
16.8527,1.6834,1
16.8527,1.6851,1
16.8527,1.6665,1
16.8527,1.6770,1
16.8527,1.6657,1
16.8528,1.6609,1
16.8528,1.6512,1
16.8528,1.6343,1
16.8528,1.6222,1
16.8528,1.6085,1
16.8528,1.6045,1
16.8529,1.6061,1
16.8529,1.6141,1
16.8529,1.6158,1
16.8529,1.6319,1
16.8529,1.6440,1
16.8530,1.6432,1
16.8530,1.6722,1
16.8530,1.6778,1
16.8530,1.6786,1
16.8530,1.6875,1
16.8530,1.6867,1
16.8530,1.7165,1
16.8531,1.6665,1
16.8531,1.6568,1
16.8531,1.6552,1
16.8531,1.6407,1
16.8531,1.6311,1
16.8531,1.6254,1
16.8532,1.6174,1
16.8532,1.6141,1
16.8532,1.6141,1
16.8532,1.6133,1
16.8532,1.6246,1
16.8532,1.6375,1
16.8533,1.6440,1
16.8533,1.6609,1
16.8533,1.6689,1
16.8533,1.6810,1
16.8533,1.6891,1
16.8533,1.6907,1
16.8534,1.6867,1
16.8534,1.6859,1
16.8534,1.6810,1
16.8534,1.6746,1
16.8534,1.6665,1
16.8534,1.6544,1
16.8535,1.6407,1
16.8535,1.6319,1
16.8535,1.6117,1
16.8535,1.6093,1
16.8535,1.6077,1
16.8535,1.6166,1
16.8536,1.6303,1
16.8536,1.6351,1
16.8536,1.6456,1
16.8536,1.6617,1
16.8536,1.6705,1
16.8536,1.6786,1
16.8537,1.7084,1
16.8537,1.6738,1
16.8537,1.6834,1
16.8537,1.6867,1
16.8537,1.7181,1
16.8537,1.6617,1
16.8537,1.6544,1
16.8538,1.6415,1
16.8538,1.6327,1
16.8538,1.6286,1
16.8538,1.6182,1
16.8538,1.6117,1
16.8538,1.6125,1
16.8539,1.6125,1
16.8539,1.6303,1
16.8539,1.6383,1
16.8539,1.6544,1
16.8539,1.6593,1
16.8540,1.6681,1
16.8540,1.6778,1
16.8540,1.6859,1
16.8540,1.6875,1
16.8540,1.6842,1
16.8540,1.6802,1
16.8540,1.7012,1
16.8541,1.6714,1
16.8541,1.6593,1
16.8541,1.6480,1
16.8541,1.6311,1
16.8541,1.6214,1
16.8541,1.6093,1
16.8542,1.6069,1
16.8542,1.6037,1
16.8542,1.6053,1
16.8542,1.6093,1
16.8542,1.6286,1
16.8542,1.6432,1
16.8542,1.6577,1
16.8543,1.6633,1
16.8543,1.6593,1
16.8543,1.6810,1
16.8543,1.6794,1
16.8543,1.6859,1
16.8543,1.6818,1
16.8544,1.6705,1
16.8544,1.6609,1
16.8544,1.6496,1
16.8544,1.6375,1
16.8544,1.6214,1
16.8544,1.6182,1
16.8545,1.6061,1
16.8545,1.5948,1
16.8545,1.5940,1
16.8545,1.6069,1
16.8545,1.6125,1
16.8545,1.6206,1
16.8545,1.6359,1
16.8546,1.6367,1
16.8546,1.6544,1
16.8546,1.6665,1
16.8546,1.6923,1
16.8546,1.6762,1
16.8546,1.6746,1
16.8547,1.6633,1
16.8547,1.6335,1
16.8547,1.6641,1
16.8547,1.6577,1
16.8547,1.6415,1
16.8547,1.6278,1
16.8548,1.6166,1
16.8548,1.6053,1
16.8548,1.5980,1
16.8548,1.6311,1
16.8548,1.5996,1
16.8548,1.6053,1
16.8548,1.6254,1
16.8549,1.6254,1
16.8549,1.6512,1
16.8549,1.6544,1
16.8549,1.6689,1
16.8549,1.6754,1
16.8549,1.6762,1
16.8550,1.6802,1
16.8550,1.6802,1
16.8550,1.6665,1
16.8550,1.6560,1
16.8550,1.6496,1
16.8550,1.6407,1
16.8551,1.6238,1
16.8551,1.6077,1
16.8551,1.5980,1
16.8551,1.5988,1
16.8551,1.5650,1
16.8551,1.6085,1
16.8551,1.6262,1
16.8552,1.6230,1
16.8552,1.6327,1
16.8552,1.6456,1
16.8552,1.6568,1
16.8552,1.6625,1
16.8552,1.6738,1
16.8553,1.6641,1
16.8553,1.6867,1
16.8553,1.6697,1
16.8553,1.6641,1
16.8553,1.6488,1
16.8553,1.6641,1
16.8554,1.6367,1
16.8554,1.6222,1
16.8554,1.6077,1
16.8554,1.5980,1
16.8554,1.5972,1
16.8555,1.6004,1
16.8555,1.5940,1
16.8555,1.6093,1
16.8555,1.6230,1
16.8555,1.6415,1
16.8555,1.6359,1
16.8555,1.6568,1
16.8556,1.6746,1
16.8556,1.6778,1
16.8556,1.6730,1
16.8556,1.6778,1
16.8556,1.6657,1
16.8556,1.6665,1
16.8557,1.6560,1
16.8557,1.6496,1
16.8557,1.6383,1
16.8557,1.6254,1
16.8557,1.6182,1
16.8557,1.6101,1
16.8557,1.6125,1
16.8558,1.5666,1
16.8558,1.6158,1
16.8558,1.6174,1
16.8558,1.6391,1
16.8558,1.6359,1
16.8558,1.6432,1
16.8559,1.6601,1
16.8559,1.6633,1
16.8559,1.6826,1
16.8559,1.7181,1
16.8559,1.6738,1
16.8559,1.6705,1
16.8560,1.6625,1
16.8560,1.6560,1
16.8560,1.6560,1
16.8560,1.6415,1
16.8560,1.6254,1
16.8560,1.6021,1
16.8561,1.5859,1
16.8561,1.5795,1
16.8561,1.6004,1
16.8561,1.6077,1
16.8561,1.6182,1
16.8561,1.6254,1
16.8561,1.6383,1
16.8562,1.6544,1
16.8562,1.6609,1
16.8562,1.6738,1
16.8562,1.6762,1
16.8562,1.6714,1
16.8562,1.6730,1
16.8563,1.6714,1
16.8563,1.6617,1
16.8563,1.6536,1
16.8563,1.6423,1
16.8563,1.6311,1
16.8563,1.6158,1
16.8563,1.5972,1
16.8564,1.6021,1
16.8564,1.5996,1
16.8564,1.6004,1
16.8564,1.6004,1
16.8564,1.6117,1
16.8564,1.6190,1
16.8565,1.6440,1
16.8565,1.6399,1
16.8565,1.6528,1
17.1927,1.6609,1
17.1927,1.6673,1
17.1927,1.6754,1
17.1928,1.6722,1
17.1928,1.6657,1
17.1928,1.6609,1
17.1928,1.6577,1
17.1928,1.6552,1
17.1928,1.6327,1
17.1928,1.6230,1
17.1929,1.6166,1
17.1929,1.6037,1
17.1929,1.5916,1
17.1929,1.6085,1
17.1929,1.5948,1
17.1929,1.6206,1
17.1930,1.6061,1
17.1930,1.6295,1
17.1930,1.6520,1
17.1930,1.6593,1
17.1930,1.6705,1
17.1930,1.6746,1
17.1931,1.6931,1
17.1931,1.6311,1
17.1931,1.6746,1
17.1931,1.6722,1
17.1931,1.6609,1
17.1931,1.6512,1
17.1932,1.6327,1
17.1932,1.6246,1
17.1932,1.6133,1
17.1932,1.6029,1
17.1932,1.5988,1
17.1932,1.5988,1
17.1933,1.6375,1
17.1933,1.6109,1
17.1933,1.6166,1
17.1933,1.6303,1
17.1933,1.6399,1
17.1933,1.6528,1
17.1934,1.6593,1
17.1934,1.6681,1
17.1934,1.6689,1
17.1934,1.6714,1
17.1934,1.6617,1
17.1934,1.6810,1
17.1935,1.6552,1
17.1935,1.6456,1
17.1935,1.6359,1
17.1935,1.6415,1
17.1935,1.6085,1
17.1935,1.5996,1
17.1936,1.5900,1
17.1936,1.5980,1
17.1936,1.5956,1
17.1936,1.6093,1
17.1936,1.6230,1
17.1936,1.6327,1
17.1937,1.6673,1
17.1937,1.6633,1
17.1937,1.6657,1
17.1937,1.6730,1
17.1937,1.6601,1
17.1937,1.6714,1
17.1937,1.6657,1
17.1938,1.6544,1
17.1938,1.6568,1
17.1938,1.6399,1
17.1938,1.6319,1
17.1938,1.7052,1
17.1939,1.6045,1
17.1939,1.5972,1
17.1939,1.5932,1
17.1939,1.5932,1
17.1939,1.5892,1
17.1940,1.6125,1
17.1940,1.6206,1
17.1940,1.6327,1
17.1940,1.6399,1
17.1940,1.6577,1
17.1940,1.6673,1
17.1941,1.6689,1
17.1941,1.6722,1
17.1941,1.6746,1
17.1941,1.6762,1
17.1941,1.6673,1
17.1941,1.6488,1
17.1942,1.6504,1
17.1942,1.6399,1
17.1942,1.5771,1
17.1942,1.6174,1
17.1942,1.6053,1
17.1942,1.5980,1
17.1943,1.5996,1
17.1943,1.6391,1
17.1943,1.6061,1
17.1943,1.6230,1
17.1943,1.6230,1
17.1943,1.6480,1
17.1943,1.6536,1
17.1944,1.6786,1
17.1944,1.6593,1
17.1944,1.6657,1
17.1944,1.6649,1
17.1944,1.6593,1
17.1945,1.6544,1
17.1945,1.6512,1
17.1945,1.6383,1
17.1945,1.6311,1
17.1945,1.6158,1
17.1945,1.6029,1
17.1946,1.6166,1
17.1946,1.5924,1
17.1946,1.5948,1
17.1946,1.5940,1
17.1946,1.5988,1
17.1946,1.6125,1
17.1947,1.6230,1
17.1947,1.6423,1
17.1947,1.6496,1
17.1947,1.6577,1
17.1947,1.6641,1
17.1947,1.6649,1
17.1948,1.6625,1
17.1948,1.6617,1
17.1948,1.6552,1
17.1948,1.6496,1
17.1948,1.6367,1
17.1948,1.6238,1
17.1949,1.6182,1
17.1949,1.5988,1
17.1949,1.5843,1
17.1949,1.5835,1
17.1949,1.5900,1
17.1950,1.5908,1
17.1950,1.6037,1
17.1950,1.6101,1
17.1950,1.6278,1
17.1950,1.6375,1
17.1950,1.6464,1
17.1951,1.6568,1
17.1951,1.6552,1
17.1951,1.6585,1
17.1951,1.6585,1
17.1951,1.6544,1
17.1951,1.6464,1
17.1951,1.6423,1
17.1952,1.6286,1
17.1952,1.6174,1
17.1952,1.6053,1
17.1952,1.6004,1
17.1952,1.5908,1
17.1953,1.5851,1
17.1953,1.5851,1
17.1953,1.5892,1
17.1953,1.6004,1
17.1953,1.6077,1
17.1953,1.6246,1
17.1954,1.6319,1
17.1954,1.6423,1
17.1954,1.6536,1
17.1954,1.6593,1
17.1954,1.6601,1
17.1954,1.6617,1
17.1955,1.6593,1
17.1955,1.6286,1
17.1955,1.6423,1
17.1955,1.6262,1
17.1955,1.6246,1
17.1955,1.6198,1
17.1956,1.6012,1
17.1956,1.5513,1
17.1956,1.5835,1
17.1956,1.5859,1
17.1956,1.5900,1
17.1956,1.5980,1
17.1956,1.6101,1
17.1957,1.6278,1
17.1957,1.6375,1
17.1957,1.6464,1
17.1957,1.6464,1
17.1957,1.6552,1
17.1957,1.6568,1
17.1958,1.6464,1
17.1958,1.6520,1
17.1958,1.6504,1
17.1958,1.6399,1
17.1958,1.6230,1
17.1958,1.6158,1
17.1959,1.6029,1
17.1959,1.5956,1
17.1959,1.5908,1
17.1959,1.5843,1
17.1959,1.5843,1
17.1959,1.5916,1
17.1960,1.5988,1
17.1960,1.6085,1
17.1960,1.6214,1
17.1960,1.6375,1
17.1960,1.6480,1
17.1960,1.6560,1
17.1961,1.6625,1
17.1961,1.6649,1
17.1961,1.6641,1
17.1961,1.6609,1
17.1961,1.6536,1
17.1961,1.6480,1
17.1961,1.6625,1
17.1962,1.6246,1
17.1962,1.6149,1
17.1962,1.6045,1
17.1962,1.5956,1
17.1962,1.5835,1
17.1962,1.5859,1
17.1963,1.5908,1
17.1963,1.5996,1
17.1963,1.6125,1
17.1963,1.6319,1
17.1963,1.6448,1
17.1963,1.6528,1
17.1964,1.6601,1
17.1964,1.6504,1
17.1964,1.6681,1
17.1964,1.6665,1
17.1964,1.6625,1
17.1965,1.6601,1
17.1965,1.6504,1
17.1965,1.6367,1
17.1965,1.6262,1
17.1965,1.6085,1
17.1965,1.6029,1
17.1966,1.5964,1
17.1966,1.5932,1
17.1966,1.5892,1
17.1966,1.5956,1
17.1966,1.6375,1
17.1966,1.6093,1
17.1967,1.6190,1
17.1967,1.6399,1
17.1967,1.6520,1
17.1967,1.6536,1
17.1967,1.6560,1
17.1967,1.6601,1
17.1967,1.6609,1
17.1968,1.6585,1
17.1968,1.6423,1
17.1968,1.6480,1
17.1968,1.6351,1
17.1968,1.6246,1
17.1968,1.6093,1
17.1969,1.6012,1
17.1969,1.5892,1
17.1969,1.5827,1
17.1969,1.5779,1
17.1969,1.5948,1
17.1969,1.5956,1
17.1970,1.6166,1
17.1970,1.6238,1
17.1970,1.6367,1
17.1970,1.6520,1
17.1970,1.6560,1
17.1970,1.6633,1
17.1971,1.6633,1
17.1971,1.6601,1
17.1971,1.6560,1
17.1971,1.6536,1
17.1971,1.6448,1
17.1971,1.6311,1
17.1972,1.6222,1
17.1972,1.6061,1
17.1972,1.6004,1
17.1972,1.6198,1
17.1972,1.5867,1
17.1972,1.5851,1
17.1973,1.5908,1
17.1973,1.5980,1
17.1973,1.6101,1
17.1973,1.6230,1
17.1973,1.6391,1
17.1973,1.6496,1
17.1973,1.6585,1
17.1974,1.6625,1
17.1974,1.6697,1
17.1974,1.6649,1
17.1974,1.6657,1
17.1974,1.6609,1
17.1974,1.6504,1
17.1975,1.6456,1
17.1975,1.6278,1
17.1975,1.6222,1
17.1975,1.6077,1
17.1975,1.5980,1
17.1975,1.5892,1
17.1976,1.5859,1
17.1976,1.6004,1
17.1976,1.6045,1
17.1976,1.6174,1
17.1976,1.6343,1
17.1976,1.6464,1
17.1977,1.6552,1
17.1977,1.6649,1
17.1977,1.6673,1
17.1977,1.6657,1
17.1977,1.6633,1
17.1977,1.6625,1
17.1978,1.6585,1
17.1978,1.6472,1
17.1978,1.6391,1
17.1978,1.6262,1
17.1978,1.6166,1
17.1978,1.6045,1
17.1979,1.5972,1
17.1979,1.5972,1
17.1979,1.5924,1
17.1979,1.5964,1
17.1979,1.6021,1
17.1980,1.6166,1
17.1980,1.6327,1
17.1980,1.6440,1
17.1980,1.6544,1
17.1980,1.6577,1
17.1980,1.6714,1
17.1981,1.6722,1
17.1981,1.6681,1
17.1981,1.6641,1
17.1981,1.6593,1
17.1981,1.6488,1
17.1981,1.6375,1
17.1982,1.6295,1
17.1982,1.6198,1
17.1982,1.6061,1
17.1982,1.6029,1
17.1982,1.5892,1
17.1982,1.5924,1
17.1983,1.5940,1
17.1983,1.6093,1
17.1983,1.6166,1
17.1983,1.6125,1
17.1983,1.6480,1
17.1983,1.6609,1
17.1984,1.6657,1
17.1984,1.6705,1
17.1984,1.6705,1
17.1984,1.6673,1
17.1984,1.6665,1
17.1984,1.6593,1
17.1985,1.6464,1
17.1985,1.6383,1
17.1985,1.6327,1
17.1985,1.6166,1
17.1985,1.6069,1
17.1985,1.6037,1
17.1986,1.5956,1
17.1986,1.5940,1
17.1986,1.5988,1
17.1986,1.6093,1
17.1986,1.6133,1
17.1986,1.6319,1
17.1987,1.6423,1
17.1987,1.6536,1
17.1987,1.6617,1
17.1987,1.6697,1
17.1987,1.6714,1
17.1987,1.6705,1
17.1988,1.6657,1
17.1988,1.6560,1
17.1988,1.6528,1
17.1988,1.6432,1
17.1988,1.6286,1
17.1988,1.6206,1
17.1989,1.6093,1
17.1989,1.5988,1
17.1989,1.5916,1
17.1989,1.5964,1
17.1989,1.5996,1
17.1989,1.6117,1
17.1990,1.6214,1
17.1990,1.6367,1
17.1990,1.6520,1
17.1990,1.6585,1
17.1990,1.6665,1
17.1990,1.6689,1
17.1991,1.6665,1
17.1991,1.6641,1
17.1991,1.6625,1
17.1991,1.6577,1
17.1991,1.6520,1
17.1991,1.6399,1
17.1991,1.6286,1
17.1992,1.6174,1
17.1992,1.6061,1
17.1992,1.5980,1
17.1992,1.5956,1
17.1992,1.5892,1
17.1992,1.5980,1
17.1993,1.6053,1
17.1993,1.6198,1
17.1993,1.6286,1
17.1993,1.6423,1
17.1993,1.6528,1
17.1993,1.6617,1
17.1994,1.7036,1
17.1994,1.6649,1
17.1994,1.6665,1
17.1994,1.6617,1
17.1994,1.6552,1
17.1995,1.6488,1
17.1995,1.6399,1
17.1995,1.6270,1
17.1995,1.6198,1
17.1995,1.6061,1
17.1995,1.5924,1
17.1996,1.5900,1
17.1996,1.5948,1
17.1996,1.5996,1
17.1996,1.6069,1
17.1996,1.6198,1
17.1996,1.6351,1
17.1996,1.6480,1
17.1997,1.6560,1
17.1997,1.6649,1
17.1997,1.6681,1
17.1997,1.6681,1
17.1997,1.6665,1
17.1997,1.6649,1
17.1998,1.6593,1
17.1998,1.6504,1
17.1998,1.6399,1
17.1998,1.6262,1
17.1998,1.6141,1
17.1998,1.6061,1
17.1999,1.5988,1
17.1999,1.5964,1
17.1999,1.5932,1
17.1999,1.5972,1
17.1999,1.6061,1
17.2000,1.6149,1
17.2000,1.6359,1
17.2000,1.6415,1
17.2000,1.6544,1
17.2000,1.6601,1
17.2000,1.6665,1
17.2001,1.6681,1
17.2001,1.6657,1
17.2001,1.6657,1
17.2001,1.6617,1
17.2001,1.6528,1
17.2001,1.6423,1
17.2002,1.6359,1
17.2002,1.6198,1
17.2002,1.6069,1
17.2002,1.5980,1
17.2002,1.5964,1
17.2002,1.5924,1
17.2002,1.5980,1
17.2003,1.6077,1
17.2003,1.6206,1
17.2003,1.6335,1
17.2003,1.6488,1
17.2003,1.7036,1
17.2003,1.6601,1
17.2004,1.6641,1
17.2004,1.6665,1
17.2004,1.6681,1
17.2004,1.6649,1
17.2005,1.6585,1
17.2005,1.6512,1
17.2005,1.6391,1
17.2005,1.5940,1
17.2005,1.6117,1
17.2005,1.6149,1
17.2006,1.6125,1
17.2006,1.6037,1
17.2006,1.6021,1
17.2006,1.6061,1
17.2006,1.6182,1
17.2006,1.6246,1
17.2006,1.6391,1
17.2007,1.6577,1
17.2007,1.6601,1
17.2007,1.6585,1
17.2007,1.6746,1
17.2007,1.6738,1
17.2007,1.6722,1
17.2008,1.6714,1
17.2008,1.6617,1
17.2008,1.6512,1
17.2008,1.6423,1
17.2008,1.6190,1
17.2008,1.6262,1
17.2009,1.6109,1
17.2009,1.5980,1
17.2009,1.5932,1
17.2009,1.5843,1
17.2009,1.6012,1
17.2010,1.6125,1
17.2010,1.6214,1
17.2010,1.6367,1
17.2010,1.6496,1
17.2010,1.6601,1
17.2010,1.6681,1
17.2010,1.6689,1
17.2011,1.6842,1
17.2011,1.6689,1
17.2011,1.6673,1
17.2011,1.6593,1
17.2011,1.7092,1
17.2012,1.6351,1
17.2012,1.5980,1
17.2012,1.6190,1
17.2012,1.6085,1
17.2012,1.6085,1
17.2012,1.6045,1
17.2013,1.5980,1
17.2013,1.6077,1
17.2013,1.6149,1
17.2013,1.6262,1
17.2013,1.6359,1
17.2013,1.6496,1
17.2014,1.6625,1
17.2014,1.6689,1
17.2014,1.6730,1
17.2014,1.6762,1
17.2014,1.6923,1
17.2014,1.6714,1
17.2015,1.6625,1
17.2015,1.6585,1
17.2015,1.6456,1
17.2015,1.6391,1
17.2015,1.6278,1
17.2015,1.6125,1
17.2016,1.6045,1
17.2016,1.6029,1
17.2016,1.6012,1
17.2016,1.6045,1
17.2016,1.6190,1
17.2016,1.6327,1
17.2017,1.6423,1
17.2017,1.6536,1
17.2017,1.6295,1
17.2017,1.6834,1
17.2017,1.6859,1
17.2017,1.7108,1
17.2018,1.6689,1
17.2018,1.6705,1
17.2018,1.6649,1
17.2018,1.6601,1
17.2018,1.6480,1
17.2018,1.6407,1
17.2019,1.6254,1
17.2019,1.6109,1
17.2019,1.6133,1
17.2019,1.6182,1
17.2019,1.6246,1
17.2019,1.6077,1
17.2020,1.6149,1
17.2020,1.6246,1
17.2020,1.6504,1
17.2020,1.6488,1
17.2020,1.6601,1
17.2020,1.6714,1
17.2021,1.6770,1
17.2021,1.6786,1
17.2021,1.6786,1
17.2021,1.6762,1
17.2021,1.6665,1
17.2021,1.6633,1
17.2022,1.6609,1
17.2022,1.6432,1
17.2022,1.6222,1
17.2022,1.6158,1
17.2022,1.6021,1
17.2022,1.6021,1
17.2023,1.5972,1
17.2023,1.6077,1
17.2023,1.6182,1
17.2023,1.6343,1
17.2023,1.6440,1
17.2023,1.6601,1
17.2023,1.6617,1
17.2024,1.6665,1
17.2024,1.6818,1
17.2024,1.6754,1
17.2024,1.6738,1
17.2024,1.6705,1
17.2025,1.6673,1
17.2025,1.6552,1
17.2025,1.6448,1
17.2025,1.6343,1
17.2025,1.6262,1
17.2025,1.6093,1
17.2026,1.6109,1
17.2026,1.6053,1
17.2026,1.5924,1
17.2026,1.6101,1
17.2026,1.6383,1
17.2026,1.6270,1
17.2026,1.6399,1
17.2027,1.6657,1
17.2027,1.6528,1
17.2027,1.6681,1
17.2027,1.6730,1
17.2027,1.6778,1
17.2027,1.6770,1
17.2028,1.6762,1
17.2028,1.6649,1
17.2028,1.6560,1
17.2028,1.6391,1
17.2028,1.6577,1
17.2028,1.6423,1
17.2029,1.6149,1
17.2029,1.6141,1
17.2029,1.6077,1
17.2029,1.6093,1
17.2029,1.6141,1
17.2030,1.6286,1
17.2030,1.6343,1
17.2030,1.6472,1
17.2030,1.6577,1
17.2030,1.6697,1
17.2030,1.6810,1
17.2031,1.6617,1
17.2031,1.6794,1
17.2031,1.6859,1
17.2031,1.6778,1
17.2031,1.6770,1
17.2031,1.6673,1
17.2031,1.6681,1
17.2032,1.6440,1
17.2032,1.6278,1
17.2032,1.6045,1
17.2032,1.5859,1
17.2032,1.6109,1
17.2032,1.6125,1
17.2033,1.6158,1
17.2033,1.6206,1
17.2033,1.6295,1
17.2033,1.7294,1
17.2033,1.6585,1
17.2033,1.6601,1
17.2034,1.6705,1
17.2034,1.6746,1
17.2034,1.6754,1
17.2034,1.6673,1
17.2034,1.6810,1
17.2034,1.6754,1
17.2035,1.6657,1
17.2035,1.6577,1
17.2035,1.6472,1
17.2035,1.6335,1
17.2035,1.6230,1
17.2035,1.5972,1
17.2036,1.6077,1
17.2036,1.6117,1
17.2036,1.6101,1
17.2036,1.6440,1
17.2036,1.6327,1
17.2036,1.6303,1
17.2036,1.6601,1
17.2037,1.6722,1
17.2037,1.6778,1
17.2037,1.6810,1
17.2037,1.6875,1
17.2037,1.6714,1
17.2037,1.6802,1
17.2038,1.6697,1
17.2038,1.6633,1
17.2038,1.6520,1
17.2038,1.6399,1
17.2038,1.6311,1
17.2038,1.6230,1
17.2039,1.6125,1
17.2039,1.5972,1
17.2039,1.6101,1
17.2039,1.6133,1
17.2039,1.6254,1
17.2039,1.6286,1
17.2040,1.6585,1
17.2040,1.6504,1
17.2040,1.6633,1
17.2040,1.6738,1
17.2040,1.6963,1
17.2040,1.6834,1
17.2041,1.6818,1
17.2041,1.6762,1
17.2041,1.6746,1
17.2041,1.6633,1
17.2041,1.6585,1
17.2041,1.5956,1
17.2042,1.6391,1
17.2042,1.6230,1
17.2042,1.6214,1
17.2042,1.5972,1
17.2042,1.6133,1
17.2042,1.6190,1
17.5391,1.6311,1
17.5391,1.6440,1
17.5392,1.6560,1
17.5393,1.6617,1
17.5393,1.6665,1
17.5393,1.6802,1
17.5393,1.6907,1
17.5393,1.6891,1
17.5393,1.6818,1
17.5394,1.6810,1
17.5394,1.6730,1
17.5394,1.6665,1
17.5394,1.6544,1
17.5394,1.6456,1
17.5394,1.6335,1
17.5395,1.6141,1
17.5395,1.6238,1
17.5395,1.6149,1
17.5395,1.6174,1
17.5395,1.5811,1
17.5395,1.6319,1
17.5396,1.6383,1
17.5396,1.6552,1
17.5396,1.6673,1
17.5396,1.6746,1
17.5396,1.6778,1
17.5396,1.6875,1
17.5397,1.6899,1
17.5397,1.6859,1
17.5397,1.6730,1
17.5397,1.6802,1
17.5397,1.6673,1
17.5397,1.6617,1
17.5397,1.6472,1
17.5398,1.6343,1
17.5398,1.6246,1
17.5398,1.6061,1
17.5398,1.6085,1
17.5398,1.6093,1
17.5398,1.6174,1
17.5399,1.6262,1
17.5399,1.6391,1
17.5399,1.6496,1
17.5399,1.6641,1
17.5399,1.6705,1
17.5400,1.6778,1
17.5400,1.6802,1
17.5400,1.6842,1
17.5400,1.6794,1
17.5400,1.6786,1
17.5400,1.6754,1
17.5400,1.6625,1
17.5401,1.6826,1
17.5401,1.6432,1
17.5401,1.6270,1
17.5401,1.6230,1
17.5401,1.6166,1
17.5401,1.5988,1
17.5402,1.6133,1
17.5402,1.6182,1
17.5402,1.6278,1
17.5402,1.6399,1
17.5402,1.6456,1
17.5402,1.6617,1
17.5402,1.6714,1
17.5403,1.6681,1
17.5403,1.6851,1
17.5403,1.6867,1
17.5403,1.6891,1
17.5403,1.6810,1
17.5403,1.6762,1
17.5404,1.6625,1
17.5404,1.6601,1
17.5404,1.6488,1
17.5404,1.6351,1
17.5404,1.6222,1
17.5405,1.6133,1
17.5405,1.6085,1
17.5405,1.6085,1
17.5405,1.6166,1
17.5405,1.6238,1
17.5405,1.6343,1
17.5405,1.6480,1
17.5406,1.6625,1
17.5406,1.6705,1
17.5406,1.6810,1
17.5406,1.7286,1
17.5406,1.6794,1
17.5406,1.6746,1
17.5407,1.6673,1
17.5407,1.6697,1
17.5407,1.6609,1
17.5407,1.7020,1
17.5407,1.6343,1
17.5407,1.6238,1
17.5408,1.6149,1
17.5408,1.6109,1
17.5408,1.6069,1
17.5408,1.6109,1
17.5408,1.6141,1
17.5408,1.5658,1
17.5408,1.6512,1
17.5409,1.6851,1
17.5409,1.6633,1
17.5409,1.6786,1
17.5409,1.6786,1
17.5409,1.6754,1
17.5410,1.6883,1
17.5410,1.6867,1
17.5410,1.6826,1
17.5410,1.6762,1
17.5410,1.6681,1
17.5410,1.6673,1
17.5411,1.6472,1
17.5411,1.6327,1
17.5411,1.6214,1
17.5411,1.6085,1
17.5411,1.6061,1
17.5411,1.6093,1
17.5412,1.6133,1
17.5412,1.6214,1
17.5412,1.6319,1
17.5412,1.6448,1
17.5412,1.6585,1
17.5412,1.6673,1
17.5412,1.6746,1
17.5413,1.6786,1
17.5413,1.6786,1
17.5413,1.6851,1
17.5413,1.6738,1
17.5413,1.6714,1
17.5413,1.6552,1
17.5414,1.6544,1
17.5414,1.6432,1
17.5414,1.6278,1
17.5414,1.6254,1
17.5414,1.6166,1
17.5414,1.6101,1
17.5415,1.6125,1
17.5415,1.6149,1
17.5415,1.6246,1
17.5415,1.6319,1
17.5415,1.6448,1
17.5415,1.6577,1
17.5415,1.6689,1
17.5416,1.6786,1
17.5416,1.6794,1
17.5416,1.6834,1
17.5416,1.6826,1
17.5416,1.6794,1
17.5416,1.6705,1
17.5417,1.6705,1
17.5417,1.6552,1
17.5417,1.6480,1
17.5417,1.6359,1
17.5417,1.6198,1
17.5417,1.6077,1
17.5418,1.6069,1
17.5418,1.6133,1
17.5418,1.6141,1
17.5418,1.6214,1
17.5418,1.6351,1
17.5418,1.6109,1
17.5419,1.6625,1
17.5419,1.6722,1
17.5419,1.6746,1
17.5419,1.6851,1
17.5419,1.6810,1
17.5419,1.6794,1
17.5420,1.6770,1
17.5420,1.7310,1
17.5420,1.6585,1
17.5420,1.6464,1
17.5420,1.6391,1
17.5420,1.6166,1
17.5421,1.6182,1
17.5421,1.6149,1
17.5421,1.6077,1
17.5421,1.5988,1
17.5421,1.6133,1
17.5421,1.6278,1
17.5422,1.6351,1
17.5422,1.6480,1
17.5422,1.6593,1
17.5422,1.6730,1
17.5422,1.6778,1
17.5422,1.6826,1
17.5422,1.6867,1
17.5423,1.6867,1
17.5423,1.6810,1
17.5423,1.6738,1
17.5423,1.6730,1
17.5423,1.6536,1
17.5423,1.6496,1
17.5424,1.6367,1
17.5424,1.6222,1
17.5424,1.6077,1
17.5424,1.6141,1
17.5424,1.6109,1
17.5424,1.6190,1
17.5425,1.6278,1
17.5425,1.6448,1
17.5425,1.6496,1
17.5425,1.6609,1
17.5425,1.6714,1
17.5425,1.6818,1
17.5426,1.6859,1
17.5426,1.6851,1
17.5426,1.6859,1
17.5426,1.6842,1
17.5426,1.6770,1
17.5426,1.6705,1
17.5427,1.6577,1
17.5427,1.6456,1
17.5427,1.6423,1
17.5427,1.6278,1
17.5427,1.6190,1
17.5427,1.6133,1
17.5427,1.6077,1
17.5428,1.6214,1
17.5428,1.6286,1
17.5428,1.6407,1
17.5428,1.6528,1
17.5428,1.6601,1
17.5428,1.6770,1
17.5429,1.6802,1
17.5429,1.6826,1
17.5429,1.6859,1
17.5429,1.6786,1
17.5429,1.6842,1
17.5429,1.6778,1
17.5430,1.6754,1
17.5430,1.6649,1
17.5430,1.6496,1
17.5430,1.6391,1
17.5430,1.6246,1
17.5430,1.6141,1
17.5431,1.6133,1
17.5431,1.6125,1
17.5431,1.6206,1
17.5431,1.6311,1
17.5431,1.6440,1
17.5431,1.6528,1
17.5432,1.6705,1
17.5432,1.6786,1
17.5432,1.6826,1
17.5432,1.6915,1
17.5432,1.6899,1
17.5432,1.6851,1
17.5432,1.6851,1
17.5433,1.6802,1
17.5433,1.6714,1
17.5433,1.6593,1
17.5433,1.6504,1
17.5433,1.6375,1
17.5433,1.6327,1
17.5433,1.6311,1
17.5434,1.6206,1
17.5434,1.6246,1
17.5434,1.6238,1
17.5434,1.6319,1
17.5434,1.6472,1
17.5435,1.6544,1
17.5435,1.6697,1
17.5435,1.6770,1
17.5435,1.6842,1
17.5435,1.6915,1
17.5435,1.6947,1
17.5436,1.6923,1
17.5436,1.6883,1
17.5436,1.6689,1
17.5436,1.6794,1
17.5436,1.6673,1
17.5436,1.6528,1
17.5436,1.6440,1
17.5437,1.6311,1
17.5437,1.6238,1
17.5437,1.6206,1
17.5437,1.6133,1
17.5437,1.6262,1
17.5437,1.6335,1
17.5438,1.6472,1
17.5438,1.6552,1
17.5438,1.6689,1
17.5438,1.6818,1
17.5438,1.6875,1
17.5438,1.6891,1
17.5439,1.6883,1
17.5439,1.6979,1
17.5439,1.6786,1
17.5439,1.6754,1
17.5439,1.6705,1
17.5439,1.6568,1
17.5440,1.6480,1
17.5440,1.6359,1
17.5440,1.6286,1
17.5440,1.6198,1
17.5440,1.6174,1
17.5440,1.6230,1
17.5441,1.6222,1
17.5441,1.6335,1
17.5441,1.6432,1
17.5441,1.6512,1
17.5441,1.6633,1
17.5441,1.6762,1
17.5441,1.6826,1
17.5442,1.6883,1
17.5442,1.6907,1
17.5442,1.7415,1
17.5442,1.6810,1
17.5442,1.6722,1
17.5442,1.6705,1
17.5443,1.6593,1
17.5443,1.6528,1
17.5443,1.6375,1
17.5443,1.6262,1
17.5443,1.6206,1
17.5443,1.6133,1
17.5443,1.6166,1
17.5444,1.6270,1
17.5444,1.6319,1
17.5444,1.6448,1
17.5444,1.6641,1
17.5444,1.6689,1
17.5445,1.6754,1
17.5445,1.6859,1
17.5445,1.6963,1
17.5445,1.6891,1
17.5445,1.6867,1
17.5445,1.6971,1
17.5446,1.6730,1
17.5446,1.6722,1
17.5446,1.6577,1
17.5446,1.6488,1
17.5446,1.6423,1
17.5446,1.6286,1
17.5447,1.6230,1
17.5447,1.6158,1
17.5447,1.6133,1
17.5447,1.6254,1
17.5447,1.6456,1
17.5447,1.6440,1
17.5447,1.6480,1
17.5448,1.6657,1
17.5448,1.6722,1
17.5448,1.6802,1
17.5448,1.6899,1
17.5448,1.6859,1
17.5448,1.6851,1
17.5449,1.6810,1
17.5449,1.6738,1
17.5449,1.6697,1
17.5449,1.6601,1
17.5449,1.6488,1
17.5450,1.6367,1
17.5450,1.6222,1
17.5450,1.6125,1
17.5450,1.6149,1
17.5450,1.6117,1
17.5450,1.6174,1
17.5450,1.6311,1
17.5451,1.6923,1
17.5451,1.6440,1
17.5451,1.6609,1
17.5451,1.6665,1
17.5451,1.6770,1
17.5452,1.6826,1
17.5452,1.6778,1
17.5452,1.6834,1
17.5452,1.6802,1
17.5452,1.6762,1
17.5452,1.6689,1
17.5453,1.6617,1
17.5453,1.6512,1
17.5453,1.6351,1
17.5453,1.6327,1
17.5453,1.6262,1
17.5453,1.6182,1
17.5453,1.6190,1
17.5454,1.6230,1
17.5454,1.6295,1
17.5454,1.6440,1
17.5454,1.6528,1
17.5454,1.6641,1
17.5454,1.6738,1
17.5455,1.6810,1
17.5455,1.6875,1
17.5455,1.6867,1
17.5455,1.6899,1
17.5455,1.6826,1
17.5455,1.6746,1
17.5456,1.6746,1
17.5456,1.6649,1
17.5456,1.6552,1
17.5456,1.6383,1
17.5456,1.6295,1
17.5456,1.6214,1
17.5456,1.6149,1
17.5457,1.6158,1
17.5457,1.6190,1
17.5457,1.6286,1
17.5457,1.6335,1
17.5457,1.6528,1
17.5457,1.6697,1
17.5457,1.6754,1
17.5458,1.6834,1
17.5458,1.6875,1
17.5458,1.6867,1
17.5458,1.6883,1
17.5458,1.6818,1
17.5458,1.6770,1
17.5459,1.6705,1
17.5459,1.6585,1
17.5459,1.6472,1
17.5459,1.6383,1
17.5459,1.6303,1
17.5459,1.6238,1
17.5460,1.6206,1
17.5460,1.6174,1
17.5460,1.6206,1
17.5460,1.6303,1
17.5460,1.6423,1
17.5460,1.6512,1
17.5461,1.6649,1
17.5461,1.6778,1
17.5461,1.6834,1
17.5461,1.6883,1
17.5461,1.6907,1
17.5461,1.6907,1
17.5461,1.6834,1
17.5462,1.6851,1
17.5462,1.6762,1
17.5462,1.6641,1
17.5462,1.6544,1
17.5462,1.6415,1
17.5462,1.6311,1
17.5463,1.6238,1
17.5463,1.6158,1
17.5463,1.6190,1
17.5463,1.6286,1
17.5463,1.6335,1
17.5463,1.6464,1
17.5464,1.6617,1
17.5464,1.6705,1
17.5464,1.6818,1
17.5464,1.6834,1
17.5464,1.6883,1
17.5464,1.6899,1
17.5465,1.6899,1
17.5465,1.6851,1
17.5465,1.6794,1
17.5465,1.6681,1
17.5465,1.6617,1
17.5465,1.6496,1
17.5465,1.6359,1
17.5466,1.6303,1
17.5466,1.6190,1
17.5466,1.6174,1
17.5466,1.6174,1
17.5466,1.6206,1
17.5466,1.6319,1
17.5467,1.6423,1
17.5467,1.6512,1
17.5467,1.6560,1
17.5467,1.6448,1
17.5467,1.6842,1
17.5467,1.6867,1
17.5467,1.6875,1
17.5468,1.6851,1
17.5468,1.6818,1
17.5468,1.6722,1
17.5468,1.6689,1
17.5468,1.6609,1
17.5468,1.6464,1
17.5469,1.6383,1
17.5469,1.6230,1
17.5469,1.5964,1
17.5469,1.6101,1
17.5470,1.6077,1
17.5470,1.6206,1
17.5470,1.6206,1
17.5470,1.6351,1
17.5470,1.6464,1
17.5470,1.6593,1
17.5470,1.6665,1
17.5471,1.6802,1
17.5471,1.6818,1
17.5471,1.6778,1
17.5471,1.6786,1
17.5471,1.6738,1
17.5471,1.6730,1
17.5472,1.6609,1
17.5472,1.6544,1
17.5472,1.6440,1
17.5472,1.6311,1
17.5472,1.6214,1
17.5472,1.6174,1
17.5472,1.6149,1
17.5473,1.6158,1
17.5473,1.6166,1
17.5473,1.6278,1
17.5473,1.6399,1
17.5473,1.6488,1
17.5473,1.6657,1
17.5474,1.6665,1
17.5474,1.6778,1
17.5474,1.6818,1
17.5474,1.6834,1
17.5474,1.6826,1
17.5474,1.6802,1
17.5475,1.6730,1
17.5475,1.6689,1
17.5475,1.6601,1
17.5475,1.6488,1
17.5475,1.6343,1
17.5475,1.6238,1
17.5476,1.6125,1
17.5476,1.6174,1
17.5476,1.6149,1
17.5476,1.6198,1
17.5476,1.6295,1
17.5476,1.6697,1
17.5476,1.6577,1
17.5477,1.6641,1
17.5477,1.6689,1
17.5477,1.6826,1
17.5477,1.6826,1
17.5477,1.6867,1
17.5477,1.6859,1
17.5478,1.6730,1
17.5478,1.6786,1
17.5478,1.6722,1
17.5478,1.6593,1
17.5478,1.6496,1
17.5478,1.6423,1
17.5479,1.6319,1
17.5479,1.6295,1
17.5479,1.6045,1
17.5479,1.6270,1
17.5479,1.6222,1
17.5479,1.6319,1
17.5480,1.6440,1
17.5480,1.6496,1
17.5480,1.6617,1
17.5480,1.6714,1
17.5480,1.6810,1
17.5480,1.6818,1
17.5481,1.6859,1
17.5481,1.6754,1
17.5481,1.6818,1
17.5481,1.6754,1
17.5481,1.6714,1
17.5481,1.6617,1
17.5481,1.6496,1
17.5482,1.6383,1
17.5482,1.6303,1
17.5482,1.6029,1
17.5482,1.5940,1
17.5482,1.6206,1
17.5482,1.6214,1
17.5483,1.6262,1
17.5483,1.6391,1
17.5483,1.6488,1
17.5483,1.6633,1
17.5483,1.6714,1
17.5483,1.6802,1
17.5483,1.6625,1
17.5484,1.6859,1
17.5484,1.6834,1
17.5484,1.6770,1
17.5484,1.6746,1
17.5484,1.6705,1
17.5484,1.6536,1
17.5485,1.6472,1
17.5485,1.6383,1
17.5485,1.6810,1
17.5485,1.6174,1
17.5485,1.6109,1
17.5485,1.6158,1
17.5486,1.6182,1
17.5486,1.6270,1
17.5486,1.6375,1
17.5486,1.6464,1
17.5486,1.6649,1
17.5486,1.6528,1
17.5487,1.6842,1
17.5487,1.6907,1
17.5487,1.6923,1
17.5487,1.6931,1
17.5487,1.6851,1
17.5487,1.6891,1
17.5487,1.6802,1
17.5488,1.6633,1
17.5488,1.6544,1
17.5488,1.6440,1
17.5488,1.6311,1
17.5488,1.6021,1
17.5488,1.6158,1
17.5489,1.6012,1
17.5489,1.6206,1
17.5489,1.6351,1
17.5489,1.6448,1
17.5489,1.6585,1
17.5490,1.6665,1
17.5490,1.6681,1
17.5490,1.6714,1
17.5490,1.6834,1
17.5490,1.6851,1
17.5490,1.6899,1
17.5490,1.6786,1
17.5491,1.6738,1
17.5491,1.6633,1
17.5491,1.6536,1
17.5491,1.6383,1
17.5491,1.6286,1
17.5491,1.6190,1
17.5492,1.6182,1
17.5492,1.6343,1
17.5492,1.6149,1
17.5492,1.6174,1
17.5492,1.6254,1
17.5492,1.6375,1
17.5492,1.6448,1
17.5493,1.6641,1
17.5493,1.6689,1
17.5493,1.6770,1
17.5493,1.6810,1
17.5493,1.6834,1
17.5493,1.6802,1
17.5494,1.6851,1
17.5494,1.6786,1
17.5494,1.6649,1
17.5494,1.6818,1
17.5494,1.6464,1
17.5494,1.6351,1
17.5494,1.6190,1
17.5495,1.6021,1
17.5495,1.6158,1
17.5495,1.6101,1
17.5495,1.6174,1
17.5495,1.6407,1
17.5495,1.6311,1
17.5496,1.6520,1
17.5496,1.6673,1
17.5496,1.6778,1
17.5496,1.6859,1
17.5496,1.6480,1
17.5496,1.6907,1
17.5496,1.6891,1
17.5497,1.6891,1
17.5497,1.6810,1
17.5497,1.6657,1
17.5497,1.6560,1
17.5497,1.6480,1
17.5497,1.6327,1
17.5498,1.6061,1
17.5498,1.6262,1
17.5498,1.6158,1
17.5498,1.6125,1
17.5498,1.6214,1
17.5498,1.6246,1
17.5498,1.6383,1
17.5499,1.6504,1
17.5499,1.6657,1
17.5499,1.6633,1
17.5499,1.6786,1
17.5499,1.6834,1
17.5499,1.6875,1
17.5500,1.6842,1
17.5500,1.6818,1
17.5500,1.6802,1
17.5500,1.6657,1
17.5500,1.6593,1
17.5500,1.6504,1
17.5500,1.6351,1
17.5501,1.6254,1
17.5501,1.6190,1
17.5501,1.6117,1
17.5501,1.6109,1
17.5501,1.6254,1
17.5501,1.6303,1
17.5502,1.6399,1
17.5502,1.6536,1
17.5502,1.6689,1
17.5502,1.6810,1
17.5502,1.6826,1
17.5502,1.6859,1
17.5502,1.6826,1
17.5503,1.6842,1
17.5503,1.6842,1
17.5503,1.6762,1
17.5503,1.6689,1
17.8871,1.6472,1
17.8872,1.6512,1
17.8872,1.6440,1
17.8872,1.6262,1
17.8872,1.6182,1
17.8872,1.6141,1
17.8873,1.6182,1
17.8873,1.6174,1
17.8873,1.6295,1
17.8873,1.6391,1
17.8873,1.6496,1
17.8873,1.6657,1
17.8873,1.6689,1
17.8874,1.6786,1
17.8874,1.6859,1
17.8874,1.6851,1
17.8874,1.6802,1
17.8874,1.6770,1
17.8874,1.6730,1
17.8874,1.6697,1
17.8875,1.6577,1
17.8875,1.6456,1
17.8875,1.6351,1
17.8875,1.6206,1
17.8875,1.6117,1
17.8875,1.6158,1
17.8875,1.6125,1
17.8876,1.6190,1
17.8876,1.6633,1
17.8876,1.6359,1
17.8876,1.6617,1
17.8876,1.6665,1
17.8876,1.6689,1
17.8877,1.6762,1
17.8877,1.6810,1
17.8877,1.6802,1
17.8877,1.6826,1
17.8877,1.6851,1
17.8877,1.6746,1
17.8878,1.6705,1
17.8878,1.6568,1
17.8878,1.6480,1
17.8878,1.6351,1
17.8878,1.6190,1
17.8878,1.6230,1
17.8878,1.6109,1
17.8879,1.6246,1
17.8879,1.6238,1
17.8879,1.7068,1
17.8879,1.6359,1
17.8879,1.6536,1
17.8880,1.6657,1
17.8880,1.6673,1
17.8880,1.6786,1
17.8880,1.6875,1
17.8880,1.6859,1
17.8880,1.6883,1
17.8880,1.6810,1
17.8881,1.6778,1
17.8881,1.6714,1
17.8881,1.6625,1
17.8881,1.6536,1
17.8881,1.6391,1
17.8881,1.6303,1
17.8882,1.6125,1
17.8882,1.6206,1
17.8882,1.6230,1
17.8882,1.6238,1
17.8882,1.6351,1
17.8882,1.6319,1
17.8882,1.6568,1
17.8883,1.6673,1
17.8883,1.6577,1
17.8883,1.6867,1
17.8883,1.6883,1
17.8883,1.6947,1
17.8883,1.6851,1
17.8884,1.6851,1
17.8884,1.6770,1
17.8884,1.6722,1
17.8884,1.6544,1
17.8884,1.6488,1
17.8884,1.6343,1
17.8884,1.6262,1
17.8885,1.6190,1
17.8885,1.6117,1
17.8885,1.6149,1
17.8885,1.6190,1
17.8885,1.6295,1
17.8885,1.6351,1
17.8886,1.6504,1
17.8886,1.6633,1
17.8886,1.6730,1
17.8886,1.6794,1
17.8886,1.6875,1
17.8886,1.6834,1
17.8887,1.6859,1
17.8887,1.6842,1
17.8887,1.6794,1
17.8887,1.6673,1
17.8887,1.6568,1
17.8887,1.6488,1
17.8887,1.6375,1
17.8888,1.6262,1
17.8888,1.6198,1
17.8888,1.6141,1
17.8888,1.6158,1
17.8888,1.6230,1
17.8888,1.6254,1
17.8889,1.6432,1
17.8889,1.6544,1
17.8889,1.6705,1
17.8889,1.6754,1
17.8889,1.6810,1
17.8890,1.6891,1
17.8890,1.6826,1
17.8890,1.7012,1
17.8890,1.6802,1
17.8890,1.6722,1
17.8890,1.6834,1
17.8890,1.6560,1
17.8891,1.6464,1
17.8891,1.6375,1
17.8891,1.6254,1
17.8891,1.6254,1
17.8891,1.6166,1
17.8891,1.6190,1
17.8892,1.6359,1
17.8892,1.6375,1
17.8892,1.6440,1
17.8892,1.6633,1
17.8892,1.6601,1
17.8893,1.6689,1
17.8893,1.6794,1
17.8893,1.6875,1
17.8893,1.6875,1
17.8893,1.7004,1
17.8893,1.6842,1
17.8893,1.6818,1
17.8894,1.6762,1
17.8894,1.6625,1
17.8894,1.6536,1
17.8894,1.6415,1
17.8894,1.6278,1
17.8894,1.6069,1
17.8894,1.6190,1
17.8895,1.6222,1
17.8895,1.6270,1
17.8895,1.6407,1
17.8895,1.6464,1
17.8895,1.6552,1
17.8895,1.6714,1
17.8896,1.6754,1
17.8896,1.6867,1
17.8896,1.6842,1
17.8896,1.6875,1
17.8896,1.6851,1
17.8896,1.6818,1
17.8896,1.6762,1
17.8897,1.6673,1
17.8897,1.6552,1
17.8897,1.6448,1
17.8897,1.6004,1
17.8897,1.6303,1
17.8897,1.6246,1
17.8898,1.6182,1
17.8898,1.6021,1
17.8898,1.6238,1
17.8898,1.6327,1
17.8898,1.6432,1
17.8898,1.6504,1
17.8898,1.6585,1
17.8899,1.6762,1
17.8899,1.6802,1
17.8899,1.6971,1
17.8899,1.6867,1
17.8899,1.6867,1
17.8899,1.6794,1
17.8900,1.6762,1
17.8900,1.6689,1
17.8900,1.6560,1
17.8900,1.6480,1
17.8900,1.6021,1
17.8900,1.6254,1
17.8901,1.6182,1
17.8901,1.6125,1
17.8901,1.6158,1
17.8901,1.6214,1
17.8901,1.6190,1
17.8901,1.6440,1
17.8901,1.6528,1
17.8902,1.6649,1
17.8902,1.6705,1
17.8902,1.6826,1
17.8902,1.6834,1
17.8902,1.6891,1
17.8902,1.6842,1
17.8903,1.6826,1
17.8903,1.6681,1
17.8903,1.6730,1
17.8903,1.6762,1
17.8903,1.6464,1
17.8903,1.6327,1
17.8903,1.6270,1
17.8904,1.6238,1
17.8904,1.6158,1
17.8904,1.6190,1
17.8904,1.6254,1
17.8904,1.6367,1
17.8904,1.6440,1
17.8905,1.6568,1
17.8905,1.6649,1
17.8905,1.6730,1
17.8905,1.6818,1
17.8905,1.6875,1
17.8905,1.6899,1
17.8906,1.6883,1
17.8906,1.6891,1
17.8906,1.6818,1
17.8906,1.6802,1
17.8906,1.6560,1
17.8906,1.6528,1
17.8906,1.6432,1
17.8907,1.6327,1
17.8907,1.6254,1
17.8907,1.6158,1
17.8907,1.5827,1
17.8907,1.6286,1
17.8907,1.6351,1
17.8908,1.6456,1
17.8908,1.6665,1
17.8908,1.6722,1
17.8908,1.6770,1
17.8908,1.6867,1
17.8908,1.6988,1
17.8908,1.6834,1
17.8909,1.6794,1
17.8909,1.6794,1
17.8909,1.6810,1
17.8909,1.6649,1
17.8909,1.6560,1
17.8909,1.6448,1
17.8910,1.6327,1
17.8910,1.6262,1
17.8910,1.6125,1
17.8910,1.6158,1
17.8910,1.6101,1
17.8910,1.6222,1
17.8911,1.6311,1
17.8911,1.6415,1
17.8911,1.6504,1
17.8911,1.6633,1
17.8911,1.6738,1
17.8911,1.6778,1
17.8911,1.6786,1
17.8912,1.6818,1
17.8912,1.6859,1
17.8912,1.6818,1
17.8912,1.6834,1
17.8912,1.6705,1
17.8912,1.6601,1
17.8913,1.6512,1
17.8913,1.6351,1
17.8913,1.6238,1
17.8913,1.6174,1
17.8913,1.6117,1
17.8913,1.6141,1
17.8914,1.6214,1
17.8914,1.6182,1
17.8914,1.6432,1
17.8914,1.6512,1
17.8914,1.6641,1
17.8915,1.6714,1
17.8915,1.6826,1
17.8915,1.6842,1
17.8915,1.6802,1
17.8915,1.6810,1
17.8915,1.6746,1
17.8915,1.6722,1
17.8916,1.6625,1
17.8916,1.6520,1
17.8916,1.6399,1
17.8916,1.6351,1
17.8916,1.6246,1
17.8916,1.6182,1
17.8917,1.6109,1
17.8917,1.6190,1
17.8917,1.6174,1
17.8917,1.6319,1
17.8917,1.6375,1
17.8917,1.6480,1
17.8918,1.6585,1
17.8918,1.6649,1
17.8918,1.6722,1
17.8918,1.6778,1
17.8918,1.6786,1
17.8918,1.6826,1
17.8918,1.6738,1
17.8919,1.6754,1
17.8919,1.6633,1
17.8919,1.6560,1
17.8919,1.6423,1
17.8919,1.6319,1
17.8920,1.6198,1
17.8920,1.6093,1
17.8920,1.6085,1
17.8920,1.6174,1
17.8920,1.6182,1
17.8920,1.6222,1
17.8921,1.6399,1
17.8921,1.6488,1
17.8921,1.6625,1
17.8921,1.6714,1
17.8921,1.6810,1
17.8921,1.6770,1
17.8921,1.6786,1
17.8922,1.6794,1
17.8922,1.6762,1
17.8922,1.6697,1
17.8922,1.6641,1
17.8922,1.6520,1
17.8922,1.6375,1
17.8923,1.6311,1
17.8923,1.6222,1
17.8923,1.6182,1
17.8923,1.6101,1
17.8923,1.6166,1
17.8923,1.6206,1
17.8923,1.6295,1
17.8924,1.6391,1
17.8924,1.6472,1
17.8924,1.6617,1
17.8924,1.6673,1
17.8924,1.6810,1
17.8925,1.6802,1
17.8925,1.6826,1
17.8925,1.6794,1
17.8925,1.6794,1
17.8925,1.6746,1
17.8925,1.6689,1
17.8925,1.6593,1
17.8926,1.6472,1
17.8926,1.6351,1
17.8926,1.6149,1
17.8926,1.6141,1
17.8926,1.6101,1
17.8926,1.6093,1
17.8927,1.6214,1
17.8927,1.6286,1
17.8927,1.6432,1
17.8927,1.6520,1
17.8927,1.6633,1
17.8927,1.6738,1
17.8928,1.6826,1
17.8928,1.6802,1
17.8928,1.6818,1
17.8928,1.6778,1
17.8928,1.6770,1
17.8928,1.6697,1
17.8928,1.6641,1
17.8929,1.6512,1
17.8929,1.6440,1
17.8929,1.6319,1
17.8929,1.6206,1
17.8929,1.6166,1
17.8929,1.6166,1
17.8930,1.6133,1
17.8930,1.6149,1
17.8930,1.6238,1
17.8930,1.6423,1
17.8930,1.6464,1
17.8930,1.6560,1
17.8931,1.6657,1
17.8931,1.6730,1
17.8931,1.6770,1
17.8931,1.6778,1
17.8931,1.6762,1
17.8931,1.6762,1
17.8931,1.6689,1
17.8932,1.6641,1
17.8932,1.6544,1
17.8932,1.6407,1
17.8932,1.6303,1
17.8932,1.6125,1
17.8932,1.6085,1
17.8933,1.6061,1
17.8933,1.6085,1
17.8933,1.6158,1
17.8933,1.6238,1
17.8933,1.6359,1
17.8933,1.6488,1
17.8933,1.6617,1
17.8934,1.6673,1
17.8934,1.6730,1
17.8934,1.6746,1
17.8934,1.6778,1
17.8934,1.6794,1
17.8935,1.6738,1
17.8935,1.6657,1
17.8935,1.6625,1
17.8935,1.6488,1
17.8935,1.6399,1
17.8935,1.6303,1
17.8935,1.6174,1
17.8936,1.6149,1
17.8936,1.6085,1
17.8936,1.6101,1
17.8936,1.6141,1
17.8936,1.6230,1
17.8936,1.6303,1
17.8937,1.6464,1
17.8937,1.6568,1
17.8937,1.6649,1
17.8937,1.6730,1
17.8937,1.6762,1
17.8937,1.6818,1
17.8937,1.6810,1
17.8938,1.6754,1
17.8938,1.6681,1
17.8938,1.6617,1
17.8938,1.6536,1
17.8938,1.6415,1
17.8938,1.6262,1
17.8939,1.6166,1
17.8939,1.6061,1
17.8939,1.6029,1
17.8939,1.6053,1
17.8939,1.6109,1
17.8940,1.6222,1
17.8940,1.6319,1
17.8940,1.6496,1
17.8940,1.6625,1
17.8940,1.6697,1
17.8940,1.6746,1
17.8940,1.6754,1
17.8941,1.6778,1
17.8941,1.6778,1
17.8941,1.6762,1
17.8941,1.6649,1
17.8941,1.6585,1
17.8941,1.6472,1
17.8942,1.6391,1
17.8942,1.6230,1
17.8942,1.6609,1
17.8942,1.6133,1
17.8942,1.6077,1
17.8942,1.6093,1
17.8942,1.6117,1
17.8943,1.6254,1
17.8943,1.6343,1
17.8943,1.6448,1
17.8943,1.6593,1
17.8943,1.6657,1
17.8943,1.6665,1
17.8944,1.6778,1
17.8944,1.6802,1
17.8944,1.6826,1
17.8944,1.6786,1
17.8944,1.6681,1
17.8945,1.6673,1
17.8945,1.6544,1
17.8945,1.6440,1
17.8945,1.6399,1
17.8945,1.6214,1
17.8945,1.6077,1
17.8946,1.6109,1
17.8946,1.6109,1
17.8946,1.6158,1
17.8946,1.6295,1
17.8946,1.6407,1
17.8946,1.6544,1
17.8946,1.6617,1
17.8947,1.6705,1
17.8947,1.6786,1
17.8947,1.6778,1
17.8947,1.6786,1
17.8947,1.6770,1
17.8947,1.6730,1
17.8948,1.6681,1
17.8948,1.6609,1
17.8948,1.6472,1
17.8948,1.6238,1
17.8948,1.6311,1
17.8948,1.6214,1
17.8948,1.6206,1
17.8949,1.6109,1
17.8949,1.6109,1
17.8949,1.6190,1
17.8949,1.6270,1
17.8949,1.6391,1
17.8950,1.6488,1
17.8950,1.6625,1
17.8950,1.6665,1
17.8950,1.6681,1
17.8950,1.6810,1
17.8950,1.6794,1
17.8950,1.6802,1
17.8951,1.6738,1
17.8951,1.6754,1
17.8951,1.6641,1
17.8951,1.6552,1
17.8951,1.6464,1
17.8951,1.6343,1
17.8952,1.6222,1
17.8952,1.6077,1
17.8952,1.6093,1
17.8952,1.6085,1
17.8952,1.6158,1
17.8952,1.5948,1
17.8952,1.6440,1
17.8953,1.6520,1
17.8953,1.6536,1
17.8953,1.6689,1
17.8953,1.6810,1
17.8953,1.6859,1
17.8953,1.6818,1
17.8954,1.6826,1
17.8954,1.6657,1
17.8954,1.6673,1
17.8954,1.6673,1
17.8954,1.6552,1
17.8954,1.6423,1
17.8955,1.6319,1
17.8955,1.5892,1
17.8955,1.6206,1
17.8955,1.6133,1
17.8955,1.6158,1
17.8955,1.6262,1
17.8955,1.6270,1
17.8956,1.6391,1
17.8956,1.6464,1
17.8956,1.6577,1
17.8956,1.6649,1
17.8956,1.6754,1
17.8956,1.6738,1
17.8957,1.6770,1
17.8957,1.6794,1
17.8957,1.6722,1
17.8957,1.6722,1
17.8957,1.6440,1
17.8957,1.6552,1
17.8957,1.6448,1
17.8958,1.6351,1
17.8958,1.6174,1
17.8958,1.6093,1
17.8958,1.6093,1
17.8958,1.6109,1
17.8958,1.6174,1
17.8959,1.6254,1
17.8959,1.6407,1
17.8959,1.6544,1
17.8959,1.6722,1
17.8959,1.6681,1
17.8959,1.6754,1
17.8959,1.6770,1
17.8960,1.6826,1
17.8960,1.6754,1
17.8960,1.6722,1
17.8960,1.6585,1
17.8960,1.6552,1
17.8960,1.6407,1
17.8961,1.6407,1
17.8961,1.6311,1
17.8961,1.6182,1
17.8961,1.6117,1
17.8961,1.6117,1
17.8961,1.6093,1
17.8961,1.6182,1
17.8962,1.6319,1
17.8962,1.6415,1
17.8962,1.6383,1
17.8962,1.6625,1
17.8962,1.6738,1
17.8962,1.6762,1
17.8963,1.6826,1
17.8963,1.6826,1
17.8963,1.6826,1
17.8963,1.6770,1
17.8963,1.6730,1
17.8963,1.6649,1
17.8963,1.6705,1
17.8964,1.6415,1
17.8964,1.6303,1
17.8964,1.6190,1
17.8964,1.6125,1
17.8964,1.6077,1
17.8965,1.6141,1
17.8965,1.6174,1
17.8965,1.6262,1
17.8965,1.6391,1
17.8965,1.6552,1
17.8965,1.6657,1
17.8965,1.6738,1
17.8966,1.6762,1
17.8966,1.6810,1
17.8966,1.6826,1
17.8966,1.6802,1
17.8966,1.6794,1
17.8966,1.6746,1
17.8967,1.6681,1
17.8967,1.6512,1
17.8967,1.6560,1
17.8967,1.6327,1
17.8967,1.6246,1
17.8967,1.6101,1
17.8967,1.6182,1
17.8968,1.6133,1
17.8968,1.6262,1
17.8968,1.6278,1
17.8968,1.6214,1
17.8968,1.6520,1
17.8968,1.6641,1
17.8969,1.6722,1
17.8969,1.6714,1
17.8969,1.6939,1
17.8969,1.7253,1
17.8969,1.6770,1
17.8969,1.6464,1
17.8970,1.6754,1
17.8970,1.6665,1
17.8970,1.6649,1
17.8970,1.6472,1
17.8970,1.6327,1
17.8970,1.6222,1
17.8970,1.6149,1
17.8971,1.6053,1
17.8971,1.6133,1
17.8971,1.6214,1
17.8971,1.6311,1
17.8971,1.6464,1
17.8971,1.6536,1
17.8971,1.6504,1
17.8972,1.6722,1
17.8972,1.6842,1
17.8972,1.6875,1
17.8972,1.6883,1
17.8972,1.6826,1
17.8972,1.6810,1
17.8973,1.6738,1
17.8973,1.6568,1
17.8973,1.6528,1
17.8973,1.6423,1
17.8973,1.6343,1
17.8973,1.6222,1
17.8973,1.6166,1
17.8974,1.6133,1
17.8974,1.6174,1
17.8974,1.6238,1
17.8974,1.6262,1
17.8974,1.6375,1
17.8974,1.6464,1
17.8975,1.6262,1
17.8975,1.6705,1
17.8975,1.6770,1
17.8975,1.6859,1
17.8975,1.6802,1
17.8975,1.6802,1
17.8976,1.6762,1
17.8976,1.6722,1
17.8976,1.6649,1
17.8976,1.6544,1
17.8976,1.6407,1
17.8976,1.6295,1
17.8976,1.6190,1
17.8977,1.6004,1
17.8977,1.6093,1
17.8977,1.6012,1
17.8977,1.6166,1
17.8977,1.6480,1
17.8977,1.6367,1
17.8978,1.6343,1
17.8978,1.6617,1
17.8978,1.6689,1
17.8978,1.6794,1
17.8978,1.6754,1
17.8978,1.6786,1
17.8978,1.6762,1
17.8979,1.6730,1
17.8979,1.6681,1
17.8979,1.6625,1
17.8979,1.6512,1
17.8980,1.6432,1
17.8980,1.6303,1
17.8980,1.6206,1
17.8980,1.6182,1
17.8980,1.6190,1
17.8980,1.6214,1
17.8980,1.6198,1
17.8981,1.6278,1
17.8981,1.6383,1
17.8981,1.6472,1
17.8981,1.6593,1
17.8981,1.6673,1
17.8981,1.6754,1
17.8982,1.7068,1
17.8982,1.6762,1
18.2186,1.6818,1
18.2187,1.6697,1
18.2187,1.6730,1
18.2187,1.6689,1
18.2187,1.6496,1
18.2187,1.6149,1
18.2188,1.6367,1
18.2188,1.6262,1
18.2188,1.6206,1
18.2188,1.5561,1
18.2188,1.6254,1
18.2188,1.6303,1
18.2188,1.6391,1
18.2189,1.6480,1
18.2189,1.6552,1
18.2189,1.6738,1
18.2189,1.6738,1
18.2189,1.6842,1
18.2189,1.6762,1
18.2190,1.6802,1
18.2190,1.6730,1
18.2190,1.6738,1
18.2190,1.6665,1
18.2190,1.6609,1
18.2190,1.6488,1
18.2190,1.6415,1
18.2191,1.6327,1
18.2191,1.6286,1
18.2191,1.6166,1
18.2191,1.6158,1
18.2191,1.6125,1
18.2191,1.6246,1
18.2192,1.6021,1
18.2192,1.6480,1
18.2192,1.6568,1
18.2192,1.6617,1
18.2192,1.6730,1
18.2192,1.6794,1
18.2192,1.6891,1
18.2193,1.6834,1
18.2193,1.6818,1
18.2193,1.6834,1
18.2193,1.6778,1
18.2193,1.6673,1
18.2193,1.6568,1
18.2194,1.6512,1
18.2194,1.6448,1
18.2194,1.6246,1
18.2194,1.6149,1
18.2194,1.6117,1
18.2195,1.6286,1
18.2195,1.6198,1
18.2195,1.6190,1
18.2195,1.6423,1
18.2195,1.6472,1
18.2195,1.6528,1
18.2195,1.6778,1
18.2196,1.6842,1
18.2196,1.6859,1
18.2196,1.6834,1
18.2196,1.6834,1
18.2196,1.6786,1
18.2196,1.6714,1
18.2197,1.6673,1
18.2197,1.6528,1
18.2197,1.6464,1
18.2197,1.6278,1
18.2197,1.6230,1
18.2197,1.6214,1
18.2198,1.6117,1
18.2198,1.6149,1
18.2198,1.6190,1
18.2198,1.6295,1
18.2198,1.6456,1
18.2198,1.6488,1
18.2198,1.6641,1
18.2199,1.6714,1
18.2199,1.6778,1
18.2199,1.6826,1
18.2199,1.6826,1
18.2200,1.6762,1
18.2200,1.6834,1
18.2200,1.6738,1
18.2200,1.6673,1
18.2200,1.6552,1
18.2200,1.6423,1
18.2200,1.6319,1
18.2201,1.6214,1
18.2201,1.6166,1
18.2201,1.6077,1
18.2201,1.6141,1
18.2201,1.6230,1
18.2201,1.6327,1
18.2202,1.6423,1
18.2202,1.6512,1
18.2202,1.6657,1
18.2202,1.6770,1
18.2202,1.6794,1
18.2202,1.6875,1
18.2203,1.6802,1
18.2203,1.6649,1
18.2203,1.6786,1
18.2203,1.6802,1
18.2203,1.6633,1
18.2203,1.6512,1
18.2203,1.6472,1
18.2204,1.5867,1
18.2204,1.6262,1
18.2204,1.6254,1
18.2204,1.6166,1
18.2204,1.6182,1
18.2204,1.6174,1
18.2205,1.6262,1
18.2205,1.6391,1
18.2205,1.6593,1
18.2205,1.6593,1
18.2205,1.6673,1
18.2205,1.6714,1
18.2206,1.6440,1
18.2206,1.6851,1
18.2206,1.6794,1
18.2206,1.6754,1
18.2206,1.6778,1
18.2206,1.6633,1
18.2206,1.6528,1
18.2207,1.6399,1
18.2207,1.6295,1
18.2207,1.6190,1
18.2207,1.6125,1
18.2207,1.6053,1
18.2207,1.6133,1
18.2208,1.6190,1
18.2208,1.6125,1
18.2208,1.6391,1
18.2208,1.6504,1
18.2208,1.6617,1
18.2208,1.6705,1
18.2209,1.6762,1
18.2209,1.6770,1
18.2209,1.6794,1
18.2209,1.6762,1
18.2209,1.6778,1
18.2209,1.6722,1
18.2210,1.6585,1
18.2210,1.6810,1
18.2210,1.6383,1
18.2210,1.5924,1
18.2210,1.6262,1
18.2210,1.6214,1
18.2210,1.6141,1
18.2211,1.6166,1
18.2211,1.6198,1
18.2211,1.6166,1
18.2211,1.6407,1
18.2211,1.6182,1
18.2211,1.6601,1
18.2212,1.6722,1
18.2212,1.6778,1
18.2212,1.6802,1
18.2212,1.6851,1
18.2212,1.6810,1
18.2212,1.6786,1
18.2213,1.6520,1
18.2213,1.6633,1
18.2213,1.6560,1
18.2213,1.6464,1
18.2213,1.6399,1
18.2213,1.6174,1
18.2213,1.6053,1
18.2214,1.6093,1
18.2214,1.6109,1
18.2214,1.6214,1
18.2214,1.6246,1
18.2214,1.6375,1
18.2214,1.6464,1
18.2215,1.6601,1
18.2215,1.6270,1
18.2215,1.6770,1
18.2215,1.6802,1
18.2215,1.6802,1
18.2215,1.6762,1
18.2216,1.6762,1
18.2216,1.6609,1
18.2216,1.6601,1
18.2216,1.6536,1
18.2216,1.6367,1
18.2216,1.6214,1
18.2217,1.6230,1
18.2217,1.6278,1
18.2217,1.6109,1
18.2217,1.6214,1
18.2217,1.6166,1
18.2217,1.6286,1
18.2217,1.6391,1
18.2218,1.6480,1
18.2218,1.6601,1
18.2218,1.6488,1
18.2218,1.6794,1
18.2218,1.6826,1
18.2218,1.6746,1
18.2219,1.6738,1
18.2219,1.6730,1
18.2219,1.6609,1
18.2219,1.6625,1
18.2219,1.6520,1
18.2219,1.6407,1
18.2220,1.6286,1
18.2220,1.6190,1
18.2220,1.6149,1
18.2220,1.6085,1
18.2220,1.6093,1
18.2220,1.6198,1
18.2220,1.6270,1
18.2221,1.6407,1
18.2221,1.6512,1
18.2221,1.6649,1
18.2221,1.6730,1
18.2221,1.6794,1
18.2221,1.6472,1
18.2222,1.6851,1
18.2222,1.6794,1
18.2222,1.6786,1
18.2222,1.6730,1
18.2222,1.6673,1
18.2222,1.6536,1
18.2222,1.6423,1
18.2223,1.6327,1
18.2223,1.6230,1
18.2223,1.6190,1
18.2223,1.6166,1
18.2223,1.6141,1
18.2223,1.6214,1
18.2224,1.6222,1
18.2224,1.6456,1
18.2224,1.6568,1
18.2224,1.6625,1
18.2224,1.6714,1
18.2224,1.6786,1
18.2225,1.6617,1
18.2225,1.6834,1
18.2225,1.6826,1
18.2225,1.6778,1
18.2225,1.6746,1
18.2225,1.6641,1
18.2225,1.6577,1
18.2226,1.6464,1
18.2226,1.6327,1
18.2226,1.6214,1
18.2226,1.6182,1
18.2226,1.6109,1
18.2226,1.6166,1
18.2227,1.6206,1
18.2227,1.6246,1
18.2227,1.6383,1
18.2227,1.6544,1
18.2227,1.6617,1
18.2227,1.6689,1
18.2228,1.6722,1
18.2228,1.6770,1
18.2228,1.6802,1
18.2228,1.6754,1
18.2228,1.6714,1
18.2228,1.6609,1
18.2228,1.6585,1
18.2229,1.6448,1
18.2229,1.6343,1
18.2229,1.6254,1
18.2229,1.6158,1
18.2229,1.6133,1
18.2229,1.6093,1
18.2230,1.6061,1
18.2230,1.6166,1
18.2230,1.6246,1
18.2230,1.6286,1
18.2230,1.6391,1
18.2230,1.6544,1
18.2231,1.6609,1
18.2231,1.6697,1
18.2231,1.6730,1
18.2231,1.6730,1
18.2231,1.6722,1
18.2231,1.6689,1
18.2231,1.6617,1
18.2232,1.6577,1
18.2232,1.6496,1
18.2232,1.6367,1
18.2232,1.6254,1
18.2232,1.6101,1
18.2232,1.6021,1
18.2233,1.6004,1
18.2233,1.6029,1
18.2233,1.6133,1
18.2233,1.6182,1
18.2233,1.6415,1
18.2233,1.6448,1
18.2234,1.6568,1
18.2234,1.6681,1
18.2234,1.6714,1
18.2234,1.6697,1
18.2234,1.6681,1
18.2234,1.6705,1
18.2235,1.6681,1
18.2235,1.6617,1
18.2235,1.6552,1
18.2235,1.6423,1
18.2235,1.6319,1
18.2235,1.6246,1
18.2236,1.6158,1
18.2236,1.6109,1
18.2236,1.6093,1
18.2236,1.6045,1
18.2236,1.6141,1
18.2236,1.6174,1
18.2237,1.6327,1
18.2237,1.6464,1
18.2237,1.6544,1
18.2237,1.6641,1
18.2237,1.6705,1
18.2237,1.6722,1
18.2237,1.6778,1
18.2238,1.6770,1
18.2238,1.6714,1
18.2238,1.6689,1
18.2238,1.6593,1
18.2238,1.6504,1
18.2238,1.6375,1
18.2239,1.6246,1
18.2239,1.6117,1
18.2239,1.6045,1
18.2239,1.6061,1
18.2239,1.6045,1
18.2239,1.6141,1
18.2240,1.6222,1
18.2240,1.6399,1
18.2240,1.6488,1
18.2240,1.6625,1
18.2240,1.6705,1
18.2240,1.6730,1
18.2240,1.6778,1
18.2241,1.6810,1
18.2241,1.6738,1
18.2241,1.6697,1
18.2241,1.6415,1
18.2242,1.6585,1
18.2242,1.6480,1
18.2242,1.6351,1
18.2242,1.6278,1
18.2242,1.6174,1
18.2242,1.6125,1
18.2242,1.6101,1
18.2243,1.6125,1
18.2243,1.6158,1
18.2243,1.6254,1
18.2243,1.6311,1
18.2243,1.6448,1
18.2243,1.6536,1
18.2244,1.6641,1
18.2244,1.6697,1
18.2244,1.6746,1
18.2244,1.6778,1
18.2244,1.6754,1
18.2244,1.6689,1
18.2245,1.6625,1
18.2245,1.6577,1
18.2245,1.6536,1
18.2245,1.6391,1
18.2245,1.6327,1
18.2245,1.6117,1
18.2246,1.6109,1
18.2246,1.6053,1
18.2246,1.6045,1
18.2246,1.6125,1
18.2246,1.6222,1
18.2246,1.6383,1
18.2247,1.6480,1
18.2247,1.6617,1
18.2247,1.6714,1
18.2247,1.6754,1
18.2247,1.6778,1
18.2247,1.6834,1
18.2247,1.6770,1
18.2248,1.6754,1
18.2248,1.6689,1
18.2248,1.6577,1
18.2248,1.6496,1
18.2248,1.6343,1
18.2248,1.6278,1
18.2249,1.6246,1
18.2249,1.6190,1
18.2249,1.6117,1
18.2249,1.6182,1
18.2249,1.6190,1
18.2250,1.6295,1
18.2250,1.6399,1
18.2250,1.6480,1
18.2250,1.6834,1
18.2250,1.6657,1
18.2250,1.6714,1
18.2251,1.6762,1
18.2251,1.6802,1
18.2251,1.6786,1
18.2251,1.6697,1
18.2251,1.6722,1
18.2251,1.6601,1
18.2252,1.6568,1
18.2252,1.6391,1
18.2252,1.6303,1
18.2252,1.6206,1
18.2252,1.6085,1
18.2252,1.6093,1
18.2252,1.6085,1
18.2253,1.6222,1
18.2253,1.6262,1
18.2253,1.6383,1
18.2253,1.6504,1
18.2253,1.6641,1
18.2254,1.6697,1
18.2254,1.6762,1
18.2254,1.6770,1
18.2254,1.6802,1
18.2254,1.6714,1
18.2255,1.6722,1
18.2255,1.6681,1
18.2255,1.6568,1
18.2255,1.6504,1
18.2255,1.6351,1
18.2255,1.6262,1
18.2256,1.6190,1
18.2256,1.6141,1
18.2256,1.6133,1
18.2256,1.6133,1
18.2256,1.6149,1
18.2256,1.6246,1
18.2256,1.6383,1
18.2257,1.6456,1
18.2257,1.6552,1
18.2257,1.6641,1
18.2257,1.6697,1
18.2257,1.6714,1
18.2257,1.6689,1
18.2258,1.6738,1
18.2258,1.6722,1
18.2258,1.6617,1
18.2258,1.6633,1
18.2258,1.6520,1
18.2258,1.6399,1
18.2259,1.6270,1
18.2259,1.6158,1
18.2259,1.6069,1
18.2259,1.6061,1
18.2259,1.6101,1
18.2260,1.6158,1
18.2260,1.6286,1
18.2260,1.6359,1
18.2260,1.6488,1
18.2260,1.6601,1
18.2260,1.6714,1
18.2260,1.6738,1
18.2261,1.6754,1
18.2261,1.6730,1
18.2261,1.6738,1
18.2261,1.6689,1
18.2261,1.6609,1
18.2261,1.6544,1
18.2262,1.6423,1
18.2262,1.6343,1
18.2262,1.6262,1
18.2262,1.6133,1
18.2262,1.6101,1
18.2262,1.6125,1
18.2263,1.6077,1
18.2263,1.6158,1
18.2263,1.6262,1
18.2263,1.6335,1
18.2263,1.6528,1
18.2263,1.6601,1
18.2264,1.6641,1
18.2264,1.6730,1
18.2264,1.6778,1
18.2264,1.6826,1
18.2264,1.6778,1
18.2264,1.6705,1
18.2265,1.6617,1
18.2265,1.6609,1
18.2265,1.6520,1
18.2265,1.6311,1
18.2265,1.6295,1
18.2265,1.6206,1
18.2266,1.6069,1
18.2266,1.6077,1
18.2266,1.6149,1
18.2266,1.6206,1
18.2266,1.6262,1
18.2266,1.6399,1
18.2267,1.6512,1
18.2267,1.6818,1
18.2267,1.6697,1
18.2267,1.6722,1
18.2267,1.7036,1
18.2267,1.6770,1
18.2267,1.6738,1
18.2268,1.6722,1
18.2268,1.6649,1
18.2268,1.6528,1
18.2268,1.6448,1
18.2268,1.6335,1
18.2269,1.6270,1
18.2269,1.6166,1
18.2269,1.6149,1
18.2269,1.6149,1
18.2269,1.6182,1
18.2269,1.6093,1
18.2270,1.6230,1
18.2270,1.6343,1
18.2270,1.6504,1
18.2270,1.6585,1
18.2270,1.6681,1
18.2270,1.6794,1
18.2271,1.6778,1
18.2271,1.6794,1
18.2271,1.6786,1
18.2271,1.6738,1
18.2271,1.6641,1
18.2271,1.6633,1
18.2272,1.6407,1
18.2272,1.6230,1
18.2272,1.6278,1
18.2272,1.6190,1
18.2272,1.5980,1
18.2272,1.5956,1
18.2272,1.6069,1
18.2273,1.6375,1
18.2273,1.6536,1
18.2273,1.6536,1
18.2273,1.6415,1
18.2273,1.6560,1
18.2273,1.6641,1
18.2274,1.6705,1
18.2274,1.6730,1
18.2274,1.6738,1
18.2274,1.6730,1
18.2274,1.6673,1
18.2275,1.6681,1
18.2275,1.6577,1
18.2275,1.6399,1
18.2275,1.6375,1
18.2275,1.6295,1
18.2275,1.6174,1
18.2276,1.6190,1
18.2276,1.6174,1
18.2276,1.5658,1
18.2276,1.6254,1
18.2276,1.6423,1
18.2276,1.6480,1
18.2276,1.6552,1
18.2277,1.6673,1
18.2277,1.6754,1
18.2277,1.6778,1
18.2277,1.6786,1
18.2277,1.6875,1
18.2277,1.6778,1
18.2278,1.6818,1
18.2278,1.6714,1
18.2278,1.6625,1
18.2278,1.6512,1
18.2278,1.6399,1
18.2278,1.6295,1
18.2278,1.6158,1
18.2279,1.6133,1
18.2279,1.6085,1
18.2279,1.6109,1
18.2279,1.6174,1
18.2279,1.6295,1
18.2279,1.6367,1
18.2280,1.6536,1
18.2280,1.6303,1
18.2280,1.6794,1
18.2280,1.6859,1
18.2280,1.6907,1
18.2280,1.6794,1
18.2281,1.6842,1
18.2281,1.6802,1
18.2281,1.6641,1
18.2281,1.6609,1
18.2281,1.6560,1
18.2281,1.6407,1
18.2281,1.6319,1
18.2282,1.6303,1
18.2282,1.6093,1
18.2282,1.6190,1
18.2282,1.6198,1
18.2282,1.6230,1
18.2282,1.6254,1
18.2283,1.6432,1
18.2283,1.6617,1
18.2283,1.6617,1
18.2283,1.6730,1
18.2283,1.6738,1
18.2283,1.6810,1
18.2283,1.6810,1
18.2284,1.6762,1
18.2284,1.6875,1
18.2284,1.6802,1
18.2284,1.6585,1
18.2284,1.6560,1
18.2284,1.6496,1
18.2285,1.6262,1
18.2285,1.6206,1
18.2285,1.6141,1
18.2285,1.6117,1
18.2285,1.6109,1
18.2285,1.6246,1
18.2286,1.6286,1
18.2286,1.6456,1
18.2286,1.6641,1
18.2286,1.6689,1
18.2286,1.6754,1
18.2286,1.6875,1
18.2286,1.6794,1
18.2287,1.6923,1
18.2287,1.6762,1
18.2287,1.6633,1
18.2287,1.6730,1
18.2287,1.6705,1
18.2287,1.6585,1
18.2288,1.6440,1
18.2288,1.6311,1
18.2288,1.6214,1
18.2288,1.6214,1
18.2288,1.6174,1
18.2288,1.6182,1
18.2288,1.6214,1
18.2289,1.6327,1
18.2289,1.6415,1
18.2289,1.6520,1
18.2289,1.6544,1
18.2289,1.6738,1
18.2290,1.6802,1
18.2290,1.6851,1
18.2290,1.6810,1
18.2290,1.6802,1
18.2290,1.6867,1
18.2290,1.6722,1
18.2291,1.6617,1
18.2291,1.6536,1
18.2291,1.6552,1
18.2291,1.6286,1
18.2291,1.6174,1
18.2291,1.6125,1
18.2291,1.6085,1
18.2292,1.6101,1
18.2292,1.6174,1
18.2292,1.6198,1
18.2292,1.6577,1
18.2292,1.6536,1
18.2292,1.6601,1
18.2293,1.6770,1
18.2293,1.6778,1
18.2293,1.6810,1
18.2293,1.6842,1
18.2293,1.6794,1
18.2293,1.6714,1
18.4970,1.6722,1
18.4971,1.6593,1
18.4971,1.6512,1
18.4971,1.6351,1
18.4971,1.6278,1
18.4971,1.6222,1
18.4971,1.6174,1
18.4972,1.6093,1
18.4972,1.6190,1
18.4972,1.6182,1
18.4972,1.6174,1
18.4972,1.6399,1
18.4972,1.6480,1
18.4973,1.6593,1
18.4973,1.6681,1
18.4973,1.6778,1
18.4973,1.6778,1
18.4973,1.6786,1
18.4973,1.6778,1
18.4974,1.6826,1
18.4974,1.6577,1
18.4974,1.6359,1
18.4974,1.6496,1
18.4974,1.6407,1
18.4974,1.6262,1
18.4975,1.6158,1
18.4975,1.6867,1
18.4975,1.6021,1
18.4975,1.6069,1
18.4975,1.6133,1
18.4975,1.6222,1
18.4976,1.6351,1
18.4976,1.6464,1
18.4976,1.6585,1
18.4976,1.6689,1
18.4976,1.6730,1
18.4976,1.6633,1
18.4976,1.6697,1
18.4977,1.6697,1
18.4977,1.6738,1
18.4977,1.6657,1
18.4977,1.6633,1
18.4977,1.6585,1
18.4978,1.6383,1
18.4978,1.6327,1
18.4978,1.6230,1
18.4978,1.6254,1
18.4978,1.6149,1
18.4978,1.6166,1
18.4979,1.6174,1
18.4979,1.6311,1
18.4979,1.6399,1
18.4979,1.6577,1
18.4979,1.6665,1
18.4979,1.6722,1
18.4980,1.6673,1
18.4980,1.6762,1
18.4980,1.6818,1
18.4980,1.6746,1
18.4980,1.6746,1
18.4980,1.6705,1
18.4980,1.6625,1
18.4981,1.6512,1
18.4981,1.6383,1
18.4981,1.6295,1
18.4981,1.6182,1
18.4981,1.6141,1
18.4981,1.6077,1
18.4982,1.6133,1
18.4982,1.6270,1
18.4982,1.6311,1
18.4982,1.6448,1
18.4982,1.6609,1
18.4982,1.6657,1
18.4983,1.6730,1
18.4983,1.6778,1
18.4983,1.6802,1
18.4983,1.6826,1
18.4983,1.6818,1
18.4983,1.6810,1
18.4984,1.6673,1
18.4984,1.6585,1
18.4984,1.6528,1
18.4984,1.6375,1
18.4984,1.6327,1
18.4984,1.6222,1
18.4985,1.6158,1
18.4985,1.6141,1
18.4985,1.6182,1
18.4985,1.6230,1
18.4985,1.6311,1
18.4986,1.6432,1
18.4986,1.6520,1
18.4986,1.6633,1
18.4986,1.6722,1
18.4986,1.6794,1
18.4986,1.6818,1
18.4986,1.6810,1
18.4987,1.6802,1
18.4987,1.6746,1
18.4987,1.6722,1
18.4987,1.6649,1
18.4987,1.6552,1
18.4987,1.6423,1
18.4988,1.6303,1
18.4988,1.6198,1
18.4988,1.6158,1
18.4988,1.6117,1
18.4988,1.5875,1
18.4988,1.6230,1
18.4989,1.6246,1
18.4989,1.6432,1
18.4989,1.6544,1
18.4989,1.6641,1
18.4989,1.7068,1
18.4989,1.6746,1
18.4990,1.6794,1
18.4990,1.6738,1
18.4990,1.6778,1
18.4990,1.6697,1
18.4990,1.6689,1
18.4990,1.6568,1
18.4990,1.6504,1
18.4991,1.6464,1
18.4991,1.6286,1
18.4991,1.6214,1
18.4991,1.6198,1
18.4991,1.6125,1
18.4991,1.6182,1
18.4992,1.6230,1
18.4992,1.6295,1
18.4992,1.6432,1
18.4992,1.6520,1
18.4992,1.6617,1
18.4992,1.6738,1
18.4993,1.6786,1
18.4993,1.6826,1
18.4993,1.6810,1
18.4994,1.6834,1
18.4994,1.6842,1
18.4994,1.6738,1
18.4994,1.6665,1
18.4994,1.6528,1
18.4994,1.6456,1
18.4995,1.6311,1
18.4995,1.6198,1
18.4995,1.6158,1
18.4995,1.6109,1
18.4995,1.6174,1
18.4995,1.6246,1
18.4996,1.6327,1
18.4996,1.6456,1
18.4996,1.6206,1
18.4996,1.6738,1
18.4996,1.6714,1
18.4996,1.6859,1
18.4997,1.6883,1
18.4997,1.6875,1
18.4997,1.6859,1
18.4997,1.6794,1
18.4997,1.6601,1
18.4997,1.6673,1
18.4997,1.6528,1
18.4998,1.6432,1
18.4998,1.6303,1
18.4998,1.6190,1
18.4998,1.6166,1
18.4998,1.6109,1
18.4998,1.6222,1
18.4999,1.6166,1
18.4999,1.6278,1
18.4999,1.6399,1
18.4999,1.6359,1
18.4999,1.6617,1
18.5000,1.6625,1
18.5000,1.6754,1
18.5000,1.6834,1
18.5000,1.6851,1
18.5000,1.6826,1
18.5000,1.6754,1
18.5001,1.6738,1
18.5001,1.6673,1
18.5001,1.6585,1
18.5001,1.6432,1
18.5001,1.6383,1
18.5001,1.6214,1
18.5001,1.6166,1
18.5002,1.6101,1
18.5002,1.6125,1
18.5002,1.6238,1
18.5002,1.6512,1
18.5002,1.6359,1
18.5002,1.6520,1
18.5003,1.6633,1
18.5003,1.6730,1
18.5003,1.6786,1
18.5003,1.6891,1
18.5003,1.6826,1
18.5004,1.6818,1
18.5004,1.6762,1
18.5004,1.6697,1
18.5004,1.6617,1
18.5004,1.6488,1
18.5004,1.6456,1
18.5004,1.6407,1
18.5005,1.6262,1
18.5005,1.6319,1
18.5005,1.6190,1
18.5005,1.6198,1
18.5005,1.6262,1
18.5005,1.6270,1
18.5006,1.6448,1
18.5006,1.6536,1
18.5006,1.6649,1
18.5006,1.6730,1
18.5006,1.6794,1
18.5006,1.6738,1
18.5007,1.6851,1
18.5007,1.6915,1
18.5007,1.6867,1
18.5007,1.6802,1
18.5007,1.6633,1
18.5007,1.6754,1
18.5008,1.6407,1
18.5008,1.6286,1
18.5008,1.6141,1
18.5008,1.6021,1
18.5008,1.6093,1
18.5008,1.6117,1
18.5009,1.6214,1
18.5009,1.6311,1
18.5009,1.6415,1
18.5009,1.6577,1
18.5009,1.6641,1
18.5009,1.6665,1
18.5010,1.6778,1
18.5010,1.6762,1
18.5010,1.6818,1
18.5010,1.6826,1
18.5010,1.6738,1
18.5010,1.6665,1
18.5011,1.6577,1
18.5011,1.6488,1
18.5011,1.6367,1
18.5011,1.6286,1
18.5011,1.6190,1
18.5011,1.6158,1
18.5012,1.6125,1
18.5012,1.6149,1
18.5012,1.6222,1
18.5012,1.6270,1
18.5012,1.6383,1
18.5012,1.6464,1
18.5012,1.6609,1
18.5013,1.6657,1
18.5013,1.6738,1
18.5013,1.6754,1
18.5013,1.6786,1
18.5013,1.6778,1
18.5014,1.6722,1
18.5014,1.6585,1
18.5014,1.6593,1
18.5014,1.6504,1
18.5014,1.6391,1
18.5014,1.6278,1
18.5015,1.6198,1
18.5015,1.6069,1
18.5015,1.6093,1
18.5015,1.6125,1
18.5015,1.6230,1
18.5015,1.6278,1
18.5015,1.6432,1
18.5016,1.6528,1
18.5016,1.6657,1
18.5016,1.6738,1
18.5016,1.6746,1
18.5016,1.6818,1
18.5016,1.6778,1
18.5017,1.6786,1
18.5017,1.6762,1
18.5017,1.6714,1
18.5017,1.6585,1
18.5017,1.6512,1
18.5017,1.6359,1
18.5018,1.5884,1
18.5018,1.6214,1
18.5018,1.6246,1
18.5018,1.6174,1
18.5018,1.6198,1
18.5018,1.6238,1
18.5019,1.6311,1
18.5019,1.6440,1
18.5019,1.6512,1
18.5019,1.6633,1
18.5019,1.6673,1
18.5019,1.6778,1
18.5020,1.6851,1
18.5020,1.6826,1
18.5020,1.6762,1
18.5020,1.6810,1
18.5020,1.6705,1
18.5020,1.6657,1
18.5020,1.6544,1
18.5021,1.6480,1
18.5021,1.6303,1
18.5021,1.6198,1
18.5021,1.6166,1
18.5021,1.6141,1
18.5022,1.6174,1
18.5022,1.6230,1
18.5022,1.6319,1
18.5022,1.6480,1
18.5022,1.6609,1
18.5022,1.6641,1
18.5022,1.6738,1
18.5023,1.6762,1
18.5023,1.6794,1
18.5023,1.6834,1
18.5023,1.6826,1
18.5023,1.6826,1
18.5023,1.6665,1
18.5024,1.6609,1
18.5024,1.6544,1
18.5024,1.6488,1
18.5024,1.6327,1
18.5024,1.6238,1
18.5025,1.6206,1
18.5025,1.6166,1
18.5025,1.6198,1
18.5025,1.6214,1
18.5025,1.6351,1
18.5025,1.6423,1
18.5026,1.6504,1
18.5026,1.6633,1
18.5026,1.6681,1
18.5026,1.6754,1
18.5026,1.6834,1
18.5026,1.6810,1
18.5027,1.6778,1
18.5027,1.6730,1
18.5027,1.6697,1
18.5027,1.6585,1
18.5027,1.6520,1
18.5027,1.6423,1
18.5028,1.6270,1
18.5028,1.6182,1
18.5028,1.6133,1
18.5028,1.6101,1
18.5028,1.6125,1
18.5028,1.6222,1
18.5029,1.6303,1
18.5029,1.6423,1
18.5029,1.6681,1
18.5029,1.6665,1
18.5029,1.6722,1
18.5029,1.6794,1
18.5030,1.6770,1
18.5030,1.6802,1
18.5030,1.6722,1
18.5030,1.6770,1
18.5030,1.6714,1
18.5030,1.6601,1
18.5031,1.6512,1
18.5031,1.6391,1
18.5031,1.6335,1
18.5031,1.6246,1
18.5031,1.6238,1
18.5031,1.6182,1
18.5032,1.6246,1
18.5032,1.6254,1
18.5032,1.6327,1
18.5032,1.6278,1
18.5032,1.6593,1
18.5032,1.6633,1
18.5033,1.6738,1
18.5033,1.6802,1
18.5033,1.6834,1
18.5033,1.6875,1
18.5033,1.6818,1
18.5033,1.6818,1
18.5034,1.6754,1
18.5034,1.6657,1
18.5034,1.6568,1
18.5034,1.6464,1
18.5034,1.6359,1
18.5034,1.6230,1
18.5035,1.6166,1
18.5035,1.6174,1
18.5035,1.6166,1
18.5035,1.6254,1
18.5035,1.6303,1
18.5035,1.6488,1
18.5035,1.6617,1
18.5036,1.6689,1
18.5036,1.6746,1
18.5036,1.6842,1
18.5036,1.6842,1
18.5036,1.6810,1
18.5036,1.6794,1
18.5037,1.6778,1
18.5037,1.6738,1
18.5037,1.6601,1
18.5037,1.6528,1
18.5037,1.6399,1
18.5037,1.6319,1
18.5038,1.6230,1
18.5038,1.6198,1
18.5038,1.6182,1
18.5038,1.6182,1
18.5038,1.6246,1
18.5038,1.6319,1
18.5038,1.6464,1
18.5039,1.6544,1
18.5039,1.6593,1
18.5039,1.6697,1
18.5039,1.6762,1
18.5039,1.6786,1
18.5039,1.6859,1
18.5040,1.6794,1
18.5040,1.6754,1
18.5040,1.6730,1
18.5040,1.6641,1
18.5040,1.6512,1
18.5040,1.6432,1
18.5041,1.6278,1
18.5041,1.6166,1
18.5041,1.6141,1
18.5041,1.6069,1
18.5041,1.6101,1
18.5041,1.6198,1
18.5042,1.6286,1
18.5042,1.6415,1
18.5042,1.6496,1
18.5042,1.6633,1
18.5042,1.6730,1
18.5042,1.6778,1
18.5042,1.6802,1
18.5043,1.6802,1
18.5043,1.7060,1
18.5043,1.6754,1
18.5043,1.6657,1
18.5043,1.6568,1
18.5043,1.6488,1
18.5044,1.6335,1
18.5044,1.6270,1
18.5044,1.6206,1
18.5044,1.6206,1
18.5044,1.6141,1
18.5044,1.6174,1
18.5045,1.6214,1
18.5045,1.6085,1
18.5045,1.6585,1
18.5045,1.6520,1
18.5045,1.6633,1
18.5045,1.6722,1
18.5045,1.6762,1
18.5046,1.6810,1
18.5046,1.6842,1
18.5046,1.6802,1
18.5046,1.6738,1
18.5046,1.6722,1
18.5046,1.6423,1
18.5047,1.6552,1
18.5047,1.6407,1
18.5047,1.6311,1
18.5047,1.6214,1
18.5047,1.6158,1
18.5047,1.6109,1
18.5048,1.6133,1
18.5048,1.6230,1
18.5048,1.6335,1
18.5048,1.6423,1
18.5048,1.6520,1
18.5048,1.6625,1
18.5048,1.6697,1
18.5049,1.6794,1
18.5049,1.6851,1
18.5049,1.6794,1
18.5049,1.6770,1
18.5049,1.6754,1
18.5050,1.6681,1
18.5050,1.6577,1
18.5050,1.6464,1
18.5050,1.6343,1
18.5050,1.6278,1
18.5050,1.6230,1
18.5050,1.6198,1
18.5051,1.6125,1
18.5051,1.6182,1
18.5051,1.5996,1
18.5051,1.6319,1
18.5051,1.6423,1
18.5051,1.6520,1
18.5052,1.6496,1
18.5052,1.6714,1
18.5052,1.6697,1
18.5052,1.6818,1
18.5052,1.6778,1
18.5052,1.6867,1
18.5053,1.6738,1
18.5053,1.6625,1
18.5053,1.6609,1
18.5053,1.6520,1
18.5053,1.6375,1
18.5053,1.6278,1
18.5053,1.6029,1
18.5054,1.6069,1
18.5054,1.6077,1
18.5054,1.6077,1
18.5054,1.6206,1
18.5054,1.6262,1
18.5054,1.6770,1
18.5055,1.6480,1
18.5055,1.6577,1
18.5055,1.6657,1
18.5055,1.6705,1
18.5055,1.6730,1
18.5055,1.6802,1
18.5056,1.6762,1
18.5056,1.6673,1
18.5056,1.6609,1
18.5056,1.6560,1
18.5056,1.6504,1
18.5056,1.5916,1
18.5057,1.6222,1
18.5057,1.6327,1
18.5057,1.6270,1
18.5057,1.6222,1
18.5057,1.6262,1
18.5057,1.6222,1
18.5058,1.6319,1
18.5058,1.6432,1
18.5058,1.6343,1
18.5058,1.6568,1
18.5058,1.6689,1
18.5058,1.6834,1
18.5059,1.6834,1
18.5059,1.6802,1
18.5059,1.6762,1
18.5059,1.6794,1
18.5059,1.6697,1
18.5059,1.6625,1
18.5060,1.6472,1
18.5060,1.6440,1
18.5060,1.6254,1
18.5060,1.6158,1
18.5060,1.6053,1
18.5060,1.6214,1
18.5061,1.6029,1
18.5061,1.6198,1
18.5061,1.6311,1
18.5061,1.6254,1
18.5061,1.6528,1
18.5061,1.6665,1
18.7500,1.6705,1
18.7500,1.6754,1
18.7501,1.6794,1
18.7501,1.6762,1
18.7501,1.6705,1
18.7501,1.6746,1
18.7501,1.6673,1
18.7501,1.6552,1
18.7502,1.6456,1
18.7502,1.6399,1
18.7502,1.6303,1
18.7502,1.6230,1
18.7502,1.6214,1
18.7502,1.6029,1
18.7502,1.6182,1
18.7503,1.6278,1
18.7503,1.6311,1
18.7503,1.6407,1
18.7503,1.6504,1
18.7503,1.6601,1
18.7503,1.6746,1
18.7504,1.6746,1
18.7504,1.6794,1
18.7504,1.6810,1
18.7504,1.6786,1
18.7504,1.6697,1
18.7504,1.6786,1
18.7505,1.6649,1
18.7505,1.6528,1
18.7505,1.6432,1
18.7505,1.6351,1
18.7505,1.6174,1
18.7505,1.6149,1
18.7506,1.6125,1
18.7506,1.6149,1
18.7506,1.6230,1
18.7506,1.6319,1
18.7506,1.6456,1
18.7507,1.6230,1
18.7507,1.6689,1
18.7507,1.6754,1
18.7507,1.6834,1
18.7507,1.6826,1
18.7507,1.6875,1
18.7508,1.6802,1
18.7508,1.6689,1
18.7508,1.6754,1
18.7508,1.6899,1
18.7508,1.6480,1
18.7508,1.6335,1
18.7509,1.6286,1
18.7509,1.6504,1
18.7509,1.6166,1
18.7509,1.6093,1
18.7509,1.6158,1
18.7509,1.6190,1
18.7509,1.6270,1
18.7510,1.6423,1
18.7510,1.6496,1
18.7510,1.6617,1
18.7510,1.6722,1
18.7510,1.6778,1
18.7510,1.6722,1
18.7511,1.6810,1
18.7511,1.6794,1
18.7511,1.6818,1
18.7511,1.6746,1
18.7511,1.6689,1
18.7511,1.6544,1
18.7512,1.6472,1
18.7512,1.6303,1
18.7512,1.6198,1
18.7512,1.6149,1
18.7512,1.6117,1
18.7512,1.6166,1
18.7513,1.6246,1
18.7513,1.6367,1
18.7513,1.6448,1
18.7513,1.6544,1
18.7513,1.6585,1
18.7513,1.6722,1
18.7513,1.6802,1
18.7514,1.6802,1
18.7514,1.7004,1
18.7514,1.6770,1
18.7514,1.6367,1
18.7514,1.6681,1
18.7515,1.6601,1
18.7515,1.6415,1
18.7515,1.6359,1
18.7515,1.6278,1
18.7515,1.6303,1
18.7515,1.6190,1
18.7515,1.6158,1
18.7516,1.6141,1
18.7516,1.6198,1
18.7516,1.6254,1
18.7516,1.6327,1
18.7516,1.6512,1
18.7516,1.6617,1
18.7517,1.6423,1
18.7517,1.6738,1
18.7517,1.6834,1
18.7517,1.6810,1
18.7517,1.6802,1
18.7517,1.6722,1
18.7518,1.6730,1
18.7518,1.6617,1
18.7518,1.6496,1
18.7518,1.6415,1
18.7518,1.6278,1
18.7518,1.6029,1
18.7518,1.5980,1
18.7519,1.6117,1
18.7519,1.6125,1
18.7519,1.6254,1
18.7519,1.6262,1
18.7519,1.6464,1
18.7520,1.6512,1
18.7520,1.6617,1
18.7520,1.6714,1
18.7520,1.6714,1
18.7520,1.6762,1
18.7520,1.6754,1
18.7520,1.6810,1
18.7521,1.6689,1
18.7521,1.6714,1
18.7521,1.6560,1
18.7521,1.6415,1
18.7521,1.6407,1
18.7521,1.6270,1
18.7522,1.6174,1
18.7522,1.5996,1
18.7522,1.6125,1
18.7522,1.6182,1
18.7522,1.6182,1
18.7522,1.6295,1
18.7523,1.6415,1
18.7523,1.6504,1
18.7523,1.6609,1
18.7523,1.6673,1
18.7523,1.6593,1
18.7523,1.6818,1
18.7524,1.6826,1
18.7524,1.6826,1
18.7524,1.6778,1
18.7524,1.6746,1
18.7524,1.6738,1
18.7524,1.6456,1
18.7524,1.6383,1
18.7525,1.6270,1
18.7525,1.6133,1
18.7525,1.6093,1
18.7525,1.6101,1
18.7525,1.6117,1
18.7525,1.6262,1
18.7526,1.6278,1
18.7526,1.6423,1
18.7526,1.6520,1
18.7526,1.6641,1
18.7526,1.6730,1
18.7526,1.6891,1
18.7527,1.6802,1
18.7527,1.6786,1
18.7527,1.6770,1
18.7527,1.6770,1
18.7527,1.6947,1
18.7527,1.6544,1
18.7528,1.6520,1
18.7528,1.6391,1
18.7528,1.6335,1
18.7528,1.6190,1
18.7528,1.6254,1
18.7528,1.6069,1
18.7528,1.6714,1
18.7529,1.6166,1
18.7529,1.6295,1
18.7529,1.6399,1
18.7529,1.6472,1
18.7529,1.6625,1
18.7529,1.6971,1
18.7530,1.6818,1
18.7530,1.6746,1
18.7530,1.6770,1
18.7530,1.6762,1
18.7530,1.6617,1
18.7530,1.6738,1
18.7531,1.6649,1
18.7531,1.6528,1
18.7531,1.6415,1
18.7531,1.6303,1
18.7531,1.6198,1
18.7531,1.6101,1
18.7532,1.6109,1
18.7532,1.6117,1
18.7532,1.6214,1
18.7532,1.6311,1
18.7532,1.6520,1
18.7532,1.6560,1
18.7532,1.6625,1
18.7533,1.6730,1
18.7533,1.6762,1
18.7533,1.6681,1
18.7533,1.6496,1
18.7533,1.6810,1
18.7533,1.6617,1
18.7534,1.6722,1
18.7534,1.6568,1
18.7534,1.6464,1
18.7534,1.6351,1
18.7534,1.6270,1
18.7534,1.6174,1
18.7535,1.6125,1
18.7535,1.6093,1
18.7535,1.6270,1
18.7535,1.6415,1
18.7535,1.6214,1
18.7535,1.6319,1
18.7535,1.6407,1
18.7536,1.6544,1
18.7536,1.6448,1
18.7536,1.6705,1
18.7536,1.6681,1
18.7536,1.6802,1
18.7536,1.6754,1
18.7537,1.6714,1
18.7537,1.6633,1
18.7537,1.6641,1
18.7537,1.6536,1
18.7537,1.6375,1
18.7537,1.6270,1
18.7538,1.6141,1
18.7538,1.6029,1
18.7538,1.6077,1
18.7538,1.6085,1
18.7538,1.6206,1
18.7538,1.6335,1
18.7538,1.6415,1
18.7539,1.6520,1
18.7539,1.6568,1
18.7539,1.6714,1
18.7539,1.6722,1
18.7539,1.6762,1
18.7540,1.6762,1
18.7540,1.6746,1
18.7540,1.6705,1
18.7540,1.6641,1
18.7540,1.6560,1
18.7540,1.6456,1
18.7540,1.6335,1
18.7541,1.6319,1
18.7541,1.6166,1
18.7541,1.6085,1
18.7541,1.6133,1
18.7541,1.6149,1
18.7541,1.6198,1
18.7542,1.6295,1
18.7542,1.6407,1
18.7542,1.6512,1
18.7542,1.6601,1
18.7542,1.6697,1
18.7542,1.6762,1
18.7542,1.6794,1
18.7543,1.6810,1
18.7543,1.6722,1
18.7543,1.6705,1
18.7543,1.6730,1
18.7543,1.6657,1
18.7543,1.6641,1
18.7544,1.6415,1
18.7544,1.6295,1
18.7544,1.6214,1
18.7544,1.5980,1
18.7544,1.6133,1
18.7544,1.6222,1
18.7545,1.6222,1
18.7545,1.6319,1
18.7545,1.6440,1
18.7545,1.6536,1
18.7545,1.6649,1
18.7545,1.6738,1
18.7546,1.6778,1
18.7546,1.6786,1
18.7546,1.6802,1
18.7546,1.5843,1
18.7546,1.6818,1
18.7546,1.6794,1
18.7546,1.6633,1
18.7547,1.6544,1
18.7547,1.6512,1
18.7547,1.6383,1
18.7547,1.6198,1
18.7547,1.6149,1
18.7547,1.6158,1
18.7548,1.6158,1
18.7548,1.6158,1
18.7548,1.6262,1
18.7548,1.6343,1
18.7548,1.6464,1
18.7548,1.6568,1
18.7549,1.6633,1
18.7549,1.6705,1
18.7549,1.6738,1
18.7549,1.6762,1
18.7549,1.6585,1
18.7550,1.6714,1
18.7550,1.6673,1
18.7550,1.6577,1
18.7550,1.6504,1
18.7550,1.6375,1
18.7550,1.6254,1
18.7550,1.6214,1
18.7551,1.6182,1
18.7551,1.6069,1
18.7551,1.6125,1
18.7551,1.6222,1
18.7551,1.6238,1
18.7551,1.6432,1
18.7552,1.6544,1
18.7552,1.6633,1
18.7552,1.6520,1
18.7552,1.6818,1
18.7552,1.6746,1
18.7552,1.6826,1
18.7553,1.6859,1
18.7553,1.6794,1
18.7553,1.6722,1
18.7553,1.6585,1
18.7553,1.6520,1
18.7553,1.6391,1
18.7554,1.6319,1
18.7554,1.6246,1
18.7554,1.6311,1
18.7554,1.6158,1
18.7554,1.6254,1
18.7554,1.6230,1
18.7555,1.6311,1
18.7555,1.6448,1
18.7555,1.6834,1
18.7555,1.6585,1
18.7555,1.6730,1
18.7555,1.6746,1
18.7556,1.6560,1
18.7556,1.6810,1
18.7556,1.6810,1
18.7556,1.6818,1
18.7556,1.6770,1
18.7556,1.6657,1
18.7557,1.6552,1
18.7557,1.6480,1
18.7557,1.6383,1
18.7557,1.6254,1
18.7557,1.6085,1
18.7557,1.6214,1
18.7557,1.6383,1
18.7558,1.6311,1
18.7558,1.6198,1
18.7558,1.6488,1
18.7558,1.6577,1
18.7558,1.6689,1
18.7558,1.6794,1
18.7559,1.6834,1
18.7559,1.6883,1
18.7559,1.6826,1
18.7559,1.6786,1
18.7559,1.6738,1
18.7559,1.6714,1
18.7560,1.6568,1
18.7560,1.6440,1
18.7560,1.6367,1
18.7560,1.6335,1
18.7560,1.6190,1
18.7560,1.6254,1
18.7561,1.6166,1
18.7561,1.6141,1
18.7561,1.6230,1
18.7561,1.6254,1
18.7561,1.6488,1
18.7561,1.6520,1
18.7562,1.6649,1
18.7562,1.6770,1
18.7562,1.6818,1
18.7562,1.6939,1
18.7562,1.6810,1
18.7562,1.7125,1
18.7562,1.6778,1
18.7563,1.6673,1
18.7563,1.6657,1
18.7563,1.6568,1
18.7563,1.6415,1
18.7563,1.6270,1
18.7563,1.6190,1
18.7564,1.6125,1
18.7564,1.6109,1
18.7564,1.6190,1
18.7564,1.6238,1
18.7564,1.6448,1
18.7564,1.6456,1
18.7565,1.6552,1
18.7565,1.6714,1
18.7565,1.6770,1
18.7565,1.6842,1
18.7565,1.6851,1
18.7565,1.6867,1
18.7566,1.6834,1
18.7566,1.6802,1
18.7566,1.6730,1
18.7566,1.6633,1
18.7566,1.6544,1
18.7566,1.6415,1
18.7567,1.6391,1
18.7567,1.6238,1
18.7567,1.6222,1
18.7567,1.6158,1
18.7567,1.6045,1
18.7567,1.6238,1
18.7567,1.6367,1
18.7568,1.6496,1
18.7568,1.6593,1
18.7568,1.6641,1
18.7568,1.6746,1
18.7568,1.6826,1
18.7568,1.6842,1
18.7569,1.6859,1
18.7569,1.6448,1
18.7569,1.6859,1
18.7569,1.6754,1
18.7569,1.6681,1
18.7570,1.6560,1
18.7570,1.6440,1
18.7570,1.6303,1
18.7570,1.6198,1
18.7570,1.6158,1
18.7570,1.6117,1
18.7571,1.6528,1
18.7571,1.6222,1
18.7571,1.6286,1
18.7571,1.6432,1
18.7571,1.6480,1
18.7571,1.6649,1
18.7572,1.6730,1
18.7572,1.6778,1
18.7572,1.6794,1
18.7572,1.6842,1
18.7572,1.6794,1
18.7572,1.6754,1
18.7572,1.6714,1
18.7573,1.6609,1
18.7573,1.6585,1
18.7573,1.6415,1
18.7573,1.6295,1
18.7573,1.6254,1
18.7573,1.6198,1
18.7574,1.6198,1
18.7574,1.6174,1
18.7574,1.6270,1
18.7574,1.6319,1
18.7574,1.6456,1
18.7574,1.6568,1
18.7575,1.6657,1
18.7575,1.6738,1
18.7575,1.6802,1
18.7575,1.6794,1
18.7575,1.6834,1
18.7575,1.6875,1
18.7575,1.6794,1
18.7576,1.6722,1
18.7576,1.6641,1
18.7576,1.6528,1
18.7576,1.6415,1
18.7576,1.6262,1
18.7576,1.6206,1
18.7577,1.6222,1
18.7577,1.6109,1
18.7577,1.6141,1
18.7577,1.6222,1
18.7577,1.6327,1
18.7577,1.6456,1
18.7578,1.6544,1
18.7578,1.6673,1
18.7578,1.6730,1
18.7578,1.6842,1
18.7578,1.6826,1
18.7578,1.6851,1
18.7579,1.6818,1
18.7579,1.6826,1
18.7579,1.6722,1
18.7579,1.6577,1
18.7579,1.6496,1
18.7579,1.6375,1
18.7580,1.6295,1
18.7580,1.6198,1
18.7580,1.6222,1
18.7580,1.6149,1
18.7580,1.6198,1
18.7580,1.6230,1
18.7581,1.6166,1
18.7581,1.6472,1
18.7581,1.6577,1
18.7581,1.6649,1
18.7581,1.6875,1
18.7581,1.6754,1
18.7582,1.6722,1
18.7582,1.6818,1
18.9821,1.6899,1
18.9821,1.6963,1
18.9821,1.6746,1
18.9821,1.6617,1
18.9821,1.6560,1
18.9822,1.6415,1
18.9822,1.6278,1
18.9822,1.6206,1
18.9822,1.6125,1
18.9822,1.6117,1
18.9822,1.6166,1
18.9822,1.6270,1
18.9823,1.6303,1
18.9823,1.6923,1
18.9823,1.6520,1
18.9823,1.6673,1
18.9823,1.6746,1
18.9823,1.6826,1
18.9824,1.6842,1
18.9824,1.6842,1
18.9824,1.6818,1
18.9824,1.6818,1
18.9824,1.6746,1
18.9824,1.6625,1
18.9825,1.6560,1
18.9825,1.6415,1
18.9825,1.6351,1
18.9825,1.6278,1
18.9825,1.6238,1
18.9825,1.6222,1
18.9826,1.6230,1
18.9826,1.6295,1
18.9826,1.6375,1
18.9826,1.6544,1
18.9826,1.6585,1
18.9826,1.6649,1
18.9826,1.6730,1
18.9827,1.6794,1
18.9827,1.6834,1
18.9827,1.6859,1
18.9827,1.6867,1
18.9827,1.6802,1
18.9827,1.6730,1
18.9828,1.6665,1
18.9828,1.6577,1
18.9828,1.6440,1
18.9828,1.6351,1
18.9828,1.6238,1
18.9828,1.6190,1
18.9829,1.6182,1
18.9829,1.6158,1
18.9829,1.6270,1
18.9829,1.6351,1
18.9829,1.6496,1
18.9829,1.6617,1
18.9830,1.6730,1
18.9830,1.6754,1
18.9830,1.6826,1
18.9830,1.6818,1
18.9830,1.6826,1
18.9830,1.6818,1
18.9830,1.6802,1
18.9831,1.6722,1
18.9831,1.6633,1
18.9831,1.6560,1
18.9831,1.6399,1
18.9831,1.6359,1
18.9831,1.6278,1
18.9832,1.6246,1
18.9832,1.6190,1
18.9832,1.6254,1
18.9832,1.6270,1
18.9832,1.6351,1
18.9832,1.6488,1
18.9833,1.6568,1
18.9833,1.6673,1
18.9833,1.6746,1
18.9833,1.6786,1
18.9833,1.6834,1
18.9833,1.6697,1
18.9834,1.6875,1
18.9834,1.6842,1
18.9834,1.6786,1
18.9834,1.6681,1
18.9834,1.6238,1
18.9834,1.6472,1
18.9834,1.6375,1
18.9835,1.6246,1
18.9835,1.6230,1
18.9835,1.6158,1
18.9835,1.6174,1
18.9835,1.6270,1
18.9835,1.6351,1
18.9836,1.6464,1
18.9836,1.6609,1
18.9836,1.6851,1
18.9836,1.6730,1
18.9836,1.6786,1
18.9836,1.6786,1
18.9837,1.6802,1
18.9837,1.6778,1
18.9837,1.6730,1
18.9837,1.6714,1
18.9837,1.6673,1
18.9837,1.6472,1
18.9837,1.6367,1
18.9838,1.6335,1
18.9838,1.6246,1
18.9838,1.6198,1
18.9838,1.6198,1
18.9838,1.6214,1
18.9838,1.6286,1
18.9839,1.6343,1
18.9839,1.6278,1
18.9839,1.6794,1
18.9839,1.6625,1
18.9839,1.6754,1
18.9839,1.6794,1
18.9840,1.6818,1
18.9840,1.6867,1
18.9840,1.6810,1
18.9840,1.6794,1
18.9840,1.6714,1
18.9840,1.6665,1
18.9840,1.6552,1
18.9841,1.6440,1
18.9841,1.6351,1
18.9841,1.6214,1
18.9841,1.6174,1
18.9841,1.6166,1
18.9841,1.6174,1
18.9842,1.6254,1
18.9842,1.6335,1
18.9842,1.6415,1
18.9842,1.6609,1
18.9842,1.6649,1
18.9842,1.6722,1
18.9843,1.6818,1
18.9843,1.6826,1
18.9843,1.6834,1
18.9843,1.6834,1
18.9843,1.6794,1
18.9843,1.6730,1
18.9843,1.6609,1
18.9844,1.6544,1
18.9844,1.6464,1
18.9844,1.6327,1
18.9844,1.6174,1
18.9844,1.6238,1
18.9844,1.6230,1
18.9845,1.6230,1
18.9845,1.6262,1
18.9845,1.6351,1
18.9845,1.6488,1
18.9845,1.6585,1
18.9845,1.6730,1
18.9846,1.6834,1
18.9846,1.6794,1
18.9846,1.6842,1
18.9846,1.6826,1
18.9846,1.6859,1
18.9846,1.6802,1
18.9847,1.6762,1
18.9847,1.6681,1
18.9847,1.6988,1
18.9847,1.6359,1
18.9847,1.6327,1
18.9847,1.6125,1
18.9847,1.6149,1
18.9848,1.6182,1
18.9848,1.6190,1
18.9848,1.6286,1
18.9848,1.6311,1
18.9848,1.6593,1
18.9848,1.6641,1
18.9849,1.6778,1
18.9849,1.6770,1
18.9849,1.6875,1
18.9849,1.6875,1
18.9849,1.6496,1
18.9849,1.6891,1
18.9850,1.6851,1
18.9850,1.6770,1
18.9850,1.6625,1
18.9850,1.6528,1
18.9850,1.6351,1
18.9850,1.6351,1
18.9850,1.6270,1
18.9851,1.6141,1
18.9851,1.6182,1
18.9851,1.6198,1
18.9851,1.6238,1
18.9851,1.6423,1
18.9851,1.6238,1
18.9852,1.6415,1
18.9852,1.6617,1
18.9852,1.6705,1
18.9852,1.6762,1
18.9852,1.6786,1
18.9852,1.6802,1
18.9853,1.6770,1
18.9853,1.6770,1
18.9853,1.6786,1
18.9853,1.6601,1
18.9853,1.6488,1
18.9853,1.6399,1
18.9853,1.6303,1
18.9854,1.6101,1
18.9854,1.6117,1
18.9854,1.6214,1
18.9854,1.6222,1
18.9854,1.6182,1
18.9854,1.6278,1
18.9855,1.6407,1
18.9855,1.6504,1
18.9855,1.6673,1
18.9855,1.6697,1
18.9855,1.6778,1
18.9855,1.6867,1
18.9856,1.6794,1
18.9856,1.6786,1
18.9856,1.6722,1
18.9856,1.6657,1
18.9856,1.6560,1
18.9856,1.6480,1
18.9856,1.6407,1
18.9857,1.6343,1
18.9857,1.6166,1
18.9857,1.6214,1
18.9857,1.6174,1
18.9857,1.6101,1
18.9857,1.6254,1
18.9858,1.6351,1
18.9858,1.6504,1
18.9858,1.6568,1
18.9858,1.6617,1
18.9858,1.6714,1
18.9858,1.6778,1
18.9859,1.6834,1
18.9859,1.6778,1
18.9859,1.6778,1
18.9859,1.6810,1
18.9859,1.6665,1
18.9859,1.6617,1
18.9859,1.6480,1
18.9860,1.6407,1
18.9860,1.6351,1
18.9860,1.6133,1
18.9860,1.5738,1
18.9860,1.6174,1
18.9860,1.6182,1
18.9861,1.6238,1
18.9861,1.6327,1
18.9861,1.6504,1
18.9861,1.6536,1
18.9861,1.6762,1
18.9861,1.6641,1
18.9862,1.6875,1
18.9862,1.6705,1
18.9862,1.6851,1
18.9862,1.6810,1
18.9862,1.6722,1
18.9862,1.6681,1
18.9862,1.6568,1
18.9863,1.6488,1
18.9863,1.6335,1
18.9863,1.6286,1
18.9863,1.6101,1
18.9863,1.6198,1
18.9863,1.6141,1
18.9864,1.6190,1
18.9864,1.6230,1
18.9864,1.6270,1
18.9864,1.6488,1
18.9864,1.6633,1
18.9864,1.6931,1
18.9865,1.6738,1
18.9865,1.6746,1
18.9865,1.6778,1
18.9865,1.6802,1
18.9865,1.6754,1
18.9865,1.6762,1
18.9866,1.6697,1
18.9866,1.6633,1
18.9866,1.6504,1
18.9866,1.6407,1
18.9866,1.6270,1
18.9866,1.6359,1
18.9867,1.6117,1
18.9867,1.6286,1
18.9867,1.6125,1
18.9867,1.6230,1
18.9867,1.6311,1
18.9867,1.6383,1
18.9867,1.6496,1
18.9868,1.6633,1
18.9868,1.6778,1
18.9868,1.6859,1
18.9868,1.6955,1
18.9868,1.6834,1
18.9868,1.6963,1
18.9869,1.6722,1
18.9869,1.6738,1
18.9869,1.6552,1
18.9869,1.6480,1
18.9869,1.6391,1
18.9869,1.6311,1
18.9870,1.6238,1
18.9870,1.6021,1
18.9870,1.6166,1
18.9870,1.6222,1
18.9870,1.6278,1
18.9870,1.6303,1
18.9871,1.6464,1
18.9871,1.6504,1
18.9871,1.6633,1
18.9871,1.6730,1
18.9871,1.6681,1
18.9871,1.7133,1
18.9872,1.6915,1
18.9872,1.6754,1
18.9872,1.6681,1
18.9872,1.6496,1
18.9872,1.6633,1
18.9872,1.6528,1
18.9872,1.6383,1
18.9873,1.6295,1
18.9873,1.6198,1
18.9873,1.6166,1
18.9873,1.6174,1
18.9873,1.6166,1
18.9873,1.6246,1
18.9874,1.5892,1
18.9874,1.6544,1
18.9874,1.6585,1
18.9874,1.6730,1
18.9874,1.6770,1
18.9874,1.6875,1
18.9875,1.6818,1
18.9875,1.6971,1
18.9875,1.6786,1
18.9875,1.6681,1
18.9875,1.6697,1
18.9875,1.6560,1
18.9876,1.6480,1
18.9876,1.6359,1
18.9876,1.6311,1
18.9876,1.6222,1
18.9876,1.6198,1
18.9876,1.6141,1
18.9876,1.6182,1
18.9877,1.6117,1
18.9877,1.6327,1
18.9877,1.6440,1
18.9877,1.6552,1
18.9877,1.6641,1
18.9877,1.6705,1
18.9878,1.6697,1
18.9878,1.6802,1
18.9878,1.6834,1
18.9878,1.6778,1
18.9878,1.6802,1
18.9878,1.6705,1
18.9878,1.6633,1
18.9879,1.6536,1
18.9879,1.6448,1
18.9879,1.6295,1
18.9879,1.6182,1
18.9879,1.6158,1
18.9880,1.5980,1
18.9880,1.6206,1
18.9880,1.6214,1
18.9880,1.6286,1
18.9880,1.6496,1
18.9880,1.6617,1
18.9880,1.6681,1
18.9881,1.6754,1
18.9881,1.6786,1
18.9881,1.6794,1
18.9881,1.6730,1
18.9881,1.6778,1
18.9881,1.6802,1
18.9882,1.6689,1
18.9882,1.6004,1
18.9882,1.6512,1
18.9882,1.6407,1
18.9882,1.6343,1
18.9882,1.6222,1
18.9883,1.6190,1
18.9883,1.6222,1
18.9883,1.6166,1
18.9883,1.6214,1
18.9883,1.6440,1
18.9883,1.6391,1
18.9883,1.6472,1
18.9884,1.6585,1
18.9884,1.6625,1
18.9884,1.6971,1
18.9884,1.6738,1
18.9884,1.6786,1
18.9884,1.6714,1
18.9885,1.6673,1
18.9885,1.6649,1
18.9885,1.6504,1
18.9885,1.6512,1
18.9885,1.6391,1
18.9885,1.6246,1
18.9886,1.6190,1
18.9886,1.6117,1
18.9886,1.6093,1
18.9886,1.6109,1
18.9886,1.6190,1
18.9886,1.6319,1
18.9887,1.6512,1
18.9887,1.6520,1
18.9887,1.6657,1
18.9887,1.6689,1
18.9887,1.6778,1
18.9887,1.7020,1
18.9887,1.6746,1
18.9888,1.6762,1
18.9888,1.6730,1
18.9888,1.6649,1
18.9888,1.6536,1
18.9888,1.6464,1
18.9888,1.6327,1
18.9889,1.6335,1
18.9889,1.6182,1
18.9889,1.6166,1
18.9889,1.6125,1
18.9889,1.6166,1
18.9889,1.6230,1
18.9890,1.6295,1
18.9890,1.6399,1
18.9890,1.6512,1
18.9890,1.6601,1
18.9890,1.6722,1
18.9890,1.6786,1
18.9891,1.6794,1
18.9891,1.6826,1
18.9891,1.6778,1
18.9891,1.7229,1
18.9891,1.6705,1
18.9891,1.6568,1
18.9892,1.6480,1
18.9892,1.6399,1
18.9892,1.6246,1
18.9892,1.6174,1
18.9892,1.6149,1
18.9892,1.6101,1
18.9893,1.6141,1
18.9893,1.6254,1
18.9893,1.6335,1
18.9893,1.6480,1
18.9893,1.6617,1
18.9893,1.6697,1
18.9894,1.6738,1
18.9894,1.6810,1
18.9894,1.6770,1
18.9894,1.6842,1
18.9894,1.6802,1
18.9894,1.6770,1
18.9895,1.6689,1
19.1923,1.6593,1
19.1923,1.6488,1
19.1923,1.6383,1
19.1923,1.6335,1
19.1924,1.6238,1
19.1924,1.6174,1
19.1924,1.6166,1
19.1924,1.6174,1
19.1924,1.6206,1
19.1924,1.6262,1
19.1924,1.6456,1
19.1925,1.6520,1
19.1925,1.6617,1
19.1925,1.6722,1
19.1925,1.6786,1
19.1925,1.6818,1
19.1925,1.6826,1
19.1926,1.6762,1
19.1926,1.6754,1
19.1926,1.6665,1
19.1926,1.6617,1
19.1926,1.6512,1
19.1926,1.6407,1
19.1927,1.6311,1
19.1927,1.6158,1
19.1927,1.6133,1
19.1927,1.6125,1
19.1927,1.6109,1
19.1927,1.6295,1
19.1927,1.6319,1
19.1928,1.6464,1
19.1928,1.6528,1
19.1928,1.6697,1
19.1928,1.6762,1
19.1928,1.6810,1
19.1928,1.6851,1
19.1929,1.6810,1
19.1929,1.6939,1
19.1929,1.6730,1
19.1929,1.6689,1
19.1929,1.6585,1
19.1929,1.6496,1
19.1930,1.6367,1
19.1930,1.6303,1
19.1930,1.6238,1
19.1930,1.6238,1
19.1930,1.6182,1
19.1930,1.6327,1
19.1931,1.6254,1
19.1931,1.6262,1
19.1931,1.6423,1
19.1931,1.6568,1
19.1931,1.6617,1
19.1931,1.6714,1
19.1932,1.6786,1
19.1932,1.6826,1
19.1932,1.6818,1
19.1932,1.6802,1
19.1932,1.6802,1
19.1932,1.6754,1
19.1933,1.6617,1
19.1933,1.6536,1
19.1933,1.6448,1
19.1933,1.6641,1
19.1933,1.6174,1
19.1933,1.6214,1
19.1934,1.6101,1
19.1934,1.6101,1
19.1934,1.6222,1
19.1934,1.6311,1
19.1934,1.6464,1
19.1934,1.6568,1
19.1935,1.6665,1
19.1935,1.6746,1
19.1935,1.6834,1
19.1935,1.6818,1
19.1935,1.6834,1
19.1935,1.6802,1
19.1936,1.6778,1
19.1936,1.6705,1
19.1936,1.6568,1
19.1936,1.6496,1
19.1936,1.6432,1
19.1936,1.6286,1
19.1936,1.6214,1
19.1937,1.6222,1
19.1937,1.6166,1
19.1937,1.6214,1
19.1937,1.6230,1
19.1937,1.6351,1
19.1937,1.6432,1
19.1938,1.6577,1
19.1938,1.6585,1
19.1938,1.6722,1
19.1938,1.6762,1
19.1938,1.6794,1
19.1938,1.6794,1
19.1939,1.6786,1
19.1939,1.6802,1
19.1939,1.6689,1
19.1939,1.6609,1
19.1939,1.6577,1
19.1939,1.6391,1
19.1940,1.6262,1
19.1940,1.6158,1
19.1940,1.6109,1
19.1940,1.6125,1
19.1940,1.6109,1
19.1940,1.6222,1
19.1941,1.6327,1
19.1941,1.6464,1
19.1941,1.6609,1
19.1941,1.6681,1
19.1941,1.6738,1
19.1941,1.6794,1
19.1942,1.6746,1
19.1942,1.6834,1
19.1942,1.6851,1
19.1942,1.6786,1
19.1942,1.6722,1
19.1942,1.6617,1
19.1943,1.6536,1
19.1943,1.6464,1
19.1943,1.6311,1
19.1943,1.6246,1
19.1943,1.6214,1
19.1943,1.6174,1
19.1944,1.6206,1
19.1944,1.6254,1
19.1944,1.6343,1
19.1944,1.6496,1
19.1944,1.6609,1
19.1945,1.6657,1
19.1945,1.7648,1
19.1945,1.6722,1
19.1945,1.6859,1
19.1945,1.6746,1
19.1945,1.6802,1
19.1945,1.6754,1
19.1946,1.6705,1
19.1946,1.6649,1
19.1946,1.6560,1
19.1946,1.6456,1
19.1946,1.6343,1
19.1946,1.6222,1
19.1947,1.6182,1
19.1947,1.6222,1
19.1947,1.6190,1
19.1947,1.6303,1
19.1947,1.6359,1
19.1947,1.6560,1
19.1947,1.6665,1
19.1948,1.6754,1
19.1948,1.6754,1
19.1948,1.6859,1
19.1948,1.6891,1
19.1948,1.6851,1
19.1949,1.6826,1
19.1949,1.6826,1
19.1949,1.6754,1
19.1949,1.6609,1
19.1949,1.6480,1
19.1949,1.6375,1
19.1950,1.6262,1
19.1950,1.6222,1
19.1950,1.6222,1
19.1950,1.6141,1
19.1950,1.6190,1
19.1950,1.6246,1
19.1951,1.6311,1
19.1951,1.6432,1
19.1951,1.6560,1
19.1951,1.6601,1
19.1951,1.6697,1
19.1951,1.6762,1
19.1951,1.6810,1
19.1952,1.6810,1
19.1952,1.6834,1
19.1952,1.6689,1
19.1952,1.6689,1
19.1952,1.6593,1
19.1952,1.6512,1
19.1953,1.6432,1
19.1953,1.6270,1
19.1953,1.6182,1
19.1953,1.6222,1
19.1953,1.6158,1
19.1953,1.6125,1
19.1954,1.6246,1
19.1954,1.6335,1
19.1954,1.6488,1
19.1954,1.6601,1
19.1954,1.6714,1
19.1954,1.6746,1
19.1954,1.6794,1
19.1955,1.6391,1
19.1955,1.6851,1
19.1955,1.6802,1
19.1955,1.6746,1
19.1955,1.6673,1
19.1955,1.6577,1
19.1956,1.6512,1
19.1956,1.6351,1
19.1956,1.6335,1
19.1956,1.6182,1
19.1956,1.6174,1
19.1956,1.6174,1
19.1957,1.6182,1
19.1957,1.6206,1
19.1957,1.6311,1
19.1957,1.6440,1
19.1957,1.6722,1
19.1957,1.6593,1
19.1958,1.6673,1
19.1958,1.6754,1
19.1958,1.6770,1
19.1958,1.6770,1
19.1958,1.6762,1
19.1958,1.6754,1
19.1959,1.6665,1
19.1959,1.6617,1
19.1959,1.6512,1
19.1959,1.6367,1
19.1959,1.6246,1
19.1960,1.6174,1
19.1960,1.6109,1
19.1960,1.6085,1
19.1960,1.6125,1
19.1960,1.6222,1
19.1960,1.6246,1
19.1961,1.6456,1
19.1961,1.6528,1
19.1961,1.6641,1
19.1961,1.6714,1
19.1961,1.6794,1
19.1961,1.6778,1
19.1961,1.6762,1
19.1962,1.6746,1
19.1962,1.6738,1
19.1962,1.6665,1
19.1962,1.6504,1
19.1962,1.6488,1
19.1962,1.6327,1
19.1963,1.6262,1
19.1963,1.6158,1
19.1963,1.6125,1
19.1963,1.6101,1
19.1963,1.6133,1
19.1963,1.6190,1
19.1964,1.6270,1
19.1964,1.6399,1
19.1964,1.6464,1
19.1964,1.6593,1
19.1965,1.6657,1
19.1965,1.6697,1
19.1965,1.6754,1
19.1965,1.6786,1
19.1965,1.6738,1
19.1965,1.6754,1
19.1966,1.6665,1
19.1966,1.6609,1
19.1966,1.6480,1
19.1966,1.6359,1
19.1966,1.6270,1
19.1966,1.6149,1
19.1967,1.6125,1
19.1967,1.6077,1
19.1967,1.6117,1
19.1967,1.6206,1
19.1967,1.6311,1
19.1967,1.6423,1
19.1967,1.6536,1
19.1968,1.6649,1
19.1968,1.6722,1
19.1968,1.6746,1
19.1968,1.6762,1
19.1968,1.6746,1
19.1968,1.6778,1
19.1969,1.6705,1
19.1969,1.6641,1
19.1969,1.6601,1
19.1969,1.6407,1
19.1969,1.6359,1
19.1969,1.6214,1
19.1970,1.6198,1
19.1970,1.6190,1
19.1970,1.6149,1
19.1970,1.6190,1
19.1970,1.6206,1
19.1970,1.6327,1
19.1971,1.6415,1
19.1971,1.6601,1
19.1971,1.6617,1
19.1971,1.6705,1
19.1971,1.6762,1
19.1971,1.6778,1
19.1971,1.6786,1
19.1972,1.6730,1
19.1972,1.6762,1
19.1972,1.6722,1
19.1972,1.6633,1
19.1972,1.6496,1
19.1972,1.6407,1
19.1973,1.6174,1
19.1973,1.6182,1
19.1973,1.6117,1
19.1973,1.6109,1
19.1973,1.6174,1
19.1973,1.6222,1
19.1974,1.6327,1
19.1974,1.6480,1
19.1974,1.6544,1
19.1974,1.6657,1
19.1974,1.6786,1
19.1974,1.6770,1
19.1975,1.6778,1
19.1975,1.7141,1
19.1975,1.6746,1
19.1975,1.6818,1
19.1975,1.6625,1
19.1975,1.6560,1
19.1975,1.6464,1
19.1976,1.6351,1
19.1976,1.6303,1
19.1976,1.6190,1
19.1976,1.6182,1
19.1976,1.6190,1
19.1976,1.6254,1
19.1977,1.6254,1
19.1977,1.6375,1
19.1977,1.6472,1
19.1977,1.6577,1
19.1977,1.6633,1
19.1977,1.6738,1
19.1978,1.6794,1
19.1978,1.6818,1
19.1978,1.6810,1
19.1978,1.6851,1
19.1978,1.6786,1
19.1978,1.6738,1
19.1979,1.6633,1
19.1979,1.6520,1
19.1979,1.6432,1
19.1979,1.6327,1
19.1979,1.6206,1
19.1980,1.6149,1
19.1980,1.6174,1
19.1980,1.6166,1
19.1980,1.6254,1
19.1980,1.6286,1
19.1980,1.6440,1
19.1981,1.6536,1
19.1981,1.6609,1
19.1981,1.6697,1
19.1981,1.6778,1
19.1981,1.6802,1
19.1981,1.6786,1
19.1982,1.6818,1
19.1982,1.6746,1
19.1982,1.6665,1
19.1982,1.6705,1
19.1982,1.6472,1
19.1982,1.6359,1
19.1983,1.6295,1
19.1983,1.6182,1
19.1983,1.6182,1
19.1983,1.6149,1
19.1983,1.6206,1
19.1983,1.6238,1
19.1984,1.6359,1
19.1984,1.6093,1
19.1984,1.6214,1
19.1984,1.6568,1
19.1984,1.6802,1
19.1984,1.6423,1
19.1985,1.6883,1
19.1985,1.6859,1
19.1985,1.6867,1
19.1985,1.6794,1
19.1985,1.6738,1
19.1985,1.6593,1
19.1986,1.6560,1
19.1986,1.6375,1
19.1986,1.6254,1
19.1986,1.6141,1
19.1986,1.6166,1
19.1986,1.6101,1
19.1987,1.6077,1
19.1987,1.6166,1
19.1987,1.6254,1
19.1987,1.6391,1
19.1987,1.6480,1
19.1987,1.6617,1
19.1988,1.6697,1
19.1988,1.6730,1
19.1988,1.6746,1
19.1988,1.6738,1
19.1988,1.6738,1
19.1988,1.6705,1
19.1989,1.6665,1
19.1989,1.6593,1
19.1989,1.6440,1
19.1989,1.6351,1
19.1989,1.6295,1
19.1990,1.6206,1
19.1990,1.6230,1
19.1990,1.6149,1
19.1990,1.6198,1
19.1990,1.6254,1
19.1990,1.6319,1
19.1990,1.6464,1
19.1991,1.6464,1
19.1991,1.6609,1
19.1991,1.6665,1
19.1991,1.6754,1
19.1991,1.6738,1
19.1991,1.6778,1
19.1992,1.6859,1
19.1992,1.6770,1
19.3768,1.6697,1
19.3768,1.6593,1
19.3768,1.6528,1
19.3769,1.6415,1
19.3769,1.6303,1
19.3769,1.6166,1
19.3769,1.6125,1
19.3769,1.6093,1
19.3769,1.6174,1
19.3770,1.6230,1
19.3770,1.6335,1
19.3770,1.6343,1
19.3770,1.6552,1
19.3770,1.6697,1
19.3770,1.6762,1
19.3770,1.6786,1
19.3771,1.6802,1
19.3771,1.6818,1
19.3771,1.6842,1
19.3771,1.6730,1
19.3771,1.6689,1
19.3772,1.6577,1
19.3772,1.6230,1
19.3772,1.6391,1
19.3772,1.6327,1
19.3773,1.6158,1
19.3773,1.6230,1
19.3773,1.6198,1
19.3773,1.6101,1
19.3773,1.6464,1
19.3773,1.6303,1
19.3774,1.6504,1
19.3774,1.6464,1
19.3774,1.6681,1
19.3774,1.6689,1
19.3774,1.6770,1
19.3774,1.6786,1
19.3775,1.6786,1
19.3775,1.6802,1
19.3775,1.6738,1
19.3775,1.6705,1
19.3775,1.6504,1
19.3775,1.6367,1
19.3776,1.6456,1
19.3776,1.6311,1
19.3776,1.6117,1
19.3776,1.6141,1
19.3776,1.6133,1
19.3777,1.6198,1
19.3777,1.6230,1
19.3777,1.6311,1
19.3777,1.6440,1
19.3777,1.6560,1
19.3778,1.6649,1
19.3778,1.6504,1
19.3778,1.6810,1
19.3778,1.6762,1
19.3778,1.6746,1
19.3778,1.6826,1
19.3778,1.6818,1
19.3779,1.6681,1
19.3779,1.6585,1
19.3779,1.6496,1
19.3779,1.6311,1
19.3779,1.6295,1
19.3779,1.6190,1
19.3779,1.6214,1
19.3780,1.6166,1
19.3780,1.6246,1
19.3780,1.6246,1
19.3780,1.6311,1
19.3780,1.6496,1
19.3780,1.6552,1
19.3781,1.6649,1
19.3781,1.6641,1
19.3781,1.6754,1
19.3781,1.6802,1
19.3781,1.6802,1
19.3781,1.6818,1
19.3782,1.6754,1
19.3782,1.6697,1
19.3782,1.6617,1
19.3782,1.6504,1
19.3782,1.6440,1
19.3782,1.6278,1
19.3782,1.6198,1
19.3783,1.6166,1
19.3783,1.6295,1
19.3783,1.6182,1
19.3783,1.6149,1
19.3783,1.6351,1
19.3783,1.6456,1
19.3784,1.6577,1
19.3784,1.6754,1
19.3784,1.6560,1
19.3784,1.6867,1
19.3784,1.6834,1
19.3784,1.6802,1
19.3785,1.6770,1
19.3785,1.6754,1
19.3785,1.6697,1
19.3785,1.6593,1
19.3785,1.6504,1
19.3785,1.6375,1
19.3785,1.6286,1
